ISO-10303-21;
HEADER;
/* Generated by software containing ST-Developer
 * from STEP Tools, Inc. (www.steptools.com) 
 */

FILE_DESCRIPTION(
/* description */ (''),
/* implementation_level */ '2;1');

FILE_NAME(
/* name */ 'body 2 Jig.step',
/* time_stamp */ '2026-03-21T23:06:53+08:00',
/* author */ (''),
/* organization */ (''),
/* preprocessor_version */ 'ST-DEVELOPER v20.1',
/* originating_system */ 'Autodesk Translation Framework v14.24.0.0',
/* authorisation */ '');

FILE_SCHEMA (('AUTOMOTIVE_DESIGN { 1 0 10303 214 3 1 1 }'));
ENDSEC;

DATA;
#10=MECHANICAL_DESIGN_GEOMETRIC_PRESENTATION_REPRESENTATION('',(#13),#3357);
#11=SHAPE_REPRESENTATION_RELATIONSHIP('SRR','None',#3364,#12);
#12=ADVANCED_BREP_SHAPE_REPRESENTATION('',(#14),#3356);
#13=STYLED_ITEM('',(#3374),#14);
#14=MANIFOLD_SOLID_BREP('Body1',#2057);
#15=CIRCLE('',#2153,5.25);
#16=CIRCLE('',#2154,5.25);
#17=CIRCLE('',#2155,5.25);
#18=CIRCLE('',#2156,5.25);
#19=CIRCLE('',#2157,5.25);
#20=CIRCLE('',#2158,5.25);
#21=CIRCLE('',#2159,5.25);
#22=CIRCLE('',#2160,5.25);
#23=CIRCLE('',#2161,5.25);
#24=CIRCLE('',#2162,5.25);
#25=CIRCLE('',#2163,5.25);
#26=CIRCLE('',#2164,5.25);
#27=CIRCLE('',#2165,5.25);
#28=CIRCLE('',#2166,5.25);
#29=CIRCLE('',#2169,5.25);
#30=CIRCLE('',#2170,5.25);
#31=CIRCLE('',#2171,5.25);
#32=CIRCLE('',#2172,5.25);
#33=CIRCLE('',#2173,5.25);
#34=CIRCLE('',#2174,5.25);
#35=CIRCLE('',#2175,5.25);
#36=CIRCLE('',#2192,5.25);
#37=CIRCLE('',#2194,5.25);
#38=CIRCLE('',#2196,5.25);
#39=CIRCLE('',#2198,5.25);
#40=CIRCLE('',#2200,5.25);
#41=CIRCLE('',#2202,5.25);
#42=CIRCLE('',#2204,5.25);
#43=FACE_BOUND('',#264,.T.);
#44=FACE_BOUND('',#265,.T.);
#45=FACE_BOUND('',#266,.T.);
#46=FACE_BOUND('',#295,.T.);
#47=FACE_BOUND('',#296,.T.);
#48=FACE_BOUND('',#297,.T.);
#49=FACE_BOUND('',#321,.T.);
#50=FACE_BOUND('',#322,.T.);
#51=FACE_BOUND('',#323,.T.);
#52=FACE_BOUND('',#324,.T.);
#53=FACE_BOUND('',#325,.T.);
#54=FACE_BOUND('',#326,.T.);
#55=FACE_BOUND('',#327,.T.);
#56=FACE_BOUND('',#328,.T.);
#57=FACE_BOUND('',#329,.T.);
#58=FACE_BOUND('',#330,.T.);
#59=FACE_BOUND('',#331,.T.);
#60=FACE_BOUND('',#332,.T.);
#61=FACE_BOUND('',#333,.T.);
#62=FACE_BOUND('',#334,.T.);
#63=FACE_BOUND('',#337,.T.);
#64=FACE_BOUND('',#338,.T.);
#65=FACE_BOUND('',#339,.T.);
#66=FACE_BOUND('',#340,.T.);
#67=FACE_BOUND('',#341,.T.);
#68=FACE_BOUND('',#342,.T.);
#69=FACE_BOUND('',#343,.T.);
#70=FACE_BOUND('',#351,.T.);
#71=FACE_BOUND('',#368,.T.);
#72=FACE_BOUND('',#369,.T.);
#73=FACE_BOUND('',#370,.T.);
#74=FACE_BOUND('',#371,.T.);
#75=FACE_BOUND('',#372,.T.);
#76=FACE_BOUND('',#373,.T.);
#77=FACE_BOUND('',#374,.T.);
#78=FACE_BOUND('',#383,.T.);
#79=PLANE('',#2079);
#80=PLANE('',#2080);
#81=PLANE('',#2081);
#82=PLANE('',#2090);
#83=PLANE('',#2091);
#84=PLANE('',#2100);
#85=PLANE('',#2101);
#86=PLANE('',#2102);
#87=PLANE('',#2103);
#88=PLANE('',#2104);
#89=PLANE('',#2105);
#90=PLANE('',#2106);
#91=PLANE('',#2107);
#92=PLANE('',#2108);
#93=PLANE('',#2109);
#94=PLANE('',#2110);
#95=PLANE('',#2119);
#96=PLANE('',#2120);
#97=PLANE('',#2121);
#98=PLANE('',#2122);
#99=PLANE('',#2123);
#100=PLANE('',#2124);
#101=PLANE('',#2133);
#102=PLANE('',#2134);
#103=PLANE('',#2135);
#104=PLANE('',#2136);
#105=PLANE('',#2137);
#106=PLANE('',#2146);
#107=PLANE('',#2147);
#108=PLANE('',#2148);
#109=PLANE('',#2149);
#110=PLANE('',#2150);
#111=PLANE('',#2151);
#112=PLANE('',#2152);
#113=PLANE('',#2167);
#114=PLANE('',#2168);
#115=PLANE('',#2176);
#116=PLANE('',#2177);
#117=PLANE('',#2178);
#118=PLANE('',#2179);
#119=PLANE('',#2180);
#120=PLANE('',#2181);
#121=PLANE('',#2182);
#122=PLANE('',#2183);
#123=PLANE('',#2205);
#124=PLANE('',#2206);
#125=PLANE('',#2207);
#126=PLANE('',#2208);
#127=PLANE('',#2209);
#128=PLANE('',#2210);
#129=PLANE('',#2211);
#130=PLANE('',#2212);
#131=PLANE('',#2213);
#132=PLANE('',#2214);
#133=PLANE('',#2215);
#134=PLANE('',#2216);
#135=PLANE('',#2217);
#136=PLANE('',#2218);
#137=PLANE('',#2219);
#138=PLANE('',#2220);
#139=PLANE('',#2221);
#140=PLANE('',#2222);
#141=PLANE('',#2223);
#142=PLANE('',#2224);
#143=PLANE('',#2225);
#144=PLANE('',#2226);
#145=PLANE('',#2227);
#146=PLANE('',#2228);
#147=PLANE('',#2229);
#148=PLANE('',#2230);
#149=FACE_OUTER_BOUND('',#257,.T.);
#150=FACE_OUTER_BOUND('',#258,.T.);
#151=FACE_OUTER_BOUND('',#259,.T.);
#152=FACE_OUTER_BOUND('',#260,.T.);
#153=FACE_OUTER_BOUND('',#261,.T.);
#154=FACE_OUTER_BOUND('',#262,.T.);
#155=FACE_OUTER_BOUND('',#263,.T.);
#156=FACE_OUTER_BOUND('',#267,.T.);
#157=FACE_OUTER_BOUND('',#268,.T.);
#158=FACE_OUTER_BOUND('',#269,.T.);
#159=FACE_OUTER_BOUND('',#270,.T.);
#160=FACE_OUTER_BOUND('',#271,.T.);
#161=FACE_OUTER_BOUND('',#272,.T.);
#162=FACE_OUTER_BOUND('',#273,.T.);
#163=FACE_OUTER_BOUND('',#274,.T.);
#164=FACE_OUTER_BOUND('',#275,.T.);
#165=FACE_OUTER_BOUND('',#276,.T.);
#166=FACE_OUTER_BOUND('',#277,.T.);
#167=FACE_OUTER_BOUND('',#278,.T.);
#168=FACE_OUTER_BOUND('',#279,.T.);
#169=FACE_OUTER_BOUND('',#280,.T.);
#170=FACE_OUTER_BOUND('',#281,.T.);
#171=FACE_OUTER_BOUND('',#282,.T.);
#172=FACE_OUTER_BOUND('',#283,.T.);
#173=FACE_OUTER_BOUND('',#284,.T.);
#174=FACE_OUTER_BOUND('',#285,.T.);
#175=FACE_OUTER_BOUND('',#286,.T.);
#176=FACE_OUTER_BOUND('',#287,.T.);
#177=FACE_OUTER_BOUND('',#288,.T.);
#178=FACE_OUTER_BOUND('',#289,.T.);
#179=FACE_OUTER_BOUND('',#290,.T.);
#180=FACE_OUTER_BOUND('',#291,.T.);
#181=FACE_OUTER_BOUND('',#292,.T.);
#182=FACE_OUTER_BOUND('',#293,.T.);
#183=FACE_OUTER_BOUND('',#294,.T.);
#184=FACE_OUTER_BOUND('',#298,.T.);
#185=FACE_OUTER_BOUND('',#299,.T.);
#186=FACE_OUTER_BOUND('',#300,.T.);
#187=FACE_OUTER_BOUND('',#301,.T.);
#188=FACE_OUTER_BOUND('',#302,.T.);
#189=FACE_OUTER_BOUND('',#303,.T.);
#190=FACE_OUTER_BOUND('',#304,.T.);
#191=FACE_OUTER_BOUND('',#305,.T.);
#192=FACE_OUTER_BOUND('',#306,.T.);
#193=FACE_OUTER_BOUND('',#307,.T.);
#194=FACE_OUTER_BOUND('',#308,.T.);
#195=FACE_OUTER_BOUND('',#309,.T.);
#196=FACE_OUTER_BOUND('',#310,.T.);
#197=FACE_OUTER_BOUND('',#311,.T.);
#198=FACE_OUTER_BOUND('',#312,.T.);
#199=FACE_OUTER_BOUND('',#313,.T.);
#200=FACE_OUTER_BOUND('',#314,.T.);
#201=FACE_OUTER_BOUND('',#315,.T.);
#202=FACE_OUTER_BOUND('',#316,.T.);
#203=FACE_OUTER_BOUND('',#317,.T.);
#204=FACE_OUTER_BOUND('',#318,.T.);
#205=FACE_OUTER_BOUND('',#319,.T.);
#206=FACE_OUTER_BOUND('',#320,.T.);
#207=FACE_OUTER_BOUND('',#335,.T.);
#208=FACE_OUTER_BOUND('',#336,.T.);
#209=FACE_OUTER_BOUND('',#344,.T.);
#210=FACE_OUTER_BOUND('',#345,.T.);
#211=FACE_OUTER_BOUND('',#346,.T.);
#212=FACE_OUTER_BOUND('',#347,.T.);
#213=FACE_OUTER_BOUND('',#348,.T.);
#214=FACE_OUTER_BOUND('',#349,.T.);
#215=FACE_OUTER_BOUND('',#350,.T.);
#216=FACE_OUTER_BOUND('',#352,.T.);
#217=FACE_OUTER_BOUND('',#353,.T.);
#218=FACE_OUTER_BOUND('',#354,.T.);
#219=FACE_OUTER_BOUND('',#355,.T.);
#220=FACE_OUTER_BOUND('',#356,.T.);
#221=FACE_OUTER_BOUND('',#357,.T.);
#222=FACE_OUTER_BOUND('',#358,.T.);
#223=FACE_OUTER_BOUND('',#359,.T.);
#224=FACE_OUTER_BOUND('',#360,.T.);
#225=FACE_OUTER_BOUND('',#361,.T.);
#226=FACE_OUTER_BOUND('',#362,.T.);
#227=FACE_OUTER_BOUND('',#363,.T.);
#228=FACE_OUTER_BOUND('',#364,.T.);
#229=FACE_OUTER_BOUND('',#365,.T.);
#230=FACE_OUTER_BOUND('',#366,.T.);
#231=FACE_OUTER_BOUND('',#367,.T.);
#232=FACE_OUTER_BOUND('',#375,.T.);
#233=FACE_OUTER_BOUND('',#376,.T.);
#234=FACE_OUTER_BOUND('',#377,.T.);
#235=FACE_OUTER_BOUND('',#378,.T.);
#236=FACE_OUTER_BOUND('',#379,.T.);
#237=FACE_OUTER_BOUND('',#380,.T.);
#238=FACE_OUTER_BOUND('',#381,.T.);
#239=FACE_OUTER_BOUND('',#382,.T.);
#240=FACE_OUTER_BOUND('',#384,.T.);
#241=FACE_OUTER_BOUND('',#385,.T.);
#242=FACE_OUTER_BOUND('',#386,.T.);
#243=FACE_OUTER_BOUND('',#387,.T.);
#244=FACE_OUTER_BOUND('',#388,.T.);
#245=FACE_OUTER_BOUND('',#389,.T.);
#246=FACE_OUTER_BOUND('',#390,.T.);
#247=FACE_OUTER_BOUND('',#391,.T.);
#248=FACE_OUTER_BOUND('',#392,.T.);
#249=FACE_OUTER_BOUND('',#393,.T.);
#250=FACE_OUTER_BOUND('',#394,.T.);
#251=FACE_OUTER_BOUND('',#395,.T.);
#252=FACE_OUTER_BOUND('',#396,.T.);
#253=FACE_OUTER_BOUND('',#397,.T.);
#254=FACE_OUTER_BOUND('',#398,.T.);
#255=FACE_OUTER_BOUND('',#399,.T.);
#256=FACE_OUTER_BOUND('',#400,.T.);
#257=EDGE_LOOP('',(#1347,#1348,#1349,#1350));
#258=EDGE_LOOP('',(#1351,#1352,#1353,#1354));
#259=EDGE_LOOP('',(#1355,#1356,#1357,#1358));
#260=EDGE_LOOP('',(#1359,#1360,#1361,#1362));
#261=EDGE_LOOP('',(#1363,#1364,#1365,#1366));
#262=EDGE_LOOP('',(#1367,#1368,#1369,#1370));
#263=EDGE_LOOP('',(#1371,#1372,#1373,#1374,#1375,#1376,#1377,#1378,#1379,
#1380,#1381,#1382,#1383,#1384,#1385,#1386));
#264=EDGE_LOOP('',(#1387,#1388,#1389,#1390));
#265=EDGE_LOOP('',(#1391,#1392,#1393,#1394));
#266=EDGE_LOOP('',(#1395,#1396,#1397,#1398));
#267=EDGE_LOOP('',(#1399,#1400,#1401,#1402));
#268=EDGE_LOOP('',(#1403,#1404,#1405,#1406));
#269=EDGE_LOOP('',(#1407,#1408,#1409,#1410));
#270=EDGE_LOOP('',(#1411,#1412,#1413,#1414));
#271=EDGE_LOOP('',(#1415,#1416,#1417,#1418));
#272=EDGE_LOOP('',(#1419,#1420,#1421,#1422));
#273=EDGE_LOOP('',(#1423,#1424,#1425,#1426));
#274=EDGE_LOOP('',(#1427,#1428,#1429,#1430));
#275=EDGE_LOOP('',(#1431,#1432,#1433,#1434));
#276=EDGE_LOOP('',(#1435,#1436,#1437,#1438));
#277=EDGE_LOOP('',(#1439,#1440,#1441,#1442));
#278=EDGE_LOOP('',(#1443,#1444,#1445,#1446));
#279=EDGE_LOOP('',(#1447,#1448,#1449,#1450));
#280=EDGE_LOOP('',(#1451,#1452,#1453,#1454));
#281=EDGE_LOOP('',(#1455,#1456,#1457,#1458));
#282=EDGE_LOOP('',(#1459,#1460,#1461,#1462));
#283=EDGE_LOOP('',(#1463,#1464,#1465,#1466));
#284=EDGE_LOOP('',(#1467,#1468,#1469,#1470));
#285=EDGE_LOOP('',(#1471,#1472,#1473,#1474));
#286=EDGE_LOOP('',(#1475,#1476,#1477,#1478));
#287=EDGE_LOOP('',(#1479,#1480,#1481,#1482));
#288=EDGE_LOOP('',(#1483,#1484,#1485,#1486));
#289=EDGE_LOOP('',(#1487,#1488,#1489,#1490));
#290=EDGE_LOOP('',(#1491,#1492,#1493,#1494));
#291=EDGE_LOOP('',(#1495,#1496,#1497,#1498));
#292=EDGE_LOOP('',(#1499,#1500,#1501,#1502));
#293=EDGE_LOOP('',(#1503,#1504,#1505,#1506));
#294=EDGE_LOOP('',(#1507,#1508,#1509,#1510,#1511,#1512,#1513,#1514,#1515,
#1516,#1517,#1518));
#295=EDGE_LOOP('',(#1519,#1520,#1521,#1522));
#296=EDGE_LOOP('',(#1523,#1524,#1525,#1526));
#297=EDGE_LOOP('',(#1527,#1528,#1529,#1530));
#298=EDGE_LOOP('',(#1531,#1532,#1533,#1534));
#299=EDGE_LOOP('',(#1535,#1536,#1537,#1538));
#300=EDGE_LOOP('',(#1539,#1540,#1541,#1542));
#301=EDGE_LOOP('',(#1543,#1544,#1545,#1546));
#302=EDGE_LOOP('',(#1547,#1548,#1549,#1550));
#303=EDGE_LOOP('',(#1551,#1552,#1553,#1554));
#304=EDGE_LOOP('',(#1555,#1556,#1557,#1558));
#305=EDGE_LOOP('',(#1559,#1560,#1561,#1562));
#306=EDGE_LOOP('',(#1563,#1564,#1565,#1566));
#307=EDGE_LOOP('',(#1567,#1568,#1569,#1570));
#308=EDGE_LOOP('',(#1571,#1572,#1573,#1574));
#309=EDGE_LOOP('',(#1575,#1576,#1577,#1578));
#310=EDGE_LOOP('',(#1579,#1580,#1581,#1582));
#311=EDGE_LOOP('',(#1583,#1584,#1585,#1586));
#312=EDGE_LOOP('',(#1587,#1588,#1589,#1590));
#313=EDGE_LOOP('',(#1591,#1592,#1593,#1594));
#314=EDGE_LOOP('',(#1595,#1596,#1597,#1598));
#315=EDGE_LOOP('',(#1599,#1600,#1601,#1602));
#316=EDGE_LOOP('',(#1603,#1604,#1605,#1606));
#317=EDGE_LOOP('',(#1607,#1608,#1609,#1610));
#318=EDGE_LOOP('',(#1611,#1612,#1613,#1614));
#319=EDGE_LOOP('',(#1615,#1616,#1617,#1618));
#320=EDGE_LOOP('',(#1619,#1620,#1621,#1622));
#321=EDGE_LOOP('',(#1623));
#322=EDGE_LOOP('',(#1624));
#323=EDGE_LOOP('',(#1625));
#324=EDGE_LOOP('',(#1626));
#325=EDGE_LOOP('',(#1627));
#326=EDGE_LOOP('',(#1628));
#327=EDGE_LOOP('',(#1629));
#328=EDGE_LOOP('',(#1630));
#329=EDGE_LOOP('',(#1631));
#330=EDGE_LOOP('',(#1632));
#331=EDGE_LOOP('',(#1633));
#332=EDGE_LOOP('',(#1634));
#333=EDGE_LOOP('',(#1635));
#334=EDGE_LOOP('',(#1636));
#335=EDGE_LOOP('',(#1637,#1638,#1639,#1640));
#336=EDGE_LOOP('',(#1641,#1642,#1643,#1644));
#337=EDGE_LOOP('',(#1645));
#338=EDGE_LOOP('',(#1646));
#339=EDGE_LOOP('',(#1647));
#340=EDGE_LOOP('',(#1648));
#341=EDGE_LOOP('',(#1649));
#342=EDGE_LOOP('',(#1650));
#343=EDGE_LOOP('',(#1651));
#344=EDGE_LOOP('',(#1652,#1653,#1654,#1655,#1656,#1657,#1658,#1659,#1660,
#1661));
#345=EDGE_LOOP('',(#1662,#1663,#1664,#1665));
#346=EDGE_LOOP('',(#1666,#1667,#1668,#1669));
#347=EDGE_LOOP('',(#1670,#1671,#1672,#1673));
#348=EDGE_LOOP('',(#1674,#1675,#1676,#1677));
#349=EDGE_LOOP('',(#1678,#1679,#1680,#1681,#1682,#1683,#1684,#1685,#1686,
#1687));
#350=EDGE_LOOP('',(#1688,#1689,#1690,#1691,#1692,#1693,#1694,#1695));
#351=EDGE_LOOP('',(#1696,#1697,#1698,#1699));
#352=EDGE_LOOP('',(#1700,#1701,#1702,#1703));
#353=EDGE_LOOP('',(#1704,#1705,#1706,#1707));
#354=EDGE_LOOP('',(#1708,#1709,#1710,#1711));
#355=EDGE_LOOP('',(#1712,#1713,#1714,#1715));
#356=EDGE_LOOP('',(#1716,#1717,#1718,#1719));
#357=EDGE_LOOP('',(#1720,#1721,#1722,#1723));
#358=EDGE_LOOP('',(#1724,#1725,#1726,#1727));
#359=EDGE_LOOP('',(#1728,#1729,#1730,#1731));
#360=EDGE_LOOP('',(#1732,#1733,#1734,#1735));
#361=EDGE_LOOP('',(#1736,#1737,#1738,#1739));
#362=EDGE_LOOP('',(#1740,#1741,#1742,#1743));
#363=EDGE_LOOP('',(#1744,#1745,#1746,#1747));
#364=EDGE_LOOP('',(#1748,#1749,#1750,#1751));
#365=EDGE_LOOP('',(#1752,#1753,#1754,#1755));
#366=EDGE_LOOP('',(#1756,#1757,#1758,#1759));
#367=EDGE_LOOP('',(#1760,#1761,#1762,#1763));
#368=EDGE_LOOP('',(#1764));
#369=EDGE_LOOP('',(#1765));
#370=EDGE_LOOP('',(#1766));
#371=EDGE_LOOP('',(#1767));
#372=EDGE_LOOP('',(#1768));
#373=EDGE_LOOP('',(#1769));
#374=EDGE_LOOP('',(#1770));
#375=EDGE_LOOP('',(#1771,#1772,#1773,#1774));
#376=EDGE_LOOP('',(#1775,#1776,#1777,#1778));
#377=EDGE_LOOP('',(#1779,#1780,#1781,#1782));
#378=EDGE_LOOP('',(#1783,#1784,#1785,#1786));
#379=EDGE_LOOP('',(#1787,#1788,#1789,#1790));
#380=EDGE_LOOP('',(#1791,#1792,#1793,#1794,#1795,#1796,#1797,#1798,#1799,
#1800,#1801,#1802,#1803,#1804,#1805,#1806,#1807,#1808,#1809,#1810));
#381=EDGE_LOOP('',(#1811,#1812,#1813,#1814,#1815,#1816,#1817,#1818,#1819,
#1820));
#382=EDGE_LOOP('',(#1821,#1822,#1823,#1824,#1825,#1826,#1827,#1828));
#383=EDGE_LOOP('',(#1829,#1830,#1831,#1832));
#384=EDGE_LOOP('',(#1833,#1834,#1835,#1836));
#385=EDGE_LOOP('',(#1837,#1838,#1839,#1840,#1841,#1842,#1843,#1844,#1845,
#1846));
#386=EDGE_LOOP('',(#1847,#1848,#1849,#1850));
#387=EDGE_LOOP('',(#1851,#1852,#1853,#1854));
#388=EDGE_LOOP('',(#1855,#1856,#1857,#1858));
#389=EDGE_LOOP('',(#1859,#1860,#1861,#1862));
#390=EDGE_LOOP('',(#1863,#1864,#1865,#1866));
#391=EDGE_LOOP('',(#1867,#1868,#1869,#1870));
#392=EDGE_LOOP('',(#1871,#1872,#1873,#1874));
#393=EDGE_LOOP('',(#1875,#1876,#1877,#1878));
#394=EDGE_LOOP('',(#1879,#1880,#1881,#1882));
#395=EDGE_LOOP('',(#1883,#1884,#1885,#1886));
#396=EDGE_LOOP('',(#1887,#1888,#1889,#1890,#1891,#1892,#1893,#1894));
#397=EDGE_LOOP('',(#1895,#1896,#1897,#1898));
#398=EDGE_LOOP('',(#1899,#1900,#1901,#1902));
#399=EDGE_LOOP('',(#1903,#1904,#1905,#1906));
#400=EDGE_LOOP('',(#1907,#1908,#1909,#1910));
#401=ELLIPSE('',#2072,2.12132034355965,1.5);
#402=ELLIPSE('',#2073,2.12132034355964,1.5);
#403=ELLIPSE('',#2075,2.12132034355964,1.5);
#404=ELLIPSE('',#2077,2.12132034355964,1.5);
#405=ELLIPSE('',#2083,3.53553390593274,2.5);
#406=ELLIPSE('',#2084,3.53553390593274,2.5);
#407=ELLIPSE('',#2086,3.53553390593274,2.5);
#408=ELLIPSE('',#2088,3.53553390593274,2.5);
#409=ELLIPSE('',#2093,3.53553390593274,2.5);
#410=ELLIPSE('',#2094,3.53553390593274,2.5);
#411=ELLIPSE('',#2096,3.53553390593274,2.5);
#412=ELLIPSE('',#2097,3.53553390593274,2.5);
#413=ELLIPSE('',#2112,2.12132034355964,1.5);
#414=ELLIPSE('',#2113,2.12132034355964,1.5);
#415=ELLIPSE('',#2115,2.12132034355964,1.5);
#416=ELLIPSE('',#2117,2.12132034355964,1.5);
#417=ELLIPSE('',#2126,3.53553390593274,2.5);
#418=ELLIPSE('',#2127,3.53553390593274,2.5);
#419=ELLIPSE('',#2129,3.53553390593274,2.5);
#420=ELLIPSE('',#2130,3.53553390593274,2.5);
#421=ELLIPSE('',#2139,3.53553390593274,2.5);
#422=ELLIPSE('',#2140,3.53553390593274,2.5);
#423=ELLIPSE('',#2142,3.53553390593274,2.5);
#424=ELLIPSE('',#2143,3.53553390593274,2.5);
#425=LINE('',#2787,#655);
#426=LINE('',#2791,#656);
#427=LINE('',#2795,#657);
#428=LINE('',#2798,#658);
#429=LINE('',#2801,#659);
#430=LINE('',#2804,#660);
#431=LINE('',#2806,#661);
#432=LINE('',#2807,#662);
#433=LINE('',#2810,#663);
#434=LINE('',#2812,#664);
#435=LINE('',#2813,#665);
#436=LINE('',#2816,#666);
#437=LINE('',#2817,#667);
#438=LINE('',#2821,#668);
#439=LINE('',#2823,#669);
#440=LINE('',#2825,#670);
#441=LINE('',#2827,#671);
#442=LINE('',#2829,#672);
#443=LINE('',#2831,#673);
#444=LINE('',#2833,#674);
#445=LINE('',#2835,#675);
#446=LINE('',#2837,#676);
#447=LINE('',#2839,#677);
#448=LINE('',#2841,#678);
#449=LINE('',#2843,#679);
#450=LINE('',#2845,#680);
#451=LINE('',#2847,#681);
#452=LINE('',#2849,#682);
#453=LINE('',#2850,#683);
#454=LINE('',#2853,#684);
#455=LINE('',#2855,#685);
#456=LINE('',#2857,#686);
#457=LINE('',#2858,#687);
#458=LINE('',#2861,#688);
#459=LINE('',#2863,#689);
#460=LINE('',#2865,#690);
#461=LINE('',#2866,#691);
#462=LINE('',#2871,#692);
#463=LINE('',#2876,#693);
#464=LINE('',#2879,#694);
#465=LINE('',#2882,#695);
#466=LINE('',#2885,#696);
#467=LINE('',#2887,#697);
#468=LINE('',#2888,#698);
#469=LINE('',#2891,#699);
#470=LINE('',#2892,#700);
#471=LINE('',#2897,#701);
#472=LINE('',#2903,#702);
#473=LINE('',#2906,#703);
#474=LINE('',#2908,#704);
#475=LINE('',#2911,#705);
#476=LINE('',#2913,#706);
#477=LINE('',#2914,#707);
#478=LINE('',#2917,#708);
#479=LINE('',#2918,#709);
#480=LINE('',#2921,#710);
#481=LINE('',#2922,#711);
#482=LINE('',#2924,#712);
#483=LINE('',#2928,#713);
#484=LINE('',#2929,#714);
#485=LINE('',#2931,#715);
#486=LINE('',#2935,#716);
#487=LINE('',#2936,#717);
#488=LINE('',#2938,#718);
#489=LINE('',#2943,#719);
#490=LINE('',#2947,#720);
#491=LINE('',#2951,#721);
#492=LINE('',#2954,#722);
#493=LINE('',#2957,#723);
#494=LINE('',#2959,#724);
#495=LINE('',#2962,#725);
#496=LINE('',#2963,#726);
#497=LINE('',#2966,#727);
#498=LINE('',#2968,#728);
#499=LINE('',#2969,#729);
#500=LINE('',#2972,#730);
#501=LINE('',#2973,#731);
#502=LINE('',#2977,#732);
#503=LINE('',#2979,#733);
#504=LINE('',#2981,#734);
#505=LINE('',#2983,#735);
#506=LINE('',#2985,#736);
#507=LINE('',#2987,#737);
#508=LINE('',#2989,#738);
#509=LINE('',#2991,#739);
#510=LINE('',#2993,#740);
#511=LINE('',#2995,#741);
#512=LINE('',#2997,#742);
#513=LINE('',#2998,#743);
#514=LINE('',#3001,#744);
#515=LINE('',#3003,#745);
#516=LINE('',#3005,#746);
#517=LINE('',#3006,#747);
#518=LINE('',#3009,#748);
#519=LINE('',#3011,#749);
#520=LINE('',#3013,#750);
#521=LINE('',#3014,#751);
#522=LINE('',#3017,#752);
#523=LINE('',#3018,#753);
#524=LINE('',#3020,#754);
#525=LINE('',#3026,#755);
#526=LINE('',#3032,#756);
#527=LINE('',#3035,#757);
#528=LINE('',#3037,#758);
#529=LINE('',#3040,#759);
#530=LINE('',#3042,#760);
#531=LINE('',#3043,#761);
#532=LINE('',#3046,#762);
#533=LINE('',#3047,#763);
#534=LINE('',#3050,#764);
#535=LINE('',#3051,#765);
#536=LINE('',#3053,#766);
#537=LINE('',#3059,#767);
#538=LINE('',#3065,#768);
#539=LINE('',#3068,#769);
#540=LINE('',#3070,#770);
#541=LINE('',#3073,#771);
#542=LINE('',#3075,#772);
#543=LINE('',#3076,#773);
#544=LINE('',#3079,#774);
#545=LINE('',#3080,#775);
#546=LINE('',#3083,#776);
#547=LINE('',#3084,#777);
#548=LINE('',#3086,#778);
#549=LINE('',#3090,#779);
#550=LINE('',#3092,#780);
#551=LINE('',#3093,#781);
#552=LINE('',#3096,#782);
#553=LINE('',#3097,#783);
#554=LINE('',#3128,#784);
#555=LINE('',#3129,#785);
#556=LINE('',#3132,#786);
#557=LINE('',#3133,#787);
#558=LINE('',#3150,#788);
#559=LINE('',#3152,#789);
#560=LINE('',#3154,#790);
#561=LINE('',#3156,#791);
#562=LINE('',#3158,#792);
#563=LINE('',#3160,#793);
#564=LINE('',#3162,#794);
#565=LINE('',#3164,#795);
#566=LINE('',#3165,#796);
#567=LINE('',#3168,#797);
#568=LINE('',#3169,#798);
#569=LINE('',#3172,#799);
#570=LINE('',#3173,#800);
#571=LINE('',#3176,#801);
#572=LINE('',#3178,#802);
#573=LINE('',#3179,#803);
#574=LINE('',#3182,#804);
#575=LINE('',#3183,#805);
#576=LINE('',#3186,#806);
#577=LINE('',#3188,#807);
#578=LINE('',#3190,#808);
#579=LINE('',#3192,#809);
#580=LINE('',#3194,#810);
#581=LINE('',#3196,#811);
#582=LINE('',#3198,#812);
#583=LINE('',#3199,#813);
#584=LINE('',#3201,#814);
#585=LINE('',#3203,#815);
#586=LINE('',#3204,#816);
#587=LINE('',#3205,#817);
#588=LINE('',#3206,#818);
#589=LINE('',#3209,#819);
#590=LINE('',#3210,#820);
#591=LINE('',#3212,#821);
#592=LINE('',#3214,#822);
#593=LINE('',#3216,#823);
#594=LINE('',#3218,#824);
#595=LINE('',#3220,#825);
#596=LINE('',#3222,#826);
#597=LINE('',#3224,#827);
#598=LINE('',#3228,#828);
#599=LINE('',#3232,#829);
#600=LINE('',#3236,#830);
#601=LINE('',#3240,#831);
#602=LINE('',#3244,#832);
#603=LINE('',#3248,#833);
#604=LINE('',#3252,#834);
#605=LINE('',#3255,#835);
#606=LINE('',#3256,#836);
#607=LINE('',#3259,#837);
#608=LINE('',#3261,#838);
#609=LINE('',#3262,#839);
#610=LINE('',#3265,#840);
#611=LINE('',#3266,#841);
#612=LINE('',#3269,#842);
#613=LINE('',#3270,#843);
#614=LINE('',#3273,#844);
#615=LINE('',#3275,#845);
#616=LINE('',#3276,#846);
#617=LINE('',#3279,#847);
#618=LINE('',#3280,#848);
#619=LINE('',#3282,#849);
#620=LINE('',#3283,#850);
#621=LINE('',#3284,#851);
#622=LINE('',#3286,#852);
#623=LINE('',#3288,#853);
#624=LINE('',#3290,#854);
#625=LINE('',#3292,#855);
#626=LINE('',#3294,#856);
#627=LINE('',#3295,#857);
#628=LINE('',#3297,#858);
#629=LINE('',#3299,#859);
#630=LINE('',#3301,#860);
#631=LINE('',#3303,#861);
#632=LINE('',#3305,#862);
#633=LINE('',#3307,#863);
#634=LINE('',#3309,#864);
#635=LINE('',#3310,#865);
#636=LINE('',#3312,#866);
#637=LINE('',#3314,#867);
#638=LINE('',#3315,#868);
#639=LINE('',#3317,#869);
#640=LINE('',#3319,#870);
#641=LINE('',#3320,#871);
#642=LINE('',#3322,#872);
#643=LINE('',#3325,#873);
#644=LINE('',#3327,#874);
#645=LINE('',#3328,#875);
#646=LINE('',#3330,#876);
#647=LINE('',#3331,#877);
#648=LINE('',#3332,#878);
#649=LINE('',#3334,#879);
#650=LINE('',#3336,#880);
#651=LINE('',#3338,#881);
#652=LINE('',#3340,#882);
#653=LINE('',#3342,#883);
#654=LINE('',#3344,#884);
#655=VECTOR('',#2235,10.);
#656=VECTOR('',#2238,10.);
#657=VECTOR('',#2243,10.);
#658=VECTOR('',#2246,10.);
#659=VECTOR('',#2249,10.);
#660=VECTOR('',#2252,10.);
#661=VECTOR('',#2255,10.);
#662=VECTOR('',#2256,10.);
#663=VECTOR('',#2259,10.);
#664=VECTOR('',#2260,10.);
#665=VECTOR('',#2261,10.);
#666=VECTOR('',#2264,10.);
#667=VECTOR('',#2265,10.);
#668=VECTOR('',#2268,10.);
#669=VECTOR('',#2269,10.);
#670=VECTOR('',#2270,10.);
#671=VECTOR('',#2271,10.);
#672=VECTOR('',#2272,10.);
#673=VECTOR('',#2273,10.);
#674=VECTOR('',#2274,10.);
#675=VECTOR('',#2275,10.);
#676=VECTOR('',#2276,10.);
#677=VECTOR('',#2277,10.);
#678=VECTOR('',#2278,10.);
#679=VECTOR('',#2279,10.);
#680=VECTOR('',#2280,10.);
#681=VECTOR('',#2281,10.);
#682=VECTOR('',#2282,10.);
#683=VECTOR('',#2283,10.);
#684=VECTOR('',#2284,10.);
#685=VECTOR('',#2285,10.);
#686=VECTOR('',#2286,10.);
#687=VECTOR('',#2287,10.);
#688=VECTOR('',#2288,10.);
#689=VECTOR('',#2289,10.);
#690=VECTOR('',#2290,10.);
#691=VECTOR('',#2291,10.);
#692=VECTOR('',#2296,10.);
#693=VECTOR('',#2303,10.);
#694=VECTOR('',#2306,10.);
#695=VECTOR('',#2311,10.);
#696=VECTOR('',#2314,10.);
#697=VECTOR('',#2315,10.);
#698=VECTOR('',#2316,10.);
#699=VECTOR('',#2319,10.);
#700=VECTOR('',#2320,10.);
#701=VECTOR('',#2325,10.);
#702=VECTOR('',#2332,10.);
#703=VECTOR('',#2337,10.);
#704=VECTOR('',#2340,10.);
#705=VECTOR('',#2343,10.);
#706=VECTOR('',#2344,10.);
#707=VECTOR('',#2345,10.);
#708=VECTOR('',#2348,10.);
#709=VECTOR('',#2349,10.);
#710=VECTOR('',#2352,10.);
#711=VECTOR('',#2353,10.);
#712=VECTOR('',#2356,10.);
#713=VECTOR('',#2361,10.);
#714=VECTOR('',#2362,10.);
#715=VECTOR('',#2365,10.);
#716=VECTOR('',#2370,10.);
#717=VECTOR('',#2371,10.);
#718=VECTOR('',#2374,10.);
#719=VECTOR('',#2379,10.);
#720=VECTOR('',#2382,10.);
#721=VECTOR('',#2387,10.);
#722=VECTOR('',#2390,10.);
#723=VECTOR('',#2393,10.);
#724=VECTOR('',#2394,10.);
#725=VECTOR('',#2399,10.);
#726=VECTOR('',#2400,10.);
#727=VECTOR('',#2403,10.);
#728=VECTOR('',#2404,10.);
#729=VECTOR('',#2405,10.);
#730=VECTOR('',#2408,10.);
#731=VECTOR('',#2409,10.);
#732=VECTOR('',#2412,10.);
#733=VECTOR('',#2413,10.);
#734=VECTOR('',#2414,10.);
#735=VECTOR('',#2415,10.);
#736=VECTOR('',#2416,10.);
#737=VECTOR('',#2417,10.);
#738=VECTOR('',#2418,10.);
#739=VECTOR('',#2419,10.);
#740=VECTOR('',#2420,10.);
#741=VECTOR('',#2421,10.);
#742=VECTOR('',#2422,10.);
#743=VECTOR('',#2423,10.);
#744=VECTOR('',#2424,10.);
#745=VECTOR('',#2425,10.);
#746=VECTOR('',#2426,10.);
#747=VECTOR('',#2427,10.);
#748=VECTOR('',#2428,10.);
#749=VECTOR('',#2429,10.);
#750=VECTOR('',#2430,10.);
#751=VECTOR('',#2431,10.);
#752=VECTOR('',#2434,10.);
#753=VECTOR('',#2435,10.);
#754=VECTOR('',#2438,10.);
#755=VECTOR('',#2445,10.);
#756=VECTOR('',#2452,10.);
#757=VECTOR('',#2457,10.);
#758=VECTOR('',#2460,10.);
#759=VECTOR('',#2463,10.);
#760=VECTOR('',#2464,10.);
#761=VECTOR('',#2465,10.);
#762=VECTOR('',#2468,10.);
#763=VECTOR('',#2469,10.);
#764=VECTOR('',#2472,10.);
#765=VECTOR('',#2473,10.);
#766=VECTOR('',#2476,10.);
#767=VECTOR('',#2483,10.);
#768=VECTOR('',#2490,10.);
#769=VECTOR('',#2495,10.);
#770=VECTOR('',#2498,10.);
#771=VECTOR('',#2501,10.);
#772=VECTOR('',#2502,10.);
#773=VECTOR('',#2503,10.);
#774=VECTOR('',#2506,10.);
#775=VECTOR('',#2507,10.);
#776=VECTOR('',#2510,10.);
#777=VECTOR('',#2511,10.);
#778=VECTOR('',#2514,10.);
#779=VECTOR('',#2519,10.);
#780=VECTOR('',#2520,10.);
#781=VECTOR('',#2521,10.);
#782=VECTOR('',#2524,10.);
#783=VECTOR('',#2525,10.);
#784=VECTOR('',#2556,10.);
#785=VECTOR('',#2557,10.);
#786=VECTOR('',#2560,10.);
#787=VECTOR('',#2561,10.);
#788=VECTOR('',#2578,10.);
#789=VECTOR('',#2579,10.);
#790=VECTOR('',#2580,10.);
#791=VECTOR('',#2581,10.);
#792=VECTOR('',#2582,10.);
#793=VECTOR('',#2583,10.);
#794=VECTOR('',#2584,10.);
#795=VECTOR('',#2585,10.);
#796=VECTOR('',#2586,10.);
#797=VECTOR('',#2589,10.);
#798=VECTOR('',#2590,10.);
#799=VECTOR('',#2593,10.);
#800=VECTOR('',#2594,10.);
#801=VECTOR('',#2597,10.);
#802=VECTOR('',#2598,10.);
#803=VECTOR('',#2599,10.);
#804=VECTOR('',#2602,10.);
#805=VECTOR('',#2603,10.);
#806=VECTOR('',#2606,10.);
#807=VECTOR('',#2607,10.);
#808=VECTOR('',#2608,10.);
#809=VECTOR('',#2609,10.);
#810=VECTOR('',#2610,10.);
#811=VECTOR('',#2611,10.);
#812=VECTOR('',#2612,10.);
#813=VECTOR('',#2613,10.);
#814=VECTOR('',#2616,10.);
#815=VECTOR('',#2617,10.);
#816=VECTOR('',#2618,10.);
#817=VECTOR('',#2619,10.);
#818=VECTOR('',#2620,10.);
#819=VECTOR('',#2623,10.);
#820=VECTOR('',#2624,10.);
#821=VECTOR('',#2627,5.25);
#822=VECTOR('',#2630,5.25);
#823=VECTOR('',#2633,5.25);
#824=VECTOR('',#2636,5.25);
#825=VECTOR('',#2639,5.25);
#826=VECTOR('',#2642,5.25);
#827=VECTOR('',#2645,5.25);
#828=VECTOR('',#2650,5.25);
#829=VECTOR('',#2655,5.25);
#830=VECTOR('',#2660,5.25);
#831=VECTOR('',#2665,5.25);
#832=VECTOR('',#2670,5.25);
#833=VECTOR('',#2675,5.25);
#834=VECTOR('',#2680,5.25);
#835=VECTOR('',#2683,10.);
#836=VECTOR('',#2684,10.);
#837=VECTOR('',#2687,10.);
#838=VECTOR('',#2688,10.);
#839=VECTOR('',#2689,10.);
#840=VECTOR('',#2692,10.);
#841=VECTOR('',#2693,10.);
#842=VECTOR('',#2696,10.);
#843=VECTOR('',#2697,10.);
#844=VECTOR('',#2700,10.);
#845=VECTOR('',#2701,10.);
#846=VECTOR('',#2702,10.);
#847=VECTOR('',#2705,10.);
#848=VECTOR('',#2706,10.);
#849=VECTOR('',#2709,10.);
#850=VECTOR('',#2710,10.);
#851=VECTOR('',#2711,10.);
#852=VECTOR('',#2712,10.);
#853=VECTOR('',#2713,10.);
#854=VECTOR('',#2714,10.);
#855=VECTOR('',#2715,10.);
#856=VECTOR('',#2716,10.);
#857=VECTOR('',#2717,10.);
#858=VECTOR('',#2720,10.);
#859=VECTOR('',#2721,10.);
#860=VECTOR('',#2722,10.);
#861=VECTOR('',#2723,10.);
#862=VECTOR('',#2724,10.);
#863=VECTOR('',#2725,10.);
#864=VECTOR('',#2726,10.);
#865=VECTOR('',#2727,10.);
#866=VECTOR('',#2730,10.);
#867=VECTOR('',#2731,10.);
#868=VECTOR('',#2732,10.);
#869=VECTOR('',#2733,10.);
#870=VECTOR('',#2734,10.);
#871=VECTOR('',#2735,10.);
#872=VECTOR('',#2738,10.);
#873=VECTOR('',#2741,10.);
#874=VECTOR('',#2742,10.);
#875=VECTOR('',#2743,10.);
#876=VECTOR('',#2744,10.);
#877=VECTOR('',#2745,10.);
#878=VECTOR('',#2746,10.);
#879=VECTOR('',#2749,10.);
#880=VECTOR('',#2752,10.);
#881=VECTOR('',#2755,10.);
#882=VECTOR('',#2758,10.);
#883=VECTOR('',#2761,10.);
#884=VECTOR('',#2764,10.);
#885=VERTEX_POINT('',#2785);
#886=VERTEX_POINT('',#2786);
#887=VERTEX_POINT('',#2788);
#888=VERTEX_POINT('',#2790);
#889=VERTEX_POINT('',#2794);
#890=VERTEX_POINT('',#2796);
#891=VERTEX_POINT('',#2800);
#892=VERTEX_POINT('',#2802);
#893=VERTEX_POINT('',#2809);
#894=VERTEX_POINT('',#2811);
#895=VERTEX_POINT('',#2815);
#896=VERTEX_POINT('',#2819);
#897=VERTEX_POINT('',#2820);
#898=VERTEX_POINT('',#2822);
#899=VERTEX_POINT('',#2824);
#900=VERTEX_POINT('',#2826);
#901=VERTEX_POINT('',#2828);
#902=VERTEX_POINT('',#2830);
#903=VERTEX_POINT('',#2832);
#904=VERTEX_POINT('',#2834);
#905=VERTEX_POINT('',#2836);
#906=VERTEX_POINT('',#2838);
#907=VERTEX_POINT('',#2840);
#908=VERTEX_POINT('',#2842);
#909=VERTEX_POINT('',#2844);
#910=VERTEX_POINT('',#2846);
#911=VERTEX_POINT('',#2848);
#912=VERTEX_POINT('',#2851);
#913=VERTEX_POINT('',#2852);
#914=VERTEX_POINT('',#2854);
#915=VERTEX_POINT('',#2856);
#916=VERTEX_POINT('',#2859);
#917=VERTEX_POINT('',#2860);
#918=VERTEX_POINT('',#2862);
#919=VERTEX_POINT('',#2864);
#920=VERTEX_POINT('',#2868);
#921=VERTEX_POINT('',#2870);
#922=VERTEX_POINT('',#2874);
#923=VERTEX_POINT('',#2878);
#924=VERTEX_POINT('',#2884);
#925=VERTEX_POINT('',#2886);
#926=VERTEX_POINT('',#2890);
#927=VERTEX_POINT('',#2894);
#928=VERTEX_POINT('',#2896);
#929=VERTEX_POINT('',#2900);
#930=VERTEX_POINT('',#2902);
#931=VERTEX_POINT('',#2910);
#932=VERTEX_POINT('',#2912);
#933=VERTEX_POINT('',#2916);
#934=VERTEX_POINT('',#2920);
#935=VERTEX_POINT('',#2927);
#936=VERTEX_POINT('',#2934);
#937=VERTEX_POINT('',#2941);
#938=VERTEX_POINT('',#2942);
#939=VERTEX_POINT('',#2944);
#940=VERTEX_POINT('',#2946);
#941=VERTEX_POINT('',#2950);
#942=VERTEX_POINT('',#2952);
#943=VERTEX_POINT('',#2956);
#944=VERTEX_POINT('',#2958);
#945=VERTEX_POINT('',#2965);
#946=VERTEX_POINT('',#2967);
#947=VERTEX_POINT('',#2971);
#948=VERTEX_POINT('',#2975);
#949=VERTEX_POINT('',#2976);
#950=VERTEX_POINT('',#2978);
#951=VERTEX_POINT('',#2980);
#952=VERTEX_POINT('',#2982);
#953=VERTEX_POINT('',#2984);
#954=VERTEX_POINT('',#2986);
#955=VERTEX_POINT('',#2988);
#956=VERTEX_POINT('',#2990);
#957=VERTEX_POINT('',#2992);
#958=VERTEX_POINT('',#2994);
#959=VERTEX_POINT('',#2996);
#960=VERTEX_POINT('',#2999);
#961=VERTEX_POINT('',#3000);
#962=VERTEX_POINT('',#3002);
#963=VERTEX_POINT('',#3004);
#964=VERTEX_POINT('',#3007);
#965=VERTEX_POINT('',#3008);
#966=VERTEX_POINT('',#3010);
#967=VERTEX_POINT('',#3012);
#968=VERTEX_POINT('',#3016);
#969=VERTEX_POINT('',#3023);
#970=VERTEX_POINT('',#3025);
#971=VERTEX_POINT('',#3029);
#972=VERTEX_POINT('',#3031);
#973=VERTEX_POINT('',#3039);
#974=VERTEX_POINT('',#3041);
#975=VERTEX_POINT('',#3045);
#976=VERTEX_POINT('',#3049);
#977=VERTEX_POINT('',#3056);
#978=VERTEX_POINT('',#3058);
#979=VERTEX_POINT('',#3062);
#980=VERTEX_POINT('',#3064);
#981=VERTEX_POINT('',#3072);
#982=VERTEX_POINT('',#3074);
#983=VERTEX_POINT('',#3078);
#984=VERTEX_POINT('',#3082);
#985=VERTEX_POINT('',#3089);
#986=VERTEX_POINT('',#3091);
#987=VERTEX_POINT('',#3095);
#988=VERTEX_POINT('',#3098);
#989=VERTEX_POINT('',#3100);
#990=VERTEX_POINT('',#3102);
#991=VERTEX_POINT('',#3104);
#992=VERTEX_POINT('',#3106);
#993=VERTEX_POINT('',#3108);
#994=VERTEX_POINT('',#3110);
#995=VERTEX_POINT('',#3112);
#996=VERTEX_POINT('',#3114);
#997=VERTEX_POINT('',#3116);
#998=VERTEX_POINT('',#3118);
#999=VERTEX_POINT('',#3120);
#1000=VERTEX_POINT('',#3122);
#1001=VERTEX_POINT('',#3124);
#1002=VERTEX_POINT('',#3127);
#1003=VERTEX_POINT('',#3131);
#1004=VERTEX_POINT('',#3134);
#1005=VERTEX_POINT('',#3136);
#1006=VERTEX_POINT('',#3138);
#1007=VERTEX_POINT('',#3140);
#1008=VERTEX_POINT('',#3142);
#1009=VERTEX_POINT('',#3144);
#1010=VERTEX_POINT('',#3146);
#1011=VERTEX_POINT('',#3149);
#1012=VERTEX_POINT('',#3151);
#1013=VERTEX_POINT('',#3153);
#1014=VERTEX_POINT('',#3155);
#1015=VERTEX_POINT('',#3157);
#1016=VERTEX_POINT('',#3159);
#1017=VERTEX_POINT('',#3161);
#1018=VERTEX_POINT('',#3163);
#1019=VERTEX_POINT('',#3167);
#1020=VERTEX_POINT('',#3171);
#1021=VERTEX_POINT('',#3175);
#1022=VERTEX_POINT('',#3177);
#1023=VERTEX_POINT('',#3181);
#1024=VERTEX_POINT('',#3185);
#1025=VERTEX_POINT('',#3187);
#1026=VERTEX_POINT('',#3189);
#1027=VERTEX_POINT('',#3191);
#1028=VERTEX_POINT('',#3193);
#1029=VERTEX_POINT('',#3195);
#1030=VERTEX_POINT('',#3197);
#1031=VERTEX_POINT('',#3202);
#1032=VERTEX_POINT('',#3208);
#1033=VERTEX_POINT('',#3226);
#1034=VERTEX_POINT('',#3230);
#1035=VERTEX_POINT('',#3234);
#1036=VERTEX_POINT('',#3238);
#1037=VERTEX_POINT('',#3242);
#1038=VERTEX_POINT('',#3246);
#1039=VERTEX_POINT('',#3250);
#1040=VERTEX_POINT('',#3254);
#1041=VERTEX_POINT('',#3258);
#1042=VERTEX_POINT('',#3260);
#1043=VERTEX_POINT('',#3264);
#1044=VERTEX_POINT('',#3268);
#1045=VERTEX_POINT('',#3272);
#1046=VERTEX_POINT('',#3274);
#1047=VERTEX_POINT('',#3278);
#1048=VERTEX_POINT('',#3285);
#1049=VERTEX_POINT('',#3287);
#1050=VERTEX_POINT('',#3289);
#1051=VERTEX_POINT('',#3291);
#1052=VERTEX_POINT('',#3293);
#1053=VERTEX_POINT('',#3298);
#1054=VERTEX_POINT('',#3300);
#1055=VERTEX_POINT('',#3302);
#1056=VERTEX_POINT('',#3304);
#1057=VERTEX_POINT('',#3306);
#1058=VERTEX_POINT('',#3308);
#1059=VERTEX_POINT('',#3313);
#1060=VERTEX_POINT('',#3316);
#1061=VERTEX_POINT('',#3318);
#1062=VERTEX_POINT('',#3324);
#1063=VERTEX_POINT('',#3326);
#1064=VERTEX_POINT('',#3329);
#1065=EDGE_CURVE('',#885,#886,#425,.T.);
#1066=EDGE_CURVE('',#886,#887,#401,.T.);
#1067=EDGE_CURVE('',#887,#888,#426,.T.);
#1068=EDGE_CURVE('',#885,#888,#402,.T.);
#1069=EDGE_CURVE('',#886,#889,#427,.T.);
#1070=EDGE_CURVE('',#889,#890,#403,.T.);
#1071=EDGE_CURVE('',#890,#887,#428,.T.);
#1072=EDGE_CURVE('',#888,#891,#429,.T.);
#1073=EDGE_CURVE('',#891,#892,#404,.T.);
#1074=EDGE_CURVE('',#892,#885,#430,.T.);
#1075=EDGE_CURVE('',#889,#892,#431,.T.);
#1076=EDGE_CURVE('',#891,#890,#432,.T.);
#1077=EDGE_CURVE('',#888,#893,#433,.T.);
#1078=EDGE_CURVE('',#893,#894,#434,.T.);
#1079=EDGE_CURVE('',#891,#894,#435,.T.);
#1080=EDGE_CURVE('',#887,#895,#436,.T.);
#1081=EDGE_CURVE('',#895,#893,#437,.T.);
#1082=EDGE_CURVE('',#896,#897,#438,.T.);
#1083=EDGE_CURVE('',#898,#896,#439,.T.);
#1084=EDGE_CURVE('',#899,#898,#440,.T.);
#1085=EDGE_CURVE('',#900,#899,#441,.T.);
#1086=EDGE_CURVE('',#901,#900,#442,.T.);
#1087=EDGE_CURVE('',#902,#901,#443,.T.);
#1088=EDGE_CURVE('',#903,#902,#444,.T.);
#1089=EDGE_CURVE('',#904,#903,#445,.T.);
#1090=EDGE_CURVE('',#905,#904,#446,.T.);
#1091=EDGE_CURVE('',#906,#905,#447,.T.);
#1092=EDGE_CURVE('',#907,#906,#448,.T.);
#1093=EDGE_CURVE('',#908,#907,#449,.T.);
#1094=EDGE_CURVE('',#909,#908,#450,.T.);
#1095=EDGE_CURVE('',#910,#909,#451,.T.);
#1096=EDGE_CURVE('',#911,#910,#452,.T.);
#1097=EDGE_CURVE('',#897,#911,#453,.T.);
#1098=EDGE_CURVE('',#912,#913,#454,.T.);
#1099=EDGE_CURVE('',#914,#912,#455,.T.);
#1100=EDGE_CURVE('',#915,#914,#456,.T.);
#1101=EDGE_CURVE('',#913,#915,#457,.T.);
#1102=EDGE_CURVE('',#916,#917,#458,.T.);
#1103=EDGE_CURVE('',#918,#916,#459,.T.);
#1104=EDGE_CURVE('',#919,#918,#460,.T.);
#1105=EDGE_CURVE('',#917,#919,#461,.T.);
#1106=EDGE_CURVE('',#913,#920,#405,.T.);
#1107=EDGE_CURVE('',#920,#921,#462,.T.);
#1108=EDGE_CURVE('',#921,#912,#406,.T.);
#1109=EDGE_CURVE('',#915,#922,#407,.T.);
#1110=EDGE_CURVE('',#922,#920,#463,.T.);
#1111=EDGE_CURVE('',#923,#922,#464,.T.);
#1112=EDGE_CURVE('',#914,#923,#408,.T.);
#1113=EDGE_CURVE('',#921,#923,#465,.T.);
#1114=EDGE_CURVE('',#921,#924,#466,.T.);
#1115=EDGE_CURVE('',#924,#925,#467,.T.);
#1116=EDGE_CURVE('',#923,#925,#468,.T.);
#1117=EDGE_CURVE('',#920,#926,#469,.T.);
#1118=EDGE_CURVE('',#926,#924,#470,.T.);
#1119=EDGE_CURVE('',#918,#927,#409,.T.);
#1120=EDGE_CURVE('',#927,#928,#471,.T.);
#1121=EDGE_CURVE('',#919,#928,#410,.T.);
#1122=EDGE_CURVE('',#917,#929,#411,.T.);
#1123=EDGE_CURVE('',#929,#930,#472,.T.);
#1124=EDGE_CURVE('',#930,#916,#412,.T.);
#1125=EDGE_CURVE('',#928,#929,#473,.T.);
#1126=EDGE_CURVE('',#930,#927,#474,.T.);
#1127=EDGE_CURVE('',#930,#931,#475,.T.);
#1128=EDGE_CURVE('',#931,#932,#476,.T.);
#1129=EDGE_CURVE('',#927,#932,#477,.T.);
#1130=EDGE_CURVE('',#929,#933,#478,.T.);
#1131=EDGE_CURVE('',#933,#931,#479,.T.);
#1132=EDGE_CURVE('',#928,#934,#480,.T.);
#1133=EDGE_CURVE('',#934,#933,#481,.T.);
#1134=EDGE_CURVE('',#932,#934,#482,.T.);
#1135=EDGE_CURVE('',#890,#935,#483,.T.);
#1136=EDGE_CURVE('',#935,#895,#484,.T.);
#1137=EDGE_CURVE('',#894,#935,#485,.T.);
#1138=EDGE_CURVE('',#922,#936,#486,.T.);
#1139=EDGE_CURVE('',#936,#926,#487,.T.);
#1140=EDGE_CURVE('',#925,#936,#488,.T.);
#1141=EDGE_CURVE('',#937,#938,#489,.T.);
#1142=EDGE_CURVE('',#938,#939,#413,.T.);
#1143=EDGE_CURVE('',#939,#940,#490,.T.);
#1144=EDGE_CURVE('',#940,#937,#414,.T.);
#1145=EDGE_CURVE('',#938,#941,#491,.T.);
#1146=EDGE_CURVE('',#941,#942,#415,.T.);
#1147=EDGE_CURVE('',#942,#939,#492,.T.);
#1148=EDGE_CURVE('',#943,#942,#493,.T.);
#1149=EDGE_CURVE('',#941,#944,#494,.T.);
#1150=EDGE_CURVE('',#944,#943,#416,.T.);
#1151=EDGE_CURVE('',#944,#937,#495,.T.);
#1152=EDGE_CURVE('',#940,#943,#496,.T.);
#1153=EDGE_CURVE('',#940,#945,#497,.T.);
#1154=EDGE_CURVE('',#945,#946,#498,.T.);
#1155=EDGE_CURVE('',#943,#946,#499,.T.);
#1156=EDGE_CURVE('',#939,#947,#500,.T.);
#1157=EDGE_CURVE('',#947,#945,#501,.T.);
#1158=EDGE_CURVE('',#948,#949,#502,.T.);
#1159=EDGE_CURVE('',#950,#948,#503,.T.);
#1160=EDGE_CURVE('',#951,#950,#504,.T.);
#1161=EDGE_CURVE('',#952,#951,#505,.T.);
#1162=EDGE_CURVE('',#953,#952,#506,.T.);
#1163=EDGE_CURVE('',#954,#953,#507,.T.);
#1164=EDGE_CURVE('',#955,#954,#508,.T.);
#1165=EDGE_CURVE('',#956,#955,#509,.T.);
#1166=EDGE_CURVE('',#957,#956,#510,.T.);
#1167=EDGE_CURVE('',#958,#957,#511,.T.);
#1168=EDGE_CURVE('',#959,#958,#512,.T.);
#1169=EDGE_CURVE('',#949,#959,#513,.T.);
#1170=EDGE_CURVE('',#960,#961,#514,.T.);
#1171=EDGE_CURVE('',#962,#960,#515,.T.);
#1172=EDGE_CURVE('',#963,#962,#516,.T.);
#1173=EDGE_CURVE('',#961,#963,#517,.T.);
#1174=EDGE_CURVE('',#964,#965,#518,.T.);
#1175=EDGE_CURVE('',#966,#964,#519,.T.);
#1176=EDGE_CURVE('',#967,#966,#520,.T.);
#1177=EDGE_CURVE('',#965,#967,#521,.T.);
#1178=EDGE_CURVE('',#942,#968,#522,.T.);
#1179=EDGE_CURVE('',#968,#947,#523,.T.);
#1180=EDGE_CURVE('',#946,#968,#524,.T.);
#1181=EDGE_CURVE('',#962,#969,#417,.T.);
#1182=EDGE_CURVE('',#969,#970,#525,.T.);
#1183=EDGE_CURVE('',#963,#970,#418,.T.);
#1184=EDGE_CURVE('',#961,#971,#419,.T.);
#1185=EDGE_CURVE('',#971,#972,#526,.T.);
#1186=EDGE_CURVE('',#972,#960,#420,.T.);
#1187=EDGE_CURVE('',#970,#971,#527,.T.);
#1188=EDGE_CURVE('',#972,#969,#528,.T.);
#1189=EDGE_CURVE('',#972,#973,#529,.T.);
#1190=EDGE_CURVE('',#973,#974,#530,.T.);
#1191=EDGE_CURVE('',#969,#974,#531,.T.);
#1192=EDGE_CURVE('',#971,#975,#532,.T.);
#1193=EDGE_CURVE('',#975,#973,#533,.T.);
#1194=EDGE_CURVE('',#970,#976,#534,.T.);
#1195=EDGE_CURVE('',#976,#975,#535,.T.);
#1196=EDGE_CURVE('',#974,#976,#536,.T.);
#1197=EDGE_CURVE('',#966,#977,#421,.T.);
#1198=EDGE_CURVE('',#977,#978,#537,.T.);
#1199=EDGE_CURVE('',#967,#978,#422,.T.);
#1200=EDGE_CURVE('',#965,#979,#423,.T.);
#1201=EDGE_CURVE('',#979,#980,#538,.T.);
#1202=EDGE_CURVE('',#980,#964,#424,.T.);
#1203=EDGE_CURVE('',#978,#979,#539,.T.);
#1204=EDGE_CURVE('',#980,#977,#540,.T.);
#1205=EDGE_CURVE('',#980,#981,#541,.T.);
#1206=EDGE_CURVE('',#981,#982,#542,.T.);
#1207=EDGE_CURVE('',#977,#982,#543,.T.);
#1208=EDGE_CURVE('',#979,#983,#544,.T.);
#1209=EDGE_CURVE('',#983,#981,#545,.T.);
#1210=EDGE_CURVE('',#978,#984,#546,.T.);
#1211=EDGE_CURVE('',#984,#983,#547,.T.);
#1212=EDGE_CURVE('',#982,#984,#548,.T.);
#1213=EDGE_CURVE('',#985,#904,#549,.T.);
#1214=EDGE_CURVE('',#986,#985,#550,.T.);
#1215=EDGE_CURVE('',#986,#905,#551,.T.);
#1216=EDGE_CURVE('',#903,#987,#552,.T.);
#1217=EDGE_CURVE('',#987,#985,#553,.T.);
#1218=EDGE_CURVE('',#988,#988,#15,.T.);
#1219=EDGE_CURVE('',#989,#989,#16,.T.);
#1220=EDGE_CURVE('',#990,#990,#17,.T.);
#1221=EDGE_CURVE('',#991,#991,#18,.T.);
#1222=EDGE_CURVE('',#992,#992,#19,.T.);
#1223=EDGE_CURVE('',#993,#993,#20,.T.);
#1224=EDGE_CURVE('',#994,#994,#21,.T.);
#1225=EDGE_CURVE('',#995,#995,#22,.T.);
#1226=EDGE_CURVE('',#996,#996,#23,.T.);
#1227=EDGE_CURVE('',#997,#997,#24,.T.);
#1228=EDGE_CURVE('',#998,#998,#25,.T.);
#1229=EDGE_CURVE('',#999,#999,#26,.T.);
#1230=EDGE_CURVE('',#1000,#1000,#27,.T.);
#1231=EDGE_CURVE('',#1001,#1001,#28,.T.);
#1232=EDGE_CURVE('',#902,#1002,#554,.T.);
#1233=EDGE_CURVE('',#1002,#987,#555,.T.);
#1234=EDGE_CURVE('',#1003,#901,#556,.T.);
#1235=EDGE_CURVE('',#1003,#1002,#557,.T.);
#1236=EDGE_CURVE('',#1004,#1004,#29,.T.);
#1237=EDGE_CURVE('',#1005,#1005,#30,.T.);
#1238=EDGE_CURVE('',#1006,#1006,#31,.T.);
#1239=EDGE_CURVE('',#1007,#1007,#32,.T.);
#1240=EDGE_CURVE('',#1008,#1008,#33,.T.);
#1241=EDGE_CURVE('',#1009,#1009,#34,.T.);
#1242=EDGE_CURVE('',#1010,#1010,#35,.T.);
#1243=EDGE_CURVE('',#1011,#899,#558,.T.);
#1244=EDGE_CURVE('',#1012,#1011,#559,.T.);
#1245=EDGE_CURVE('',#1013,#1012,#560,.T.);
#1246=EDGE_CURVE('',#1014,#1013,#561,.T.);
#1247=EDGE_CURVE('',#1015,#1014,#562,.T.);
#1248=EDGE_CURVE('',#1016,#1015,#563,.T.);
#1249=EDGE_CURVE('',#1017,#1016,#564,.T.);
#1250=EDGE_CURVE('',#1018,#1017,#565,.T.);
#1251=EDGE_CURVE('',#900,#1018,#566,.T.);
#1252=EDGE_CURVE('',#898,#1019,#567,.T.);
#1253=EDGE_CURVE('',#1011,#1019,#568,.T.);
#1254=EDGE_CURVE('',#896,#1020,#569,.T.);
#1255=EDGE_CURVE('',#1019,#1020,#570,.T.);
#1256=EDGE_CURVE('',#954,#1021,#571,.T.);
#1257=EDGE_CURVE('',#1022,#1021,#572,.T.);
#1258=EDGE_CURVE('',#955,#1022,#573,.T.);
#1259=EDGE_CURVE('',#953,#1023,#574,.T.);
#1260=EDGE_CURVE('',#1021,#1023,#575,.T.);
#1261=EDGE_CURVE('',#1024,#952,#576,.T.);
#1262=EDGE_CURVE('',#1025,#1024,#577,.T.);
#1263=EDGE_CURVE('',#1026,#1025,#578,.T.);
#1264=EDGE_CURVE('',#1027,#1026,#579,.T.);
#1265=EDGE_CURVE('',#1028,#1027,#580,.T.);
#1266=EDGE_CURVE('',#1029,#1028,#581,.T.);
#1267=EDGE_CURVE('',#1030,#1029,#582,.T.);
#1268=EDGE_CURVE('',#1023,#1030,#583,.T.);
#1269=EDGE_CURVE('',#1018,#1024,#584,.T.);
#1270=EDGE_CURVE('',#1031,#951,#585,.T.);
#1271=EDGE_CURVE('',#1003,#1031,#586,.T.);
#1272=EDGE_CURVE('',#1027,#1015,#587,.T.);
#1273=EDGE_CURVE('',#1028,#1014,#588,.T.);
#1274=EDGE_CURVE('',#950,#1032,#589,.T.);
#1275=EDGE_CURVE('',#1031,#1032,#590,.T.);
#1276=EDGE_CURVE('',#1001,#1010,#591,.T.);
#1277=EDGE_CURVE('',#1000,#1009,#592,.T.);
#1278=EDGE_CURVE('',#999,#1008,#593,.T.);
#1279=EDGE_CURVE('',#998,#1007,#594,.T.);
#1280=EDGE_CURVE('',#997,#1006,#595,.T.);
#1281=EDGE_CURVE('',#996,#1005,#596,.T.);
#1282=EDGE_CURVE('',#995,#1004,#597,.T.);
#1283=EDGE_CURVE('',#1033,#1033,#36,.T.);
#1284=EDGE_CURVE('',#1033,#994,#598,.T.);
#1285=EDGE_CURVE('',#1034,#1034,#37,.T.);
#1286=EDGE_CURVE('',#1034,#993,#599,.T.);
#1287=EDGE_CURVE('',#1035,#1035,#38,.T.);
#1288=EDGE_CURVE('',#1035,#992,#600,.T.);
#1289=EDGE_CURVE('',#1036,#1036,#39,.T.);
#1290=EDGE_CURVE('',#1036,#991,#601,.T.);
#1291=EDGE_CURVE('',#1037,#1037,#40,.T.);
#1292=EDGE_CURVE('',#1037,#990,#602,.T.);
#1293=EDGE_CURVE('',#1038,#1038,#41,.T.);
#1294=EDGE_CURVE('',#1038,#989,#603,.T.);
#1295=EDGE_CURVE('',#1039,#1039,#42,.T.);
#1296=EDGE_CURVE('',#1039,#988,#604,.T.);
#1297=EDGE_CURVE('',#1040,#986,#605,.T.);
#1298=EDGE_CURVE('',#906,#1040,#606,.T.);
#1299=EDGE_CURVE('',#1041,#910,#607,.T.);
#1300=EDGE_CURVE('',#1042,#1041,#608,.T.);
#1301=EDGE_CURVE('',#911,#1042,#609,.T.);
#1302=EDGE_CURVE('',#909,#1043,#610,.T.);
#1303=EDGE_CURVE('',#1041,#1043,#611,.T.);
#1304=EDGE_CURVE('',#1044,#897,#612,.T.);
#1305=EDGE_CURVE('',#1020,#1044,#613,.T.);
#1306=EDGE_CURVE('',#1045,#957,#614,.T.);
#1307=EDGE_CURVE('',#1046,#1045,#615,.T.);
#1308=EDGE_CURVE('',#1046,#958,#616,.T.);
#1309=EDGE_CURVE('',#1047,#1022,#617,.T.);
#1310=EDGE_CURVE('',#956,#1047,#618,.T.);
#1311=EDGE_CURVE('',#1047,#1045,#619,.T.);
#1312=EDGE_CURVE('',#1012,#1030,#620,.T.);
#1313=EDGE_CURVE('',#1042,#1044,#621,.T.);
#1314=EDGE_CURVE('',#1043,#1048,#622,.T.);
#1315=EDGE_CURVE('',#1048,#1049,#623,.T.);
#1316=EDGE_CURVE('',#1049,#1050,#624,.T.);
#1317=EDGE_CURVE('',#1050,#1051,#625,.T.);
#1318=EDGE_CURVE('',#1051,#1052,#626,.T.);
#1319=EDGE_CURVE('',#1052,#1046,#627,.T.);
#1320=EDGE_CURVE('',#1051,#949,#628,.T.);
#1321=EDGE_CURVE('',#1053,#1050,#629,.T.);
#1322=EDGE_CURVE('',#1054,#1053,#630,.T.);
#1323=EDGE_CURVE('',#1055,#1054,#631,.T.);
#1324=EDGE_CURVE('',#1056,#1055,#632,.T.);
#1325=EDGE_CURVE('',#1057,#1056,#633,.T.);
#1326=EDGE_CURVE('',#1058,#1057,#634,.T.);
#1327=EDGE_CURVE('',#948,#1058,#635,.T.);
#1328=EDGE_CURVE('',#1032,#1040,#636,.T.);
#1329=EDGE_CURVE('',#1058,#1059,#637,.T.);
#1330=EDGE_CURVE('',#1059,#907,#638,.T.);
#1331=EDGE_CURVE('',#1060,#1055,#639,.T.);
#1332=EDGE_CURVE('',#1061,#1054,#640,.T.);
#1333=EDGE_CURVE('',#1061,#1060,#641,.T.);
#1334=EDGE_CURVE('',#1052,#959,#642,.T.);
#1335=EDGE_CURVE('',#1062,#1059,#643,.T.);
#1336=EDGE_CURVE('',#1063,#1062,#644,.T.);
#1337=EDGE_CURVE('',#1060,#1063,#645,.T.);
#1338=EDGE_CURVE('',#1064,#1061,#646,.T.);
#1339=EDGE_CURVE('',#1049,#1064,#647,.T.);
#1340=EDGE_CURVE('',#908,#1048,#648,.T.);
#1341=EDGE_CURVE('',#1016,#1026,#649,.T.);
#1342=EDGE_CURVE('',#1053,#1064,#650,.T.);
#1343=EDGE_CURVE('',#1062,#1057,#651,.T.);
#1344=EDGE_CURVE('',#1013,#1029,#652,.T.);
#1345=EDGE_CURVE('',#1025,#1017,#653,.T.);
#1346=EDGE_CURVE('',#1056,#1063,#654,.T.);
#1347=ORIENTED_EDGE('',*,*,#1065,.T.);
#1348=ORIENTED_EDGE('',*,*,#1066,.T.);
#1349=ORIENTED_EDGE('',*,*,#1067,.T.);
#1350=ORIENTED_EDGE('',*,*,#1068,.F.);
#1351=ORIENTED_EDGE('',*,*,#1069,.T.);
#1352=ORIENTED_EDGE('',*,*,#1070,.T.);
#1353=ORIENTED_EDGE('',*,*,#1071,.T.);
#1354=ORIENTED_EDGE('',*,*,#1066,.F.);
#1355=ORIENTED_EDGE('',*,*,#1072,.T.);
#1356=ORIENTED_EDGE('',*,*,#1073,.T.);
#1357=ORIENTED_EDGE('',*,*,#1074,.T.);
#1358=ORIENTED_EDGE('',*,*,#1068,.T.);
#1359=ORIENTED_EDGE('',*,*,#1075,.T.);
#1360=ORIENTED_EDGE('',*,*,#1073,.F.);
#1361=ORIENTED_EDGE('',*,*,#1076,.T.);
#1362=ORIENTED_EDGE('',*,*,#1070,.F.);
#1363=ORIENTED_EDGE('',*,*,#1072,.F.);
#1364=ORIENTED_EDGE('',*,*,#1077,.T.);
#1365=ORIENTED_EDGE('',*,*,#1078,.T.);
#1366=ORIENTED_EDGE('',*,*,#1079,.F.);
#1367=ORIENTED_EDGE('',*,*,#1067,.F.);
#1368=ORIENTED_EDGE('',*,*,#1080,.T.);
#1369=ORIENTED_EDGE('',*,*,#1081,.T.);
#1370=ORIENTED_EDGE('',*,*,#1077,.F.);
#1371=ORIENTED_EDGE('',*,*,#1082,.F.);
#1372=ORIENTED_EDGE('',*,*,#1083,.F.);
#1373=ORIENTED_EDGE('',*,*,#1084,.F.);
#1374=ORIENTED_EDGE('',*,*,#1085,.F.);
#1375=ORIENTED_EDGE('',*,*,#1086,.F.);
#1376=ORIENTED_EDGE('',*,*,#1087,.F.);
#1377=ORIENTED_EDGE('',*,*,#1088,.F.);
#1378=ORIENTED_EDGE('',*,*,#1089,.F.);
#1379=ORIENTED_EDGE('',*,*,#1090,.F.);
#1380=ORIENTED_EDGE('',*,*,#1091,.F.);
#1381=ORIENTED_EDGE('',*,*,#1092,.F.);
#1382=ORIENTED_EDGE('',*,*,#1093,.F.);
#1383=ORIENTED_EDGE('',*,*,#1094,.F.);
#1384=ORIENTED_EDGE('',*,*,#1095,.F.);
#1385=ORIENTED_EDGE('',*,*,#1096,.F.);
#1386=ORIENTED_EDGE('',*,*,#1097,.F.);
#1387=ORIENTED_EDGE('',*,*,#1098,.F.);
#1388=ORIENTED_EDGE('',*,*,#1099,.F.);
#1389=ORIENTED_EDGE('',*,*,#1100,.F.);
#1390=ORIENTED_EDGE('',*,*,#1101,.F.);
#1391=ORIENTED_EDGE('',*,*,#1102,.F.);
#1392=ORIENTED_EDGE('',*,*,#1103,.F.);
#1393=ORIENTED_EDGE('',*,*,#1104,.F.);
#1394=ORIENTED_EDGE('',*,*,#1105,.F.);
#1395=ORIENTED_EDGE('',*,*,#1065,.F.);
#1396=ORIENTED_EDGE('',*,*,#1074,.F.);
#1397=ORIENTED_EDGE('',*,*,#1075,.F.);
#1398=ORIENTED_EDGE('',*,*,#1069,.F.);
#1399=ORIENTED_EDGE('',*,*,#1098,.T.);
#1400=ORIENTED_EDGE('',*,*,#1106,.T.);
#1401=ORIENTED_EDGE('',*,*,#1107,.T.);
#1402=ORIENTED_EDGE('',*,*,#1108,.T.);
#1403=ORIENTED_EDGE('',*,*,#1101,.T.);
#1404=ORIENTED_EDGE('',*,*,#1109,.T.);
#1405=ORIENTED_EDGE('',*,*,#1110,.T.);
#1406=ORIENTED_EDGE('',*,*,#1106,.F.);
#1407=ORIENTED_EDGE('',*,*,#1111,.T.);
#1408=ORIENTED_EDGE('',*,*,#1109,.F.);
#1409=ORIENTED_EDGE('',*,*,#1100,.T.);
#1410=ORIENTED_EDGE('',*,*,#1112,.T.);
#1411=ORIENTED_EDGE('',*,*,#1099,.T.);
#1412=ORIENTED_EDGE('',*,*,#1108,.F.);
#1413=ORIENTED_EDGE('',*,*,#1113,.T.);
#1414=ORIENTED_EDGE('',*,*,#1112,.F.);
#1415=ORIENTED_EDGE('',*,*,#1113,.F.);
#1416=ORIENTED_EDGE('',*,*,#1114,.T.);
#1417=ORIENTED_EDGE('',*,*,#1115,.T.);
#1418=ORIENTED_EDGE('',*,*,#1116,.F.);
#1419=ORIENTED_EDGE('',*,*,#1107,.F.);
#1420=ORIENTED_EDGE('',*,*,#1117,.T.);
#1421=ORIENTED_EDGE('',*,*,#1118,.T.);
#1422=ORIENTED_EDGE('',*,*,#1114,.F.);
#1423=ORIENTED_EDGE('',*,*,#1104,.T.);
#1424=ORIENTED_EDGE('',*,*,#1119,.T.);
#1425=ORIENTED_EDGE('',*,*,#1120,.T.);
#1426=ORIENTED_EDGE('',*,*,#1121,.F.);
#1427=ORIENTED_EDGE('',*,*,#1102,.T.);
#1428=ORIENTED_EDGE('',*,*,#1122,.T.);
#1429=ORIENTED_EDGE('',*,*,#1123,.T.);
#1430=ORIENTED_EDGE('',*,*,#1124,.T.);
#1431=ORIENTED_EDGE('',*,*,#1125,.T.);
#1432=ORIENTED_EDGE('',*,*,#1122,.F.);
#1433=ORIENTED_EDGE('',*,*,#1105,.T.);
#1434=ORIENTED_EDGE('',*,*,#1121,.T.);
#1435=ORIENTED_EDGE('',*,*,#1103,.T.);
#1436=ORIENTED_EDGE('',*,*,#1124,.F.);
#1437=ORIENTED_EDGE('',*,*,#1126,.T.);
#1438=ORIENTED_EDGE('',*,*,#1119,.F.);
#1439=ORIENTED_EDGE('',*,*,#1126,.F.);
#1440=ORIENTED_EDGE('',*,*,#1127,.T.);
#1441=ORIENTED_EDGE('',*,*,#1128,.T.);
#1442=ORIENTED_EDGE('',*,*,#1129,.F.);
#1443=ORIENTED_EDGE('',*,*,#1123,.F.);
#1444=ORIENTED_EDGE('',*,*,#1130,.T.);
#1445=ORIENTED_EDGE('',*,*,#1131,.T.);
#1446=ORIENTED_EDGE('',*,*,#1127,.F.);
#1447=ORIENTED_EDGE('',*,*,#1125,.F.);
#1448=ORIENTED_EDGE('',*,*,#1132,.T.);
#1449=ORIENTED_EDGE('',*,*,#1133,.T.);
#1450=ORIENTED_EDGE('',*,*,#1130,.F.);
#1451=ORIENTED_EDGE('',*,*,#1120,.F.);
#1452=ORIENTED_EDGE('',*,*,#1129,.T.);
#1453=ORIENTED_EDGE('',*,*,#1134,.T.);
#1454=ORIENTED_EDGE('',*,*,#1132,.F.);
#1455=ORIENTED_EDGE('',*,*,#1128,.F.);
#1456=ORIENTED_EDGE('',*,*,#1131,.F.);
#1457=ORIENTED_EDGE('',*,*,#1133,.F.);
#1458=ORIENTED_EDGE('',*,*,#1134,.F.);
#1459=ORIENTED_EDGE('',*,*,#1071,.F.);
#1460=ORIENTED_EDGE('',*,*,#1135,.T.);
#1461=ORIENTED_EDGE('',*,*,#1136,.T.);
#1462=ORIENTED_EDGE('',*,*,#1080,.F.);
#1463=ORIENTED_EDGE('',*,*,#1076,.F.);
#1464=ORIENTED_EDGE('',*,*,#1079,.T.);
#1465=ORIENTED_EDGE('',*,*,#1137,.T.);
#1466=ORIENTED_EDGE('',*,*,#1135,.F.);
#1467=ORIENTED_EDGE('',*,*,#1137,.F.);
#1468=ORIENTED_EDGE('',*,*,#1078,.F.);
#1469=ORIENTED_EDGE('',*,*,#1081,.F.);
#1470=ORIENTED_EDGE('',*,*,#1136,.F.);
#1471=ORIENTED_EDGE('',*,*,#1110,.F.);
#1472=ORIENTED_EDGE('',*,*,#1138,.T.);
#1473=ORIENTED_EDGE('',*,*,#1139,.T.);
#1474=ORIENTED_EDGE('',*,*,#1117,.F.);
#1475=ORIENTED_EDGE('',*,*,#1111,.F.);
#1476=ORIENTED_EDGE('',*,*,#1116,.T.);
#1477=ORIENTED_EDGE('',*,*,#1140,.T.);
#1478=ORIENTED_EDGE('',*,*,#1138,.F.);
#1479=ORIENTED_EDGE('',*,*,#1115,.F.);
#1480=ORIENTED_EDGE('',*,*,#1118,.F.);
#1481=ORIENTED_EDGE('',*,*,#1139,.F.);
#1482=ORIENTED_EDGE('',*,*,#1140,.F.);
#1483=ORIENTED_EDGE('',*,*,#1141,.T.);
#1484=ORIENTED_EDGE('',*,*,#1142,.T.);
#1485=ORIENTED_EDGE('',*,*,#1143,.T.);
#1486=ORIENTED_EDGE('',*,*,#1144,.T.);
#1487=ORIENTED_EDGE('',*,*,#1145,.T.);
#1488=ORIENTED_EDGE('',*,*,#1146,.T.);
#1489=ORIENTED_EDGE('',*,*,#1147,.T.);
#1490=ORIENTED_EDGE('',*,*,#1142,.F.);
#1491=ORIENTED_EDGE('',*,*,#1148,.T.);
#1492=ORIENTED_EDGE('',*,*,#1146,.F.);
#1493=ORIENTED_EDGE('',*,*,#1149,.T.);
#1494=ORIENTED_EDGE('',*,*,#1150,.T.);
#1495=ORIENTED_EDGE('',*,*,#1151,.T.);
#1496=ORIENTED_EDGE('',*,*,#1144,.F.);
#1497=ORIENTED_EDGE('',*,*,#1152,.T.);
#1498=ORIENTED_EDGE('',*,*,#1150,.F.);
#1499=ORIENTED_EDGE('',*,*,#1152,.F.);
#1500=ORIENTED_EDGE('',*,*,#1153,.T.);
#1501=ORIENTED_EDGE('',*,*,#1154,.T.);
#1502=ORIENTED_EDGE('',*,*,#1155,.F.);
#1503=ORIENTED_EDGE('',*,*,#1143,.F.);
#1504=ORIENTED_EDGE('',*,*,#1156,.T.);
#1505=ORIENTED_EDGE('',*,*,#1157,.T.);
#1506=ORIENTED_EDGE('',*,*,#1153,.F.);
#1507=ORIENTED_EDGE('',*,*,#1158,.F.);
#1508=ORIENTED_EDGE('',*,*,#1159,.F.);
#1509=ORIENTED_EDGE('',*,*,#1160,.F.);
#1510=ORIENTED_EDGE('',*,*,#1161,.F.);
#1511=ORIENTED_EDGE('',*,*,#1162,.F.);
#1512=ORIENTED_EDGE('',*,*,#1163,.F.);
#1513=ORIENTED_EDGE('',*,*,#1164,.F.);
#1514=ORIENTED_EDGE('',*,*,#1165,.F.);
#1515=ORIENTED_EDGE('',*,*,#1166,.F.);
#1516=ORIENTED_EDGE('',*,*,#1167,.F.);
#1517=ORIENTED_EDGE('',*,*,#1168,.F.);
#1518=ORIENTED_EDGE('',*,*,#1169,.F.);
#1519=ORIENTED_EDGE('',*,*,#1170,.F.);
#1520=ORIENTED_EDGE('',*,*,#1171,.F.);
#1521=ORIENTED_EDGE('',*,*,#1172,.F.);
#1522=ORIENTED_EDGE('',*,*,#1173,.F.);
#1523=ORIENTED_EDGE('',*,*,#1174,.F.);
#1524=ORIENTED_EDGE('',*,*,#1175,.F.);
#1525=ORIENTED_EDGE('',*,*,#1176,.F.);
#1526=ORIENTED_EDGE('',*,*,#1177,.F.);
#1527=ORIENTED_EDGE('',*,*,#1141,.F.);
#1528=ORIENTED_EDGE('',*,*,#1151,.F.);
#1529=ORIENTED_EDGE('',*,*,#1149,.F.);
#1530=ORIENTED_EDGE('',*,*,#1145,.F.);
#1531=ORIENTED_EDGE('',*,*,#1147,.F.);
#1532=ORIENTED_EDGE('',*,*,#1178,.T.);
#1533=ORIENTED_EDGE('',*,*,#1179,.T.);
#1534=ORIENTED_EDGE('',*,*,#1156,.F.);
#1535=ORIENTED_EDGE('',*,*,#1148,.F.);
#1536=ORIENTED_EDGE('',*,*,#1155,.T.);
#1537=ORIENTED_EDGE('',*,*,#1180,.T.);
#1538=ORIENTED_EDGE('',*,*,#1178,.F.);
#1539=ORIENTED_EDGE('',*,*,#1154,.F.);
#1540=ORIENTED_EDGE('',*,*,#1157,.F.);
#1541=ORIENTED_EDGE('',*,*,#1179,.F.);
#1542=ORIENTED_EDGE('',*,*,#1180,.F.);
#1543=ORIENTED_EDGE('',*,*,#1172,.T.);
#1544=ORIENTED_EDGE('',*,*,#1181,.T.);
#1545=ORIENTED_EDGE('',*,*,#1182,.T.);
#1546=ORIENTED_EDGE('',*,*,#1183,.F.);
#1547=ORIENTED_EDGE('',*,*,#1170,.T.);
#1548=ORIENTED_EDGE('',*,*,#1184,.T.);
#1549=ORIENTED_EDGE('',*,*,#1185,.T.);
#1550=ORIENTED_EDGE('',*,*,#1186,.T.);
#1551=ORIENTED_EDGE('',*,*,#1187,.T.);
#1552=ORIENTED_EDGE('',*,*,#1184,.F.);
#1553=ORIENTED_EDGE('',*,*,#1173,.T.);
#1554=ORIENTED_EDGE('',*,*,#1183,.T.);
#1555=ORIENTED_EDGE('',*,*,#1171,.T.);
#1556=ORIENTED_EDGE('',*,*,#1186,.F.);
#1557=ORIENTED_EDGE('',*,*,#1188,.T.);
#1558=ORIENTED_EDGE('',*,*,#1181,.F.);
#1559=ORIENTED_EDGE('',*,*,#1188,.F.);
#1560=ORIENTED_EDGE('',*,*,#1189,.T.);
#1561=ORIENTED_EDGE('',*,*,#1190,.T.);
#1562=ORIENTED_EDGE('',*,*,#1191,.F.);
#1563=ORIENTED_EDGE('',*,*,#1185,.F.);
#1564=ORIENTED_EDGE('',*,*,#1192,.T.);
#1565=ORIENTED_EDGE('',*,*,#1193,.T.);
#1566=ORIENTED_EDGE('',*,*,#1189,.F.);
#1567=ORIENTED_EDGE('',*,*,#1187,.F.);
#1568=ORIENTED_EDGE('',*,*,#1194,.T.);
#1569=ORIENTED_EDGE('',*,*,#1195,.T.);
#1570=ORIENTED_EDGE('',*,*,#1192,.F.);
#1571=ORIENTED_EDGE('',*,*,#1182,.F.);
#1572=ORIENTED_EDGE('',*,*,#1191,.T.);
#1573=ORIENTED_EDGE('',*,*,#1196,.T.);
#1574=ORIENTED_EDGE('',*,*,#1194,.F.);
#1575=ORIENTED_EDGE('',*,*,#1190,.F.);
#1576=ORIENTED_EDGE('',*,*,#1193,.F.);
#1577=ORIENTED_EDGE('',*,*,#1195,.F.);
#1578=ORIENTED_EDGE('',*,*,#1196,.F.);
#1579=ORIENTED_EDGE('',*,*,#1176,.T.);
#1580=ORIENTED_EDGE('',*,*,#1197,.T.);
#1581=ORIENTED_EDGE('',*,*,#1198,.T.);
#1582=ORIENTED_EDGE('',*,*,#1199,.F.);
#1583=ORIENTED_EDGE('',*,*,#1174,.T.);
#1584=ORIENTED_EDGE('',*,*,#1200,.T.);
#1585=ORIENTED_EDGE('',*,*,#1201,.T.);
#1586=ORIENTED_EDGE('',*,*,#1202,.T.);
#1587=ORIENTED_EDGE('',*,*,#1203,.T.);
#1588=ORIENTED_EDGE('',*,*,#1200,.F.);
#1589=ORIENTED_EDGE('',*,*,#1177,.T.);
#1590=ORIENTED_EDGE('',*,*,#1199,.T.);
#1591=ORIENTED_EDGE('',*,*,#1175,.T.);
#1592=ORIENTED_EDGE('',*,*,#1202,.F.);
#1593=ORIENTED_EDGE('',*,*,#1204,.T.);
#1594=ORIENTED_EDGE('',*,*,#1197,.F.);
#1595=ORIENTED_EDGE('',*,*,#1204,.F.);
#1596=ORIENTED_EDGE('',*,*,#1205,.T.);
#1597=ORIENTED_EDGE('',*,*,#1206,.T.);
#1598=ORIENTED_EDGE('',*,*,#1207,.F.);
#1599=ORIENTED_EDGE('',*,*,#1201,.F.);
#1600=ORIENTED_EDGE('',*,*,#1208,.T.);
#1601=ORIENTED_EDGE('',*,*,#1209,.T.);
#1602=ORIENTED_EDGE('',*,*,#1205,.F.);
#1603=ORIENTED_EDGE('',*,*,#1203,.F.);
#1604=ORIENTED_EDGE('',*,*,#1210,.T.);
#1605=ORIENTED_EDGE('',*,*,#1211,.T.);
#1606=ORIENTED_EDGE('',*,*,#1208,.F.);
#1607=ORIENTED_EDGE('',*,*,#1198,.F.);
#1608=ORIENTED_EDGE('',*,*,#1207,.T.);
#1609=ORIENTED_EDGE('',*,*,#1212,.T.);
#1610=ORIENTED_EDGE('',*,*,#1210,.F.);
#1611=ORIENTED_EDGE('',*,*,#1206,.F.);
#1612=ORIENTED_EDGE('',*,*,#1209,.F.);
#1613=ORIENTED_EDGE('',*,*,#1211,.F.);
#1614=ORIENTED_EDGE('',*,*,#1212,.F.);
#1615=ORIENTED_EDGE('',*,*,#1090,.T.);
#1616=ORIENTED_EDGE('',*,*,#1213,.F.);
#1617=ORIENTED_EDGE('',*,*,#1214,.F.);
#1618=ORIENTED_EDGE('',*,*,#1215,.T.);
#1619=ORIENTED_EDGE('',*,*,#1089,.T.);
#1620=ORIENTED_EDGE('',*,*,#1216,.T.);
#1621=ORIENTED_EDGE('',*,*,#1217,.T.);
#1622=ORIENTED_EDGE('',*,*,#1213,.T.);
#1623=ORIENTED_EDGE('',*,*,#1218,.T.);
#1624=ORIENTED_EDGE('',*,*,#1219,.T.);
#1625=ORIENTED_EDGE('',*,*,#1220,.T.);
#1626=ORIENTED_EDGE('',*,*,#1221,.T.);
#1627=ORIENTED_EDGE('',*,*,#1222,.T.);
#1628=ORIENTED_EDGE('',*,*,#1223,.T.);
#1629=ORIENTED_EDGE('',*,*,#1224,.T.);
#1630=ORIENTED_EDGE('',*,*,#1225,.T.);
#1631=ORIENTED_EDGE('',*,*,#1226,.T.);
#1632=ORIENTED_EDGE('',*,*,#1227,.T.);
#1633=ORIENTED_EDGE('',*,*,#1228,.T.);
#1634=ORIENTED_EDGE('',*,*,#1229,.T.);
#1635=ORIENTED_EDGE('',*,*,#1230,.T.);
#1636=ORIENTED_EDGE('',*,*,#1231,.T.);
#1637=ORIENTED_EDGE('',*,*,#1088,.T.);
#1638=ORIENTED_EDGE('',*,*,#1232,.T.);
#1639=ORIENTED_EDGE('',*,*,#1233,.T.);
#1640=ORIENTED_EDGE('',*,*,#1216,.F.);
#1641=ORIENTED_EDGE('',*,*,#1087,.T.);
#1642=ORIENTED_EDGE('',*,*,#1234,.F.);
#1643=ORIENTED_EDGE('',*,*,#1235,.T.);
#1644=ORIENTED_EDGE('',*,*,#1232,.F.);
#1645=ORIENTED_EDGE('',*,*,#1236,.T.);
#1646=ORIENTED_EDGE('',*,*,#1237,.T.);
#1647=ORIENTED_EDGE('',*,*,#1238,.T.);
#1648=ORIENTED_EDGE('',*,*,#1239,.T.);
#1649=ORIENTED_EDGE('',*,*,#1240,.T.);
#1650=ORIENTED_EDGE('',*,*,#1241,.T.);
#1651=ORIENTED_EDGE('',*,*,#1242,.T.);
#1652=ORIENTED_EDGE('',*,*,#1085,.T.);
#1653=ORIENTED_EDGE('',*,*,#1243,.F.);
#1654=ORIENTED_EDGE('',*,*,#1244,.F.);
#1655=ORIENTED_EDGE('',*,*,#1245,.F.);
#1656=ORIENTED_EDGE('',*,*,#1246,.F.);
#1657=ORIENTED_EDGE('',*,*,#1247,.F.);
#1658=ORIENTED_EDGE('',*,*,#1248,.F.);
#1659=ORIENTED_EDGE('',*,*,#1249,.F.);
#1660=ORIENTED_EDGE('',*,*,#1250,.F.);
#1661=ORIENTED_EDGE('',*,*,#1251,.F.);
#1662=ORIENTED_EDGE('',*,*,#1084,.T.);
#1663=ORIENTED_EDGE('',*,*,#1252,.T.);
#1664=ORIENTED_EDGE('',*,*,#1253,.F.);
#1665=ORIENTED_EDGE('',*,*,#1243,.T.);
#1666=ORIENTED_EDGE('',*,*,#1083,.T.);
#1667=ORIENTED_EDGE('',*,*,#1254,.T.);
#1668=ORIENTED_EDGE('',*,*,#1255,.F.);
#1669=ORIENTED_EDGE('',*,*,#1252,.F.);
#1670=ORIENTED_EDGE('',*,*,#1164,.T.);
#1671=ORIENTED_EDGE('',*,*,#1256,.T.);
#1672=ORIENTED_EDGE('',*,*,#1257,.F.);
#1673=ORIENTED_EDGE('',*,*,#1258,.F.);
#1674=ORIENTED_EDGE('',*,*,#1163,.T.);
#1675=ORIENTED_EDGE('',*,*,#1259,.T.);
#1676=ORIENTED_EDGE('',*,*,#1260,.F.);
#1677=ORIENTED_EDGE('',*,*,#1256,.F.);
#1678=ORIENTED_EDGE('',*,*,#1162,.T.);
#1679=ORIENTED_EDGE('',*,*,#1261,.F.);
#1680=ORIENTED_EDGE('',*,*,#1262,.F.);
#1681=ORIENTED_EDGE('',*,*,#1263,.F.);
#1682=ORIENTED_EDGE('',*,*,#1264,.F.);
#1683=ORIENTED_EDGE('',*,*,#1265,.F.);
#1684=ORIENTED_EDGE('',*,*,#1266,.F.);
#1685=ORIENTED_EDGE('',*,*,#1267,.F.);
#1686=ORIENTED_EDGE('',*,*,#1268,.F.);
#1687=ORIENTED_EDGE('',*,*,#1259,.F.);
#1688=ORIENTED_EDGE('',*,*,#1086,.T.);
#1689=ORIENTED_EDGE('',*,*,#1251,.T.);
#1690=ORIENTED_EDGE('',*,*,#1269,.T.);
#1691=ORIENTED_EDGE('',*,*,#1261,.T.);
#1692=ORIENTED_EDGE('',*,*,#1161,.T.);
#1693=ORIENTED_EDGE('',*,*,#1270,.F.);
#1694=ORIENTED_EDGE('',*,*,#1271,.F.);
#1695=ORIENTED_EDGE('',*,*,#1234,.T.);
#1696=ORIENTED_EDGE('',*,*,#1272,.T.);
#1697=ORIENTED_EDGE('',*,*,#1247,.T.);
#1698=ORIENTED_EDGE('',*,*,#1273,.F.);
#1699=ORIENTED_EDGE('',*,*,#1265,.T.);
#1700=ORIENTED_EDGE('',*,*,#1160,.T.);
#1701=ORIENTED_EDGE('',*,*,#1274,.T.);
#1702=ORIENTED_EDGE('',*,*,#1275,.F.);
#1703=ORIENTED_EDGE('',*,*,#1270,.T.);
#1704=ORIENTED_EDGE('',*,*,#1231,.F.);
#1705=ORIENTED_EDGE('',*,*,#1276,.T.);
#1706=ORIENTED_EDGE('',*,*,#1242,.F.);
#1707=ORIENTED_EDGE('',*,*,#1276,.F.);
#1708=ORIENTED_EDGE('',*,*,#1230,.F.);
#1709=ORIENTED_EDGE('',*,*,#1277,.T.);
#1710=ORIENTED_EDGE('',*,*,#1241,.F.);
#1711=ORIENTED_EDGE('',*,*,#1277,.F.);
#1712=ORIENTED_EDGE('',*,*,#1229,.F.);
#1713=ORIENTED_EDGE('',*,*,#1278,.T.);
#1714=ORIENTED_EDGE('',*,*,#1240,.F.);
#1715=ORIENTED_EDGE('',*,*,#1278,.F.);
#1716=ORIENTED_EDGE('',*,*,#1228,.F.);
#1717=ORIENTED_EDGE('',*,*,#1279,.T.);
#1718=ORIENTED_EDGE('',*,*,#1239,.F.);
#1719=ORIENTED_EDGE('',*,*,#1279,.F.);
#1720=ORIENTED_EDGE('',*,*,#1227,.F.);
#1721=ORIENTED_EDGE('',*,*,#1280,.T.);
#1722=ORIENTED_EDGE('',*,*,#1238,.F.);
#1723=ORIENTED_EDGE('',*,*,#1280,.F.);
#1724=ORIENTED_EDGE('',*,*,#1226,.F.);
#1725=ORIENTED_EDGE('',*,*,#1281,.T.);
#1726=ORIENTED_EDGE('',*,*,#1237,.F.);
#1727=ORIENTED_EDGE('',*,*,#1281,.F.);
#1728=ORIENTED_EDGE('',*,*,#1225,.F.);
#1729=ORIENTED_EDGE('',*,*,#1282,.T.);
#1730=ORIENTED_EDGE('',*,*,#1236,.F.);
#1731=ORIENTED_EDGE('',*,*,#1282,.F.);
#1732=ORIENTED_EDGE('',*,*,#1283,.F.);
#1733=ORIENTED_EDGE('',*,*,#1284,.T.);
#1734=ORIENTED_EDGE('',*,*,#1224,.F.);
#1735=ORIENTED_EDGE('',*,*,#1284,.F.);
#1736=ORIENTED_EDGE('',*,*,#1285,.F.);
#1737=ORIENTED_EDGE('',*,*,#1286,.T.);
#1738=ORIENTED_EDGE('',*,*,#1223,.F.);
#1739=ORIENTED_EDGE('',*,*,#1286,.F.);
#1740=ORIENTED_EDGE('',*,*,#1287,.F.);
#1741=ORIENTED_EDGE('',*,*,#1288,.T.);
#1742=ORIENTED_EDGE('',*,*,#1222,.F.);
#1743=ORIENTED_EDGE('',*,*,#1288,.F.);
#1744=ORIENTED_EDGE('',*,*,#1289,.F.);
#1745=ORIENTED_EDGE('',*,*,#1290,.T.);
#1746=ORIENTED_EDGE('',*,*,#1221,.F.);
#1747=ORIENTED_EDGE('',*,*,#1290,.F.);
#1748=ORIENTED_EDGE('',*,*,#1291,.F.);
#1749=ORIENTED_EDGE('',*,*,#1292,.T.);
#1750=ORIENTED_EDGE('',*,*,#1220,.F.);
#1751=ORIENTED_EDGE('',*,*,#1292,.F.);
#1752=ORIENTED_EDGE('',*,*,#1293,.F.);
#1753=ORIENTED_EDGE('',*,*,#1294,.T.);
#1754=ORIENTED_EDGE('',*,*,#1219,.F.);
#1755=ORIENTED_EDGE('',*,*,#1294,.F.);
#1756=ORIENTED_EDGE('',*,*,#1295,.F.);
#1757=ORIENTED_EDGE('',*,*,#1296,.T.);
#1758=ORIENTED_EDGE('',*,*,#1218,.F.);
#1759=ORIENTED_EDGE('',*,*,#1296,.F.);
#1760=ORIENTED_EDGE('',*,*,#1091,.T.);
#1761=ORIENTED_EDGE('',*,*,#1215,.F.);
#1762=ORIENTED_EDGE('',*,*,#1297,.F.);
#1763=ORIENTED_EDGE('',*,*,#1298,.F.);
#1764=ORIENTED_EDGE('',*,*,#1283,.T.);
#1765=ORIENTED_EDGE('',*,*,#1285,.T.);
#1766=ORIENTED_EDGE('',*,*,#1287,.T.);
#1767=ORIENTED_EDGE('',*,*,#1289,.T.);
#1768=ORIENTED_EDGE('',*,*,#1291,.T.);
#1769=ORIENTED_EDGE('',*,*,#1293,.T.);
#1770=ORIENTED_EDGE('',*,*,#1295,.T.);
#1771=ORIENTED_EDGE('',*,*,#1096,.T.);
#1772=ORIENTED_EDGE('',*,*,#1299,.F.);
#1773=ORIENTED_EDGE('',*,*,#1300,.F.);
#1774=ORIENTED_EDGE('',*,*,#1301,.F.);
#1775=ORIENTED_EDGE('',*,*,#1095,.T.);
#1776=ORIENTED_EDGE('',*,*,#1302,.T.);
#1777=ORIENTED_EDGE('',*,*,#1303,.F.);
#1778=ORIENTED_EDGE('',*,*,#1299,.T.);
#1779=ORIENTED_EDGE('',*,*,#1082,.T.);
#1780=ORIENTED_EDGE('',*,*,#1304,.F.);
#1781=ORIENTED_EDGE('',*,*,#1305,.F.);
#1782=ORIENTED_EDGE('',*,*,#1254,.F.);
#1783=ORIENTED_EDGE('',*,*,#1167,.T.);
#1784=ORIENTED_EDGE('',*,*,#1306,.F.);
#1785=ORIENTED_EDGE('',*,*,#1307,.F.);
#1786=ORIENTED_EDGE('',*,*,#1308,.T.);
#1787=ORIENTED_EDGE('',*,*,#1165,.T.);
#1788=ORIENTED_EDGE('',*,*,#1258,.T.);
#1789=ORIENTED_EDGE('',*,*,#1309,.F.);
#1790=ORIENTED_EDGE('',*,*,#1310,.F.);
#1791=ORIENTED_EDGE('',*,*,#1307,.T.);
#1792=ORIENTED_EDGE('',*,*,#1311,.F.);
#1793=ORIENTED_EDGE('',*,*,#1309,.T.);
#1794=ORIENTED_EDGE('',*,*,#1257,.T.);
#1795=ORIENTED_EDGE('',*,*,#1260,.T.);
#1796=ORIENTED_EDGE('',*,*,#1268,.T.);
#1797=ORIENTED_EDGE('',*,*,#1312,.F.);
#1798=ORIENTED_EDGE('',*,*,#1244,.T.);
#1799=ORIENTED_EDGE('',*,*,#1253,.T.);
#1800=ORIENTED_EDGE('',*,*,#1255,.T.);
#1801=ORIENTED_EDGE('',*,*,#1305,.T.);
#1802=ORIENTED_EDGE('',*,*,#1313,.F.);
#1803=ORIENTED_EDGE('',*,*,#1300,.T.);
#1804=ORIENTED_EDGE('',*,*,#1303,.T.);
#1805=ORIENTED_EDGE('',*,*,#1314,.T.);
#1806=ORIENTED_EDGE('',*,*,#1315,.T.);
#1807=ORIENTED_EDGE('',*,*,#1316,.T.);
#1808=ORIENTED_EDGE('',*,*,#1317,.T.);
#1809=ORIENTED_EDGE('',*,*,#1318,.T.);
#1810=ORIENTED_EDGE('',*,*,#1319,.T.);
#1811=ORIENTED_EDGE('',*,*,#1158,.T.);
#1812=ORIENTED_EDGE('',*,*,#1320,.F.);
#1813=ORIENTED_EDGE('',*,*,#1317,.F.);
#1814=ORIENTED_EDGE('',*,*,#1321,.F.);
#1815=ORIENTED_EDGE('',*,*,#1322,.F.);
#1816=ORIENTED_EDGE('',*,*,#1323,.F.);
#1817=ORIENTED_EDGE('',*,*,#1324,.F.);
#1818=ORIENTED_EDGE('',*,*,#1325,.F.);
#1819=ORIENTED_EDGE('',*,*,#1326,.F.);
#1820=ORIENTED_EDGE('',*,*,#1327,.F.);
#1821=ORIENTED_EDGE('',*,*,#1092,.T.);
#1822=ORIENTED_EDGE('',*,*,#1298,.T.);
#1823=ORIENTED_EDGE('',*,*,#1328,.F.);
#1824=ORIENTED_EDGE('',*,*,#1274,.F.);
#1825=ORIENTED_EDGE('',*,*,#1159,.T.);
#1826=ORIENTED_EDGE('',*,*,#1327,.T.);
#1827=ORIENTED_EDGE('',*,*,#1329,.T.);
#1828=ORIENTED_EDGE('',*,*,#1330,.T.);
#1829=ORIENTED_EDGE('',*,*,#1331,.T.);
#1830=ORIENTED_EDGE('',*,*,#1323,.T.);
#1831=ORIENTED_EDGE('',*,*,#1332,.F.);
#1832=ORIENTED_EDGE('',*,*,#1333,.T.);
#1833=ORIENTED_EDGE('',*,*,#1169,.T.);
#1834=ORIENTED_EDGE('',*,*,#1334,.F.);
#1835=ORIENTED_EDGE('',*,*,#1318,.F.);
#1836=ORIENTED_EDGE('',*,*,#1320,.T.);
#1837=ORIENTED_EDGE('',*,*,#1093,.T.);
#1838=ORIENTED_EDGE('',*,*,#1330,.F.);
#1839=ORIENTED_EDGE('',*,*,#1335,.F.);
#1840=ORIENTED_EDGE('',*,*,#1336,.F.);
#1841=ORIENTED_EDGE('',*,*,#1337,.F.);
#1842=ORIENTED_EDGE('',*,*,#1333,.F.);
#1843=ORIENTED_EDGE('',*,*,#1338,.F.);
#1844=ORIENTED_EDGE('',*,*,#1339,.F.);
#1845=ORIENTED_EDGE('',*,*,#1315,.F.);
#1846=ORIENTED_EDGE('',*,*,#1340,.F.);
#1847=ORIENTED_EDGE('',*,*,#1341,.F.);
#1848=ORIENTED_EDGE('',*,*,#1248,.T.);
#1849=ORIENTED_EDGE('',*,*,#1272,.F.);
#1850=ORIENTED_EDGE('',*,*,#1264,.T.);
#1851=ORIENTED_EDGE('',*,*,#1342,.T.);
#1852=ORIENTED_EDGE('',*,*,#1338,.T.);
#1853=ORIENTED_EDGE('',*,*,#1332,.T.);
#1854=ORIENTED_EDGE('',*,*,#1322,.T.);
#1855=ORIENTED_EDGE('',*,*,#1343,.F.);
#1856=ORIENTED_EDGE('',*,*,#1335,.T.);
#1857=ORIENTED_EDGE('',*,*,#1329,.F.);
#1858=ORIENTED_EDGE('',*,*,#1326,.T.);
#1859=ORIENTED_EDGE('',*,*,#1273,.T.);
#1860=ORIENTED_EDGE('',*,*,#1246,.T.);
#1861=ORIENTED_EDGE('',*,*,#1344,.T.);
#1862=ORIENTED_EDGE('',*,*,#1266,.T.);
#1863=ORIENTED_EDGE('',*,*,#1269,.F.);
#1864=ORIENTED_EDGE('',*,*,#1250,.T.);
#1865=ORIENTED_EDGE('',*,*,#1345,.F.);
#1866=ORIENTED_EDGE('',*,*,#1262,.T.);
#1867=ORIENTED_EDGE('',*,*,#1331,.F.);
#1868=ORIENTED_EDGE('',*,*,#1337,.T.);
#1869=ORIENTED_EDGE('',*,*,#1346,.F.);
#1870=ORIENTED_EDGE('',*,*,#1324,.T.);
#1871=ORIENTED_EDGE('',*,*,#1316,.F.);
#1872=ORIENTED_EDGE('',*,*,#1339,.T.);
#1873=ORIENTED_EDGE('',*,*,#1342,.F.);
#1874=ORIENTED_EDGE('',*,*,#1321,.T.);
#1875=ORIENTED_EDGE('',*,*,#1343,.T.);
#1876=ORIENTED_EDGE('',*,*,#1325,.T.);
#1877=ORIENTED_EDGE('',*,*,#1346,.T.);
#1878=ORIENTED_EDGE('',*,*,#1336,.T.);
#1879=ORIENTED_EDGE('',*,*,#1312,.T.);
#1880=ORIENTED_EDGE('',*,*,#1267,.T.);
#1881=ORIENTED_EDGE('',*,*,#1344,.F.);
#1882=ORIENTED_EDGE('',*,*,#1245,.T.);
#1883=ORIENTED_EDGE('',*,*,#1345,.T.);
#1884=ORIENTED_EDGE('',*,*,#1249,.T.);
#1885=ORIENTED_EDGE('',*,*,#1341,.T.);
#1886=ORIENTED_EDGE('',*,*,#1263,.T.);
#1887=ORIENTED_EDGE('',*,*,#1233,.F.);
#1888=ORIENTED_EDGE('',*,*,#1235,.F.);
#1889=ORIENTED_EDGE('',*,*,#1271,.T.);
#1890=ORIENTED_EDGE('',*,*,#1275,.T.);
#1891=ORIENTED_EDGE('',*,*,#1328,.T.);
#1892=ORIENTED_EDGE('',*,*,#1297,.T.);
#1893=ORIENTED_EDGE('',*,*,#1214,.T.);
#1894=ORIENTED_EDGE('',*,*,#1217,.F.);
#1895=ORIENTED_EDGE('',*,*,#1094,.T.);
#1896=ORIENTED_EDGE('',*,*,#1340,.T.);
#1897=ORIENTED_EDGE('',*,*,#1314,.F.);
#1898=ORIENTED_EDGE('',*,*,#1302,.F.);
#1899=ORIENTED_EDGE('',*,*,#1097,.T.);
#1900=ORIENTED_EDGE('',*,*,#1301,.T.);
#1901=ORIENTED_EDGE('',*,*,#1313,.T.);
#1902=ORIENTED_EDGE('',*,*,#1304,.T.);
#1903=ORIENTED_EDGE('',*,*,#1166,.T.);
#1904=ORIENTED_EDGE('',*,*,#1310,.T.);
#1905=ORIENTED_EDGE('',*,*,#1311,.T.);
#1906=ORIENTED_EDGE('',*,*,#1306,.T.);
#1907=ORIENTED_EDGE('',*,*,#1168,.T.);
#1908=ORIENTED_EDGE('',*,*,#1308,.F.);
#1909=ORIENTED_EDGE('',*,*,#1319,.F.);
#1910=ORIENTED_EDGE('',*,*,#1334,.T.);
#1911=CYLINDRICAL_SURFACE('',#2071,1.5);
#1912=CYLINDRICAL_SURFACE('',#2074,1.5);
#1913=CYLINDRICAL_SURFACE('',#2076,1.5);
#1914=CYLINDRICAL_SURFACE('',#2078,1.5);
#1915=CYLINDRICAL_SURFACE('',#2082,2.5);
#1916=CYLINDRICAL_SURFACE('',#2085,2.5);
#1917=CYLINDRICAL_SURFACE('',#2087,2.5);
#1918=CYLINDRICAL_SURFACE('',#2089,2.5);
#1919=CYLINDRICAL_SURFACE('',#2092,2.5);
#1920=CYLINDRICAL_SURFACE('',#2095,2.5);
#1921=CYLINDRICAL_SURFACE('',#2098,2.5);
#1922=CYLINDRICAL_SURFACE('',#2099,2.5);
#1923=CYLINDRICAL_SURFACE('',#2111,1.5);
#1924=CYLINDRICAL_SURFACE('',#2114,1.5);
#1925=CYLINDRICAL_SURFACE('',#2116,1.5);
#1926=CYLINDRICAL_SURFACE('',#2118,1.5);
#1927=CYLINDRICAL_SURFACE('',#2125,2.5);
#1928=CYLINDRICAL_SURFACE('',#2128,2.5);
#1929=CYLINDRICAL_SURFACE('',#2131,2.5);
#1930=CYLINDRICAL_SURFACE('',#2132,2.5);
#1931=CYLINDRICAL_SURFACE('',#2138,2.5);
#1932=CYLINDRICAL_SURFACE('',#2141,2.5);
#1933=CYLINDRICAL_SURFACE('',#2144,2.5);
#1934=CYLINDRICAL_SURFACE('',#2145,2.5);
#1935=CYLINDRICAL_SURFACE('',#2184,5.25);
#1936=CYLINDRICAL_SURFACE('',#2185,5.25);
#1937=CYLINDRICAL_SURFACE('',#2186,5.25);
#1938=CYLINDRICAL_SURFACE('',#2187,5.25);
#1939=CYLINDRICAL_SURFACE('',#2188,5.25);
#1940=CYLINDRICAL_SURFACE('',#2189,5.25);
#1941=CYLINDRICAL_SURFACE('',#2190,5.25);
#1942=CYLINDRICAL_SURFACE('',#2191,5.25);
#1943=CYLINDRICAL_SURFACE('',#2193,5.25);
#1944=CYLINDRICAL_SURFACE('',#2195,5.25);
#1945=CYLINDRICAL_SURFACE('',#2197,5.25);
#1946=CYLINDRICAL_SURFACE('',#2199,5.25);
#1947=CYLINDRICAL_SURFACE('',#2201,5.25);
#1948=CYLINDRICAL_SURFACE('',#2203,5.25);
#1949=ADVANCED_FACE('',(#149),#1911,.T.);
#1950=ADVANCED_FACE('',(#150),#1912,.T.);
#1951=ADVANCED_FACE('',(#151),#1913,.T.);
#1952=ADVANCED_FACE('',(#152),#1914,.T.);
#1953=ADVANCED_FACE('',(#153),#79,.F.);
#1954=ADVANCED_FACE('',(#154),#80,.F.);
#1955=ADVANCED_FACE('',(#155,#43,#44,#45),#81,.F.);
#1956=ADVANCED_FACE('',(#156),#1915,.T.);
#1957=ADVANCED_FACE('',(#157),#1916,.T.);
#1958=ADVANCED_FACE('',(#158),#1917,.T.);
#1959=ADVANCED_FACE('',(#159),#1918,.T.);
#1960=ADVANCED_FACE('',(#160),#82,.F.);
#1961=ADVANCED_FACE('',(#161),#83,.F.);
#1962=ADVANCED_FACE('',(#162),#1919,.T.);
#1963=ADVANCED_FACE('',(#163),#1920,.T.);
#1964=ADVANCED_FACE('',(#164),#1921,.T.);
#1965=ADVANCED_FACE('',(#165),#1922,.T.);
#1966=ADVANCED_FACE('',(#166),#84,.F.);
#1967=ADVANCED_FACE('',(#167),#85,.F.);
#1968=ADVANCED_FACE('',(#168),#86,.F.);
#1969=ADVANCED_FACE('',(#169),#87,.F.);
#1970=ADVANCED_FACE('',(#170),#88,.F.);
#1971=ADVANCED_FACE('',(#171),#89,.F.);
#1972=ADVANCED_FACE('',(#172),#90,.F.);
#1973=ADVANCED_FACE('',(#173),#91,.F.);
#1974=ADVANCED_FACE('',(#174),#92,.F.);
#1975=ADVANCED_FACE('',(#175),#93,.F.);
#1976=ADVANCED_FACE('',(#176),#94,.F.);
#1977=ADVANCED_FACE('',(#177),#1923,.T.);
#1978=ADVANCED_FACE('',(#178),#1924,.T.);
#1979=ADVANCED_FACE('',(#179),#1925,.T.);
#1980=ADVANCED_FACE('',(#180),#1926,.T.);
#1981=ADVANCED_FACE('',(#181),#95,.F.);
#1982=ADVANCED_FACE('',(#182),#96,.F.);
#1983=ADVANCED_FACE('',(#183,#46,#47,#48),#97,.F.);
#1984=ADVANCED_FACE('',(#184),#98,.F.);
#1985=ADVANCED_FACE('',(#185),#99,.F.);
#1986=ADVANCED_FACE('',(#186),#100,.F.);
#1987=ADVANCED_FACE('',(#187),#1927,.T.);
#1988=ADVANCED_FACE('',(#188),#1928,.T.);
#1989=ADVANCED_FACE('',(#189),#1929,.T.);
#1990=ADVANCED_FACE('',(#190),#1930,.T.);
#1991=ADVANCED_FACE('',(#191),#101,.F.);
#1992=ADVANCED_FACE('',(#192),#102,.F.);
#1993=ADVANCED_FACE('',(#193),#103,.F.);
#1994=ADVANCED_FACE('',(#194),#104,.F.);
#1995=ADVANCED_FACE('',(#195),#105,.F.);
#1996=ADVANCED_FACE('',(#196),#1931,.T.);
#1997=ADVANCED_FACE('',(#197),#1932,.T.);
#1998=ADVANCED_FACE('',(#198),#1933,.T.);
#1999=ADVANCED_FACE('',(#199),#1934,.T.);
#2000=ADVANCED_FACE('',(#200),#106,.F.);
#2001=ADVANCED_FACE('',(#201),#107,.F.);
#2002=ADVANCED_FACE('',(#202),#108,.F.);
#2003=ADVANCED_FACE('',(#203),#109,.F.);
#2004=ADVANCED_FACE('',(#204),#110,.F.);
#2005=ADVANCED_FACE('',(#205),#111,.T.);
#2006=ADVANCED_FACE('',(#206,#49,#50,#51,#52,#53,#54,#55,#56,#57,#58,#59,
#60,#61,#62),#112,.T.);
#2007=ADVANCED_FACE('',(#207),#113,.T.);
#2008=ADVANCED_FACE('',(#208,#63,#64,#65,#66,#67,#68,#69),#114,.T.);
#2009=ADVANCED_FACE('',(#209),#115,.F.);
#2010=ADVANCED_FACE('',(#210),#116,.T.);
#2011=ADVANCED_FACE('',(#211),#117,.T.);
#2012=ADVANCED_FACE('',(#212),#118,.T.);
#2013=ADVANCED_FACE('',(#213),#119,.T.);
#2014=ADVANCED_FACE('',(#214),#120,.F.);
#2015=ADVANCED_FACE('',(#215,#70),#121,.T.);
#2016=ADVANCED_FACE('',(#216),#122,.T.);
#2017=ADVANCED_FACE('',(#217),#1935,.F.);
#2018=ADVANCED_FACE('',(#218),#1936,.F.);
#2019=ADVANCED_FACE('',(#219),#1937,.F.);
#2020=ADVANCED_FACE('',(#220),#1938,.F.);
#2021=ADVANCED_FACE('',(#221),#1939,.F.);
#2022=ADVANCED_FACE('',(#222),#1940,.F.);
#2023=ADVANCED_FACE('',(#223),#1941,.F.);
#2024=ADVANCED_FACE('',(#224),#1942,.F.);
#2025=ADVANCED_FACE('',(#225),#1943,.F.);
#2026=ADVANCED_FACE('',(#226),#1944,.F.);
#2027=ADVANCED_FACE('',(#227),#1945,.F.);
#2028=ADVANCED_FACE('',(#228),#1946,.F.);
#2029=ADVANCED_FACE('',(#229),#1947,.F.);
#2030=ADVANCED_FACE('',(#230),#1948,.F.);
#2031=ADVANCED_FACE('',(#231,#71,#72,#73,#74,#75,#76,#77),#123,.T.);
#2032=ADVANCED_FACE('',(#232),#124,.F.);
#2033=ADVANCED_FACE('',(#233),#125,.T.);
#2034=ADVANCED_FACE('',(#234),#126,.F.);
#2035=ADVANCED_FACE('',(#235),#127,.T.);
#2036=ADVANCED_FACE('',(#236),#128,.T.);
#2037=ADVANCED_FACE('',(#237),#129,.F.);
#2038=ADVANCED_FACE('',(#238),#130,.F.);
#2039=ADVANCED_FACE('',(#239,#78),#131,.T.);
#2040=ADVANCED_FACE('',(#240),#132,.T.);
#2041=ADVANCED_FACE('',(#241),#133,.F.);
#2042=ADVANCED_FACE('',(#242),#134,.F.);
#2043=ADVANCED_FACE('',(#243),#135,.T.);
#2044=ADVANCED_FACE('',(#244),#136,.F.);
#2045=ADVANCED_FACE('',(#245),#137,.T.);
#2046=ADVANCED_FACE('',(#246),#138,.F.);
#2047=ADVANCED_FACE('',(#247),#139,.F.);
#2048=ADVANCED_FACE('',(#248),#140,.F.);
#2049=ADVANCED_FACE('',(#249),#141,.F.);
#2050=ADVANCED_FACE('',(#250),#142,.T.);
#2051=ADVANCED_FACE('',(#251),#143,.T.);
#2052=ADVANCED_FACE('',(#252),#144,.T.);
#2053=ADVANCED_FACE('',(#253),#145,.T.);
#2054=ADVANCED_FACE('',(#254),#146,.T.);
#2055=ADVANCED_FACE('',(#255),#147,.T.);
#2056=ADVANCED_FACE('',(#256),#148,.T.);
#2057=CLOSED_SHELL('',(#1949,#1950,#1951,#1952,#1953,#1954,#1955,#1956,
#1957,#1958,#1959,#1960,#1961,#1962,#1963,#1964,#1965,#1966,#1967,#1968,
#1969,#1970,#1971,#1972,#1973,#1974,#1975,#1976,#1977,#1978,#1979,#1980,
#1981,#1982,#1983,#1984,#1985,#1986,#1987,#1988,#1989,#1990,#1991,#1992,
#1993,#1994,#1995,#1996,#1997,#1998,#1999,#2000,#2001,#2002,#2003,#2004,
#2005,#2006,#2007,#2008,#2009,#2010,#2011,#2012,#2013,#2014,#2015,#2016,
#2017,#2018,#2019,#2020,#2021,#2022,#2023,#2024,#2025,#2026,#2027,#2028,
#2029,#2030,#2031,#2032,#2033,#2034,#2035,#2036,#2037,#2038,#2039,#2040,
#2041,#2042,#2043,#2044,#2045,#2046,#2047,#2048,#2049,#2050,#2051,#2052,
#2053,#2054,#2055,#2056));
#2058=DERIVED_UNIT_ELEMENT(#2060,1.);
#2059=DERIVED_UNIT_ELEMENT(#3359,-3.);
#2060=(
MASS_UNIT()
NAMED_UNIT(*)
SI_UNIT(.KILO.,.GRAM.)
);
#2061=DERIVED_UNIT((#2058,#2059));
#2062=MEASURE_REPRESENTATION_ITEM('density measure',
POSITIVE_RATIO_MEASURE(7850.),#2061);
#2063=PROPERTY_DEFINITION_REPRESENTATION(#2068,#2065);
#2064=PROPERTY_DEFINITION_REPRESENTATION(#2069,#2066);
#2065=REPRESENTATION('material name',(#2067),#3356);
#2066=REPRESENTATION('density',(#2062),#3356);
#2067=DESCRIPTIVE_REPRESENTATION_ITEM('Steel','Steel');
#2068=PROPERTY_DEFINITION('material property','material name',#3366);
#2069=PROPERTY_DEFINITION('material property','density of part',#3366);
#2070=AXIS2_PLACEMENT_3D('',#2783,#2231,#2232);
#2071=AXIS2_PLACEMENT_3D('',#2784,#2233,#2234);
#2072=AXIS2_PLACEMENT_3D('',#2789,#2236,#2237);
#2073=AXIS2_PLACEMENT_3D('',#2792,#2239,#2240);
#2074=AXIS2_PLACEMENT_3D('',#2793,#2241,#2242);
#2075=AXIS2_PLACEMENT_3D('',#2797,#2244,#2245);
#2076=AXIS2_PLACEMENT_3D('',#2799,#2247,#2248);
#2077=AXIS2_PLACEMENT_3D('',#2803,#2250,#2251);
#2078=AXIS2_PLACEMENT_3D('',#2805,#2253,#2254);
#2079=AXIS2_PLACEMENT_3D('',#2808,#2257,#2258);
#2080=AXIS2_PLACEMENT_3D('',#2814,#2262,#2263);
#2081=AXIS2_PLACEMENT_3D('',#2818,#2266,#2267);
#2082=AXIS2_PLACEMENT_3D('',#2867,#2292,#2293);
#2083=AXIS2_PLACEMENT_3D('',#2869,#2294,#2295);
#2084=AXIS2_PLACEMENT_3D('',#2872,#2297,#2298);
#2085=AXIS2_PLACEMENT_3D('',#2873,#2299,#2300);
#2086=AXIS2_PLACEMENT_3D('',#2875,#2301,#2302);
#2087=AXIS2_PLACEMENT_3D('',#2877,#2304,#2305);
#2088=AXIS2_PLACEMENT_3D('',#2880,#2307,#2308);
#2089=AXIS2_PLACEMENT_3D('',#2881,#2309,#2310);
#2090=AXIS2_PLACEMENT_3D('',#2883,#2312,#2313);
#2091=AXIS2_PLACEMENT_3D('',#2889,#2317,#2318);
#2092=AXIS2_PLACEMENT_3D('',#2893,#2321,#2322);
#2093=AXIS2_PLACEMENT_3D('',#2895,#2323,#2324);
#2094=AXIS2_PLACEMENT_3D('',#2898,#2326,#2327);
#2095=AXIS2_PLACEMENT_3D('',#2899,#2328,#2329);
#2096=AXIS2_PLACEMENT_3D('',#2901,#2330,#2331);
#2097=AXIS2_PLACEMENT_3D('',#2904,#2333,#2334);
#2098=AXIS2_PLACEMENT_3D('',#2905,#2335,#2336);
#2099=AXIS2_PLACEMENT_3D('',#2907,#2338,#2339);
#2100=AXIS2_PLACEMENT_3D('',#2909,#2341,#2342);
#2101=AXIS2_PLACEMENT_3D('',#2915,#2346,#2347);
#2102=AXIS2_PLACEMENT_3D('',#2919,#2350,#2351);
#2103=AXIS2_PLACEMENT_3D('',#2923,#2354,#2355);
#2104=AXIS2_PLACEMENT_3D('',#2925,#2357,#2358);
#2105=AXIS2_PLACEMENT_3D('',#2926,#2359,#2360);
#2106=AXIS2_PLACEMENT_3D('',#2930,#2363,#2364);
#2107=AXIS2_PLACEMENT_3D('',#2932,#2366,#2367);
#2108=AXIS2_PLACEMENT_3D('',#2933,#2368,#2369);
#2109=AXIS2_PLACEMENT_3D('',#2937,#2372,#2373);
#2110=AXIS2_PLACEMENT_3D('',#2939,#2375,#2376);
#2111=AXIS2_PLACEMENT_3D('',#2940,#2377,#2378);
#2112=AXIS2_PLACEMENT_3D('',#2945,#2380,#2381);
#2113=AXIS2_PLACEMENT_3D('',#2948,#2383,#2384);
#2114=AXIS2_PLACEMENT_3D('',#2949,#2385,#2386);
#2115=AXIS2_PLACEMENT_3D('',#2953,#2388,#2389);
#2116=AXIS2_PLACEMENT_3D('',#2955,#2391,#2392);
#2117=AXIS2_PLACEMENT_3D('',#2960,#2395,#2396);
#2118=AXIS2_PLACEMENT_3D('',#2961,#2397,#2398);
#2119=AXIS2_PLACEMENT_3D('',#2964,#2401,#2402);
#2120=AXIS2_PLACEMENT_3D('',#2970,#2406,#2407);
#2121=AXIS2_PLACEMENT_3D('',#2974,#2410,#2411);
#2122=AXIS2_PLACEMENT_3D('',#3015,#2432,#2433);
#2123=AXIS2_PLACEMENT_3D('',#3019,#2436,#2437);
#2124=AXIS2_PLACEMENT_3D('',#3021,#2439,#2440);
#2125=AXIS2_PLACEMENT_3D('',#3022,#2441,#2442);
#2126=AXIS2_PLACEMENT_3D('',#3024,#2443,#2444);
#2127=AXIS2_PLACEMENT_3D('',#3027,#2446,#2447);
#2128=AXIS2_PLACEMENT_3D('',#3028,#2448,#2449);
#2129=AXIS2_PLACEMENT_3D('',#3030,#2450,#2451);
#2130=AXIS2_PLACEMENT_3D('',#3033,#2453,#2454);
#2131=AXIS2_PLACEMENT_3D('',#3034,#2455,#2456);
#2132=AXIS2_PLACEMENT_3D('',#3036,#2458,#2459);
#2133=AXIS2_PLACEMENT_3D('',#3038,#2461,#2462);
#2134=AXIS2_PLACEMENT_3D('',#3044,#2466,#2467);
#2135=AXIS2_PLACEMENT_3D('',#3048,#2470,#2471);
#2136=AXIS2_PLACEMENT_3D('',#3052,#2474,#2475);
#2137=AXIS2_PLACEMENT_3D('',#3054,#2477,#2478);
#2138=AXIS2_PLACEMENT_3D('',#3055,#2479,#2480);
#2139=AXIS2_PLACEMENT_3D('',#3057,#2481,#2482);
#2140=AXIS2_PLACEMENT_3D('',#3060,#2484,#2485);
#2141=AXIS2_PLACEMENT_3D('',#3061,#2486,#2487);
#2142=AXIS2_PLACEMENT_3D('',#3063,#2488,#2489);
#2143=AXIS2_PLACEMENT_3D('',#3066,#2491,#2492);
#2144=AXIS2_PLACEMENT_3D('',#3067,#2493,#2494);
#2145=AXIS2_PLACEMENT_3D('',#3069,#2496,#2497);
#2146=AXIS2_PLACEMENT_3D('',#3071,#2499,#2500);
#2147=AXIS2_PLACEMENT_3D('',#3077,#2504,#2505);
#2148=AXIS2_PLACEMENT_3D('',#3081,#2508,#2509);
#2149=AXIS2_PLACEMENT_3D('',#3085,#2512,#2513);
#2150=AXIS2_PLACEMENT_3D('',#3087,#2515,#2516);
#2151=AXIS2_PLACEMENT_3D('',#3088,#2517,#2518);
#2152=AXIS2_PLACEMENT_3D('',#3094,#2522,#2523);
#2153=AXIS2_PLACEMENT_3D('',#3099,#2526,#2527);
#2154=AXIS2_PLACEMENT_3D('',#3101,#2528,#2529);
#2155=AXIS2_PLACEMENT_3D('',#3103,#2530,#2531);
#2156=AXIS2_PLACEMENT_3D('',#3105,#2532,#2533);
#2157=AXIS2_PLACEMENT_3D('',#3107,#2534,#2535);
#2158=AXIS2_PLACEMENT_3D('',#3109,#2536,#2537);
#2159=AXIS2_PLACEMENT_3D('',#3111,#2538,#2539);
#2160=AXIS2_PLACEMENT_3D('',#3113,#2540,#2541);
#2161=AXIS2_PLACEMENT_3D('',#3115,#2542,#2543);
#2162=AXIS2_PLACEMENT_3D('',#3117,#2544,#2545);
#2163=AXIS2_PLACEMENT_3D('',#3119,#2546,#2547);
#2164=AXIS2_PLACEMENT_3D('',#3121,#2548,#2549);
#2165=AXIS2_PLACEMENT_3D('',#3123,#2550,#2551);
#2166=AXIS2_PLACEMENT_3D('',#3125,#2552,#2553);
#2167=AXIS2_PLACEMENT_3D('',#3126,#2554,#2555);
#2168=AXIS2_PLACEMENT_3D('',#3130,#2558,#2559);
#2169=AXIS2_PLACEMENT_3D('',#3135,#2562,#2563);
#2170=AXIS2_PLACEMENT_3D('',#3137,#2564,#2565);
#2171=AXIS2_PLACEMENT_3D('',#3139,#2566,#2567);
#2172=AXIS2_PLACEMENT_3D('',#3141,#2568,#2569);
#2173=AXIS2_PLACEMENT_3D('',#3143,#2570,#2571);
#2174=AXIS2_PLACEMENT_3D('',#3145,#2572,#2573);
#2175=AXIS2_PLACEMENT_3D('',#3147,#2574,#2575);
#2176=AXIS2_PLACEMENT_3D('',#3148,#2576,#2577);
#2177=AXIS2_PLACEMENT_3D('',#3166,#2587,#2588);
#2178=AXIS2_PLACEMENT_3D('',#3170,#2591,#2592);
#2179=AXIS2_PLACEMENT_3D('',#3174,#2595,#2596);
#2180=AXIS2_PLACEMENT_3D('',#3180,#2600,#2601);
#2181=AXIS2_PLACEMENT_3D('',#3184,#2604,#2605);
#2182=AXIS2_PLACEMENT_3D('',#3200,#2614,#2615);
#2183=AXIS2_PLACEMENT_3D('',#3207,#2621,#2622);
#2184=AXIS2_PLACEMENT_3D('',#3211,#2625,#2626);
#2185=AXIS2_PLACEMENT_3D('',#3213,#2628,#2629);
#2186=AXIS2_PLACEMENT_3D('',#3215,#2631,#2632);
#2187=AXIS2_PLACEMENT_3D('',#3217,#2634,#2635);
#2188=AXIS2_PLACEMENT_3D('',#3219,#2637,#2638);
#2189=AXIS2_PLACEMENT_3D('',#3221,#2640,#2641);
#2190=AXIS2_PLACEMENT_3D('',#3223,#2643,#2644);
#2191=AXIS2_PLACEMENT_3D('',#3225,#2646,#2647);
#2192=AXIS2_PLACEMENT_3D('',#3227,#2648,#2649);
#2193=AXIS2_PLACEMENT_3D('',#3229,#2651,#2652);
#2194=AXIS2_PLACEMENT_3D('',#3231,#2653,#2654);
#2195=AXIS2_PLACEMENT_3D('',#3233,#2656,#2657);
#2196=AXIS2_PLACEMENT_3D('',#3235,#2658,#2659);
#2197=AXIS2_PLACEMENT_3D('',#3237,#2661,#2662);
#2198=AXIS2_PLACEMENT_3D('',#3239,#2663,#2664);
#2199=AXIS2_PLACEMENT_3D('',#3241,#2666,#2667);
#2200=AXIS2_PLACEMENT_3D('',#3243,#2668,#2669);
#2201=AXIS2_PLACEMENT_3D('',#3245,#2671,#2672);
#2202=AXIS2_PLACEMENT_3D('',#3247,#2673,#2674);
#2203=AXIS2_PLACEMENT_3D('',#3249,#2676,#2677);
#2204=AXIS2_PLACEMENT_3D('',#3251,#2678,#2679);
#2205=AXIS2_PLACEMENT_3D('',#3253,#2681,#2682);
#2206=AXIS2_PLACEMENT_3D('',#3257,#2685,#2686);
#2207=AXIS2_PLACEMENT_3D('',#3263,#2690,#2691);
#2208=AXIS2_PLACEMENT_3D('',#3267,#2694,#2695);
#2209=AXIS2_PLACEMENT_3D('',#3271,#2698,#2699);
#2210=AXIS2_PLACEMENT_3D('',#3277,#2703,#2704);
#2211=AXIS2_PLACEMENT_3D('',#3281,#2707,#2708);
#2212=AXIS2_PLACEMENT_3D('',#3296,#2718,#2719);
#2213=AXIS2_PLACEMENT_3D('',#3311,#2728,#2729);
#2214=AXIS2_PLACEMENT_3D('',#3321,#2736,#2737);
#2215=AXIS2_PLACEMENT_3D('',#3323,#2739,#2740);
#2216=AXIS2_PLACEMENT_3D('',#3333,#2747,#2748);
#2217=AXIS2_PLACEMENT_3D('',#3335,#2750,#2751);
#2218=AXIS2_PLACEMENT_3D('',#3337,#2753,#2754);
#2219=AXIS2_PLACEMENT_3D('',#3339,#2756,#2757);
#2220=AXIS2_PLACEMENT_3D('',#3341,#2759,#2760);
#2221=AXIS2_PLACEMENT_3D('',#3343,#2762,#2763);
#2222=AXIS2_PLACEMENT_3D('',#3345,#2765,#2766);
#2223=AXIS2_PLACEMENT_3D('',#3346,#2767,#2768);
#2224=AXIS2_PLACEMENT_3D('',#3347,#2769,#2770);
#2225=AXIS2_PLACEMENT_3D('',#3348,#2771,#2772);
#2226=AXIS2_PLACEMENT_3D('',#3349,#2773,#2774);
#2227=AXIS2_PLACEMENT_3D('',#3350,#2775,#2776);
#2228=AXIS2_PLACEMENT_3D('',#3351,#2777,#2778);
#2229=AXIS2_PLACEMENT_3D('',#3352,#2779,#2780);
#2230=AXIS2_PLACEMENT_3D('',#3353,#2781,#2782);
#2231=DIRECTION('axis',(0.,0.,1.));
#2232=DIRECTION('refdir',(1.,0.,0.));
#2233=DIRECTION('center_axis',(-1.,0.,0.));
#2234=DIRECTION('ref_axis',(0.,-0.707106781186544,0.707106781186551));
#2235=DIRECTION('',(1.,0.,0.));
#2236=DIRECTION('center_axis',(-0.707106781186546,0.,-0.707106781186549));
#2237=DIRECTION('ref_axis',(0.707106781186549,0.,-0.707106781186546));
#2238=DIRECTION('',(-1.,0.,0.));
#2239=DIRECTION('center_axis',(-0.707106781186546,0.,0.707106781186549));
#2240=DIRECTION('ref_axis',(-0.707106781186549,0.,-0.707106781186546));
#2241=DIRECTION('center_axis',(0.,0.,-1.));
#2242=DIRECTION('ref_axis',(-0.707106781186552,-0.707106781186543,0.));
#2243=DIRECTION('',(0.,0.,1.));
#2244=DIRECTION('center_axis',(0.707106781186546,0.,-0.707106781186549));
#2245=DIRECTION('ref_axis',(0.707106781186549,0.,0.707106781186546));
#2246=DIRECTION('',(0.,0.,-1.));
#2247=DIRECTION('center_axis',(0.,0.,1.));
#2248=DIRECTION('ref_axis',(0.707106781186552,-0.707106781186543,0.));
#2249=DIRECTION('',(0.,0.,1.));
#2250=DIRECTION('center_axis',(-0.707106781186546,0.,-0.707106781186549));
#2251=DIRECTION('ref_axis',(0.707106781186549,0.,-0.707106781186546));
#2252=DIRECTION('',(0.,0.,-1.));
#2253=DIRECTION('center_axis',(1.,0.,0.));
#2254=DIRECTION('ref_axis',(0.,-0.707106781186544,-0.707106781186551));
#2255=DIRECTION('',(-1.,0.,0.));
#2256=DIRECTION('',(1.,0.,0.));
#2257=DIRECTION('center_axis',(-1.,0.,0.));
#2258=DIRECTION('ref_axis',(0.,0.,1.));
#2259=DIRECTION('',(0.,1.,0.));
#2260=DIRECTION('',(0.,0.,1.));
#2261=DIRECTION('',(0.,1.,0.));
#2262=DIRECTION('center_axis',(0.,0.,-1.));
#2263=DIRECTION('ref_axis',(-1.,0.,0.));
#2264=DIRECTION('',(0.,1.,0.));
#2265=DIRECTION('',(-1.,0.,0.));
#2266=DIRECTION('center_axis',(0.,1.,0.));
#2267=DIRECTION('ref_axis',(0.,0.,1.));
#2268=DIRECTION('',(0.,0.,-1.));
#2269=DIRECTION('',(1.,0.,0.));
#2270=DIRECTION('',(0.,0.,-1.));
#2271=DIRECTION('',(1.,0.,0.));
#2272=DIRECTION('',(0.,0.,1.));
#2273=DIRECTION('',(1.,0.,0.));
#2274=DIRECTION('',(0.,0.,1.));
#2275=DIRECTION('',(-1.,0.,0.));
#2276=DIRECTION('',(0.,0.,-1.));
#2277=DIRECTION('',(1.,0.,0.));
#2278=DIRECTION('',(0.,0.,-1.));
#2279=DIRECTION('',(1.,0.,0.));
#2280=DIRECTION('',(0.,0.,1.));
#2281=DIRECTION('',(1.,0.,0.));
#2282=DIRECTION('',(0.,0.,1.));
#2283=DIRECTION('',(1.,0.,0.));
#2284=DIRECTION('',(-1.,0.,0.));
#2285=DIRECTION('',(0.,0.,1.));
#2286=DIRECTION('',(1.,0.,0.));
#2287=DIRECTION('',(0.,0.,-1.));
#2288=DIRECTION('',(-1.,0.,0.));
#2289=DIRECTION('',(0.,0.,1.));
#2290=DIRECTION('',(1.,0.,0.));
#2291=DIRECTION('',(0.,0.,-1.));
#2292=DIRECTION('center_axis',(1.,0.,0.));
#2293=DIRECTION('ref_axis',(0.,-0.707106781186547,-0.707106781186547));
#2294=DIRECTION('center_axis',(0.707106781186548,0.,0.707106781186548));
#2295=DIRECTION('ref_axis',(-0.707106781186547,0.,0.707106781186547));
#2296=DIRECTION('',(1.,0.,0.));
#2297=DIRECTION('center_axis',(-0.707106781186548,0.,0.707106781186548));
#2298=DIRECTION('ref_axis',(-0.707106781186547,0.,-0.707106781186547));
#2299=DIRECTION('center_axis',(0.,0.,1.));
#2300=DIRECTION('ref_axis',(0.707106781186547,-0.707106781186547,0.));
#2301=DIRECTION('center_axis',(-0.707106781186548,0.,0.707106781186548));
#2302=DIRECTION('ref_axis',(-0.707106781186547,0.,-0.707106781186547));
#2303=DIRECTION('',(0.,0.,1.));
#2304=DIRECTION('center_axis',(-1.,0.,0.));
#2305=DIRECTION('ref_axis',(0.,-0.707106781186547,0.707106781186547));
#2306=DIRECTION('',(-1.,0.,0.));
#2307=DIRECTION('center_axis',(-0.707106781186548,-1.25607396694702E-15,
-0.707106781186548));
#2308=DIRECTION('ref_axis',(0.707106781186547,-1.25607396694702E-15,-0.707106781186547));
#2309=DIRECTION('center_axis',(0.,0.,-1.));
#2310=DIRECTION('ref_axis',(-0.707106781186547,-0.707106781186547,0.));
#2311=DIRECTION('',(0.,0.,-1.));
#2312=DIRECTION('center_axis',(1.,0.,0.));
#2313=DIRECTION('ref_axis',(0.,0.,-1.));
#2314=DIRECTION('',(0.,1.,0.));
#2315=DIRECTION('',(0.,0.,-1.));
#2316=DIRECTION('',(0.,1.,0.));
#2317=DIRECTION('center_axis',(0.,0.,1.));
#2318=DIRECTION('ref_axis',(1.,0.,0.));
#2319=DIRECTION('',(0.,1.,0.));
#2320=DIRECTION('',(1.,0.,0.));
#2321=DIRECTION('center_axis',(-1.,0.,0.));
#2322=DIRECTION('ref_axis',(0.,-0.707106781186547,0.707106781186547));
#2323=DIRECTION('center_axis',(-0.707106781186548,0.,-0.707106781186547));
#2324=DIRECTION('ref_axis',(0.707106781186547,0.,-0.707106781186548));
#2325=DIRECTION('',(-1.,0.,0.));
#2326=DIRECTION('center_axis',(-0.707106781186547,1.25607396694702E-15,
0.707106781186548));
#2327=DIRECTION('ref_axis',(-0.707106781186548,1.25607396694702E-15,-0.707106781186547));
#2328=DIRECTION('center_axis',(1.,0.,0.));
#2329=DIRECTION('ref_axis',(0.,-0.707106781186547,-0.707106781186547));
#2330=DIRECTION('center_axis',(0.707106781186547,0.,0.707106781186548));
#2331=DIRECTION('ref_axis',(-0.707106781186548,0.,0.707106781186547));
#2332=DIRECTION('',(1.,0.,0.));
#2333=DIRECTION('center_axis',(-0.707106781186548,0.,0.707106781186547));
#2334=DIRECTION('ref_axis',(-0.707106781186547,0.,-0.707106781186548));
#2335=DIRECTION('center_axis',(0.,0.,1.));
#2336=DIRECTION('ref_axis',(0.707106781186548,-0.707106781186547,0.));
#2337=DIRECTION('',(0.,0.,1.));
#2338=DIRECTION('center_axis',(0.,0.,-1.));
#2339=DIRECTION('ref_axis',(-0.707106781186547,-0.707106781186547,0.));
#2340=DIRECTION('',(0.,0.,-1.));
#2341=DIRECTION('center_axis',(1.,0.,0.));
#2342=DIRECTION('ref_axis',(0.,0.,-1.));
#2343=DIRECTION('',(0.,1.,0.));
#2344=DIRECTION('',(0.,0.,-1.));
#2345=DIRECTION('',(0.,1.,0.));
#2346=DIRECTION('center_axis',(0.,0.,1.));
#2347=DIRECTION('ref_axis',(1.,0.,0.));
#2348=DIRECTION('',(0.,1.,0.));
#2349=DIRECTION('',(1.,0.,0.));
#2350=DIRECTION('center_axis',(-1.,0.,0.));
#2351=DIRECTION('ref_axis',(0.,0.,1.));
#2352=DIRECTION('',(0.,1.,0.));
#2353=DIRECTION('',(0.,0.,1.));
#2354=DIRECTION('center_axis',(0.,0.,-1.));
#2355=DIRECTION('ref_axis',(-1.,0.,0.));
#2356=DIRECTION('',(-1.,0.,0.));
#2357=DIRECTION('center_axis',(0.,1.,0.));
#2358=DIRECTION('ref_axis',(0.,0.,1.));
#2359=DIRECTION('center_axis',(1.,0.,0.));
#2360=DIRECTION('ref_axis',(0.,0.,-1.));
#2361=DIRECTION('',(0.,1.,0.));
#2362=DIRECTION('',(0.,0.,-1.));
#2363=DIRECTION('center_axis',(0.,0.,1.));
#2364=DIRECTION('ref_axis',(1.,0.,0.));
#2365=DIRECTION('',(1.,0.,0.));
#2366=DIRECTION('center_axis',(0.,1.,0.));
#2367=DIRECTION('ref_axis',(0.,0.,1.));
#2368=DIRECTION('center_axis',(-1.,0.,0.));
#2369=DIRECTION('ref_axis',(0.,0.,1.));
#2370=DIRECTION('',(0.,1.,0.));
#2371=DIRECTION('',(0.,0.,1.));
#2372=DIRECTION('center_axis',(0.,0.,-1.));
#2373=DIRECTION('ref_axis',(-1.,0.,0.));
#2374=DIRECTION('',(-1.,0.,0.));
#2375=DIRECTION('center_axis',(0.,1.,0.));
#2376=DIRECTION('ref_axis',(0.,0.,1.));
#2377=DIRECTION('center_axis',(0.,0.,1.));
#2378=DIRECTION('ref_axis',(0.707106781186552,-0.707106781186543,0.));
#2379=DIRECTION('',(0.,0.,-1.));
#2380=DIRECTION('center_axis',(-0.707106781186548,0.,0.707106781186548));
#2381=DIRECTION('ref_axis',(-0.707106781186547,0.,-0.707106781186547));
#2382=DIRECTION('',(0.,0.,1.));
#2383=DIRECTION('center_axis',(-0.707106781186548,0.,-0.707106781186548));
#2384=DIRECTION('ref_axis',(0.707106781186547,0.,-0.707106781186547));
#2385=DIRECTION('center_axis',(-1.,0.,0.));
#2386=DIRECTION('ref_axis',(0.,-0.707106781186539,0.707106781186556));
#2387=DIRECTION('',(1.,0.,0.));
#2388=DIRECTION('center_axis',(-0.707106781186548,0.,-0.707106781186548));
#2389=DIRECTION('ref_axis',(0.707106781186547,0.,-0.707106781186547));
#2390=DIRECTION('',(-1.,0.,0.));
#2391=DIRECTION('center_axis',(0.,0.,-1.));
#2392=DIRECTION('ref_axis',(-0.707106781186552,-0.707106781186543,0.));
#2393=DIRECTION('',(0.,0.,-1.));
#2394=DIRECTION('',(0.,0.,1.));
#2395=DIRECTION('center_axis',(0.707106781186548,0.,-0.707106781186548));
#2396=DIRECTION('ref_axis',(0.707106781186547,0.,0.707106781186547));
#2397=DIRECTION('center_axis',(1.,0.,0.));
#2398=DIRECTION('ref_axis',(0.,-0.707106781186539,-0.707106781186556));
#2399=DIRECTION('',(-1.,0.,0.));
#2400=DIRECTION('',(1.,0.,0.));
#2401=DIRECTION('center_axis',(0.,0.,1.));
#2402=DIRECTION('ref_axis',(1.,0.,0.));
#2403=DIRECTION('',(0.,1.,0.));
#2404=DIRECTION('',(1.,0.,0.));
#2405=DIRECTION('',(0.,1.,0.));
#2406=DIRECTION('center_axis',(-1.,0.,0.));
#2407=DIRECTION('ref_axis',(0.,0.,1.));
#2408=DIRECTION('',(0.,1.,0.));
#2409=DIRECTION('',(0.,0.,1.));
#2410=DIRECTION('center_axis',(0.,1.,0.));
#2411=DIRECTION('ref_axis',(0.,0.,1.));
#2412=DIRECTION('',(-1.,0.,0.));
#2413=DIRECTION('',(0.,0.,-1.));
#2414=DIRECTION('',(1.,0.,0.));
#2415=DIRECTION('',(0.,0.,1.));
#2416=DIRECTION('',(-1.,0.,0.));
#2417=DIRECTION('',(0.,0.,-1.));
#2418=DIRECTION('',(-1.,0.,0.));
#2419=DIRECTION('',(0.,0.,-1.));
#2420=DIRECTION('',(-1.,0.,0.));
#2421=DIRECTION('',(0.,0.,1.));
#2422=DIRECTION('',(-1.,0.,0.));
#2423=DIRECTION('',(0.,0.,1.));
#2424=DIRECTION('',(-1.,0.,0.));
#2425=DIRECTION('',(0.,0.,1.));
#2426=DIRECTION('',(1.,0.,0.));
#2427=DIRECTION('',(0.,0.,-1.));
#2428=DIRECTION('',(-1.,0.,0.));
#2429=DIRECTION('',(0.,0.,1.));
#2430=DIRECTION('',(1.,0.,0.));
#2431=DIRECTION('',(0.,0.,-1.));
#2432=DIRECTION('center_axis',(0.,0.,-1.));
#2433=DIRECTION('ref_axis',(-1.,0.,0.));
#2434=DIRECTION('',(0.,1.,0.));
#2435=DIRECTION('',(-1.,0.,0.));
#2436=DIRECTION('center_axis',(1.,0.,0.));
#2437=DIRECTION('ref_axis',(0.,0.,-1.));
#2438=DIRECTION('',(0.,0.,-1.));
#2439=DIRECTION('center_axis',(0.,1.,0.));
#2440=DIRECTION('ref_axis',(0.,0.,1.));
#2441=DIRECTION('center_axis',(-1.,0.,0.));
#2442=DIRECTION('ref_axis',(0.,-0.707106781186547,0.707106781186547));
#2443=DIRECTION('center_axis',(-0.707106781186548,0.,-0.707106781186548));
#2444=DIRECTION('ref_axis',(0.707106781186547,0.,-0.707106781186547));
#2445=DIRECTION('',(-1.,0.,0.));
#2446=DIRECTION('center_axis',(-0.707106781186548,0.,0.707106781186548));
#2447=DIRECTION('ref_axis',(-0.707106781186547,0.,-0.707106781186547));
#2448=DIRECTION('center_axis',(1.,0.,0.));
#2449=DIRECTION('ref_axis',(0.,-0.707106781186547,-0.707106781186547));
#2450=DIRECTION('center_axis',(0.707106781186548,0.,0.707106781186548));
#2451=DIRECTION('ref_axis',(-0.707106781186547,0.,0.707106781186547));
#2452=DIRECTION('',(1.,0.,0.));
#2453=DIRECTION('center_axis',(-0.707106781186548,0.,0.707106781186548));
#2454=DIRECTION('ref_axis',(-0.707106781186547,0.,-0.707106781186547));
#2455=DIRECTION('center_axis',(0.,0.,1.));
#2456=DIRECTION('ref_axis',(0.707106781186547,-0.707106781186547,0.));
#2457=DIRECTION('',(0.,0.,1.));
#2458=DIRECTION('center_axis',(0.,0.,-1.));
#2459=DIRECTION('ref_axis',(-0.707106781186547,-0.707106781186547,0.));
#2460=DIRECTION('',(0.,0.,-1.));
#2461=DIRECTION('center_axis',(1.,0.,0.));
#2462=DIRECTION('ref_axis',(0.,0.,-1.));
#2463=DIRECTION('',(0.,1.,0.));
#2464=DIRECTION('',(0.,0.,-1.));
#2465=DIRECTION('',(0.,1.,0.));
#2466=DIRECTION('center_axis',(0.,0.,1.));
#2467=DIRECTION('ref_axis',(1.,0.,0.));
#2468=DIRECTION('',(0.,1.,0.));
#2469=DIRECTION('',(1.,0.,0.));
#2470=DIRECTION('center_axis',(-1.,0.,0.));
#2471=DIRECTION('ref_axis',(0.,0.,1.));
#2472=DIRECTION('',(0.,1.,0.));
#2473=DIRECTION('',(0.,0.,1.));
#2474=DIRECTION('center_axis',(0.,0.,-1.));
#2475=DIRECTION('ref_axis',(-1.,0.,0.));
#2476=DIRECTION('',(-1.,0.,0.));
#2477=DIRECTION('center_axis',(0.,1.,0.));
#2478=DIRECTION('ref_axis',(0.,0.,1.));
#2479=DIRECTION('center_axis',(-1.,0.,0.));
#2480=DIRECTION('ref_axis',(0.,-0.707106781186547,0.707106781186547));
#2481=DIRECTION('center_axis',(-0.707106781186548,0.,-0.707106781186548));
#2482=DIRECTION('ref_axis',(0.707106781186547,0.,-0.707106781186547));
#2483=DIRECTION('',(-1.,0.,0.));
#2484=DIRECTION('center_axis',(-0.707106781186548,0.,0.707106781186548));
#2485=DIRECTION('ref_axis',(-0.707106781186547,0.,-0.707106781186547));
#2486=DIRECTION('center_axis',(1.,0.,0.));
#2487=DIRECTION('ref_axis',(0.,-0.707106781186547,-0.707106781186547));
#2488=DIRECTION('center_axis',(0.707106781186548,0.,0.707106781186548));
#2489=DIRECTION('ref_axis',(-0.707106781186547,0.,0.707106781186547));
#2490=DIRECTION('',(1.,0.,0.));
#2491=DIRECTION('center_axis',(-0.707106781186548,0.,0.707106781186548));
#2492=DIRECTION('ref_axis',(-0.707106781186547,0.,-0.707106781186547));
#2493=DIRECTION('center_axis',(0.,0.,1.));
#2494=DIRECTION('ref_axis',(0.707106781186547,-0.707106781186547,0.));
#2495=DIRECTION('',(0.,0.,1.));
#2496=DIRECTION('center_axis',(0.,0.,-1.));
#2497=DIRECTION('ref_axis',(-0.707106781186547,-0.707106781186547,0.));
#2498=DIRECTION('',(0.,0.,-1.));
#2499=DIRECTION('center_axis',(1.,0.,0.));
#2500=DIRECTION('ref_axis',(0.,0.,-1.));
#2501=DIRECTION('',(0.,1.,0.));
#2502=DIRECTION('',(0.,0.,-1.));
#2503=DIRECTION('',(0.,1.,0.));
#2504=DIRECTION('center_axis',(0.,0.,1.));
#2505=DIRECTION('ref_axis',(1.,0.,0.));
#2506=DIRECTION('',(0.,1.,0.));
#2507=DIRECTION('',(1.,0.,0.));
#2508=DIRECTION('center_axis',(-1.,0.,0.));
#2509=DIRECTION('ref_axis',(0.,0.,1.));
#2510=DIRECTION('',(0.,1.,0.));
#2511=DIRECTION('',(0.,0.,1.));
#2512=DIRECTION('center_axis',(0.,0.,-1.));
#2513=DIRECTION('ref_axis',(-1.,0.,0.));
#2514=DIRECTION('',(-1.,0.,0.));
#2515=DIRECTION('center_axis',(0.,1.,0.));
#2516=DIRECTION('ref_axis',(0.,0.,1.));
#2517=DIRECTION('center_axis',(1.,0.,0.));
#2518=DIRECTION('ref_axis',(0.,0.,-1.));
#2519=DIRECTION('',(0.,-1.,0.));
#2520=DIRECTION('',(0.,0.,-1.));
#2521=DIRECTION('',(0.,-1.,0.));
#2522=DIRECTION('center_axis',(0.,0.,-1.));
#2523=DIRECTION('ref_axis',(-1.,0.,0.));
#2524=DIRECTION('',(0.,1.,0.));
#2525=DIRECTION('',(1.,0.,0.));
#2526=DIRECTION('center_axis',(0.,0.,1.));
#2527=DIRECTION('ref_axis',(1.,0.,0.));
#2528=DIRECTION('center_axis',(0.,0.,1.));
#2529=DIRECTION('ref_axis',(1.,0.,0.));
#2530=DIRECTION('center_axis',(0.,0.,1.));
#2531=DIRECTION('ref_axis',(1.,0.,0.));
#2532=DIRECTION('center_axis',(0.,0.,1.));
#2533=DIRECTION('ref_axis',(1.,0.,0.));
#2534=DIRECTION('center_axis',(0.,0.,1.));
#2535=DIRECTION('ref_axis',(1.,0.,0.));
#2536=DIRECTION('center_axis',(0.,0.,1.));
#2537=DIRECTION('ref_axis',(1.,0.,0.));
#2538=DIRECTION('center_axis',(0.,0.,1.));
#2539=DIRECTION('ref_axis',(1.,0.,0.));
#2540=DIRECTION('center_axis',(0.,0.,1.));
#2541=DIRECTION('ref_axis',(-1.,0.,0.));
#2542=DIRECTION('center_axis',(0.,0.,1.));
#2543=DIRECTION('ref_axis',(-1.,0.,0.));
#2544=DIRECTION('center_axis',(0.,0.,1.));
#2545=DIRECTION('ref_axis',(-1.,0.,0.));
#2546=DIRECTION('center_axis',(0.,0.,1.));
#2547=DIRECTION('ref_axis',(-1.,0.,0.));
#2548=DIRECTION('center_axis',(0.,0.,1.));
#2549=DIRECTION('ref_axis',(-1.,0.,0.));
#2550=DIRECTION('center_axis',(0.,0.,1.));
#2551=DIRECTION('ref_axis',(-1.,0.,0.));
#2552=DIRECTION('center_axis',(0.,0.,1.));
#2553=DIRECTION('ref_axis',(-1.,0.,0.));
#2554=DIRECTION('center_axis',(-1.,0.,0.));
#2555=DIRECTION('ref_axis',(0.,0.,1.));
#2556=DIRECTION('',(0.,1.,0.));
#2557=DIRECTION('',(0.,0.,-1.));
#2558=DIRECTION('center_axis',(0.,0.,1.));
#2559=DIRECTION('ref_axis',(0.,1.,0.));
#2560=DIRECTION('',(0.,-1.,0.));
#2561=DIRECTION('',(-1.,0.,0.));
#2562=DIRECTION('center_axis',(0.,0.,-1.));
#2563=DIRECTION('ref_axis',(-1.,0.,0.));
#2564=DIRECTION('center_axis',(0.,0.,-1.));
#2565=DIRECTION('ref_axis',(-1.,0.,0.));
#2566=DIRECTION('center_axis',(0.,0.,-1.));
#2567=DIRECTION('ref_axis',(-1.,0.,0.));
#2568=DIRECTION('center_axis',(0.,0.,-1.));
#2569=DIRECTION('ref_axis',(-1.,0.,0.));
#2570=DIRECTION('center_axis',(0.,0.,-1.));
#2571=DIRECTION('ref_axis',(-1.,0.,0.));
#2572=DIRECTION('center_axis',(0.,0.,-1.));
#2573=DIRECTION('ref_axis',(-1.,0.,0.));
#2574=DIRECTION('center_axis',(0.,0.,-1.));
#2575=DIRECTION('ref_axis',(-1.,0.,0.));
#2576=DIRECTION('center_axis',(0.,0.,-1.));
#2577=DIRECTION('ref_axis',(-1.,0.,0.));
#2578=DIRECTION('',(0.,-1.,0.));
#2579=DIRECTION('',(1.,0.,0.));
#2580=DIRECTION('',(0.,1.,0.));
#2581=DIRECTION('',(1.,0.,0.));
#2582=DIRECTION('',(0.,1.,0.));
#2583=DIRECTION('',(-1.,0.,0.));
#2584=DIRECTION('',(0.,1.,0.));
#2585=DIRECTION('',(1.,0.,0.));
#2586=DIRECTION('',(0.,1.,0.));
#2587=DIRECTION('center_axis',(1.,0.,0.));
#2588=DIRECTION('ref_axis',(0.,0.,-1.));
#2589=DIRECTION('',(0.,1.,0.));
#2590=DIRECTION('',(0.,0.,-1.));
#2591=DIRECTION('center_axis',(0.,0.,1.));
#2592=DIRECTION('ref_axis',(1.,0.,0.));
#2593=DIRECTION('',(0.,1.,0.));
#2594=DIRECTION('',(1.,0.,0.));
#2595=DIRECTION('center_axis',(0.,0.,-1.));
#2596=DIRECTION('ref_axis',(-1.,0.,0.));
#2597=DIRECTION('',(0.,1.,0.));
#2598=DIRECTION('',(-1.,0.,0.));
#2599=DIRECTION('',(0.,1.,0.));
#2600=DIRECTION('center_axis',(1.,0.,0.));
#2601=DIRECTION('ref_axis',(0.,0.,-1.));
#2602=DIRECTION('',(0.,1.,0.));
#2603=DIRECTION('',(0.,0.,-1.));
#2604=DIRECTION('center_axis',(0.,0.,1.));
#2605=DIRECTION('ref_axis',(1.,0.,0.));
#2606=DIRECTION('',(0.,-1.,0.));
#2607=DIRECTION('',(-1.,0.,0.));
#2608=DIRECTION('',(0.,-1.,0.));
#2609=DIRECTION('',(1.,0.,0.));
#2610=DIRECTION('',(0.,-1.,0.));
#2611=DIRECTION('',(-1.,0.,0.));
#2612=DIRECTION('',(0.,-1.,0.));
#2613=DIRECTION('',(-1.,0.,0.));
#2614=DIRECTION('center_axis',(-1.,0.,0.));
#2615=DIRECTION('ref_axis',(0.,0.,1.));
#2616=DIRECTION('',(0.,0.,1.));
#2617=DIRECTION('',(0.,-1.,0.));
#2618=DIRECTION('',(0.,0.,1.));
#2619=DIRECTION('',(0.,0.,-1.));
#2620=DIRECTION('',(0.,0.,-1.));
#2621=DIRECTION('center_axis',(0.,0.,1.));
#2622=DIRECTION('ref_axis',(1.,0.,0.));
#2623=DIRECTION('',(0.,1.,0.));
#2624=DIRECTION('',(1.,0.,0.));
#2625=DIRECTION('center_axis',(0.,0.,1.));
#2626=DIRECTION('ref_axis',(-1.,0.,0.));
#2627=DIRECTION('',(0.,0.,1.));
#2628=DIRECTION('center_axis',(0.,0.,1.));
#2629=DIRECTION('ref_axis',(-1.,0.,0.));
#2630=DIRECTION('',(0.,0.,1.));
#2631=DIRECTION('center_axis',(0.,0.,1.));
#2632=DIRECTION('ref_axis',(-1.,0.,0.));
#2633=DIRECTION('',(0.,0.,1.));
#2634=DIRECTION('center_axis',(0.,0.,1.));
#2635=DIRECTION('ref_axis',(-1.,0.,0.));
#2636=DIRECTION('',(0.,0.,1.));
#2637=DIRECTION('center_axis',(0.,0.,1.));
#2638=DIRECTION('ref_axis',(-1.,0.,0.));
#2639=DIRECTION('',(0.,0.,1.));
#2640=DIRECTION('center_axis',(0.,0.,1.));
#2641=DIRECTION('ref_axis',(-1.,0.,0.));
#2642=DIRECTION('',(0.,0.,1.));
#2643=DIRECTION('center_axis',(0.,0.,1.));
#2644=DIRECTION('ref_axis',(-1.,0.,0.));
#2645=DIRECTION('',(0.,0.,1.));
#2646=DIRECTION('center_axis',(0.,0.,-1.));
#2647=DIRECTION('ref_axis',(1.,0.,0.));
#2648=DIRECTION('center_axis',(0.,0.,-1.));
#2649=DIRECTION('ref_axis',(1.,0.,0.));
#2650=DIRECTION('',(0.,0.,-1.));
#2651=DIRECTION('center_axis',(0.,0.,-1.));
#2652=DIRECTION('ref_axis',(1.,0.,0.));
#2653=DIRECTION('center_axis',(0.,0.,-1.));
#2654=DIRECTION('ref_axis',(1.,0.,0.));
#2655=DIRECTION('',(0.,0.,-1.));
#2656=DIRECTION('center_axis',(0.,0.,-1.));
#2657=DIRECTION('ref_axis',(1.,0.,0.));
#2658=DIRECTION('center_axis',(0.,0.,-1.));
#2659=DIRECTION('ref_axis',(1.,0.,0.));
#2660=DIRECTION('',(0.,0.,-1.));
#2661=DIRECTION('center_axis',(0.,0.,-1.));
#2662=DIRECTION('ref_axis',(1.,0.,0.));
#2663=DIRECTION('center_axis',(0.,0.,-1.));
#2664=DIRECTION('ref_axis',(1.,0.,0.));
#2665=DIRECTION('',(0.,0.,-1.));
#2666=DIRECTION('center_axis',(0.,0.,-1.));
#2667=DIRECTION('ref_axis',(1.,0.,0.));
#2668=DIRECTION('center_axis',(0.,0.,-1.));
#2669=DIRECTION('ref_axis',(1.,0.,0.));
#2670=DIRECTION('',(0.,0.,-1.));
#2671=DIRECTION('center_axis',(0.,0.,-1.));
#2672=DIRECTION('ref_axis',(1.,0.,0.));
#2673=DIRECTION('center_axis',(0.,0.,-1.));
#2674=DIRECTION('ref_axis',(1.,0.,0.));
#2675=DIRECTION('',(0.,0.,-1.));
#2676=DIRECTION('center_axis',(0.,0.,-1.));
#2677=DIRECTION('ref_axis',(1.,0.,0.));
#2678=DIRECTION('center_axis',(0.,0.,-1.));
#2679=DIRECTION('ref_axis',(1.,0.,0.));
#2680=DIRECTION('',(0.,0.,-1.));
#2681=DIRECTION('center_axis',(0.,0.,1.));
#2682=DIRECTION('ref_axis',(0.,-1.,0.));
#2683=DIRECTION('',(1.,0.,0.));
#2684=DIRECTION('',(0.,1.,0.));
#2685=DIRECTION('center_axis',(1.,0.,0.));
#2686=DIRECTION('ref_axis',(0.,0.,-1.));
#2687=DIRECTION('',(0.,-1.,0.));
#2688=DIRECTION('',(0.,0.,1.));
#2689=DIRECTION('',(0.,1.,0.));
#2690=DIRECTION('center_axis',(0.,0.,1.));
#2691=DIRECTION('ref_axis',(1.,0.,0.));
#2692=DIRECTION('',(0.,1.,0.));
#2693=DIRECTION('',(1.,0.,0.));
#2694=DIRECTION('center_axis',(-1.,0.,0.));
#2695=DIRECTION('ref_axis',(0.,0.,1.));
#2696=DIRECTION('',(0.,-1.,0.));
#2697=DIRECTION('',(0.,0.,-1.));
#2698=DIRECTION('center_axis',(-1.,0.,0.));
#2699=DIRECTION('ref_axis',(0.,0.,1.));
#2700=DIRECTION('',(0.,-1.,0.));
#2701=DIRECTION('',(0.,0.,1.));
#2702=DIRECTION('',(0.,-1.,0.));
#2703=DIRECTION('center_axis',(1.,0.,0.));
#2704=DIRECTION('ref_axis',(0.,0.,-1.));
#2705=DIRECTION('',(0.,0.,-1.));
#2706=DIRECTION('',(0.,1.,0.));
#2707=DIRECTION('center_axis',(0.,1.,0.));
#2708=DIRECTION('ref_axis',(-1.,0.,0.));
#2709=DIRECTION('',(1.,0.,0.));
#2710=DIRECTION('',(0.,0.,1.));
#2711=DIRECTION('',(-1.,0.,0.));
#2712=DIRECTION('',(0.,0.,1.));
#2713=DIRECTION('',(1.,0.,0.));
#2714=DIRECTION('',(0.,0.,1.));
#2715=DIRECTION('',(-1.,0.,0.));
#2716=DIRECTION('',(0.,0.,1.));
#2717=DIRECTION('',(-1.,0.,0.));
#2718=DIRECTION('center_axis',(0.,0.,1.));
#2719=DIRECTION('ref_axis',(1.,0.,0.));
#2720=DIRECTION('',(0.,-1.,0.));
#2721=DIRECTION('',(0.,1.,0.));
#2722=DIRECTION('',(-1.,0.,0.));
#2723=DIRECTION('',(0.,1.,0.));
#2724=DIRECTION('',(1.,0.,0.));
#2725=DIRECTION('',(0.,1.,0.));
#2726=DIRECTION('',(-1.,0.,0.));
#2727=DIRECTION('',(0.,1.,0.));
#2728=DIRECTION('center_axis',(1.,0.,0.));
#2729=DIRECTION('ref_axis',(0.,0.,-1.));
#2730=DIRECTION('',(0.,0.,-1.));
#2731=DIRECTION('',(0.,0.,-1.));
#2732=DIRECTION('',(0.,-1.,0.));
#2733=DIRECTION('',(0.,0.,1.));
#2734=DIRECTION('',(0.,0.,1.));
#2735=DIRECTION('',(0.,-1.,0.));
#2736=DIRECTION('center_axis',(-1.,0.,0.));
#2737=DIRECTION('ref_axis',(0.,0.,1.));
#2738=DIRECTION('',(0.,-1.,0.));
#2739=DIRECTION('center_axis',(0.,0.,-1.));
#2740=DIRECTION('ref_axis',(-1.,0.,0.));
#2741=DIRECTION('',(1.,0.,0.));
#2742=DIRECTION('',(0.,-1.,0.));
#2743=DIRECTION('',(-1.,0.,0.));
#2744=DIRECTION('',(1.,0.,0.));
#2745=DIRECTION('',(0.,-1.,0.));
#2746=DIRECTION('',(0.,1.,0.));
#2747=DIRECTION('center_axis',(0.,-1.,0.));
#2748=DIRECTION('ref_axis',(0.,0.,-1.));
#2749=DIRECTION('',(0.,0.,1.));
#2750=DIRECTION('center_axis',(0.,-1.,0.));
#2751=DIRECTION('ref_axis',(0.,0.,-1.));
#2752=DIRECTION('',(0.,0.,-1.));
#2753=DIRECTION('center_axis',(0.,1.,0.));
#2754=DIRECTION('ref_axis',(0.,0.,-1.));
#2755=DIRECTION('',(0.,0.,1.));
#2756=DIRECTION('center_axis',(0.,-1.,0.));
#2757=DIRECTION('ref_axis',(0.,0.,-1.));
#2758=DIRECTION('',(0.,0.,1.));
#2759=DIRECTION('center_axis',(0.,1.,0.));
#2760=DIRECTION('ref_axis',(0.,0.,1.));
#2761=DIRECTION('',(0.,0.,-1.));
#2762=DIRECTION('center_axis',(0.,-1.,0.));
#2763=DIRECTION('ref_axis',(0.,0.,1.));
#2764=DIRECTION('',(0.,0.,-1.));
#2765=DIRECTION('center_axis',(1.,0.,0.));
#2766=DIRECTION('ref_axis',(0.,0.,-1.));
#2767=DIRECTION('center_axis',(1.,0.,0.));
#2768=DIRECTION('ref_axis',(0.,0.,-1.));
#2769=DIRECTION('center_axis',(1.,0.,0.));
#2770=DIRECTION('ref_axis',(0.,0.,-1.));
#2771=DIRECTION('center_axis',(1.,0.,0.));
#2772=DIRECTION('ref_axis',(0.,0.,-1.));
#2773=DIRECTION('center_axis',(0.,1.,0.));
#2774=DIRECTION('ref_axis',(0.,0.,1.));
#2775=DIRECTION('center_axis',(-1.,0.,0.));
#2776=DIRECTION('ref_axis',(0.,0.,1.));
#2777=DIRECTION('center_axis',(0.,0.,1.));
#2778=DIRECTION('ref_axis',(1.,0.,0.));
#2779=DIRECTION('center_axis',(0.,0.,-1.));
#2780=DIRECTION('ref_axis',(-1.,0.,0.));
#2781=DIRECTION('center_axis',(0.,0.,-1.));
#2782=DIRECTION('ref_axis',(-1.,0.,0.));
#2783=CARTESIAN_POINT('',(0.,0.,0.));
#2784=CARTESIAN_POINT('Origin',(72.75,156.5,0.750000000000002));
#2785=CARTESIAN_POINT('',(63.,155.,0.750000000000002));
#2786=CARTESIAN_POINT('',(77.,155.,0.750000000000002));
#2787=CARTESIAN_POINT('',(72.75,155.,0.750000000000002));
#2788=CARTESIAN_POINT('',(75.5,156.5,2.25));
#2789=CARTESIAN_POINT('Origin',(77.,156.5,0.750000000000002));
#2790=CARTESIAN_POINT('',(64.5,156.5,2.25));
#2791=CARTESIAN_POINT('',(72.75,156.5,2.25));
#2792=CARTESIAN_POINT('Origin',(63.,156.5,0.750000000000002));
#2793=CARTESIAN_POINT('Origin',(77.,156.5,39.625));
#2794=CARTESIAN_POINT('',(77.,155.,10.25));
#2795=CARTESIAN_POINT('',(77.,155.,39.625));
#2796=CARTESIAN_POINT('',(75.5,156.5,8.75));
#2797=CARTESIAN_POINT('Origin',(77.,156.5,10.25));
#2798=CARTESIAN_POINT('',(75.5,156.5,39.625));
#2799=CARTESIAN_POINT('Origin',(63.,156.5,36.375));
#2800=CARTESIAN_POINT('',(64.5,156.5,8.75));
#2801=CARTESIAN_POINT('',(64.5,156.5,36.375));
#2802=CARTESIAN_POINT('',(63.,155.,10.25));
#2803=CARTESIAN_POINT('Origin',(63.,156.5,10.25));
#2804=CARTESIAN_POINT('',(63.,155.,36.375));
#2805=CARTESIAN_POINT('Origin',(67.25,156.5,10.25));
#2806=CARTESIAN_POINT('',(67.25,155.,10.25));
#2807=CARTESIAN_POINT('',(67.25,156.5,8.75));
#2808=CARTESIAN_POINT('Origin',(64.5,155.,2.25));
#2809=CARTESIAN_POINT('',(64.5,197.,2.25));
#2810=CARTESIAN_POINT('',(64.5,155.,2.25));
#2811=CARTESIAN_POINT('',(64.5,197.,8.75));
#2812=CARTESIAN_POINT('',(64.5,197.,2.25));
#2813=CARTESIAN_POINT('',(64.5,155.,8.75));
#2814=CARTESIAN_POINT('Origin',(75.5,155.,2.25));
#2815=CARTESIAN_POINT('',(75.5,197.,2.25));
#2816=CARTESIAN_POINT('',(75.5,155.,2.25));
#2817=CARTESIAN_POINT('',(75.5,197.,2.25));
#2818=CARTESIAN_POINT('Origin',(70.,155.,70.5));
#2819=CARTESIAN_POINT('',(31.,155.,21.));
#2820=CARTESIAN_POINT('',(31.,155.,11.));
#2821=CARTESIAN_POINT('',(31.,155.,45.75));
#2822=CARTESIAN_POINT('',(20.,155.,21.));
#2823=CARTESIAN_POINT('',(45.,155.,21.));
#2824=CARTESIAN_POINT('',(20.,155.,31.));
#2825=CARTESIAN_POINT('',(20.,155.,55.75));
#2826=CARTESIAN_POINT('',(0.,155.,31.));
#2827=CARTESIAN_POINT('',(36.5,155.,31.));
#2828=CARTESIAN_POINT('',(0.,155.,11.));
#2829=CARTESIAN_POINT('',(0.,155.,35.75));
#2830=CARTESIAN_POINT('',(-25.,155.,11.));
#2831=CARTESIAN_POINT('',(35.,155.,11.));
#2832=CARTESIAN_POINT('',(-25.,155.,8.32667268468867E-16));
#2833=CARTESIAN_POINT('',(-25.,155.,38.25));
#2834=CARTESIAN_POINT('',(165.,155.,8.32667268468867E-16));
#2835=CARTESIAN_POINT('',(105.,155.,0.));
#2836=CARTESIAN_POINT('',(165.,155.,11.));
#2837=CARTESIAN_POINT('',(165.,155.,38.25));
#2838=CARTESIAN_POINT('',(140.,155.,11.));
#2839=CARTESIAN_POINT('',(105.,155.,11.));
#2840=CARTESIAN_POINT('',(140.,155.,31.));
#2841=CARTESIAN_POINT('',(140.,155.,105.75));
#2842=CARTESIAN_POINT('',(120.,155.,31.));
#2843=CARTESIAN_POINT('',(95.,155.,31.));
#2844=CARTESIAN_POINT('',(120.,155.,21.));
#2845=CARTESIAN_POINT('',(120.,155.,45.75));
#2846=CARTESIAN_POINT('',(109.,155.,21.));
#2847=CARTESIAN_POINT('',(85.,155.,21.));
#2848=CARTESIAN_POINT('',(109.,155.,11.));
#2849=CARTESIAN_POINT('',(109.,155.,40.75));
#2850=CARTESIAN_POINT('',(55.,155.,11.));
#2851=CARTESIAN_POINT('',(138.,155.,28.5));
#2852=CARTESIAN_POINT('',(122.,155.,28.5));
#2853=CARTESIAN_POINT('',(97.25,155.,28.5));
#2854=CARTESIAN_POINT('',(138.,155.,2.50000000000001));
#2855=CARTESIAN_POINT('',(138.,155.,48.25));
#2856=CARTESIAN_POINT('',(122.,155.,2.5));
#2857=CARTESIAN_POINT('',(102.75,155.,2.5));
#2858=CARTESIAN_POINT('',(122.,155.,37.75));
#2859=CARTESIAN_POINT('',(18.,155.,28.5));
#2860=CARTESIAN_POINT('',(2.,155.,28.5));
#2861=CARTESIAN_POINT('',(37.25,155.,28.5));
#2862=CARTESIAN_POINT('',(18.,155.,2.5));
#2863=CARTESIAN_POINT('',(18.,155.,48.25));
#2864=CARTESIAN_POINT('',(1.99999999999999,155.,2.5));
#2865=CARTESIAN_POINT('',(42.75,155.,2.5));
#2866=CARTESIAN_POINT('',(2.,155.,37.75));
#2867=CARTESIAN_POINT('Origin',(97.25,157.5,28.5));
#2868=CARTESIAN_POINT('',(124.5,157.5,26.));
#2869=CARTESIAN_POINT('Origin',(122.,157.5,28.5));
#2870=CARTESIAN_POINT('',(135.5,157.5,26.));
#2871=CARTESIAN_POINT('',(97.25,157.5,26.));
#2872=CARTESIAN_POINT('Origin',(138.,157.5,28.5));
#2873=CARTESIAN_POINT('Origin',(122.,157.5,37.75));
#2874=CARTESIAN_POINT('',(124.5,157.5,5.));
#2875=CARTESIAN_POINT('Origin',(122.,157.5,2.5));
#2876=CARTESIAN_POINT('',(124.5,157.5,37.75));
#2877=CARTESIAN_POINT('Origin',(102.75,157.5,2.5));
#2878=CARTESIAN_POINT('',(135.5,157.5,5.));
#2879=CARTESIAN_POINT('',(102.75,157.5,5.));
#2880=CARTESIAN_POINT('Origin',(138.,157.5,2.5));
#2881=CARTESIAN_POINT('Origin',(138.,157.5,48.25));
#2882=CARTESIAN_POINT('',(135.5,157.5,48.25));
#2883=CARTESIAN_POINT('Origin',(135.5,155.,26.));
#2884=CARTESIAN_POINT('',(135.5,197.,26.));
#2885=CARTESIAN_POINT('',(135.5,155.,26.));
#2886=CARTESIAN_POINT('',(135.5,197.,5.));
#2887=CARTESIAN_POINT('',(135.5,197.,5.));
#2888=CARTESIAN_POINT('',(135.5,155.,5.));
#2889=CARTESIAN_POINT('Origin',(124.5,155.,26.));
#2890=CARTESIAN_POINT('',(124.5,197.,26.));
#2891=CARTESIAN_POINT('',(124.5,155.,26.));
#2892=CARTESIAN_POINT('',(135.5,197.,26.));
#2893=CARTESIAN_POINT('Origin',(42.75,157.5,2.5));
#2894=CARTESIAN_POINT('',(15.5,157.5,5.));
#2895=CARTESIAN_POINT('Origin',(18.,157.5,2.5));
#2896=CARTESIAN_POINT('',(4.5,157.5,5.));
#2897=CARTESIAN_POINT('',(42.75,157.5,5.));
#2898=CARTESIAN_POINT('Origin',(2.,157.5,2.5));
#2899=CARTESIAN_POINT('Origin',(37.25,157.5,28.5));
#2900=CARTESIAN_POINT('',(4.5,157.5,26.));
#2901=CARTESIAN_POINT('Origin',(2.,157.5,28.5));
#2902=CARTESIAN_POINT('',(15.5,157.5,26.));
#2903=CARTESIAN_POINT('',(37.25,157.5,26.));
#2904=CARTESIAN_POINT('Origin',(18.,157.5,28.5));
#2905=CARTESIAN_POINT('Origin',(2.,157.5,37.75));
#2906=CARTESIAN_POINT('',(4.5,157.5,37.75));
#2907=CARTESIAN_POINT('Origin',(18.,157.5,48.25));
#2908=CARTESIAN_POINT('',(15.5,157.5,48.25));
#2909=CARTESIAN_POINT('Origin',(15.5,155.,26.));
#2910=CARTESIAN_POINT('',(15.5,197.,26.));
#2911=CARTESIAN_POINT('',(15.5,155.,26.));
#2912=CARTESIAN_POINT('',(15.5,197.,5.));
#2913=CARTESIAN_POINT('',(15.5,197.,5.));
#2914=CARTESIAN_POINT('',(15.5,155.,5.));
#2915=CARTESIAN_POINT('Origin',(4.5,155.,26.));
#2916=CARTESIAN_POINT('',(4.5,197.,26.));
#2917=CARTESIAN_POINT('',(4.5,155.,26.));
#2918=CARTESIAN_POINT('',(15.5,197.,26.));
#2919=CARTESIAN_POINT('Origin',(4.5,155.,5.));
#2920=CARTESIAN_POINT('',(4.5,197.,5.));
#2921=CARTESIAN_POINT('',(4.5,155.,5.));
#2922=CARTESIAN_POINT('',(4.5,197.,26.));
#2923=CARTESIAN_POINT('Origin',(15.5,155.,5.));
#2924=CARTESIAN_POINT('',(4.5,197.,5.));
#2925=CARTESIAN_POINT('Origin',(10.,197.,15.5));
#2926=CARTESIAN_POINT('Origin',(75.5,155.,8.75));
#2927=CARTESIAN_POINT('',(75.5,197.,8.75));
#2928=CARTESIAN_POINT('',(75.5,155.,8.75));
#2929=CARTESIAN_POINT('',(75.5,197.,8.75));
#2930=CARTESIAN_POINT('Origin',(64.5,155.,8.75));
#2931=CARTESIAN_POINT('',(64.5,197.,8.75));
#2932=CARTESIAN_POINT('Origin',(70.,197.,5.5));
#2933=CARTESIAN_POINT('Origin',(124.5,155.,5.));
#2934=CARTESIAN_POINT('',(124.5,197.,5.));
#2935=CARTESIAN_POINT('',(124.5,155.,5.));
#2936=CARTESIAN_POINT('',(124.5,197.,26.));
#2937=CARTESIAN_POINT('Origin',(135.5,155.,5.));
#2938=CARTESIAN_POINT('',(124.5,197.,5.));
#2939=CARTESIAN_POINT('Origin',(130.,197.,15.5));
#2940=CARTESIAN_POINT('Origin',(63.,156.5,101.625));
#2941=CARTESIAN_POINT('',(63.,155.,140.75));
#2942=CARTESIAN_POINT('',(63.,155.,131.25));
#2943=CARTESIAN_POINT('',(63.,155.,101.625));
#2944=CARTESIAN_POINT('',(64.5,156.5,132.75));
#2945=CARTESIAN_POINT('Origin',(63.,156.5,131.25));
#2946=CARTESIAN_POINT('',(64.5,156.5,139.25));
#2947=CARTESIAN_POINT('',(64.5,156.5,101.625));
#2948=CARTESIAN_POINT('Origin',(63.,156.5,140.75));
#2949=CARTESIAN_POINT('Origin',(72.75,156.5,131.25));
#2950=CARTESIAN_POINT('',(77.,155.,131.25));
#2951=CARTESIAN_POINT('',(72.75,155.,131.25));
#2952=CARTESIAN_POINT('',(75.5,156.5,132.75));
#2953=CARTESIAN_POINT('Origin',(77.,156.5,131.25));
#2954=CARTESIAN_POINT('',(72.75,156.5,132.75));
#2955=CARTESIAN_POINT('Origin',(77.,156.5,104.875));
#2956=CARTESIAN_POINT('',(75.5,156.5,139.25));
#2957=CARTESIAN_POINT('',(75.5,156.5,104.875));
#2958=CARTESIAN_POINT('',(77.,155.,140.75));
#2959=CARTESIAN_POINT('',(77.,155.,104.875));
#2960=CARTESIAN_POINT('Origin',(77.,156.5,140.75));
#2961=CARTESIAN_POINT('Origin',(67.25,156.5,140.75));
#2962=CARTESIAN_POINT('',(67.25,155.,140.75));
#2963=CARTESIAN_POINT('',(67.25,156.5,139.25));
#2964=CARTESIAN_POINT('Origin',(64.5,155.,139.25));
#2965=CARTESIAN_POINT('',(64.5,197.,139.25));
#2966=CARTESIAN_POINT('',(64.5,155.,139.25));
#2967=CARTESIAN_POINT('',(75.5,197.,139.25));
#2968=CARTESIAN_POINT('',(64.5,197.,139.25));
#2969=CARTESIAN_POINT('',(75.5,155.,139.25));
#2970=CARTESIAN_POINT('Origin',(64.5,155.,132.75));
#2971=CARTESIAN_POINT('',(64.5,197.,132.75));
#2972=CARTESIAN_POINT('',(64.5,155.,132.75));
#2973=CARTESIAN_POINT('',(64.5,197.,132.75));
#2974=CARTESIAN_POINT('Origin',(70.,155.,70.5));
#2975=CARTESIAN_POINT('',(140.,155.,111.));
#2976=CARTESIAN_POINT('',(120.,155.,111.));
#2977=CARTESIAN_POINT('',(103.5,155.,111.));
#2978=CARTESIAN_POINT('',(140.,155.,141.));
#2979=CARTESIAN_POINT('',(140.,155.,105.75));
#2980=CARTESIAN_POINT('',(0.,155.,141.));
#2981=CARTESIAN_POINT('',(35.,155.,141.));
#2982=CARTESIAN_POINT('',(0.,155.,111.));
#2983=CARTESIAN_POINT('',(0.,155.,35.75));
#2984=CARTESIAN_POINT('',(20.,155.,111.));
#2985=CARTESIAN_POINT('',(45.,155.,111.));
#2986=CARTESIAN_POINT('',(20.,155.,121.));
#2987=CARTESIAN_POINT('',(20.,155.,95.75));
#2988=CARTESIAN_POINT('',(31.,155.,121.));
#2989=CARTESIAN_POINT('',(55.,155.,121.));
#2990=CARTESIAN_POINT('',(31.,155.,131.));
#2991=CARTESIAN_POINT('',(31.,155.,100.75));
#2992=CARTESIAN_POINT('',(109.,155.,131.));
#2993=CARTESIAN_POINT('',(85.,155.,131.));
#2994=CARTESIAN_POINT('',(109.,155.,121.));
#2995=CARTESIAN_POINT('',(109.,155.,95.75));
#2996=CARTESIAN_POINT('',(120.,155.,121.));
#2997=CARTESIAN_POINT('',(95.,155.,121.));
#2998=CARTESIAN_POINT('',(120.,155.,85.75));
#2999=CARTESIAN_POINT('',(138.,155.,134.));
#3000=CARTESIAN_POINT('',(122.,155.,134.));
#3001=CARTESIAN_POINT('',(97.25,155.,134.));
#3002=CARTESIAN_POINT('',(138.,155.,118.));
#3003=CARTESIAN_POINT('',(138.,155.,101.));
#3004=CARTESIAN_POINT('',(122.,155.,118.));
#3005=CARTESIAN_POINT('',(102.75,155.,118.));
#3006=CARTESIAN_POINT('',(122.,155.,95.5));
#3007=CARTESIAN_POINT('',(18.,155.,134.));
#3008=CARTESIAN_POINT('',(2.,155.,134.));
#3009=CARTESIAN_POINT('',(37.25,155.,134.));
#3010=CARTESIAN_POINT('',(18.,155.,118.));
#3011=CARTESIAN_POINT('',(18.,155.,101.));
#3012=CARTESIAN_POINT('',(2.,155.,118.));
#3013=CARTESIAN_POINT('',(42.75,155.,118.));
#3014=CARTESIAN_POINT('',(2.,155.,95.5));
#3015=CARTESIAN_POINT('Origin',(75.5,155.,132.75));
#3016=CARTESIAN_POINT('',(75.5,197.,132.75));
#3017=CARTESIAN_POINT('',(75.5,155.,132.75));
#3018=CARTESIAN_POINT('',(75.5,197.,132.75));
#3019=CARTESIAN_POINT('Origin',(75.5,155.,139.25));
#3020=CARTESIAN_POINT('',(75.5,197.,139.25));
#3021=CARTESIAN_POINT('Origin',(70.,197.,136.));
#3022=CARTESIAN_POINT('Origin',(102.75,157.5,118.));
#3023=CARTESIAN_POINT('',(135.5,157.5,120.5));
#3024=CARTESIAN_POINT('Origin',(138.,157.5,118.));
#3025=CARTESIAN_POINT('',(124.5,157.5,120.5));
#3026=CARTESIAN_POINT('',(102.75,157.5,120.5));
#3027=CARTESIAN_POINT('Origin',(122.,157.5,118.));
#3028=CARTESIAN_POINT('Origin',(97.25,157.5,134.));
#3029=CARTESIAN_POINT('',(124.5,157.5,131.5));
#3030=CARTESIAN_POINT('Origin',(122.,157.5,134.));
#3031=CARTESIAN_POINT('',(135.5,157.5,131.5));
#3032=CARTESIAN_POINT('',(97.25,157.5,131.5));
#3033=CARTESIAN_POINT('Origin',(138.,157.5,134.));
#3034=CARTESIAN_POINT('Origin',(122.,157.5,95.5));
#3035=CARTESIAN_POINT('',(124.5,157.5,95.5));
#3036=CARTESIAN_POINT('Origin',(138.,157.5,101.));
#3037=CARTESIAN_POINT('',(135.5,157.5,101.));
#3038=CARTESIAN_POINT('Origin',(135.5,155.,131.5));
#3039=CARTESIAN_POINT('',(135.5,197.,131.5));
#3040=CARTESIAN_POINT('',(135.5,155.,131.5));
#3041=CARTESIAN_POINT('',(135.5,197.,120.5));
#3042=CARTESIAN_POINT('',(135.5,197.,120.5));
#3043=CARTESIAN_POINT('',(135.5,155.,120.5));
#3044=CARTESIAN_POINT('Origin',(124.5,155.,131.5));
#3045=CARTESIAN_POINT('',(124.5,197.,131.5));
#3046=CARTESIAN_POINT('',(124.5,155.,131.5));
#3047=CARTESIAN_POINT('',(135.5,197.,131.5));
#3048=CARTESIAN_POINT('Origin',(124.5,155.,120.5));
#3049=CARTESIAN_POINT('',(124.5,197.,120.5));
#3050=CARTESIAN_POINT('',(124.5,155.,120.5));
#3051=CARTESIAN_POINT('',(124.5,197.,131.5));
#3052=CARTESIAN_POINT('Origin',(135.5,155.,120.5));
#3053=CARTESIAN_POINT('',(124.5,197.,120.5));
#3054=CARTESIAN_POINT('Origin',(130.,197.,126.));
#3055=CARTESIAN_POINT('Origin',(42.75,157.5,118.));
#3056=CARTESIAN_POINT('',(15.5,157.5,120.5));
#3057=CARTESIAN_POINT('Origin',(18.,157.5,118.));
#3058=CARTESIAN_POINT('',(4.5,157.5,120.5));
#3059=CARTESIAN_POINT('',(42.75,157.5,120.5));
#3060=CARTESIAN_POINT('Origin',(2.,157.5,118.));
#3061=CARTESIAN_POINT('Origin',(37.25,157.5,134.));
#3062=CARTESIAN_POINT('',(4.5,157.5,131.5));
#3063=CARTESIAN_POINT('Origin',(2.,157.5,134.));
#3064=CARTESIAN_POINT('',(15.5,157.5,131.5));
#3065=CARTESIAN_POINT('',(37.25,157.5,131.5));
#3066=CARTESIAN_POINT('Origin',(18.,157.5,134.));
#3067=CARTESIAN_POINT('Origin',(2.,157.5,95.5));
#3068=CARTESIAN_POINT('',(4.5,157.5,95.5));
#3069=CARTESIAN_POINT('Origin',(18.,157.5,101.));
#3070=CARTESIAN_POINT('',(15.5,157.5,101.));
#3071=CARTESIAN_POINT('Origin',(15.5,155.,131.5));
#3072=CARTESIAN_POINT('',(15.5,197.,131.5));
#3073=CARTESIAN_POINT('',(15.5,155.,131.5));
#3074=CARTESIAN_POINT('',(15.5,197.,120.5));
#3075=CARTESIAN_POINT('',(15.5,197.,120.5));
#3076=CARTESIAN_POINT('',(15.5,155.,120.5));
#3077=CARTESIAN_POINT('Origin',(4.5,155.,131.5));
#3078=CARTESIAN_POINT('',(4.5,197.,131.5));
#3079=CARTESIAN_POINT('',(4.5,155.,131.5));
#3080=CARTESIAN_POINT('',(15.5,197.,131.5));
#3081=CARTESIAN_POINT('Origin',(4.5,155.,120.5));
#3082=CARTESIAN_POINT('',(4.5,197.,120.5));
#3083=CARTESIAN_POINT('',(4.5,155.,120.5));
#3084=CARTESIAN_POINT('',(4.5,197.,131.5));
#3085=CARTESIAN_POINT('Origin',(15.5,155.,120.5));
#3086=CARTESIAN_POINT('',(4.5,197.,120.5));
#3087=CARTESIAN_POINT('Origin',(10.,197.,126.));
#3088=CARTESIAN_POINT('Origin',(165.,172.75,6.));
#3089=CARTESIAN_POINT('',(165.,345.5,8.32667268468867E-16));
#3090=CARTESIAN_POINT('',(165.,0.,8.32667268468867E-16));
#3091=CARTESIAN_POINT('',(165.,345.5,11.));
#3092=CARTESIAN_POINT('',(165.,345.5,1.));
#3093=CARTESIAN_POINT('',(165.,345.5,11.));
#3094=CARTESIAN_POINT('Origin',(140.,2.5,8.32667268468867E-16));
#3095=CARTESIAN_POINT('',(-25.,345.5,8.32667268468867E-16));
#3096=CARTESIAN_POINT('',(-25.,0.,8.32667268468867E-16));
#3097=CARTESIAN_POINT('',(140.,345.5,8.32667268468867E-16));
#3098=CARTESIAN_POINT('',(152.250002346933,171.,5.55111512312578E-16));
#3099=CARTESIAN_POINT('Origin',(157.500002346933,171.,5.55111512312578E-16));
#3100=CARTESIAN_POINT('',(152.250002346933,196.,5.55111512312578E-16));
#3101=CARTESIAN_POINT('Origin',(157.500002346933,196.,5.55111512312578E-16));
#3102=CARTESIAN_POINT('',(152.250002346933,221.,5.55111512312578E-16));
#3103=CARTESIAN_POINT('Origin',(157.500002346933,221.,5.55111512312578E-16));
#3104=CARTESIAN_POINT('',(152.250002346933,246.,5.55111512312578E-16));
#3105=CARTESIAN_POINT('Origin',(157.500002346933,246.,5.55111512312578E-16));
#3106=CARTESIAN_POINT('',(152.250002346933,271.,5.55111512312578E-16));
#3107=CARTESIAN_POINT('Origin',(157.500002346933,271.,5.55111512312578E-16));
#3108=CARTESIAN_POINT('',(152.250002346933,296.,5.55111512312578E-16));
#3109=CARTESIAN_POINT('Origin',(157.500002346933,296.,5.55111512312578E-16));
#3110=CARTESIAN_POINT('',(152.250002346933,321.,5.55111512312578E-16));
#3111=CARTESIAN_POINT('Origin',(157.500002346933,321.,5.55111512312578E-16));
#3112=CARTESIAN_POINT('',(-12.250002346933,171.,5.55111512312578E-16));
#3113=CARTESIAN_POINT('Origin',(-17.500002346933,171.,5.55111512312578E-16));
#3114=CARTESIAN_POINT('',(-12.250002346933,196.,5.55111512312578E-16));
#3115=CARTESIAN_POINT('Origin',(-17.500002346933,196.,5.55111512312578E-16));
#3116=CARTESIAN_POINT('',(-12.250002346933,221.,5.55111512312578E-16));
#3117=CARTESIAN_POINT('Origin',(-17.500002346933,221.,5.55111512312578E-16));
#3118=CARTESIAN_POINT('',(-12.250002346933,246.,5.55111512312578E-16));
#3119=CARTESIAN_POINT('Origin',(-17.500002346933,246.,5.55111512312578E-16));
#3120=CARTESIAN_POINT('',(-12.250002346933,271.,5.55111512312578E-16));
#3121=CARTESIAN_POINT('Origin',(-17.500002346933,271.,5.55111512312578E-16));
#3122=CARTESIAN_POINT('',(-12.250002346933,296.,5.55111512312578E-16));
#3123=CARTESIAN_POINT('Origin',(-17.500002346933,296.,5.55111512312578E-16));
#3124=CARTESIAN_POINT('',(-12.250002346933,321.,5.55111512312578E-16));
#3125=CARTESIAN_POINT('Origin',(-17.500002346933,321.,5.55111512312578E-16));
#3126=CARTESIAN_POINT('Origin',(-25.,172.75,6.));
#3127=CARTESIAN_POINT('',(-25.,345.5,11.));
#3128=CARTESIAN_POINT('',(-25.,345.5,11.));
#3129=CARTESIAN_POINT('',(-25.,345.5,1.));
#3130=CARTESIAN_POINT('Origin',(0.,0.,11.));
#3131=CARTESIAN_POINT('',(0.,345.5,11.));
#3132=CARTESIAN_POINT('',(0.,1.25,11.));
#3133=CARTESIAN_POINT('',(0.,345.5,11.));
#3134=CARTESIAN_POINT('',(-12.250002346933,171.,11.));
#3135=CARTESIAN_POINT('Origin',(-17.500002346933,171.,11.));
#3136=CARTESIAN_POINT('',(-12.250002346933,196.,11.));
#3137=CARTESIAN_POINT('Origin',(-17.500002346933,196.,11.));
#3138=CARTESIAN_POINT('',(-12.250002346933,221.,11.));
#3139=CARTESIAN_POINT('Origin',(-17.500002346933,221.,11.));
#3140=CARTESIAN_POINT('',(-12.250002346933,246.,11.));
#3141=CARTESIAN_POINT('Origin',(-17.500002346933,246.,11.));
#3142=CARTESIAN_POINT('',(-12.250002346933,271.,11.));
#3143=CARTESIAN_POINT('Origin',(-17.500002346933,271.,11.));
#3144=CARTESIAN_POINT('',(-12.250002346933,296.,11.));
#3145=CARTESIAN_POINT('Origin',(-17.500002346933,296.,11.));
#3146=CARTESIAN_POINT('',(-12.250002346933,321.,11.));
#3147=CARTESIAN_POINT('Origin',(-17.500002346933,321.,11.));
#3148=CARTESIAN_POINT('Origin',(3.,2.5,31.));
#3149=CARTESIAN_POINT('',(20.,343.,31.));
#3150=CARTESIAN_POINT('',(20.,2.5,31.));
#3151=CARTESIAN_POINT('',(10.,343.,31.));
#3152=CARTESIAN_POINT('',(3.,343.,31.));
#3153=CARTESIAN_POINT('',(10.,325.500005148351,31.));
#3154=CARTESIAN_POINT('',(10.,2.5,31.));
#3155=CARTESIAN_POINT('',(0.,325.500005148351,31.));
#3156=CARTESIAN_POINT('',(5.,325.500005148351,31.));
#3157=CARTESIAN_POINT('',(8.88178419700125E-15,234.500003494322,31.));
#3158=CARTESIAN_POINT('',(0.,2.5,31.));
#3159=CARTESIAN_POINT('',(10.,234.500003494322,31.));
#3160=CARTESIAN_POINT('',(5.,234.500003494322,31.));
#3161=CARTESIAN_POINT('',(10.,224.500003345311,31.));
#3162=CARTESIAN_POINT('',(10.,2.5,31.));
#3163=CARTESIAN_POINT('',(8.88178419700125E-15,224.500003345311,31.));
#3164=CARTESIAN_POINT('',(5.,224.500003345311,31.));
#3165=CARTESIAN_POINT('',(0.,2.5,31.));
#3166=CARTESIAN_POINT('Origin',(20.,2.5,41.));
#3167=CARTESIAN_POINT('',(20.,343.,21.));
#3168=CARTESIAN_POINT('',(20.,2.5,21.));
#3169=CARTESIAN_POINT('',(20.,343.,21.));
#3170=CARTESIAN_POINT('Origin',(20.,2.5,21.));
#3171=CARTESIAN_POINT('',(31.,343.,21.));
#3172=CARTESIAN_POINT('',(31.,2.5,21.));
#3173=CARTESIAN_POINT('',(120.,343.,21.));
#3174=CARTESIAN_POINT('Origin',(40.,2.5,121.));
#3175=CARTESIAN_POINT('',(20.,343.,121.));
#3176=CARTESIAN_POINT('',(20.,2.5,121.));
#3177=CARTESIAN_POINT('',(31.,343.,121.));
#3178=CARTESIAN_POINT('',(20.,343.,121.));
#3179=CARTESIAN_POINT('',(31.,2.5,121.));
#3180=CARTESIAN_POINT('Origin',(20.,2.5,121.));
#3181=CARTESIAN_POINT('',(20.,343.,111.));
#3182=CARTESIAN_POINT('',(20.,2.5,111.));
#3183=CARTESIAN_POINT('',(20.,343.,21.));
#3184=CARTESIAN_POINT('Origin',(20.,2.5,111.));
#3185=CARTESIAN_POINT('',(8.88178419700125E-15,224.500003345311,111.));
#3186=CARTESIAN_POINT('',(0.,2.5,111.));
#3187=CARTESIAN_POINT('',(10.,224.500003345311,111.));
#3188=CARTESIAN_POINT('',(5.,224.500003345311,111.));
#3189=CARTESIAN_POINT('',(10.,234.500003494322,111.));
#3190=CARTESIAN_POINT('',(10.,2.5,111.));
#3191=CARTESIAN_POINT('',(8.88178419700125E-15,234.500003494322,111.));
#3192=CARTESIAN_POINT('',(5.,234.500003494322,111.));
#3193=CARTESIAN_POINT('',(0.,325.500005148351,111.));
#3194=CARTESIAN_POINT('',(0.,2.5,111.));
#3195=CARTESIAN_POINT('',(10.,325.500005148351,111.));
#3196=CARTESIAN_POINT('',(5.,325.500005148351,111.));
#3197=CARTESIAN_POINT('',(10.,343.,111.));
#3198=CARTESIAN_POINT('',(10.,2.5,111.));
#3199=CARTESIAN_POINT('',(20.,343.,111.));
#3200=CARTESIAN_POINT('Origin',(0.,2.5,1.));
#3201=CARTESIAN_POINT('',(0.,224.500003345311,51.));
#3202=CARTESIAN_POINT('',(0.,345.5,141.));
#3203=CARTESIAN_POINT('',(0.,2.5,141.));
#3204=CARTESIAN_POINT('',(0.,345.5,141.));
#3205=CARTESIAN_POINT('',(0.,234.500003494322,21.));
#3206=CARTESIAN_POINT('',(0.,325.500005148351,11.0000008940697));
#3207=CARTESIAN_POINT('Origin',(0.,2.5,141.));
#3208=CARTESIAN_POINT('',(140.,345.5,141.));
#3209=CARTESIAN_POINT('',(140.,2.5,141.));
#3210=CARTESIAN_POINT('',(140.,345.5,141.));
#3211=CARTESIAN_POINT('Origin',(-17.500002346933,321.,3.5));
#3212=CARTESIAN_POINT('',(-12.250002346933,321.,3.5));
#3213=CARTESIAN_POINT('Origin',(-17.500002346933,296.,3.5));
#3214=CARTESIAN_POINT('',(-12.250002346933,296.,3.5));
#3215=CARTESIAN_POINT('Origin',(-17.500002346933,271.,3.5));
#3216=CARTESIAN_POINT('',(-12.250002346933,271.,3.5));
#3217=CARTESIAN_POINT('Origin',(-17.500002346933,246.,3.5));
#3218=CARTESIAN_POINT('',(-12.250002346933,246.,3.5));
#3219=CARTESIAN_POINT('Origin',(-17.500002346933,221.,3.5));
#3220=CARTESIAN_POINT('',(-12.250002346933,221.,3.5));
#3221=CARTESIAN_POINT('Origin',(-17.500002346933,196.,3.5));
#3222=CARTESIAN_POINT('',(-12.250002346933,196.,3.5));
#3223=CARTESIAN_POINT('Origin',(-17.500002346933,171.,3.5));
#3224=CARTESIAN_POINT('',(-12.250002346933,171.,3.5));
#3225=CARTESIAN_POINT('Origin',(157.500002346933,321.,3.5));
#3226=CARTESIAN_POINT('',(152.250002346933,321.,11.));
#3227=CARTESIAN_POINT('Origin',(157.500002346933,321.,11.));
#3228=CARTESIAN_POINT('',(152.250002346933,321.,3.5));
#3229=CARTESIAN_POINT('Origin',(157.500002346933,296.,3.5));
#3230=CARTESIAN_POINT('',(152.250002346933,296.,11.));
#3231=CARTESIAN_POINT('Origin',(157.500002346933,296.,11.));
#3232=CARTESIAN_POINT('',(152.250002346933,296.,3.5));
#3233=CARTESIAN_POINT('Origin',(157.500002346933,271.,3.5));
#3234=CARTESIAN_POINT('',(152.250002346933,271.,11.));
#3235=CARTESIAN_POINT('Origin',(157.500002346933,271.,11.));
#3236=CARTESIAN_POINT('',(152.250002346933,271.,3.5));
#3237=CARTESIAN_POINT('Origin',(157.500002346933,246.,3.5));
#3238=CARTESIAN_POINT('',(152.250002346933,246.,11.));
#3239=CARTESIAN_POINT('Origin',(157.500002346933,246.,11.));
#3240=CARTESIAN_POINT('',(152.250002346933,246.,3.5));
#3241=CARTESIAN_POINT('Origin',(157.500002346933,221.,3.5));
#3242=CARTESIAN_POINT('',(152.250002346933,221.,11.));
#3243=CARTESIAN_POINT('Origin',(157.500002346933,221.,11.));
#3244=CARTESIAN_POINT('',(152.250002346933,221.,3.5));
#3245=CARTESIAN_POINT('Origin',(157.500002346933,196.,3.5));
#3246=CARTESIAN_POINT('',(152.250002346933,196.,11.));
#3247=CARTESIAN_POINT('Origin',(157.500002346933,196.,11.));
#3248=CARTESIAN_POINT('',(152.250002346933,196.,3.5));
#3249=CARTESIAN_POINT('Origin',(157.500002346933,171.,3.5));
#3250=CARTESIAN_POINT('',(152.250002346933,171.,11.));
#3251=CARTESIAN_POINT('Origin',(157.500002346933,171.,11.));
#3252=CARTESIAN_POINT('',(152.250002346933,171.,3.5));
#3253=CARTESIAN_POINT('Origin',(140.,345.5,11.));
#3254=CARTESIAN_POINT('',(140.,345.5,11.));
#3255=CARTESIAN_POINT('',(140.,345.5,11.));
#3256=CARTESIAN_POINT('',(140.,174.,11.));
#3257=CARTESIAN_POINT('Origin',(109.,2.5,11.));
#3258=CARTESIAN_POINT('',(109.,343.,21.));
#3259=CARTESIAN_POINT('',(109.,2.5,21.));
#3260=CARTESIAN_POINT('',(109.,343.,11.));
#3261=CARTESIAN_POINT('',(109.,343.,21.));
#3262=CARTESIAN_POINT('',(109.,2.5,11.));
#3263=CARTESIAN_POINT('Origin',(100.,2.5,21.));
#3264=CARTESIAN_POINT('',(120.,343.,21.));
#3265=CARTESIAN_POINT('',(120.,2.5,21.));
#3266=CARTESIAN_POINT('',(120.,343.,21.));
#3267=CARTESIAN_POINT('Origin',(31.,2.5,21.));
#3268=CARTESIAN_POINT('',(31.,343.,11.));
#3269=CARTESIAN_POINT('',(31.,2.5,11.));
#3270=CARTESIAN_POINT('',(31.,343.,11.));
#3271=CARTESIAN_POINT('Origin',(109.,2.5,121.));
#3272=CARTESIAN_POINT('',(109.,343.,131.));
#3273=CARTESIAN_POINT('',(109.,2.5,131.));
#3274=CARTESIAN_POINT('',(109.,343.,121.));
#3275=CARTESIAN_POINT('',(109.,343.,96.));
#3276=CARTESIAN_POINT('',(109.,2.5,121.));
#3277=CARTESIAN_POINT('Origin',(31.,2.5,131.));
#3278=CARTESIAN_POINT('',(31.,343.,131.));
#3279=CARTESIAN_POINT('',(31.,343.,101.));
#3280=CARTESIAN_POINT('',(31.,2.5,131.));
#3281=CARTESIAN_POINT('Origin',(70.,343.,71.));
#3282=CARTESIAN_POINT('',(100.,343.,131.));
#3283=CARTESIAN_POINT('',(10.,343.,101.));
#3284=CARTESIAN_POINT('',(40.,343.,11.));
#3285=CARTESIAN_POINT('',(120.,343.,31.));
#3286=CARTESIAN_POINT('',(120.,343.,121.));
#3287=CARTESIAN_POINT('',(130.,343.,31.));
#3288=CARTESIAN_POINT('',(127.,343.,31.));
#3289=CARTESIAN_POINT('',(130.,343.,111.));
#3290=CARTESIAN_POINT('',(130.,343.,101.));
#3291=CARTESIAN_POINT('',(120.,343.,111.));
#3292=CARTESIAN_POINT('',(120.,343.,111.));
#3293=CARTESIAN_POINT('',(120.,343.,121.));
#3294=CARTESIAN_POINT('',(120.,343.,121.));
#3295=CARTESIAN_POINT('',(90.25,343.,121.));
#3296=CARTESIAN_POINT('Origin',(137.,2.5,111.));
#3297=CARTESIAN_POINT('',(120.,2.5,111.));
#3298=CARTESIAN_POINT('',(130.,325.5,111.));
#3299=CARTESIAN_POINT('',(130.,2.5,111.));
#3300=CARTESIAN_POINT('',(140.,325.5,111.));
#3301=CARTESIAN_POINT('',(135.,325.5,111.));
#3302=CARTESIAN_POINT('',(140.,234.500003419816,111.));
#3303=CARTESIAN_POINT('',(140.,2.5,111.));
#3304=CARTESIAN_POINT('',(130.,234.500003419816,111.));
#3305=CARTESIAN_POINT('',(135.,234.500003419816,111.));
#3306=CARTESIAN_POINT('',(130.,224.500003419816,111.));
#3307=CARTESIAN_POINT('',(130.,2.5,111.));
#3308=CARTESIAN_POINT('',(140.,224.500003419816,111.));
#3309=CARTESIAN_POINT('',(135.,224.500003419816,111.));
#3310=CARTESIAN_POINT('',(140.,2.5,111.));
#3311=CARTESIAN_POINT('Origin',(140.,2.5,141.));
#3312=CARTESIAN_POINT('',(140.,345.5,1.));
#3313=CARTESIAN_POINT('',(140.,224.500003419816,31.));
#3314=CARTESIAN_POINT('',(140.,224.500003419816,91.));
#3315=CARTESIAN_POINT('',(140.,2.5,31.));
#3316=CARTESIAN_POINT('',(140.,234.500003419816,31.));
#3317=CARTESIAN_POINT('',(140.,234.500003419816,121.));
#3318=CARTESIAN_POINT('',(140.,325.5,31.));
#3319=CARTESIAN_POINT('',(140.,325.5,131.00000089407));
#3320=CARTESIAN_POINT('',(140.,2.5,31.));
#3321=CARTESIAN_POINT('Origin',(120.,2.5,101.));
#3322=CARTESIAN_POINT('',(120.,2.5,121.));
#3323=CARTESIAN_POINT('Origin',(120.,2.5,31.));
#3324=CARTESIAN_POINT('',(130.,224.500003419816,31.));
#3325=CARTESIAN_POINT('',(135.,224.500003419816,31.));
#3326=CARTESIAN_POINT('',(130.,234.500003419816,31.));
#3327=CARTESIAN_POINT('',(130.,2.5,31.));
#3328=CARTESIAN_POINT('',(135.,234.500003419816,31.));
#3329=CARTESIAN_POINT('',(130.,325.5,31.));
#3330=CARTESIAN_POINT('',(135.,325.5,31.));
#3331=CARTESIAN_POINT('',(130.,2.5,31.));
#3332=CARTESIAN_POINT('',(120.,2.5,31.));
#3333=CARTESIAN_POINT('Origin',(0.,234.500003494322,121.000001788139));
#3334=CARTESIAN_POINT('',(10.,234.500003494322,111.00000089407));
#3335=CARTESIAN_POINT('Origin',(140.,325.5,121.000001788139));
#3336=CARTESIAN_POINT('',(130.,325.5,121.000001788139));
#3337=CARTESIAN_POINT('Origin',(140.,224.500003419816,121.000001788139));
#3338=CARTESIAN_POINT('',(130.,224.500003419816,81.0000008940697));
#3339=CARTESIAN_POINT('Origin',(0.,325.500005148351,21.0000017881393));
#3340=CARTESIAN_POINT('',(10.,325.500005148351,121.000001788139));
#3341=CARTESIAN_POINT('Origin',(0.,224.500003345311,21.0000017881393));
#3342=CARTESIAN_POINT('',(10.,224.500003345311,61.0000008940697));
#3343=CARTESIAN_POINT('Origin',(140.,234.500003419816,21.0000017881394));
#3344=CARTESIAN_POINT('',(130.,234.500003419816,31.0000008940697));
#3345=CARTESIAN_POINT('Origin',(130.,2.5,41.));
#3346=CARTESIAN_POINT('Origin',(130.,2.5,41.));
#3347=CARTESIAN_POINT('Origin',(10.,2.5,101.));
#3348=CARTESIAN_POINT('Origin',(10.,2.5,101.));
#3349=CARTESIAN_POINT('Origin',(70.,345.5,71.));
#3350=CARTESIAN_POINT('Origin',(120.,2.5,21.));
#3351=CARTESIAN_POINT('Origin',(40.,2.5,11.));
#3352=CARTESIAN_POINT('Origin',(100.,2.5,131.));
#3353=CARTESIAN_POINT('Origin',(120.,2.5,121.));
#3354=UNCERTAINTY_MEASURE_WITH_UNIT(LENGTH_MEASURE(0.01),#3358,
'DISTANCE_ACCURACY_VALUE',
'Maximum model space distance between geometric entities at asserted c
onnectivities');
#3355=UNCERTAINTY_MEASURE_WITH_UNIT(LENGTH_MEASURE(0.01),#3358,
'DISTANCE_ACCURACY_VALUE',
'Maximum model space distance between geometric entities at asserted c
onnectivities');
#3356=(
GEOMETRIC_REPRESENTATION_CONTEXT(3)
GLOBAL_UNCERTAINTY_ASSIGNED_CONTEXT((#3354))
GLOBAL_UNIT_ASSIGNED_CONTEXT((#3358,#3360,#3361))
REPRESENTATION_CONTEXT('','3D')
);
#3357=(
GEOMETRIC_REPRESENTATION_CONTEXT(3)
GLOBAL_UNCERTAINTY_ASSIGNED_CONTEXT((#3355))
GLOBAL_UNIT_ASSIGNED_CONTEXT((#3358,#3360,#3361))
REPRESENTATION_CONTEXT('','3D')
);
#3358=(
LENGTH_UNIT()
NAMED_UNIT(*)
SI_UNIT(.MILLI.,.METRE.)
);
#3359=(
LENGTH_UNIT()
NAMED_UNIT(*)
SI_UNIT($,.METRE.)
);
#3360=(
NAMED_UNIT(*)
PLANE_ANGLE_UNIT()
SI_UNIT($,.RADIAN.)
);
#3361=(
NAMED_UNIT(*)
SI_UNIT($,.STERADIAN.)
SOLID_ANGLE_UNIT()
);
#3362=SHAPE_DEFINITION_REPRESENTATION(#3363,#3364);
#3363=PRODUCT_DEFINITION_SHAPE('',$,#3366);
#3364=SHAPE_REPRESENTATION('',(#2070),#3356);
#3365=PRODUCT_DEFINITION_CONTEXT('part definition',#3370,'design');
#3366=PRODUCT_DEFINITION('2026-03-21-21-28-04-576','body 2 Jig',#3367,#3365);
#3367=PRODUCT_DEFINITION_FORMATION('',$,#3372);
#3368=PRODUCT_RELATED_PRODUCT_CATEGORY('body 2 Jig','body 2 Jig',(#3372));
#3369=APPLICATION_PROTOCOL_DEFINITION('international standard',
'automotive_design',2009,#3370);
#3370=APPLICATION_CONTEXT(
'Core Data for Automotive Mechanical Design Process');
#3371=PRODUCT_CONTEXT('part definition',#3370,'mechanical');
#3372=PRODUCT('2026-03-21-21-28-04-576','body 2 Jig',$,(#3371));
#3373=PRESENTATION_STYLE_ASSIGNMENT((#3375));
#3374=PRESENTATION_STYLE_ASSIGNMENT((#3376));
#3375=SURFACE_STYLE_USAGE(.BOTH.,#3377);
#3376=SURFACE_STYLE_USAGE(.BOTH.,#3378);
#3377=SURFACE_SIDE_STYLE('',(#3379));
#3378=SURFACE_SIDE_STYLE('',(#3380));
#3379=SURFACE_STYLE_FILL_AREA(#3381);
#3380=SURFACE_STYLE_FILL_AREA(#3382);
#3381=FILL_AREA_STYLE('Plate',(#3383));
#3382=FILL_AREA_STYLE('Opaque(160,160,160)',(#3384));
#3383=FILL_AREA_STYLE_COLOUR('Plate',#3385);
#3384=FILL_AREA_STYLE_COLOUR('Opaque(160,160,160)',#3386);
#3385=COLOUR_RGB('Plate',0.6,0.6,0.6);
#3386=COLOUR_RGB('Opaque(160,160,160)',0.627450980392157,0.627450980392157,
0.627450980392157);
ENDSEC;
END-ISO-10303-21;
