ISO-10303-21;
HEADER;
/* Generated by software containing ST-Developer
 * from STEP Tools, Inc. (www.steptools.com) 
 */

FILE_DESCRIPTION(
/* description */ (''),
/* implementation_level */ '2;1');

FILE_NAME(
/* name */ 'forward closure with thread.step',
/* time_stamp */ '2026-03-04T21:10:10+08:00',
/* author */ (''),
/* organization */ (''),
/* preprocessor_version */ 'ST-DEVELOPER v20.1',
/* originating_system */ 'Autodesk Translation Framework v14.24.0.0',
/* authorisation */ '');

FILE_SCHEMA (('AUTOMOTIVE_DESIGN { 1 0 10303 214 3 1 1 }'));
ENDSEC;

DATA;
#10=MECHANICAL_DESIGN_GEOMETRIC_PRESENTATION_REPRESENTATION('',(#13),#10177);
#11=SHAPE_REPRESENTATION_RELATIONSHIP('SRR','None',#10184,#12);
#12=ADVANCED_BREP_SHAPE_REPRESENTATION('',(#14),#10176);
#13=STYLED_ITEM('',(#10193),#14);
#14=MANIFOLD_SOLID_BREP('Body1',#2338);
#15=PLANE('',#2473);
#16=PLANE('',#2474);
#17=PLANE('',#2475);
#18=PLANE('',#2477);
#19=PLANE('',#2478);
#20=PLANE('',#2480);
#21=PLANE('',#2486);
#22=PLANE('',#2487);
#23=PLANE('',#2488);
#24=B_SPLINE_SURFACE_WITH_KNOTS('',3,3,((#6614,#6615,#6616,#6617,#6618,
#6619,#6620,#6621,#6622,#6623,#6624,#6625,#6626,#6627,#6628,#6629,#6630,
#6631,#6632,#6633,#6634,#6635,#6636,#6637,#6638,#6639,#6640,#6641,#6642,
#6643,#6644,#6645,#6646,#6647,#6648,#6649,#6650,#6651,#6652,#6653,#6654,
#6655,#6656,#6657,#6658,#6659,#6660,#6661,#6662,#6663,#6664,#6665,#6666,
#6667,#6668,#6669,#6670,#6671,#6672,#6673,#6674,#6675,#6676,#6677,#6678,
#6679,#6680,#6681,#6682,#6683,#6684,#6685,#6686,#6687,#6688,#6689,#6690,
#6691,#6692,#6693),(#6694,#6695,#6696,#6697,#6698,#6699,#6700,#6701,#6702,
#6703,#6704,#6705,#6706,#6707,#6708,#6709,#6710,#6711,#6712,#6713,#6714,
#6715,#6716,#6717,#6718,#6719,#6720,#6721,#6722,#6723,#6724,#6725,#6726,
#6727,#6728,#6729,#6730,#6731,#6732,#6733,#6734,#6735,#6736,#6737,#6738,
#6739,#6740,#6741,#6742,#6743,#6744,#6745,#6746,#6747,#6748,#6749,#6750,
#6751,#6752,#6753,#6754,#6755,#6756,#6757,#6758,#6759,#6760,#6761,#6762,
#6763,#6764,#6765,#6766,#6767,#6768,#6769,#6770,#6771,#6772,#6773),(#6774,
#6775,#6776,#6777,#6778,#6779,#6780,#6781,#6782,#6783,#6784,#6785,#6786,
#6787,#6788,#6789,#6790,#6791,#6792,#6793,#6794,#6795,#6796,#6797,#6798,
#6799,#6800,#6801,#6802,#6803,#6804,#6805,#6806,#6807,#6808,#6809,#6810,
#6811,#6812,#6813,#6814,#6815,#6816,#6817,#6818,#6819,#6820,#6821,#6822,
#6823,#6824,#6825,#6826,#6827,#6828,#6829,#6830,#6831,#6832,#6833,#6834,
#6835,#6836,#6837,#6838,#6839,#6840,#6841,#6842,#6843,#6844,#6845,#6846,
#6847,#6848,#6849,#6850,#6851,#6852,#6853),(#6854,#6855,#6856,#6857,#6858,
#6859,#6860,#6861,#6862,#6863,#6864,#6865,#6866,#6867,#6868,#6869,#6870,
#6871,#6872,#6873,#6874,#6875,#6876,#6877,#6878,#6879,#6880,#6881,#6882,
#6883,#6884,#6885,#6886,#6887,#6888,#6889,#6890,#6891,#6892,#6893,#6894,
#6895,#6896,#6897,#6898,#6899,#6900,#6901,#6902,#6903,#6904,#6905,#6906,
#6907,#6908,#6909,#6910,#6911,#6912,#6913,#6914,#6915,#6916,#6917,#6918,
#6919,#6920,#6921,#6922,#6923,#6924,#6925,#6926,#6927,#6928,#6929,#6930,
#6931,#6932,#6933)),.UNSPECIFIED.,.F.,.F.,.F.,(4,4),(4,1,1,1,1,1,1,1,1,
1,1,1,1,1,1,1,1,1,1,1,1,1,1,1,1,1,1,1,1,1,1,1,1,1,1,1,1,1,1,1,1,1,1,1,1,
1,1,1,1,1,1,1,1,1,1,1,1,1,1,1,1,1,1,1,1,1,1,1,1,1,1,1,1,1,1,1,1,4),(0.,
0.0321815040046299),(19.2317362913224,20.2233880445332,21.215039797744,
22.2066915509549,23.1983433041657,24.1899950573765,25.1816468105873,26.1732985637982,
27.164950317009,28.1566020702198,29.1482538234306,30.1399055766414,31.1315573298523,
32.1232090830631,33.1148608362739,34.1065125894847,35.0981643426956,36.0898160959064,
37.0814678491172,38.073119602328,39.0647713555388,40.0564231087497,41.0480748619605,
42.0397266151713,43.0313783683821,44.023030121593,45.0146818748038,46.0063336280146,
46.9979853812254,47.9896371344362,48.9812888876471,49.9729406408579,50.9645923940687,
51.9562441472795,52.9478959004904,53.9395476537012,54.931199406912,55.9228511601228,
56.9145029133336,57.9061546665445,58.8978064197553,59.8894581729661,60.8811099261769,
61.8727616793878,62.8644134325986,63.8560651858094,64.8477169390202,65.839368692231,
66.8310204454419,67.8226721986527,68.8143239518635,69.8059757050743,70.7976274582851,
71.789279211496,72.7809309647068,73.7725827179176,74.7642344711284,75.7558862243393,
76.7475379775501,77.7391897307609,78.7308414839717,79.7224932371825,80.7141449903934,
81.7057967436042,82.697448496815,83.6891002500258,84.6807520032366,85.6724037564475,
86.6640555096583,87.6557072628691,88.6473590160799,89.6390107692908,90.6306625225016,
91.6223142757124,92.6139660289232,93.6056177821341,94.5972695353449,95.5889212885557),
 .UNSPECIFIED.);
#25=B_SPLINE_SURFACE_WITH_KNOTS('',3,3,((#7093,#7094,#7095,#7096,#7097,
#7098,#7099,#7100,#7101,#7102,#7103,#7104,#7105,#7106,#7107,#7108,#7109,
#7110,#7111,#7112,#7113,#7114,#7115,#7116,#7117,#7118,#7119,#7120,#7121,
#7122,#7123,#7124,#7125,#7126,#7127,#7128,#7129,#7130,#7131,#7132,#7133,
#7134,#7135,#7136,#7137,#7138,#7139,#7140,#7141,#7142,#7143,#7144,#7145,
#7146,#7147,#7148,#7149,#7150,#7151,#7152,#7153,#7154,#7155,#7156,#7157,
#7158,#7159,#7160,#7161,#7162,#7163,#7164,#7165,#7166,#7167,#7168,#7169,
#7170,#7171,#7172),(#7173,#7174,#7175,#7176,#7177,#7178,#7179,#7180,#7181,
#7182,#7183,#7184,#7185,#7186,#7187,#7188,#7189,#7190,#7191,#7192,#7193,
#7194,#7195,#7196,#7197,#7198,#7199,#7200,#7201,#7202,#7203,#7204,#7205,
#7206,#7207,#7208,#7209,#7210,#7211,#7212,#7213,#7214,#7215,#7216,#7217,
#7218,#7219,#7220,#7221,#7222,#7223,#7224,#7225,#7226,#7227,#7228,#7229,
#7230,#7231,#7232,#7233,#7234,#7235,#7236,#7237,#7238,#7239,#7240,#7241,
#7242,#7243,#7244,#7245,#7246,#7247,#7248,#7249,#7250,#7251,#7252),(#7253,
#7254,#7255,#7256,#7257,#7258,#7259,#7260,#7261,#7262,#7263,#7264,#7265,
#7266,#7267,#7268,#7269,#7270,#7271,#7272,#7273,#7274,#7275,#7276,#7277,
#7278,#7279,#7280,#7281,#7282,#7283,#7284,#7285,#7286,#7287,#7288,#7289,
#7290,#7291,#7292,#7293,#7294,#7295,#7296,#7297,#7298,#7299,#7300,#7301,
#7302,#7303,#7304,#7305,#7306,#7307,#7308,#7309,#7310,#7311,#7312,#7313,
#7314,#7315,#7316,#7317,#7318,#7319,#7320,#7321,#7322,#7323,#7324,#7325,
#7326,#7327,#7328,#7329,#7330,#7331,#7332),(#7333,#7334,#7335,#7336,#7337,
#7338,#7339,#7340,#7341,#7342,#7343,#7344,#7345,#7346,#7347,#7348,#7349,
#7350,#7351,#7352,#7353,#7354,#7355,#7356,#7357,#7358,#7359,#7360,#7361,
#7362,#7363,#7364,#7365,#7366,#7367,#7368,#7369,#7370,#7371,#7372,#7373,
#7374,#7375,#7376,#7377,#7378,#7379,#7380,#7381,#7382,#7383,#7384,#7385,
#7386,#7387,#7388,#7389,#7390,#7391,#7392,#7393,#7394,#7395,#7396,#7397,
#7398,#7399,#7400,#7401,#7402,#7403,#7404,#7405,#7406,#7407,#7408,#7409,
#7410,#7411,#7412)),.UNSPECIFIED.,.F.,.F.,.F.,(4,4),(4,1,1,1,1,1,1,1,1,
1,1,1,1,1,1,1,1,1,1,1,1,1,1,1,1,1,1,1,1,1,1,1,1,1,1,1,1,1,1,1,1,1,1,1,1,
1,1,1,1,1,1,1,1,1,1,1,1,1,1,1,1,1,1,1,1,1,1,1,1,1,1,1,1,1,1,1,1,4),(0.,
0.0321815040046299),(19.2317362913225,20.2233880445333,21.2150397977441,
22.2066915509549,23.1983433041657,24.1899950573766,25.1816468105874,26.1732985637982,
27.164950317009,28.1566020702198,29.1482538234307,30.1399055766415,31.1315573298523,
32.1232090830631,33.1148608362739,34.1065125894848,35.0981643426956,36.0898160959064,
37.0814678491172,38.0731196023281,39.0647713555389,40.0564231087497,41.0480748619605,
42.0397266151713,43.0313783683822,44.023030121593,45.0146818748038,46.0063336280146,
46.9979853812254,47.9896371344363,48.9812888876471,49.9729406408579,50.9645923940687,
51.9562441472796,52.9478959004904,53.9395476537012,54.931199406912,55.9228511601228,
56.9145029133337,57.9061546665445,58.8978064197553,59.8894581729661,60.8811099261769,
61.8727616793878,62.8644134325986,63.8560651858094,64.8477169390202,65.8393686922311,
66.8310204454419,67.8226721986527,68.8143239518635,69.8059757050743,70.7976274582852,
71.789279211496,72.7809309647068,73.7725827179176,74.7642344711284,75.7558862243393,
76.7475379775501,77.7391897307609,78.7308414839717,79.7224932371826,80.7141449903934,
81.7057967436042,82.697448496815,83.6891002500258,84.6807520032367,85.6724037564475,
86.6640555096583,87.6557072628691,88.6473590160799,89.6390107692908,90.6306625225016,
91.6223142757124,92.6139660289232,93.6056177821341,94.5972695353449,95.5889212885557),
 .UNSPECIFIED.);
#26=B_SPLINE_SURFACE_WITH_KNOTS('',3,3,((#7572,#7573,#7574,#7575,#7576,
#7577,#7578,#7579,#7580,#7581,#7582,#7583,#7584,#7585,#7586,#7587,#7588,
#7589,#7590,#7591,#7592,#7593,#7594,#7595,#7596,#7597,#7598,#7599,#7600,
#7601,#7602,#7603,#7604,#7605,#7606,#7607,#7608,#7609,#7610,#7611,#7612,
#7613,#7614,#7615,#7616,#7617,#7618,#7619,#7620,#7621,#7622,#7623,#7624,
#7625,#7626,#7627,#7628,#7629,#7630,#7631,#7632,#7633,#7634,#7635,#7636,
#7637,#7638,#7639,#7640,#7641,#7642,#7643,#7644,#7645,#7646,#7647,#7648,
#7649,#7650,#7651),(#7652,#7653,#7654,#7655,#7656,#7657,#7658,#7659,#7660,
#7661,#7662,#7663,#7664,#7665,#7666,#7667,#7668,#7669,#7670,#7671,#7672,
#7673,#7674,#7675,#7676,#7677,#7678,#7679,#7680,#7681,#7682,#7683,#7684,
#7685,#7686,#7687,#7688,#7689,#7690,#7691,#7692,#7693,#7694,#7695,#7696,
#7697,#7698,#7699,#7700,#7701,#7702,#7703,#7704,#7705,#7706,#7707,#7708,
#7709,#7710,#7711,#7712,#7713,#7714,#7715,#7716,#7717,#7718,#7719,#7720,
#7721,#7722,#7723,#7724,#7725,#7726,#7727,#7728,#7729,#7730,#7731),(#7732,
#7733,#7734,#7735,#7736,#7737,#7738,#7739,#7740,#7741,#7742,#7743,#7744,
#7745,#7746,#7747,#7748,#7749,#7750,#7751,#7752,#7753,#7754,#7755,#7756,
#7757,#7758,#7759,#7760,#7761,#7762,#7763,#7764,#7765,#7766,#7767,#7768,
#7769,#7770,#7771,#7772,#7773,#7774,#7775,#7776,#7777,#7778,#7779,#7780,
#7781,#7782,#7783,#7784,#7785,#7786,#7787,#7788,#7789,#7790,#7791,#7792,
#7793,#7794,#7795,#7796,#7797,#7798,#7799,#7800,#7801,#7802,#7803,#7804,
#7805,#7806,#7807,#7808,#7809,#7810,#7811),(#7812,#7813,#7814,#7815,#7816,
#7817,#7818,#7819,#7820,#7821,#7822,#7823,#7824,#7825,#7826,#7827,#7828,
#7829,#7830,#7831,#7832,#7833,#7834,#7835,#7836,#7837,#7838,#7839,#7840,
#7841,#7842,#7843,#7844,#7845,#7846,#7847,#7848,#7849,#7850,#7851,#7852,
#7853,#7854,#7855,#7856,#7857,#7858,#7859,#7860,#7861,#7862,#7863,#7864,
#7865,#7866,#7867,#7868,#7869,#7870,#7871,#7872,#7873,#7874,#7875,#7876,
#7877,#7878,#7879,#7880,#7881,#7882,#7883,#7884,#7885,#7886,#7887,#7888,
#7889,#7890,#7891)),.UNSPECIFIED.,.F.,.F.,.F.,(4,4),(4,1,1,1,1,1,1,1,1,
1,1,1,1,1,1,1,1,1,1,1,1,1,1,1,1,1,1,1,1,1,1,1,1,1,1,1,1,1,1,1,1,1,1,1,1,
1,1,1,1,1,1,1,1,1,1,1,1,1,1,1,1,1,1,1,1,1,1,1,1,1,1,1,1,1,1,1,1,4),(0.,
0.0321815040046299),(19.2317362913224,20.2233880445332,21.2150397977441,
22.2066915509549,23.1983433041657,24.1899950573765,25.1816468105873,26.1732985637982,
27.164950317009,28.1566020702198,29.1482538234306,30.1399055766414,31.1315573298523,
32.1232090830631,33.1148608362739,34.1065125894847,35.0981643426956,36.0898160959064,
37.0814678491172,38.073119602328,39.0647713555388,40.0564231087497,41.0480748619605,
42.0397266151713,43.0313783683821,44.023030121593,45.0146818748038,46.0063336280146,
46.9979853812254,47.9896371344362,48.9812888876471,49.9729406408579,50.9645923940687,
51.9562441472795,52.9478959004904,53.9395476537012,54.931199406912,55.9228511601228,
56.9145029133336,57.9061546665445,58.8978064197553,59.8894581729661,60.8811099261769,
61.8727616793878,62.8644134325986,63.8560651858094,64.8477169390202,65.839368692231,
66.8310204454419,67.8226721986527,68.8143239518635,69.8059757050743,70.7976274582851,
71.789279211496,72.7809309647068,73.7725827179176,74.7642344711284,75.7558862243393,
76.7475379775501,77.7391897307609,78.7308414839717,79.7224932371825,80.7141449903934,
81.7057967436042,82.697448496815,83.6891002500258,84.6807520032367,85.6724037564475,
86.6640555096583,87.6557072628691,88.6473590160799,89.6390107692908,90.6306625225016,
91.6223142757124,92.6139660289232,93.6056177821341,94.5972695353449,95.5889212885557),
 .UNSPECIFIED.);
#27=B_SPLINE_SURFACE_WITH_KNOTS('',3,3,((#8051,#8052,#8053,#8054,#8055,
#8056,#8057,#8058,#8059,#8060,#8061,#8062,#8063,#8064,#8065,#8066,#8067,
#8068,#8069,#8070,#8071,#8072,#8073,#8074,#8075,#8076,#8077,#8078,#8079,
#8080,#8081,#8082,#8083,#8084,#8085,#8086,#8087,#8088,#8089,#8090,#8091,
#8092,#8093,#8094,#8095,#8096,#8097,#8098,#8099,#8100,#8101,#8102,#8103,
#8104,#8105,#8106,#8107,#8108,#8109,#8110,#8111,#8112,#8113,#8114,#8115,
#8116,#8117,#8118,#8119,#8120,#8121,#8122,#8123,#8124,#8125,#8126,#8127,
#8128,#8129,#8130),(#8131,#8132,#8133,#8134,#8135,#8136,#8137,#8138,#8139,
#8140,#8141,#8142,#8143,#8144,#8145,#8146,#8147,#8148,#8149,#8150,#8151,
#8152,#8153,#8154,#8155,#8156,#8157,#8158,#8159,#8160,#8161,#8162,#8163,
#8164,#8165,#8166,#8167,#8168,#8169,#8170,#8171,#8172,#8173,#8174,#8175,
#8176,#8177,#8178,#8179,#8180,#8181,#8182,#8183,#8184,#8185,#8186,#8187,
#8188,#8189,#8190,#8191,#8192,#8193,#8194,#8195,#8196,#8197,#8198,#8199,
#8200,#8201,#8202,#8203,#8204,#8205,#8206,#8207,#8208,#8209,#8210),(#8211,
#8212,#8213,#8214,#8215,#8216,#8217,#8218,#8219,#8220,#8221,#8222,#8223,
#8224,#8225,#8226,#8227,#8228,#8229,#8230,#8231,#8232,#8233,#8234,#8235,
#8236,#8237,#8238,#8239,#8240,#8241,#8242,#8243,#8244,#8245,#8246,#8247,
#8248,#8249,#8250,#8251,#8252,#8253,#8254,#8255,#8256,#8257,#8258,#8259,
#8260,#8261,#8262,#8263,#8264,#8265,#8266,#8267,#8268,#8269,#8270,#8271,
#8272,#8273,#8274,#8275,#8276,#8277,#8278,#8279,#8280,#8281,#8282,#8283,
#8284,#8285,#8286,#8287,#8288,#8289,#8290),(#8291,#8292,#8293,#8294,#8295,
#8296,#8297,#8298,#8299,#8300,#8301,#8302,#8303,#8304,#8305,#8306,#8307,
#8308,#8309,#8310,#8311,#8312,#8313,#8314,#8315,#8316,#8317,#8318,#8319,
#8320,#8321,#8322,#8323,#8324,#8325,#8326,#8327,#8328,#8329,#8330,#8331,
#8332,#8333,#8334,#8335,#8336,#8337,#8338,#8339,#8340,#8341,#8342,#8343,
#8344,#8345,#8346,#8347,#8348,#8349,#8350,#8351,#8352,#8353,#8354,#8355,
#8356,#8357,#8358,#8359,#8360,#8361,#8362,#8363,#8364,#8365,#8366,#8367,
#8368,#8369,#8370)),.UNSPECIFIED.,.F.,.F.,.F.,(4,4),(4,1,1,1,1,1,1,1,1,
1,1,1,1,1,1,1,1,1,1,1,1,1,1,1,1,1,1,1,1,1,1,1,1,1,1,1,1,1,1,1,1,1,1,1,1,
1,1,1,1,1,1,1,1,1,1,1,1,1,1,1,1,1,1,1,1,1,1,1,1,1,1,1,1,1,1,1,1,4),(0.,
0.0321815040046299),(19.2317362913225,20.2233880445333,21.2150397977441,
22.2066915509549,23.1983433041657,24.1899950573766,25.1816468105874,26.1732985637982,
27.164950317009,28.1566020702198,29.1482538234307,30.1399055766415,31.1315573298523,
32.1232090830631,33.1148608362739,34.1065125894848,35.0981643426956,36.0898160959064,
37.0814678491172,38.0731196023281,39.0647713555389,40.0564231087497,41.0480748619605,
42.0397266151713,43.0313783683822,44.023030121593,45.0146818748038,46.0063336280146,
46.9979853812254,47.9896371344363,48.9812888876471,49.9729406408579,50.9645923940687,
51.9562441472796,52.9478959004904,53.9395476537012,54.931199406912,55.9228511601228,
56.9145029133337,57.9061546665445,58.8978064197553,59.8894581729661,60.8811099261769,
61.8727616793878,62.8644134325986,63.8560651858094,64.8477169390202,65.8393686922311,
66.8310204454419,67.8226721986527,68.8143239518635,69.8059757050743,70.7976274582852,
71.789279211496,72.7809309647068,73.7725827179176,74.7642344711284,75.7558862243393,
76.7475379775501,77.7391897307609,78.7308414839717,79.7224932371826,80.7141449903934,
81.7057967436042,82.697448496815,83.6891002500258,84.6807520032367,85.6724037564475,
86.6640555096583,87.6557072628691,88.6473590160799,89.6390107692908,90.6306625225016,
91.6223142757124,92.6139660289232,93.6056177821341,94.5972695353449,95.5889212885557),
 .UNSPECIFIED.);
#28=B_SPLINE_SURFACE_WITH_KNOTS('',3,3,((#8485,#8486,#8487,#8488,#8489,
#8490,#8491,#8492,#8493,#8494,#8495,#8496,#8497,#8498,#8499,#8500,#8501,
#8502,#8503,#8504,#8505,#8506,#8507,#8508,#8509,#8510,#8511,#8512,#8513,
#8514,#8515,#8516,#8517,#8518,#8519,#8520,#8521,#8522,#8523,#8524,#8525,
#8526,#8527,#8528,#8529,#8530,#8531,#8532,#8533,#8534,#8535,#8536,#8537,
#8538,#8539,#8540,#8541,#8542,#8543,#8544,#8545,#8546,#8547,#8548,#8549,
#8550,#8551,#8552,#8553,#8554,#8555,#8556,#8557,#8558,#8559,#8560,#8561,
#8562,#8563,#8564),(#8565,#8566,#8567,#8568,#8569,#8570,#8571,#8572,#8573,
#8574,#8575,#8576,#8577,#8578,#8579,#8580,#8581,#8582,#8583,#8584,#8585,
#8586,#8587,#8588,#8589,#8590,#8591,#8592,#8593,#8594,#8595,#8596,#8597,
#8598,#8599,#8600,#8601,#8602,#8603,#8604,#8605,#8606,#8607,#8608,#8609,
#8610,#8611,#8612,#8613,#8614,#8615,#8616,#8617,#8618,#8619,#8620,#8621,
#8622,#8623,#8624,#8625,#8626,#8627,#8628,#8629,#8630,#8631,#8632,#8633,
#8634,#8635,#8636,#8637,#8638,#8639,#8640,#8641,#8642,#8643,#8644),(#8645,
#8646,#8647,#8648,#8649,#8650,#8651,#8652,#8653,#8654,#8655,#8656,#8657,
#8658,#8659,#8660,#8661,#8662,#8663,#8664,#8665,#8666,#8667,#8668,#8669,
#8670,#8671,#8672,#8673,#8674,#8675,#8676,#8677,#8678,#8679,#8680,#8681,
#8682,#8683,#8684,#8685,#8686,#8687,#8688,#8689,#8690,#8691,#8692,#8693,
#8694,#8695,#8696,#8697,#8698,#8699,#8700,#8701,#8702,#8703,#8704,#8705,
#8706,#8707,#8708,#8709,#8710,#8711,#8712,#8713,#8714,#8715,#8716,#8717,
#8718,#8719,#8720,#8721,#8722,#8723,#8724),(#8725,#8726,#8727,#8728,#8729,
#8730,#8731,#8732,#8733,#8734,#8735,#8736,#8737,#8738,#8739,#8740,#8741,
#8742,#8743,#8744,#8745,#8746,#8747,#8748,#8749,#8750,#8751,#8752,#8753,
#8754,#8755,#8756,#8757,#8758,#8759,#8760,#8761,#8762,#8763,#8764,#8765,
#8766,#8767,#8768,#8769,#8770,#8771,#8772,#8773,#8774,#8775,#8776,#8777,
#8778,#8779,#8780,#8781,#8782,#8783,#8784,#8785,#8786,#8787,#8788,#8789,
#8790,#8791,#8792,#8793,#8794,#8795,#8796,#8797,#8798,#8799,#8800,#8801,
#8802,#8803,#8804)),.UNSPECIFIED.,.F.,.F.,.F.,(4,4),(4,1,1,1,1,1,1,1,1,
1,1,1,1,1,1,1,1,1,1,1,1,1,1,1,1,1,1,1,1,1,1,1,1,1,1,1,1,1,1,1,1,1,1,1,1,
1,1,1,1,1,1,1,1,1,1,1,1,1,1,1,1,1,1,1,1,1,1,1,1,1,1,1,1,1,1,1,1,4),(0.,
0.0321815040046299),(16.2017385311843,17.1996861589082,18.1976337866321,
19.195581414356,20.1935290420799,21.1914766698039,22.1894242975278,23.1873719252517,
24.1853195529756,25.1832671806995,26.1812148084235,27.1791624361474,28.1771100638713,
29.1750576915952,30.1730053193191,31.1709529470431,32.168900574767,33.1668482024909,
34.1647958302148,35.1627434579387,36.1606910856627,37.1586387133866,38.1565863411105,
39.1545339688344,40.1524815965584,41.1504292242823,42.1483768520062,43.1463244797301,
44.144272107454,45.142219735178,46.1401673629019,47.1381149906258,48.1360626183497,
49.1340102460736,50.1319578737976,51.1299055015215,52.1278531292454,53.1258007569693,
54.1237483846932,55.1216960124172,56.1196436401411,57.117591267865,58.1155388955889,
59.1134865233129,60.1114341510368,61.1093817787607,62.1073294064846,63.1052770342085,
64.1032246619324,65.1011722896564,66.0991199173803,67.0970675451042,68.0950151728281,
69.092962800552,70.090910428276,71.0888580559999,72.0868056837238,73.0847533114477,
74.0827009391717,75.0806485668956,76.0785961946195,77.0765438223434,78.0744914500673,
79.0724390777913,80.0703867055152,81.0683343332391,82.066281960963,83.0642295886869,
84.0621772164109,85.0601248441348,86.0580724718587,87.0560200995826,88.0539677273065,
89.0519153550305,90.0498629827544,91.0478106104783,92.0457582382022,93.0437058659261),
 .UNSPECIFIED.);
#29=B_SPLINE_SURFACE_WITH_KNOTS('',3,3,((#8902,#8903,#8904,#8905,#8906,
#8907,#8908,#8909,#8910,#8911,#8912,#8913,#8914,#8915,#8916,#8917,#8918,
#8919,#8920,#8921,#8922,#8923,#8924,#8925,#8926,#8927,#8928,#8929,#8930,
#8931,#8932,#8933,#8934,#8935,#8936,#8937,#8938,#8939,#8940,#8941,#8942,
#8943,#8944,#8945,#8946,#8947,#8948,#8949,#8950,#8951,#8952,#8953,#8954,
#8955,#8956,#8957,#8958,#8959,#8960,#8961,#8962,#8963,#8964,#8965,#8966,
#8967,#8968,#8969,#8970,#8971,#8972,#8973,#8974,#8975,#8976,#8977,#8978,
#8979,#8980,#8981),(#8982,#8983,#8984,#8985,#8986,#8987,#8988,#8989,#8990,
#8991,#8992,#8993,#8994,#8995,#8996,#8997,#8998,#8999,#9000,#9001,#9002,
#9003,#9004,#9005,#9006,#9007,#9008,#9009,#9010,#9011,#9012,#9013,#9014,
#9015,#9016,#9017,#9018,#9019,#9020,#9021,#9022,#9023,#9024,#9025,#9026,
#9027,#9028,#9029,#9030,#9031,#9032,#9033,#9034,#9035,#9036,#9037,#9038,
#9039,#9040,#9041,#9042,#9043,#9044,#9045,#9046,#9047,#9048,#9049,#9050,
#9051,#9052,#9053,#9054,#9055,#9056,#9057,#9058,#9059,#9060,#9061),(#9062,
#9063,#9064,#9065,#9066,#9067,#9068,#9069,#9070,#9071,#9072,#9073,#9074,
#9075,#9076,#9077,#9078,#9079,#9080,#9081,#9082,#9083,#9084,#9085,#9086,
#9087,#9088,#9089,#9090,#9091,#9092,#9093,#9094,#9095,#9096,#9097,#9098,
#9099,#9100,#9101,#9102,#9103,#9104,#9105,#9106,#9107,#9108,#9109,#9110,
#9111,#9112,#9113,#9114,#9115,#9116,#9117,#9118,#9119,#9120,#9121,#9122,
#9123,#9124,#9125,#9126,#9127,#9128,#9129,#9130,#9131,#9132,#9133,#9134,
#9135,#9136,#9137,#9138,#9139,#9140,#9141),(#9142,#9143,#9144,#9145,#9146,
#9147,#9148,#9149,#9150,#9151,#9152,#9153,#9154,#9155,#9156,#9157,#9158,
#9159,#9160,#9161,#9162,#9163,#9164,#9165,#9166,#9167,#9168,#9169,#9170,
#9171,#9172,#9173,#9174,#9175,#9176,#9177,#9178,#9179,#9180,#9181,#9182,
#9183,#9184,#9185,#9186,#9187,#9188,#9189,#9190,#9191,#9192,#9193,#9194,
#9195,#9196,#9197,#9198,#9199,#9200,#9201,#9202,#9203,#9204,#9205,#9206,
#9207,#9208,#9209,#9210,#9211,#9212,#9213,#9214,#9215,#9216,#9217,#9218,
#9219,#9220,#9221)),.UNSPECIFIED.,.F.,.F.,.F.,(4,4),(4,1,1,1,1,1,1,1,1,
1,1,1,1,1,1,1,1,1,1,1,1,1,1,1,1,1,1,1,1,1,1,1,1,1,1,1,1,1,1,1,1,1,1,1,1,
1,1,1,1,1,1,1,1,1,1,1,1,1,1,1,1,1,1,1,1,1,1,1,1,1,1,1,1,1,1,1,1,4),(0.,
0.0321815040046299),(16.2017385311843,17.1996861589082,18.1976337866321,
19.195581414356,20.1935290420799,21.1914766698039,22.1894242975278,23.1873719252517,
24.1853195529756,25.1832671806995,26.1812148084235,27.1791624361474,28.1771100638713,
29.1750576915952,30.1730053193191,31.1709529470431,32.168900574767,33.1668482024909,
34.1647958302148,35.1627434579387,36.1606910856627,37.1586387133866,38.1565863411105,
39.1545339688344,40.1524815965584,41.1504292242823,42.1483768520062,43.1463244797301,
44.144272107454,45.142219735178,46.1401673629019,47.1381149906258,48.1360626183497,
49.1340102460736,50.1319578737976,51.1299055015215,52.1278531292454,53.1258007569693,
54.1237483846932,55.1216960124172,56.1196436401411,57.117591267865,58.1155388955889,
59.1134865233129,60.1114341510368,61.1093817787607,62.1073294064846,63.1052770342085,
64.1032246619324,65.1011722896564,66.0991199173803,67.0970675451042,68.0950151728281,
69.092962800552,70.090910428276,71.0888580559999,72.0868056837238,73.0847533114477,
74.0827009391717,75.0806485668956,76.0785961946195,77.0765438223434,78.0744914500673,
79.0724390777913,80.0703867055152,81.0683343332391,82.066281960963,83.0642295886869,
84.0621772164109,85.0601248441348,86.0580724718587,87.0560200995826,88.0539677273065,
89.0519153550305,90.0498629827544,91.0478106104783,92.0457582382022,93.0437058659261),
 .UNSPECIFIED.);
#30=B_SPLINE_SURFACE_WITH_KNOTS('',3,3,((#9319,#9320,#9321,#9322,#9323,
#9324,#9325,#9326,#9327,#9328,#9329,#9330,#9331,#9332,#9333,#9334,#9335,
#9336,#9337,#9338,#9339,#9340,#9341,#9342,#9343,#9344,#9345,#9346,#9347,
#9348,#9349,#9350,#9351,#9352,#9353,#9354,#9355,#9356,#9357,#9358,#9359,
#9360,#9361,#9362,#9363,#9364,#9365,#9366,#9367,#9368,#9369,#9370,#9371,
#9372,#9373,#9374,#9375,#9376,#9377,#9378,#9379,#9380,#9381,#9382,#9383,
#9384,#9385,#9386,#9387,#9388,#9389,#9390,#9391,#9392,#9393,#9394,#9395,
#9396,#9397,#9398),(#9399,#9400,#9401,#9402,#9403,#9404,#9405,#9406,#9407,
#9408,#9409,#9410,#9411,#9412,#9413,#9414,#9415,#9416,#9417,#9418,#9419,
#9420,#9421,#9422,#9423,#9424,#9425,#9426,#9427,#9428,#9429,#9430,#9431,
#9432,#9433,#9434,#9435,#9436,#9437,#9438,#9439,#9440,#9441,#9442,#9443,
#9444,#9445,#9446,#9447,#9448,#9449,#9450,#9451,#9452,#9453,#9454,#9455,
#9456,#9457,#9458,#9459,#9460,#9461,#9462,#9463,#9464,#9465,#9466,#9467,
#9468,#9469,#9470,#9471,#9472,#9473,#9474,#9475,#9476,#9477,#9478),(#9479,
#9480,#9481,#9482,#9483,#9484,#9485,#9486,#9487,#9488,#9489,#9490,#9491,
#9492,#9493,#9494,#9495,#9496,#9497,#9498,#9499,#9500,#9501,#9502,#9503,
#9504,#9505,#9506,#9507,#9508,#9509,#9510,#9511,#9512,#9513,#9514,#9515,
#9516,#9517,#9518,#9519,#9520,#9521,#9522,#9523,#9524,#9525,#9526,#9527,
#9528,#9529,#9530,#9531,#9532,#9533,#9534,#9535,#9536,#9537,#9538,#9539,
#9540,#9541,#9542,#9543,#9544,#9545,#9546,#9547,#9548,#9549,#9550,#9551,
#9552,#9553,#9554,#9555,#9556,#9557,#9558),(#9559,#9560,#9561,#9562,#9563,
#9564,#9565,#9566,#9567,#9568,#9569,#9570,#9571,#9572,#9573,#9574,#9575,
#9576,#9577,#9578,#9579,#9580,#9581,#9582,#9583,#9584,#9585,#9586,#9587,
#9588,#9589,#9590,#9591,#9592,#9593,#9594,#9595,#9596,#9597,#9598,#9599,
#9600,#9601,#9602,#9603,#9604,#9605,#9606,#9607,#9608,#9609,#9610,#9611,
#9612,#9613,#9614,#9615,#9616,#9617,#9618,#9619,#9620,#9621,#9622,#9623,
#9624,#9625,#9626,#9627,#9628,#9629,#9630,#9631,#9632,#9633,#9634,#9635,
#9636,#9637,#9638)),.UNSPECIFIED.,.F.,.F.,.F.,(4,4),(4,1,1,1,1,1,1,1,1,
1,1,1,1,1,1,1,1,1,1,1,1,1,1,1,1,1,1,1,1,1,1,1,1,1,1,1,1,1,1,1,1,1,1,1,1,
1,1,1,1,1,1,1,1,1,1,1,1,1,1,1,1,1,1,1,1,1,1,1,1,1,1,1,1,1,1,1,1,4),(0.,
0.0321815040046299),(16.2017385311842,17.1996861589081,18.197633786632,
19.195581414356,20.1935290420799,21.1914766698038,22.1894242975277,23.1873719252516,
24.1853195529756,25.1832671806995,26.1812148084234,27.1791624361473,28.1771100638713,
29.1750576915952,30.1730053193191,31.170952947043,32.1689005747669,33.1668482024909,
34.1647958302148,35.1627434579387,36.1606910856626,37.1586387133866,38.1565863411105,
39.1545339688344,40.1524815965583,41.1504292242822,42.1483768520062,43.1463244797301,
44.144272107454,45.1422197351779,46.1401673629018,47.1381149906258,48.1360626183497,
49.1340102460736,50.1319578737975,51.1299055015214,52.1278531292454,53.1258007569693,
54.1237483846932,55.1216960124171,56.1196436401411,57.117591267865,58.1155388955889,
59.1134865233128,60.1114341510367,61.1093817787607,62.1073294064846,63.1052770342085,
64.1032246619324,65.1011722896563,66.0991199173803,67.0970675451042,68.0950151728281,
69.092962800552,70.0909104282759,71.0888580559999,72.0868056837238,73.0847533114477,
74.0827009391716,75.0806485668956,76.0785961946195,77.0765438223434,78.0744914500673,
79.0724390777912,80.0703867055152,81.0683343332391,82.066281960963,83.0642295886869,
84.0621772164108,85.0601248441348,86.0580724718587,87.0560200995826,88.0539677273065,
89.0519153550305,90.0498629827544,91.0478106104783,92.0457582382022,93.0437058659261),
 .UNSPECIFIED.);
#31=B_SPLINE_SURFACE_WITH_KNOTS('',3,3,((#9739,#9740,#9741,#9742,#9743,
#9744,#9745,#9746,#9747,#9748,#9749,#9750,#9751,#9752,#9753,#9754,#9755,
#9756,#9757,#9758,#9759,#9760,#9761,#9762,#9763,#9764,#9765,#9766,#9767,
#9768,#9769,#9770,#9771,#9772,#9773,#9774,#9775,#9776,#9777,#9778,#9779,
#9780,#9781,#9782,#9783,#9784,#9785,#9786,#9787,#9788,#9789,#9790,#9791,
#9792,#9793,#9794,#9795,#9796,#9797,#9798,#9799,#9800,#9801,#9802,#9803,
#9804,#9805,#9806,#9807,#9808,#9809,#9810,#9811,#9812,#9813,#9814,#9815,
#9816,#9817,#9818),(#9819,#9820,#9821,#9822,#9823,#9824,#9825,#9826,#9827,
#9828,#9829,#9830,#9831,#9832,#9833,#9834,#9835,#9836,#9837,#9838,#9839,
#9840,#9841,#9842,#9843,#9844,#9845,#9846,#9847,#9848,#9849,#9850,#9851,
#9852,#9853,#9854,#9855,#9856,#9857,#9858,#9859,#9860,#9861,#9862,#9863,
#9864,#9865,#9866,#9867,#9868,#9869,#9870,#9871,#9872,#9873,#9874,#9875,
#9876,#9877,#9878,#9879,#9880,#9881,#9882,#9883,#9884,#9885,#9886,#9887,
#9888,#9889,#9890,#9891,#9892,#9893,#9894,#9895,#9896,#9897,#9898),(#9899,
#9900,#9901,#9902,#9903,#9904,#9905,#9906,#9907,#9908,#9909,#9910,#9911,
#9912,#9913,#9914,#9915,#9916,#9917,#9918,#9919,#9920,#9921,#9922,#9923,
#9924,#9925,#9926,#9927,#9928,#9929,#9930,#9931,#9932,#9933,#9934,#9935,
#9936,#9937,#9938,#9939,#9940,#9941,#9942,#9943,#9944,#9945,#9946,#9947,
#9948,#9949,#9950,#9951,#9952,#9953,#9954,#9955,#9956,#9957,#9958,#9959,
#9960,#9961,#9962,#9963,#9964,#9965,#9966,#9967,#9968,#9969,#9970,#9971,
#9972,#9973,#9974,#9975,#9976,#9977,#9978),(#9979,#9980,#9981,#9982,#9983,
#9984,#9985,#9986,#9987,#9988,#9989,#9990,#9991,#9992,#9993,#9994,#9995,
#9996,#9997,#9998,#9999,#10000,#10001,#10002,#10003,#10004,#10005,#10006,
#10007,#10008,#10009,#10010,#10011,#10012,#10013,#10014,#10015,#10016,#10017,
#10018,#10019,#10020,#10021,#10022,#10023,#10024,#10025,#10026,#10027,#10028,
#10029,#10030,#10031,#10032,#10033,#10034,#10035,#10036,#10037,#10038,#10039,
#10040,#10041,#10042,#10043,#10044,#10045,#10046,#10047,#10048,#10049,#10050,
#10051,#10052,#10053,#10054,#10055,#10056,#10057,#10058)),.UNSPECIFIED.,
 .F.,.F.,.F.,(4,4),(4,1,1,1,1,1,1,1,1,1,1,1,1,1,1,1,1,1,1,1,1,1,1,1,1,1,
1,1,1,1,1,1,1,1,1,1,1,1,1,1,1,1,1,1,1,1,1,1,1,1,1,1,1,1,1,1,1,1,1,1,1,1,
1,1,1,1,1,1,1,1,1,1,1,1,1,1,1,4),(0.,0.0321815040046299),(16.2017385311842,
17.1996861589082,18.1976337866321,19.195581414356,20.1935290420799,21.1914766698039,
22.1894242975278,23.1873719252517,24.1853195529756,25.1832671806995,26.1812148084235,
27.1791624361474,28.1771100638713,29.1750576915952,30.1730053193191,31.1709529470431,
32.168900574767,33.1668482024909,34.1647958302148,35.1627434579387,36.1606910856627,
37.1586387133866,38.1565863411105,39.1545339688344,40.1524815965583,41.1504292242823,
42.1483768520062,43.1463244797301,44.144272107454,45.1422197351779,46.1401673629019,
47.1381149906258,48.1360626183497,49.1340102460736,50.1319578737976,51.1299055015215,
52.1278531292454,53.1258007569693,54.1237483846932,55.1216960124172,56.1196436401411,
57.117591267865,58.1155388955889,59.1134865233128,60.1114341510368,61.1093817787607,
62.1073294064846,63.1052770342085,64.1032246619324,65.1011722896564,66.0991199173803,
67.0970675451042,68.0950151728281,69.092962800552,70.090910428276,71.0888580559999,
72.0868056837238,73.0847533114477,74.0827009391716,75.0806485668956,76.0785961946195,
77.0765438223434,78.0744914500673,79.0724390777913,80.0703867055152,81.0683343332391,
82.066281960963,83.0642295886869,84.0621772164109,85.0601248441348,86.0580724718587,
87.0560200995826,88.0539677273065,89.0519153550305,90.0498629827544,91.0478106104783,
92.0457582382022,93.0437058659261),.UNSPECIFIED.);
#32=FACE_BOUND('',#265,.T.);
#33=FACE_BOUND('',#266,.T.);
#34=FACE_BOUND('',#267,.T.);
#35=FACE_BOUND('',#293,.T.);
#36=FACE_BOUND('',#295,.T.);
#37=FACE_BOUND('',#301,.T.);
#38=FACE_OUTER_BOUND('',#167,.T.);
#39=FACE_OUTER_BOUND('',#168,.T.);
#40=FACE_OUTER_BOUND('',#169,.T.);
#41=FACE_OUTER_BOUND('',#170,.T.);
#42=FACE_OUTER_BOUND('',#171,.T.);
#43=FACE_OUTER_BOUND('',#172,.T.);
#44=FACE_OUTER_BOUND('',#173,.T.);
#45=FACE_OUTER_BOUND('',#174,.T.);
#46=FACE_OUTER_BOUND('',#175,.T.);
#47=FACE_OUTER_BOUND('',#176,.T.);
#48=FACE_OUTER_BOUND('',#177,.T.);
#49=FACE_OUTER_BOUND('',#178,.T.);
#50=FACE_OUTER_BOUND('',#179,.T.);
#51=FACE_OUTER_BOUND('',#180,.T.);
#52=FACE_OUTER_BOUND('',#181,.T.);
#53=FACE_OUTER_BOUND('',#182,.T.);
#54=FACE_OUTER_BOUND('',#183,.T.);
#55=FACE_OUTER_BOUND('',#184,.T.);
#56=FACE_OUTER_BOUND('',#185,.T.);
#57=FACE_OUTER_BOUND('',#186,.T.);
#58=FACE_OUTER_BOUND('',#187,.T.);
#59=FACE_OUTER_BOUND('',#188,.T.);
#60=FACE_OUTER_BOUND('',#189,.T.);
#61=FACE_OUTER_BOUND('',#190,.T.);
#62=FACE_OUTER_BOUND('',#191,.T.);
#63=FACE_OUTER_BOUND('',#192,.T.);
#64=FACE_OUTER_BOUND('',#193,.T.);
#65=FACE_OUTER_BOUND('',#194,.T.);
#66=FACE_OUTER_BOUND('',#195,.T.);
#67=FACE_OUTER_BOUND('',#196,.T.);
#68=FACE_OUTER_BOUND('',#197,.T.);
#69=FACE_OUTER_BOUND('',#198,.T.);
#70=FACE_OUTER_BOUND('',#199,.T.);
#71=FACE_OUTER_BOUND('',#200,.T.);
#72=FACE_OUTER_BOUND('',#201,.T.);
#73=FACE_OUTER_BOUND('',#202,.T.);
#74=FACE_OUTER_BOUND('',#203,.T.);
#75=FACE_OUTER_BOUND('',#204,.T.);
#76=FACE_OUTER_BOUND('',#205,.T.);
#77=FACE_OUTER_BOUND('',#206,.T.);
#78=FACE_OUTER_BOUND('',#207,.T.);
#79=FACE_OUTER_BOUND('',#208,.T.);
#80=FACE_OUTER_BOUND('',#209,.T.);
#81=FACE_OUTER_BOUND('',#210,.T.);
#82=FACE_OUTER_BOUND('',#211,.T.);
#83=FACE_OUTER_BOUND('',#212,.T.);
#84=FACE_OUTER_BOUND('',#213,.T.);
#85=FACE_OUTER_BOUND('',#214,.T.);
#86=FACE_OUTER_BOUND('',#215,.T.);
#87=FACE_OUTER_BOUND('',#216,.T.);
#88=FACE_OUTER_BOUND('',#217,.T.);
#89=FACE_OUTER_BOUND('',#218,.T.);
#90=FACE_OUTER_BOUND('',#219,.T.);
#91=FACE_OUTER_BOUND('',#220,.T.);
#92=FACE_OUTER_BOUND('',#221,.T.);
#93=FACE_OUTER_BOUND('',#222,.T.);
#94=FACE_OUTER_BOUND('',#223,.T.);
#95=FACE_OUTER_BOUND('',#224,.T.);
#96=FACE_OUTER_BOUND('',#225,.T.);
#97=FACE_OUTER_BOUND('',#226,.T.);
#98=FACE_OUTER_BOUND('',#227,.T.);
#99=FACE_OUTER_BOUND('',#228,.T.);
#100=FACE_OUTER_BOUND('',#229,.T.);
#101=FACE_OUTER_BOUND('',#230,.T.);
#102=FACE_OUTER_BOUND('',#231,.T.);
#103=FACE_OUTER_BOUND('',#232,.T.);
#104=FACE_OUTER_BOUND('',#233,.T.);
#105=FACE_OUTER_BOUND('',#234,.T.);
#106=FACE_OUTER_BOUND('',#235,.T.);
#107=FACE_OUTER_BOUND('',#236,.T.);
#108=FACE_OUTER_BOUND('',#237,.T.);
#109=FACE_OUTER_BOUND('',#238,.T.);
#110=FACE_OUTER_BOUND('',#239,.T.);
#111=FACE_OUTER_BOUND('',#240,.T.);
#112=FACE_OUTER_BOUND('',#241,.T.);
#113=FACE_OUTER_BOUND('',#242,.T.);
#114=FACE_OUTER_BOUND('',#243,.T.);
#115=FACE_OUTER_BOUND('',#244,.T.);
#116=FACE_OUTER_BOUND('',#245,.T.);
#117=FACE_OUTER_BOUND('',#246,.T.);
#118=FACE_OUTER_BOUND('',#247,.T.);
#119=FACE_OUTER_BOUND('',#248,.T.);
#120=FACE_OUTER_BOUND('',#249,.T.);
#121=FACE_OUTER_BOUND('',#250,.T.);
#122=FACE_OUTER_BOUND('',#251,.T.);
#123=FACE_OUTER_BOUND('',#252,.T.);
#124=FACE_OUTER_BOUND('',#253,.T.);
#125=FACE_OUTER_BOUND('',#254,.T.);
#126=FACE_OUTER_BOUND('',#255,.T.);
#127=FACE_OUTER_BOUND('',#256,.T.);
#128=FACE_OUTER_BOUND('',#257,.T.);
#129=FACE_OUTER_BOUND('',#258,.T.);
#130=FACE_OUTER_BOUND('',#259,.T.);
#131=FACE_OUTER_BOUND('',#260,.T.);
#132=FACE_OUTER_BOUND('',#261,.T.);
#133=FACE_OUTER_BOUND('',#262,.T.);
#134=FACE_OUTER_BOUND('',#263,.T.);
#135=FACE_OUTER_BOUND('',#264,.T.);
#136=FACE_OUTER_BOUND('',#268,.T.);
#137=FACE_OUTER_BOUND('',#269,.T.);
#138=FACE_OUTER_BOUND('',#270,.T.);
#139=FACE_OUTER_BOUND('',#271,.T.);
#140=FACE_OUTER_BOUND('',#272,.T.);
#141=FACE_OUTER_BOUND('',#273,.T.);
#142=FACE_OUTER_BOUND('',#274,.T.);
#143=FACE_OUTER_BOUND('',#275,.T.);
#144=FACE_OUTER_BOUND('',#276,.T.);
#145=FACE_OUTER_BOUND('',#277,.T.);
#146=FACE_OUTER_BOUND('',#278,.T.);
#147=FACE_OUTER_BOUND('',#279,.T.);
#148=FACE_OUTER_BOUND('',#280,.T.);
#149=FACE_OUTER_BOUND('',#281,.T.);
#150=FACE_OUTER_BOUND('',#282,.T.);
#151=FACE_OUTER_BOUND('',#283,.T.);
#152=FACE_OUTER_BOUND('',#284,.T.);
#153=FACE_OUTER_BOUND('',#285,.T.);
#154=FACE_OUTER_BOUND('',#286,.T.);
#155=FACE_OUTER_BOUND('',#287,.T.);
#156=FACE_OUTER_BOUND('',#288,.T.);
#157=FACE_OUTER_BOUND('',#289,.T.);
#158=FACE_OUTER_BOUND('',#290,.T.);
#159=FACE_OUTER_BOUND('',#291,.T.);
#160=FACE_OUTER_BOUND('',#292,.T.);
#161=FACE_OUTER_BOUND('',#294,.T.);
#162=FACE_OUTER_BOUND('',#296,.T.);
#163=FACE_OUTER_BOUND('',#297,.T.);
#164=FACE_OUTER_BOUND('',#298,.T.);
#165=FACE_OUTER_BOUND('',#299,.T.);
#166=FACE_OUTER_BOUND('',#300,.T.);
#167=EDGE_LOOP('',(#1371,#1372,#1373,#1374));
#168=EDGE_LOOP('',(#1375,#1376,#1377,#1378));
#169=EDGE_LOOP('',(#1379,#1380,#1381,#1382));
#170=EDGE_LOOP('',(#1383,#1384,#1385,#1386));
#171=EDGE_LOOP('',(#1387,#1388,#1389,#1390));
#172=EDGE_LOOP('',(#1391,#1392,#1393,#1394));
#173=EDGE_LOOP('',(#1395,#1396,#1397,#1398));
#174=EDGE_LOOP('',(#1399,#1400,#1401,#1402));
#175=EDGE_LOOP('',(#1403,#1404,#1405,#1406));
#176=EDGE_LOOP('',(#1407,#1408,#1409,#1410));
#177=EDGE_LOOP('',(#1411,#1412,#1413,#1414));
#178=EDGE_LOOP('',(#1415,#1416,#1417,#1418));
#179=EDGE_LOOP('',(#1419,#1420,#1421,#1422));
#180=EDGE_LOOP('',(#1423,#1424,#1425,#1426));
#181=EDGE_LOOP('',(#1427,#1428,#1429,#1430));
#182=EDGE_LOOP('',(#1431,#1432,#1433,#1434));
#183=EDGE_LOOP('',(#1435,#1436,#1437,#1438));
#184=EDGE_LOOP('',(#1439,#1440,#1441,#1442));
#185=EDGE_LOOP('',(#1443,#1444,#1445,#1446));
#186=EDGE_LOOP('',(#1447,#1448,#1449,#1450));
#187=EDGE_LOOP('',(#1451,#1452,#1453,#1454));
#188=EDGE_LOOP('',(#1455,#1456,#1457,#1458));
#189=EDGE_LOOP('',(#1459,#1460,#1461,#1462));
#190=EDGE_LOOP('',(#1463,#1464,#1465));
#191=EDGE_LOOP('',(#1466,#1467,#1468,#1469));
#192=EDGE_LOOP('',(#1470,#1471,#1472,#1473));
#193=EDGE_LOOP('',(#1474,#1475,#1476,#1477));
#194=EDGE_LOOP('',(#1478,#1479,#1480,#1481));
#195=EDGE_LOOP('',(#1482,#1483,#1484,#1485));
#196=EDGE_LOOP('',(#1486,#1487,#1488,#1489));
#197=EDGE_LOOP('',(#1490,#1491,#1492,#1493));
#198=EDGE_LOOP('',(#1494,#1495,#1496,#1497));
#199=EDGE_LOOP('',(#1498,#1499,#1500,#1501));
#200=EDGE_LOOP('',(#1502,#1503,#1504,#1505));
#201=EDGE_LOOP('',(#1506,#1507,#1508,#1509));
#202=EDGE_LOOP('',(#1510,#1511,#1512,#1513));
#203=EDGE_LOOP('',(#1514,#1515,#1516,#1517));
#204=EDGE_LOOP('',(#1518,#1519,#1520,#1521));
#205=EDGE_LOOP('',(#1522,#1523,#1524,#1525));
#206=EDGE_LOOP('',(#1526,#1527,#1528,#1529));
#207=EDGE_LOOP('',(#1530,#1531,#1532,#1533));
#208=EDGE_LOOP('',(#1534,#1535,#1536,#1537));
#209=EDGE_LOOP('',(#1538,#1539,#1540,#1541));
#210=EDGE_LOOP('',(#1542,#1543,#1544,#1545));
#211=EDGE_LOOP('',(#1546,#1547,#1548,#1549));
#212=EDGE_LOOP('',(#1550,#1551,#1552,#1553));
#213=EDGE_LOOP('',(#1554,#1555,#1556,#1557));
#214=EDGE_LOOP('',(#1558,#1559,#1560,#1561));
#215=EDGE_LOOP('',(#1562,#1563,#1564,#1565));
#216=EDGE_LOOP('',(#1566,#1567,#1568,#1569));
#217=EDGE_LOOP('',(#1570,#1571,#1572,#1573));
#218=EDGE_LOOP('',(#1574,#1575,#1576,#1577));
#219=EDGE_LOOP('',(#1578,#1579,#1580,#1581));
#220=EDGE_LOOP('',(#1582,#1583,#1584,#1585));
#221=EDGE_LOOP('',(#1586,#1587,#1588,#1589));
#222=EDGE_LOOP('',(#1590,#1591,#1592,#1593));
#223=EDGE_LOOP('',(#1594,#1595,#1596,#1597));
#224=EDGE_LOOP('',(#1598,#1599,#1600,#1601));
#225=EDGE_LOOP('',(#1602,#1603,#1604,#1605));
#226=EDGE_LOOP('',(#1606,#1607,#1608,#1609));
#227=EDGE_LOOP('',(#1610,#1611,#1612,#1613));
#228=EDGE_LOOP('',(#1614,#1615,#1616,#1617));
#229=EDGE_LOOP('',(#1618,#1619,#1620,#1621));
#230=EDGE_LOOP('',(#1622,#1623,#1624,#1625));
#231=EDGE_LOOP('',(#1626,#1627,#1628,#1629));
#232=EDGE_LOOP('',(#1630,#1631,#1632,#1633));
#233=EDGE_LOOP('',(#1634,#1635,#1636,#1637));
#234=EDGE_LOOP('',(#1638,#1639,#1640,#1641));
#235=EDGE_LOOP('',(#1642,#1643,#1644,#1645));
#236=EDGE_LOOP('',(#1646,#1647,#1648,#1649));
#237=EDGE_LOOP('',(#1650,#1651,#1652,#1653));
#238=EDGE_LOOP('',(#1654,#1655,#1656));
#239=EDGE_LOOP('',(#1657,#1658,#1659,#1660));
#240=EDGE_LOOP('',(#1661,#1662,#1663,#1664));
#241=EDGE_LOOP('',(#1665,#1666,#1667,#1668));
#242=EDGE_LOOP('',(#1669,#1670,#1671,#1672));
#243=EDGE_LOOP('',(#1673,#1674,#1675,#1676));
#244=EDGE_LOOP('',(#1677,#1678,#1679,#1680));
#245=EDGE_LOOP('',(#1681,#1682,#1683,#1684));
#246=EDGE_LOOP('',(#1685,#1686,#1687,#1688));
#247=EDGE_LOOP('',(#1689,#1690,#1691,#1692));
#248=EDGE_LOOP('',(#1693,#1694,#1695,#1696));
#249=EDGE_LOOP('',(#1697,#1698,#1699,#1700));
#250=EDGE_LOOP('',(#1701,#1702,#1703,#1704));
#251=EDGE_LOOP('',(#1705,#1706,#1707,#1708));
#252=EDGE_LOOP('',(#1709,#1710,#1711,#1712));
#253=EDGE_LOOP('',(#1713,#1714,#1715,#1716));
#254=EDGE_LOOP('',(#1717,#1718,#1719,#1720));
#255=EDGE_LOOP('',(#1721,#1722,#1723,#1724));
#256=EDGE_LOOP('',(#1725,#1726,#1727,#1728));
#257=EDGE_LOOP('',(#1729,#1730,#1731,#1732));
#258=EDGE_LOOP('',(#1733,#1734,#1735,#1736));
#259=EDGE_LOOP('',(#1737,#1738,#1739,#1740));
#260=EDGE_LOOP('',(#1741,#1742,#1743,#1744));
#261=EDGE_LOOP('',(#1745,#1746,#1747,#1748));
#262=EDGE_LOOP('',(#1749,#1750,#1751));
#263=EDGE_LOOP('',(#1752,#1753,#1754,#1755));
#264=EDGE_LOOP('',(#1756,#1757,#1758,#1759,#1760,#1761,#1762,#1763,#1764,
#1765,#1766,#1767,#1768,#1769,#1770));
#265=EDGE_LOOP('',(#1771,#1772,#1773,#1774,#1775,#1776,#1777));
#266=EDGE_LOOP('',(#1778,#1779,#1780,#1781,#1782,#1783,#1784));
#267=EDGE_LOOP('',(#1785,#1786,#1787,#1788,#1789,#1790,#1791));
#268=EDGE_LOOP('',(#1792,#1793,#1794,#1795,#1796));
#269=EDGE_LOOP('',(#1797,#1798,#1799,#1800,#1801,#1802,#1803,#1804,#1805,
#1806,#1807,#1808,#1809,#1810,#1811,#1812,#1813,#1814,#1815,#1816,#1817,
#1818,#1819,#1820,#1821,#1822,#1823,#1824));
#270=EDGE_LOOP('',(#1825,#1826,#1827,#1828));
#271=EDGE_LOOP('',(#1829,#1830,#1831,#1832,#1833));
#272=EDGE_LOOP('',(#1834,#1835,#1836,#1837,#1838,#1839,#1840,#1841,#1842,
#1843,#1844,#1845,#1846,#1847,#1848,#1849,#1850,#1851,#1852,#1853,#1854,
#1855,#1856,#1857,#1858,#1859,#1860,#1861));
#273=EDGE_LOOP('',(#1862,#1863,#1864,#1865));
#274=EDGE_LOOP('',(#1866,#1867,#1868,#1869,#1870));
#275=EDGE_LOOP('',(#1871,#1872,#1873,#1874,#1875,#1876,#1877,#1878,#1879,
#1880,#1881,#1882,#1883,#1884,#1885,#1886,#1887,#1888,#1889,#1890,#1891,
#1892,#1893,#1894,#1895,#1896,#1897,#1898));
#276=EDGE_LOOP('',(#1899,#1900,#1901,#1902));
#277=EDGE_LOOP('',(#1903,#1904,#1905,#1906,#1907));
#278=EDGE_LOOP('',(#1908,#1909,#1910,#1911,#1912,#1913,#1914,#1915,#1916,
#1917,#1918,#1919,#1920,#1921,#1922,#1923,#1924,#1925,#1926,#1927,#1928,
#1929,#1930,#1931,#1932,#1933,#1934,#1935));
#279=EDGE_LOOP('',(#1936,#1937,#1938,#1939));
#280=EDGE_LOOP('',(#1940,#1941,#1942,#1943,#1944,#1945,#1946,#1947,#1948,
#1949,#1950,#1951,#1952,#1953,#1954,#1955,#1956,#1957,#1958,#1959,#1960,
#1961,#1962,#1963,#1964,#1965,#1966,#1967,#1968));
#281=EDGE_LOOP('',(#1969,#1970));
#282=EDGE_LOOP('',(#1971,#1972,#1973,#1974,#1975,#1976,#1977,#1978,#1979,
#1980,#1981,#1982,#1983,#1984,#1985,#1986,#1987,#1988,#1989,#1990,#1991,
#1992,#1993,#1994,#1995,#1996,#1997,#1998,#1999));
#283=EDGE_LOOP('',(#2000,#2001));
#284=EDGE_LOOP('',(#2002,#2003,#2004,#2005,#2006,#2007,#2008,#2009,#2010,
#2011,#2012,#2013,#2014,#2015,#2016,#2017,#2018,#2019,#2020,#2021,#2022,
#2023,#2024,#2025,#2026,#2027,#2028,#2029,#2030));
#285=EDGE_LOOP('',(#2031,#2032,#2033));
#286=EDGE_LOOP('',(#2034,#2035,#2036,#2037));
#287=EDGE_LOOP('',(#2038,#2039,#2040,#2041));
#288=EDGE_LOOP('',(#2042,#2043,#2044,#2045));
#289=EDGE_LOOP('',(#2046,#2047,#2048,#2049,#2050,#2051,#2052,#2053,#2054,
#2055,#2056,#2057,#2058,#2059,#2060,#2061,#2062,#2063,#2064,#2065,#2066,
#2067,#2068,#2069,#2070,#2071,#2072,#2073,#2074));
#290=EDGE_LOOP('',(#2075,#2076));
#291=EDGE_LOOP('',(#2077,#2078,#2079,#2080));
#292=EDGE_LOOP('',(#2081));
#293=EDGE_LOOP('',(#2082));
#294=EDGE_LOOP('',(#2083));
#295=EDGE_LOOP('',(#2084));
#296=EDGE_LOOP('',(#2085,#2086,#2087,#2088));
#297=EDGE_LOOP('',(#2089,#2090,#2091,#2092));
#298=EDGE_LOOP('',(#2093));
#299=EDGE_LOOP('',(#2094));
#300=EDGE_LOOP('',(#2095));
#301=EDGE_LOOP('',(#2096));
#302=CIRCLE('',#2353,2.54305);
#303=CIRCLE('',#2366,2.26435);
#304=CIRCLE('',#2379,2.54305);
#305=CIRCLE('',#2392,2.26435);
#306=CIRCLE('',#2405,2.54305);
#307=CIRCLE('',#2418,2.26435);
#308=CIRCLE('',#2431,2.54305);
#309=CIRCLE('',#2444,2.26435);
#310=CIRCLE('',#2457,20.75);
#311=CIRCLE('',#2458,20.75);
#312=CIRCLE('',#2460,20.75);
#313=CIRCLE('',#2461,20.75);
#314=CIRCLE('',#2479,18.5);
#315=CIRCLE('',#2481,18.5);
#316=CIRCLE('',#2483,18.5);
#317=CIRCLE('',#2485,18.5);
#318=B_SPLINE_CURVE_WITH_KNOTS('',3,(#2872,#2873,#2874,#2875,#2876),
 .UNSPECIFIED.,.F.,.F.,(4,1,4),(91.106186954104,92.0457582382022,93.0437058659261),
 .UNSPECIFIED.);
#319=B_SPLINE_CURVE_WITH_KNOTS('',3,(#2879,#2880,#2881,#2882,#2883,#2884),
 .UNSPECIFIED.,.F.,.F.,(4,1,1,4),(91.106186954104,91.6223142757124,92.6139660289232,
93.5668977573073),.UNSPECIFIED.);
#320=B_SPLINE_CURVE_WITH_KNOTS('',3,(#2889,#2890,#2891,#2892,#2893,#2894,
#2895,#2896,#2897,#2898,#2899),.UNSPECIFIED.,.F.,.F.,(4,1,1,1,1,1,1,1,4),
(84.8230016469244,85.0601248441348,86.0580724718587,87.0560200995826,88.0539677273065,
89.0519153550305,90.0498629827544,91.0478106104783,91.106186954104),
 .UNSPECIFIED.);
#321=B_SPLINE_CURVE_WITH_KNOTS('',3,(#2900,#2901,#2902,#2903,#2904,#2905,
#2906,#2907,#2908,#2909),.UNSPECIFIED.,.F.,.F.,(4,1,1,1,1,1,1,4),(84.8230016469244,
85.6724037564475,86.6640555096583,87.6557072628691,88.6473590160799,89.6390107692908,
90.6306625225016,91.106186954104),.UNSPECIFIED.);
#322=B_SPLINE_CURVE_WITH_KNOTS('',3,(#2914,#2915,#2916,#2917,#2918,#2919,
#2920,#2921,#2922,#2923),.UNSPECIFIED.,.F.,.F.,(4,1,1,1,1,1,1,4),(78.5398163397448,
79.0724390777913,80.0703867055152,81.0683343332391,82.066281960963,83.0642295886869,
84.0621772164109,84.8230016469244),.UNSPECIFIED.);
#323=B_SPLINE_CURVE_WITH_KNOTS('',3,(#2924,#2925,#2926,#2927,#2928,#2929,
#2930,#2931,#2932,#2933,#2934),.UNSPECIFIED.,.F.,.F.,(4,1,1,1,1,1,1,1,4),
(78.5398163397448,78.7308414839717,79.7224932371826,80.7141449903934,81.7057967436042,
82.697448496815,83.6891002500258,84.6807520032367,84.8230016469244),
 .UNSPECIFIED.);
#324=B_SPLINE_CURVE_WITH_KNOTS('',3,(#2939,#2940,#2941,#2942,#2943,#2944,
#2945,#2946,#2947,#2948),.UNSPECIFIED.,.F.,.F.,(4,1,1,1,1,1,1,4),(72.2566310325652,
73.0847533114477,74.0827009391716,75.0806485668956,76.0785961946195,77.0765438223434,
78.0744914500673,78.5398163397448),.UNSPECIFIED.);
#325=B_SPLINE_CURVE_WITH_KNOTS('',3,(#2949,#2950,#2951,#2952,#2953,#2954,
#2955,#2956,#2957,#2958),.UNSPECIFIED.,.F.,.F.,(4,1,1,1,1,1,1,4),(72.2566310325652,
72.7809309647068,73.7725827179176,74.7642344711284,75.7558862243393,76.7475379775501,
77.7391897307609,78.5398163397448),.UNSPECIFIED.);
#326=B_SPLINE_CURVE_WITH_KNOTS('',3,(#2963,#2964,#2965,#2966,#2967,#2968,
#2969,#2970,#2971,#2972,#2973),.UNSPECIFIED.,.F.,.F.,(4,1,1,1,1,1,1,1,4),
(65.9734457253856,66.0991199173803,67.0970675451042,68.0950151728281,69.092962800552,
70.090910428276,71.0888580559999,72.0868056837238,72.2566310325652),
 .UNSPECIFIED.);
#327=B_SPLINE_CURVE_WITH_KNOTS('',3,(#2974,#2975,#2976,#2977,#2978,#2979,
#2980,#2981,#2982,#2983),.UNSPECIFIED.,.F.,.F.,(4,1,1,1,1,1,1,4),(65.9734457253856,
66.8310204454419,67.8226721986527,68.8143239518635,69.8059757050743,70.7976274582852,
71.789279211496,72.2566310325652),.UNSPECIFIED.);
#328=B_SPLINE_CURVE_WITH_KNOTS('',3,(#2988,#2989,#2990,#2991,#2992,#2993,
#2994,#2995,#2996,#2997),.UNSPECIFIED.,.F.,.F.,(4,1,1,1,1,1,1,4),(59.690260418206,
60.1114341510368,61.1093817787607,62.1073294064846,63.1052770342085,64.1032246619324,
65.1011722896564,65.9734457253856),.UNSPECIFIED.);
#329=B_SPLINE_CURVE_WITH_KNOTS('',3,(#2998,#2999,#3000,#3001,#3002,#3003,
#3004,#3005,#3006,#3007,#3008),.UNSPECIFIED.,.F.,.F.,(4,1,1,1,1,1,1,1,4),
(59.690260418206,59.8894581729661,60.8811099261769,61.8727616793878,62.8644134325986,
63.8560651858094,64.8477169390202,65.8393686922311,65.9734457253856),
 .UNSPECIFIED.);
#330=B_SPLINE_CURVE_WITH_KNOTS('',3,(#3013,#3014,#3015,#3016,#3017,#3018,
#3019,#3020,#3021,#3022),.UNSPECIFIED.,.F.,.F.,(4,1,1,1,1,1,1,4),(53.4070751110264,
54.1237483846932,55.1216960124172,56.1196436401411,57.117591267865,58.1155388955889,
59.1134865233128,59.690260418206),.UNSPECIFIED.);
#331=B_SPLINE_CURVE_WITH_KNOTS('',3,(#3023,#3024,#3025,#3026,#3027,#3028,
#3029,#3030,#3031,#3032),.UNSPECIFIED.,.F.,.F.,(4,1,1,1,1,1,1,4),(53.4070751110264,
53.9395476537012,54.931199406912,55.9228511601228,56.9145029133337,57.9061546665445,
58.8978064197553,59.690260418206),.UNSPECIFIED.);
#332=B_SPLINE_CURVE_WITH_KNOTS('',3,(#3037,#3038,#3039,#3040,#3041,#3042,
#3043,#3044,#3045,#3046,#3047),.UNSPECIFIED.,.F.,.F.,(4,1,1,1,1,1,1,1,4),
(47.1238898038468,47.1381149906258,48.1360626183497,49.1340102460736,50.1319578737976,
51.1299055015215,52.1278531292454,53.1258007569693,53.4070751110264),
 .UNSPECIFIED.);
#333=B_SPLINE_CURVE_WITH_KNOTS('',3,(#3048,#3049,#3050,#3051,#3052,#3053,
#3054,#3055,#3056,#3057),.UNSPECIFIED.,.F.,.F.,(4,1,1,1,1,1,1,4),(47.1238898038468,
47.9896371344363,48.9812888876471,49.9729406408579,50.9645923940687,51.9562441472796,
52.9478959004904,53.4070751110264),.UNSPECIFIED.);
#334=B_SPLINE_CURVE_WITH_KNOTS('',3,(#3062,#3063,#3064,#3065,#3066,#3067,
#3068,#3069,#3070,#3071),.UNSPECIFIED.,.F.,.F.,(4,1,1,1,1,1,1,4),(40.8407044966673,
41.1504292242823,42.1483768520062,43.1463244797301,44.144272107454,45.1422197351779,
46.1401673629019,47.1238898038468),.UNSPECIFIED.);
#335=B_SPLINE_CURVE_WITH_KNOTS('',3,(#3072,#3073,#3074,#3075,#3076,#3077,
#3078,#3079,#3080,#3081,#3082),.UNSPECIFIED.,.F.,.F.,(4,1,1,1,1,1,1,1,4),
(40.8407044966673,41.0480748619605,42.0397266151713,43.0313783683822,44.023030121593,
45.0146818748038,46.0063336280146,46.9979853812254,47.1238898038468),
 .UNSPECIFIED.);
#336=B_SPLINE_CURVE_WITH_KNOTS('',3,(#3087,#3088,#3089,#3090,#3091,#3092,
#3093,#3094,#3095,#3096),.UNSPECIFIED.,.F.,.F.,(4,1,1,1,1,1,1,4),(34.5575191894877,
35.1627434579387,36.1606910856627,37.1586387133866,38.1565863411105,39.1545339688344,
40.1524815965583,40.8407044966673),.UNSPECIFIED.);
#337=B_SPLINE_CURVE_WITH_KNOTS('',3,(#3097,#3098,#3099,#3100,#3101,#3102,
#3103,#3104,#3105,#3106),.UNSPECIFIED.,.F.,.F.,(4,1,1,1,1,1,1,4),(34.5575191894877,
35.0981643426956,36.0898160959064,37.0814678491172,38.0731196023281,39.0647713555389,
40.0564231087497,40.8407044966673),.UNSPECIFIED.);
#338=B_SPLINE_CURVE_WITH_KNOTS('',3,(#3111,#3112,#3113,#3114,#3115,#3116,
#3117,#3118,#3119,#3120),.UNSPECIFIED.,.F.,.F.,(4,1,1,1,1,1,1,4),(28.2743338823081,
29.1750576915952,30.1730053193191,31.1709529470431,32.168900574767,33.1668482024909,
34.1647958302148,34.5575191894877),.UNSPECIFIED.);
#339=B_SPLINE_CURVE_WITH_KNOTS('',3,(#3121,#3122,#3123,#3124,#3125,#3126,
#3127,#3128,#3129,#3130),.UNSPECIFIED.,.F.,.F.,(4,1,1,1,1,1,1,4),(28.2743338823081,
29.1482538234307,30.1399055766415,31.1315573298523,32.1232090830631,33.1148608362739,
34.1065125894848,34.5575191894877),.UNSPECIFIED.);
#340=B_SPLINE_CURVE_WITH_KNOTS('',3,(#3136,#3137,#3138,#3139,#3140,#3141),
 .UNSPECIFIED.,.F.,.F.,(4,1,1,4),(19.2317362913225,20.2233880445333,21.2150397977441,
21.9911485751285),.UNSPECIFIED.);
#341=B_SPLINE_CURVE_WITH_KNOTS('',3,(#3143,#3144,#3145,#3146),
 .UNSPECIFIED.,.F.,.F.,(4,4),(1.44102018450009,1.5069292958979),
 .UNSPECIFIED.);
#342=B_SPLINE_CURVE_WITH_KNOTS('',3,(#3147,#3148,#3149,#3150,#3151,#3152,
#3153),.UNSPECIFIED.,.F.,.F.,(4,1,1,1,4),(18.959209413715,19.195581414356,
20.1935290420799,21.1914766698039,21.9911485751285),.UNSPECIFIED.);
#343=B_SPLINE_CURVE_WITH_KNOTS('',3,(#3159,#3160,#3161,#3162,#3163,#3164,
#3165,#3166,#3167,#3168,#3169,#3170,#3171,#3172,#3173,#3174),
 .UNSPECIFIED.,.F.,.F.,(4,3,3,3,3,4),(76.7074240672594,77.2235513888678,
78.2152031420787,79.2068548952895,80.1985066485003,81.1901584017111),
 .UNSPECIFIED.);
#344=B_SPLINE_CURVE_WITH_KNOTS('',3,(#3177,#3178,#3179,#3180,#3181,#3182,
#3183,#3184,#3185,#3186,#3187,#3188,#3189,#3190,#3191,#3192,#3193,#3194,
#3195,#3196,#3197,#3198),.UNSPECIFIED.,.F.,.F.,(4,3,3,3,3,3,3,4),(-79.1681348704628,
-78.1963155185394,-77.1983678908155,-76.2004202630915,-75.2024726353676,
-74.2045250076437,-73.2065773799198,-72.9694541827094),.UNSPECIFIED.);
#345=B_SPLINE_CURVE_WITH_KNOTS('',3,(#3203,#3204,#3205,#3206,#3207,#3208,
#3209,#3210,#3211,#3212,#3213,#3214,#3215,#3216,#3217,#3218,#3219,#3220,
#3221,#3222,#3223,#3224),.UNSPECIFIED.,.F.,.F.,(4,3,3,3,3,3,3,4),(70.4242387600798,
71.2736408696029,72.2652926228137,73.2569443760246,74.2485961292354,75.2402478824462,
76.231899635657,76.7074240672594),.UNSPECIFIED.);
#346=B_SPLINE_CURVE_WITH_KNOTS('',3,(#3225,#3226,#3227,#3228,#3229,#3230,
#3231,#3232,#3233,#3234,#3235,#3236,#3237,#3238,#3239,#3240,#3241,#3242,
#3243,#3244,#3245,#3246),.UNSPECIFIED.,.F.,.F.,(4,3,3,3,3,3,3,4),(-72.9694541827094,
-72.2086297521959,-71.2106821244719,-70.212734496748,-69.2147868690241,
-68.2168392413002,-67.2188916135763,-66.6862688755298),.UNSPECIFIED.);
#347=B_SPLINE_CURVE_WITH_KNOTS('',3,(#3251,#3252,#3253,#3254,#3255,#3256,
#3257,#3258,#3259,#3260,#3261,#3262,#3263,#3264,#3265,#3266,#3267,#3268,
#3269,#3270,#3271,#3272,#3273,#3274,#3275),.UNSPECIFIED.,.F.,.F.,(4,3,3,
3,3,3,3,3,4),(64.1410534529002,64.3320785971272,65.323730350338,66.3153821035488,
67.3070338567596,68.2986856099705,69.2903373631813,70.2819891163921,70.4242387600798),
 .UNSPECIFIED.);
#348=B_SPLINE_CURVE_WITH_KNOTS('',3,(#3276,#3277,#3278,#3279,#3280,#3281,
#3282,#3283,#3284,#3285,#3286,#3287,#3288,#3289,#3290,#3291,#3292,#3293,
#3294,#3295,#3296,#3297),.UNSPECIFIED.,.F.,.F.,(4,3,3,3,3,3,3,4),(-66.6862688755298,
-66.2209439858523,-65.2229963581284,-64.2250487304045,-63.2271011026806,
-62.2291534749567,-61.2312058472327,-60.4030835683502),.UNSPECIFIED.);
#349=B_SPLINE_CURVE_WITH_KNOTS('',3,(#3302,#3303,#3304,#3305,#3306,#3307,
#3308,#3309,#3310,#3311,#3312,#3313,#3314,#3315,#3316,#3317,#3318,#3319,
#3320,#3321,#3322,#3323),.UNSPECIFIED.,.F.,.F.,(4,3,3,3,3,3,3,4),(57.8578681457206,
58.3821680778623,59.3738198310731,60.3654715842839,61.3571233374947,62.3487750907055,
63.3404268439163,64.1410534529002),.UNSPECIFIED.);
#350=B_SPLINE_CURVE_WITH_KNOTS('',3,(#3324,#3325,#3326,#3327,#3328,#3329,
#3330,#3331,#3332,#3333,#3334,#3335,#3336,#3337,#3338,#3339,#3340,#3341,
#3342,#3343,#3344,#3345,#3346,#3347,#3348),.UNSPECIFIED.,.F.,.F.,(4,3,3,
3,3,3,3,3,4),(-60.4030835683502,-60.2332582195088,-59.2353105917849,-58.237362964061,
-57.2394153363371,-56.2414677086131,-55.2435200808892,-54.2455724531653,
-54.1198982611706),.UNSPECIFIED.);
#351=B_SPLINE_CURVE_WITH_KNOTS('',3,(#3353,#3354,#3355,#3356,#3357,#3358,
#3359,#3360,#3361,#3362,#3363,#3364,#3365,#3366,#3367,#3368,#3369,#3370,
#3371,#3372,#3373,#3374),.UNSPECIFIED.,.F.,.F.,(4,3,3,3,3,3,3,4),(51.574682838541,
52.4322575585973,53.4239093118081,54.415561065019,55.4072128182298,56.3988645714406,
57.3905163246514,57.8578681457206),.UNSPECIFIED.);
#352=B_SPLINE_CURVE_WITH_KNOTS('',3,(#3375,#3376,#3377,#3378,#3379,#3380,
#3381,#3382,#3383,#3384,#3385,#3386,#3387,#3388,#3389,#3390,#3391,#3392,
#3393,#3394,#3395,#3396),.UNSPECIFIED.,.F.,.F.,(4,3,3,3,3,3,3,4),(-54.1198982611706,
-53.2476248254414,-52.2496771977175,-51.2517295699935,-50.2537819422696,
-49.2558343145457,-48.2578866868218,-47.836712953991),.UNSPECIFIED.);
#353=B_SPLINE_CURVE_WITH_KNOTS('',3,(#3401,#3402,#3403,#3404,#3405,#3406,
#3407,#3408,#3409,#3410,#3411,#3412,#3413,#3414,#3415,#3416,#3417,#3418,
#3419,#3420,#3421,#3422,#3423,#3424,#3425),.UNSPECIFIED.,.F.,.F.,(4,3,3,
3,3,3,3,3,4),(45.2914975313614,45.4906952861216,46.4823470393324,47.4739987925432,
48.465650545754,49.4573022989648,50.4489540521757,51.4406058053865,51.574682838541),
 .UNSPECIFIED.);
#354=B_SPLINE_CURVE_WITH_KNOTS('',3,(#3426,#3427,#3428,#3429,#3430,#3431,
#3432,#3433,#3434,#3435,#3436,#3437,#3438,#3439,#3440,#3441,#3442,#3443,
#3444,#3445,#3446,#3447),.UNSPECIFIED.,.F.,.F.,(4,3,3,3,3,3,3,4),(-47.836712953991,
-47.2599390590978,-46.2619914313739,-45.26404380365,-44.2660961759261,-43.2681485482022,
-42.2702009204782,-41.5535276468114),.UNSPECIFIED.);
#355=B_SPLINE_CURVE_WITH_KNOTS('',3,(#3452,#3453,#3454,#3455,#3456,#3457,
#3458,#3459,#3460,#3461,#3462,#3463,#3464,#3465,#3466,#3467,#3468,#3469,
#3470,#3471,#3472,#3473),.UNSPECIFIED.,.F.,.F.,(4,3,3,3,3,3,3,4),(39.0083122241818,
39.5407847668566,40.5324365200675,41.5240882732783,42.5157400264891,43.5073917796999,
44.4990435329107,45.2914975313614),.UNSPECIFIED.);
#356=B_SPLINE_CURVE_WITH_KNOTS('',3,(#3474,#3475,#3476,#3477,#3478,#3479,
#3480,#3481,#3482,#3483,#3484,#3485,#3486,#3487,#3488,#3489,#3490,#3491,
#3492,#3493,#3494,#3495,#3496,#3497,#3498),.UNSPECIFIED.,.F.,.F.,(4,3,3,
3,3,3,3,3,4),(-41.5535276468114,-41.2722532927543,-40.2743056650304,-39.2763580373065,
-38.2784104095826,-37.2804627818586,-36.2825151541347,-35.2845675264108,
-35.2703423396318),.UNSPECIFIED.);
#357=B_SPLINE_CURVE_WITH_KNOTS('',3,(#3503,#3504,#3505,#3506,#3507,#3508,
#3509,#3510,#3511,#3512,#3513,#3514,#3515,#3516,#3517,#3518,#3519,#3520,
#3521,#3522,#3523,#3524),.UNSPECIFIED.,.F.,.F.,(4,3,3,3,3,3,3,4),(32.7251269170022,
33.5908742475917,34.5825260008025,35.5741777540133,36.5658295072242,37.557481260435,
38.5491330136458,39.0083122241818),.UNSPECIFIED.);
#358=B_SPLINE_CURVE_WITH_KNOTS('',3,(#3525,#3526,#3527,#3528,#3529,#3530,
#3531,#3532,#3533,#3534,#3535,#3536,#3537,#3538,#3539,#3540,#3541,#3542,
#3543,#3544,#3545,#3546),.UNSPECIFIED.,.F.,.F.,(4,3,3,3,3,3,3,4),(-35.2703423396318,
-34.2866198986869,-33.288672270963,-32.290724643239,-31.2927770155151,-30.2948293877912,
-29.2968817600673,-28.9871570324522),.UNSPECIFIED.);
#359=B_SPLINE_CURVE_WITH_KNOTS('',3,(#3551,#3552,#3553,#3554,#3555,#3556,
#3557,#3558,#3559,#3560,#3561,#3562,#3563,#3564,#3565,#3566,#3567,#3568,
#3569,#3570,#3571,#3572,#3573,#3574,#3575),.UNSPECIFIED.,.F.,.F.,(4,3,3,
3,3,3,3,3,4),(26.4419416098226,26.649311975116,27.6409637283268,28.6326154815376,
29.6242672347484,30.6159189879592,31.6075707411701,32.5992224943809,32.7251269170022),
 .UNSPECIFIED.);
#360=B_SPLINE_CURVE_WITH_KNOTS('',3,(#3576,#3577,#3578,#3579,#3580,#3581,
#3582,#3583,#3584,#3585,#3586,#3587,#3588,#3589,#3590,#3591,#3592,#3593,
#3594,#3595,#3596,#3597),.UNSPECIFIED.,.F.,.F.,(4,3,3,3,3,3,3,4),(-28.9871570324522,
-28.2989341323433,-27.3009865046194,-26.3030388768955,-25.3050912491716,
-24.3071436214477,-23.3091959937237,-22.7039717252727),.UNSPECIFIED.);
#361=B_SPLINE_CURVE_WITH_KNOTS('',3,(#3602,#3603,#3604,#3605,#3606,#3607,
#3608,#3609,#3610,#3611,#3612,#3613,#3614,#3615,#3616,#3617,#3618,#3619,
#3620,#3621,#3622,#3623),.UNSPECIFIED.,.F.,.F.,(4,3,3,3,3,3,3,4),(20.158756302643,
20.699401455851,21.6910532090618,22.6827049622727,23.6743567154835,24.6660084686943,
25.6576602219051,26.4419416098226),.UNSPECIFIED.);
#362=B_SPLINE_CURVE_WITH_KNOTS('',3,(#3624,#3625,#3626,#3627,#3628,#3629,
#3630,#3631,#3632,#3633,#3634,#3635,#3636,#3637,#3638,#3639,#3640,#3641,
#3642,#3643,#3644,#3645),.UNSPECIFIED.,.F.,.F.,(4,3,3,3,3,3,3,4),(-22.7039717252727,
-22.3112483659998,-21.3133007382759,-20.315353110552,-19.3174054828281,
-18.3194578551041,-17.3215102273802,-16.4207864180931),.UNSPECIFIED.);
#363=B_SPLINE_CURVE_WITH_KNOTS('',3,(#3650,#3651,#3652,#3653,#3654,#3655,
#3656,#3657,#3658,#3659,#3660,#3661,#3662,#3663,#3664,#3665,#3666,#3667,
#3668,#3669,#3670,#3671),.UNSPECIFIED.,.F.,.F.,(4,3,3,3,3,3,3,4),(13.8755709954635,
14.7494909365861,15.7411426897969,16.7327944430077,17.7244461962186,18.7160979494294,
19.7077497026402,20.158756302643),.UNSPECIFIED.);
#364=B_SPLINE_CURVE_WITH_KNOTS('',3,(#3672,#3673,#3674,#3675,#3676,#3677,
#3678,#3679,#3680,#3681,#3682,#3683,#3684,#3685,#3686,#3687,#3688,#3689,
#3690,#3691,#3692,#3693,#3694,#3695,#3696),.UNSPECIFIED.,.F.,.F.,(4,3,3,
3,3,3,3,3,4),(-16.4207864180931,-16.3235625996563,-15.3256149719324,-14.3276673442085,
-13.3297197164845,-12.3317720887606,-11.3338244610367,-10.3358768333128,
-10.1376011109135),.UNSPECIFIED.);
#365=B_SPLINE_CURVE_WITH_KNOTS('',3,(#3702,#3703,#3704,#3705,#3706,#3707,
#3708,#3709,#3710,#3711,#3712,#3713,#3714,#3715),.UNSPECIFIED.,.F.,.F.,
(4,2,2,2,2,2,4),(0.682944436528762,0.768312697493204,0.853680958457647,
0.939048806625395,1.02441665479314,1.10978450296089,1.13275999175995),
 .UNSPECIFIED.);
#366=B_SPLINE_CURVE_WITH_KNOTS('',3,(#3716,#3717,#3718,#3719,#3720,#3721,
#3722,#3723,#3724,#3725),.UNSPECIFIED.,.F.,.F.,(4,3,3,4),(5.52121071314703,
5.8246251576887,6.81627691089952,7.59238568828385),.UNSPECIFIED.);
#367=B_SPLINE_CURVE_WITH_KNOTS('',3,(#3731,#3732,#3733,#3734,#3735),
 .UNSPECIFIED.,.F.,.F.,(4,1,4),(91.106186954104,92.0457582382022,93.0437058659261),
 .UNSPECIFIED.);
#368=B_SPLINE_CURVE_WITH_KNOTS('',3,(#3738,#3739,#3740,#3741,#3742,#3743),
 .UNSPECIFIED.,.F.,.F.,(4,1,1,4),(91.106186954104,91.6223142757124,92.6139660289232,
93.5668977573073),.UNSPECIFIED.);
#369=B_SPLINE_CURVE_WITH_KNOTS('',3,(#3748,#3749,#3750,#3751,#3752,#3753,
#3754,#3755,#3756,#3757,#3758),.UNSPECIFIED.,.F.,.F.,(4,1,1,1,1,1,1,1,4),
(84.8230016469244,85.0601248441348,86.0580724718587,87.0560200995826,88.0539677273065,
89.0519153550305,90.0498629827544,91.0478106104783,91.106186954104),
 .UNSPECIFIED.);
#370=B_SPLINE_CURVE_WITH_KNOTS('',3,(#3759,#3760,#3761,#3762,#3763,#3764,
#3765,#3766,#3767,#3768),.UNSPECIFIED.,.F.,.F.,(4,1,1,1,1,1,1,4),(84.8230016469244,
85.6724037564475,86.6640555096583,87.6557072628691,88.6473590160799,89.6390107692908,
90.6306625225016,91.106186954104),.UNSPECIFIED.);
#371=B_SPLINE_CURVE_WITH_KNOTS('',3,(#3773,#3774,#3775,#3776,#3777,#3778,
#3779,#3780,#3781,#3782),.UNSPECIFIED.,.F.,.F.,(4,1,1,1,1,1,1,4),(78.5398163397448,
79.0724390777912,80.0703867055152,81.0683343332391,82.066281960963,83.0642295886869,
84.0621772164108,84.8230016469244),.UNSPECIFIED.);
#372=B_SPLINE_CURVE_WITH_KNOTS('',3,(#3783,#3784,#3785,#3786,#3787,#3788,
#3789,#3790,#3791,#3792,#3793),.UNSPECIFIED.,.F.,.F.,(4,1,1,1,1,1,1,1,4),
(78.5398163397448,78.7308414839717,79.7224932371825,80.7141449903934,81.7057967436042,
82.697448496815,83.6891002500258,84.6807520032367,84.8230016469244),
 .UNSPECIFIED.);
#373=B_SPLINE_CURVE_WITH_KNOTS('',3,(#3798,#3799,#3800,#3801,#3802,#3803,
#3804,#3805,#3806,#3807),.UNSPECIFIED.,.F.,.F.,(4,1,1,1,1,1,1,4),(72.2566310325652,
73.0847533114477,74.0827009391716,75.0806485668956,76.0785961946195,77.0765438223434,
78.0744914500673,78.5398163397448),.UNSPECIFIED.);
#374=B_SPLINE_CURVE_WITH_KNOTS('',3,(#3808,#3809,#3810,#3811,#3812,#3813,
#3814,#3815,#3816,#3817),.UNSPECIFIED.,.F.,.F.,(4,1,1,1,1,1,1,4),(72.2566310325652,
72.7809309647068,73.7725827179176,74.7642344711284,75.7558862243393,76.7475379775501,
77.7391897307609,78.5398163397448),.UNSPECIFIED.);
#375=B_SPLINE_CURVE_WITH_KNOTS('',3,(#3822,#3823,#3824,#3825,#3826,#3827,
#3828,#3829,#3830,#3831,#3832),.UNSPECIFIED.,.F.,.F.,(4,1,1,1,1,1,1,1,4),
(65.9734457253856,66.0991199173803,67.0970675451042,68.0950151728281,69.092962800552,
70.0909104282759,71.0888580559999,72.0868056837238,72.2566310325652),
 .UNSPECIFIED.);
#376=B_SPLINE_CURVE_WITH_KNOTS('',3,(#3833,#3834,#3835,#3836,#3837,#3838,
#3839,#3840,#3841,#3842),.UNSPECIFIED.,.F.,.F.,(4,1,1,1,1,1,1,4),(65.9734457253856,
66.8310204454419,67.8226721986527,68.8143239518635,69.8059757050743,70.7976274582851,
71.789279211496,72.2566310325652),.UNSPECIFIED.);
#377=B_SPLINE_CURVE_WITH_KNOTS('',3,(#3847,#3848,#3849,#3850,#3851,#3852,
#3853,#3854,#3855,#3856),.UNSPECIFIED.,.F.,.F.,(4,1,1,1,1,1,1,4),(59.690260418206,
60.1114341510367,61.1093817787607,62.1073294064846,63.1052770342085,64.1032246619324,
65.1011722896563,65.9734457253856),.UNSPECIFIED.);
#378=B_SPLINE_CURVE_WITH_KNOTS('',3,(#3857,#3858,#3859,#3860,#3861,#3862,
#3863,#3864,#3865,#3866,#3867),.UNSPECIFIED.,.F.,.F.,(4,1,1,1,1,1,1,1,4),
(59.690260418206,59.8894581729661,60.8811099261769,61.8727616793878,62.8644134325986,
63.8560651858094,64.8477169390202,65.839368692231,65.9734457253856),
 .UNSPECIFIED.);
#379=B_SPLINE_CURVE_WITH_KNOTS('',3,(#3872,#3873,#3874,#3875,#3876,#3877,
#3878,#3879,#3880,#3881),.UNSPECIFIED.,.F.,.F.,(4,1,1,1,1,1,1,4),(53.4070751110264,
54.1237483846932,55.1216960124171,56.1196436401411,57.117591267865,58.1155388955889,
59.1134865233128,59.690260418206),.UNSPECIFIED.);
#380=B_SPLINE_CURVE_WITH_KNOTS('',3,(#3882,#3883,#3884,#3885,#3886,#3887,
#3888,#3889,#3890,#3891),.UNSPECIFIED.,.F.,.F.,(4,1,1,1,1,1,1,4),(53.4070751110264,
53.9395476537012,54.931199406912,55.9228511601228,56.9145029133336,57.9061546665445,
58.8978064197553,59.690260418206),.UNSPECIFIED.);
#381=B_SPLINE_CURVE_WITH_KNOTS('',3,(#3896,#3897,#3898,#3899,#3900,#3901,
#3902,#3903,#3904,#3905,#3906),.UNSPECIFIED.,.F.,.F.,(4,1,1,1,1,1,1,1,4),
(47.1238898038468,47.1381149906258,48.1360626183497,49.1340102460736,50.1319578737975,
51.1299055015214,52.1278531292454,53.1258007569693,53.4070751110264),
 .UNSPECIFIED.);
#382=B_SPLINE_CURVE_WITH_KNOTS('',3,(#3907,#3908,#3909,#3910,#3911,#3912,
#3913,#3914,#3915,#3916),.UNSPECIFIED.,.F.,.F.,(4,1,1,1,1,1,1,4),(47.1238898038468,
47.9896371344362,48.9812888876471,49.9729406408579,50.9645923940687,51.9562441472795,
52.9478959004904,53.4070751110264),.UNSPECIFIED.);
#383=B_SPLINE_CURVE_WITH_KNOTS('',3,(#3921,#3922,#3923,#3924,#3925,#3926,
#3927,#3928,#3929,#3930),.UNSPECIFIED.,.F.,.F.,(4,1,1,1,1,1,1,4),(40.8407044966673,
41.1504292242822,42.1483768520062,43.1463244797301,44.144272107454,45.1422197351779,
46.1401673629018,47.1238898038468),.UNSPECIFIED.);
#384=B_SPLINE_CURVE_WITH_KNOTS('',3,(#3931,#3932,#3933,#3934,#3935,#3936,
#3937,#3938,#3939,#3940,#3941),.UNSPECIFIED.,.F.,.F.,(4,1,1,1,1,1,1,1,4),
(40.8407044966673,41.0480748619605,42.0397266151713,43.0313783683821,44.023030121593,
45.0146818748038,46.0063336280146,46.9979853812254,47.1238898038468),
 .UNSPECIFIED.);
#385=B_SPLINE_CURVE_WITH_KNOTS('',3,(#3946,#3947,#3948,#3949,#3950,#3951,
#3952,#3953,#3954,#3955),.UNSPECIFIED.,.F.,.F.,(4,1,1,1,1,1,1,4),(34.5575191894877,
35.1627434579387,36.1606910856626,37.1586387133866,38.1565863411105,39.1545339688344,
40.1524815965583,40.8407044966673),.UNSPECIFIED.);
#386=B_SPLINE_CURVE_WITH_KNOTS('',3,(#3956,#3957,#3958,#3959,#3960,#3961,
#3962,#3963,#3964,#3965),.UNSPECIFIED.,.F.,.F.,(4,1,1,1,1,1,1,4),(34.5575191894877,
35.0981643426956,36.0898160959064,37.0814678491172,38.073119602328,39.0647713555388,
40.0564231087497,40.8407044966673),.UNSPECIFIED.);
#387=B_SPLINE_CURVE_WITH_KNOTS('',3,(#3970,#3971,#3972,#3973,#3974,#3975,
#3976,#3977,#3978,#3979),.UNSPECIFIED.,.F.,.F.,(4,1,1,1,1,1,1,4),(28.2743338823081,
29.1750576915952,30.1730053193191,31.170952947043,32.1689005747669,33.1668482024909,
34.1647958302148,34.5575191894877),.UNSPECIFIED.);
#388=B_SPLINE_CURVE_WITH_KNOTS('',3,(#3980,#3981,#3982,#3983,#3984,#3985,
#3986,#3987,#3988,#3989),.UNSPECIFIED.,.F.,.F.,(4,1,1,1,1,1,1,4),(28.2743338823081,
29.1482538234306,30.1399055766414,31.1315573298523,32.1232090830631,33.1148608362739,
34.1065125894847,34.5575191894877),.UNSPECIFIED.);
#389=B_SPLINE_CURVE_WITH_KNOTS('',3,(#3995,#3996,#3997,#3998,#3999,#4000),
 .UNSPECIFIED.,.F.,.F.,(4,1,1,4),(19.2317362913224,20.2233880445332,21.2150397977441,
21.9911485751285),.UNSPECIFIED.);
#390=B_SPLINE_CURVE_WITH_KNOTS('',3,(#4002,#4003,#4004,#4005),
 .UNSPECIFIED.,.F.,.F.,(4,4),(1.4410201845001,1.5069292958979),
 .UNSPECIFIED.);
#391=B_SPLINE_CURVE_WITH_KNOTS('',3,(#4006,#4007,#4008,#4009,#4010,#4011,
#4012),.UNSPECIFIED.,.F.,.F.,(4,1,1,1,4),(18.959209413715,19.195581414356,
20.1935290420799,21.1914766698038,21.9911485751285),.UNSPECIFIED.);
#392=B_SPLINE_CURVE_WITH_KNOTS('',3,(#4018,#4019,#4020,#4021,#4022,#4023,
#4024,#4025,#4026,#4027,#4028,#4029,#4030,#4031,#4032,#4033),
 .UNSPECIFIED.,.F.,.F.,(4,3,3,3,3,4),(76.7074240672594,77.2235513888678,
78.2152031420787,79.2068548952895,80.1985066485003,81.1901584017111),
 .UNSPECIFIED.);
#393=B_SPLINE_CURVE_WITH_KNOTS('',3,(#4036,#4037,#4038,#4039,#4040,#4041,
#4042,#4043,#4044,#4045,#4046,#4047,#4048,#4049,#4050,#4051,#4052,#4053,
#4054,#4055,#4056,#4057),.UNSPECIFIED.,.F.,.F.,(4,3,3,3,3,3,3,4),(-79.1681348704628,
-78.1963155185394,-77.1983678908155,-76.2004202630915,-75.2024726353676,
-74.2045250076437,-73.2065773799198,-72.9694541827094),.UNSPECIFIED.);
#394=B_SPLINE_CURVE_WITH_KNOTS('',3,(#4062,#4063,#4064,#4065,#4066,#4067,
#4068,#4069,#4070,#4071,#4072,#4073,#4074,#4075,#4076,#4077,#4078,#4079,
#4080,#4081,#4082,#4083),.UNSPECIFIED.,.F.,.F.,(4,3,3,3,3,3,3,4),(70.4242387600798,
71.2736408696029,72.2652926228137,73.2569443760245,74.2485961292354,75.2402478824462,
76.231899635657,76.7074240672594),.UNSPECIFIED.);
#395=B_SPLINE_CURVE_WITH_KNOTS('',3,(#4084,#4085,#4086,#4087,#4088,#4089,
#4090,#4091,#4092,#4093,#4094,#4095,#4096,#4097,#4098,#4099,#4100,#4101,
#4102,#4103,#4104,#4105),.UNSPECIFIED.,.F.,.F.,(4,3,3,3,3,3,3,4),(-72.9694541827094,
-72.2086297521958,-71.2106821244719,-70.212734496748,-69.2147868690241,
-68.2168392413002,-67.2188916135762,-66.6862688755298),.UNSPECIFIED.);
#396=B_SPLINE_CURVE_WITH_KNOTS('',3,(#4110,#4111,#4112,#4113,#4114,#4115,
#4116,#4117,#4118,#4119,#4120,#4121,#4122,#4123,#4124,#4125,#4126,#4127,
#4128,#4129,#4130,#4131,#4132,#4133,#4134),.UNSPECIFIED.,.F.,.F.,(4,3,3,
3,3,3,3,3,4),(64.1410534529002,64.3320785971272,65.323730350338,66.3153821035488,
67.3070338567596,68.2986856099704,69.2903373631813,70.2819891163921,70.4242387600798),
 .UNSPECIFIED.);
#397=B_SPLINE_CURVE_WITH_KNOTS('',3,(#4135,#4136,#4137,#4138,#4139,#4140,
#4141,#4142,#4143,#4144,#4145,#4146,#4147,#4148,#4149,#4150,#4151,#4152,
#4153,#4154,#4155,#4156),.UNSPECIFIED.,.F.,.F.,(4,3,3,3,3,3,3,4),(-66.6862688755298,
-66.2209439858523,-65.2229963581284,-64.2250487304045,-63.2271011026806,
-62.2291534749566,-61.2312058472327,-60.4030835683502),.UNSPECIFIED.);
#398=B_SPLINE_CURVE_WITH_KNOTS('',3,(#4161,#4162,#4163,#4164,#4165,#4166,
#4167,#4168,#4169,#4170,#4171,#4172,#4173,#4174,#4175,#4176,#4177,#4178,
#4179,#4180,#4181,#4182),.UNSPECIFIED.,.F.,.F.,(4,3,3,3,3,3,3,4),(57.8578681457206,
58.3821680778622,59.3738198310731,60.3654715842839,61.3571233374947,62.3487750907055,
63.3404268439163,64.1410534529002),.UNSPECIFIED.);
#399=B_SPLINE_CURVE_WITH_KNOTS('',3,(#4183,#4184,#4185,#4186,#4187,#4188,
#4189,#4190,#4191,#4192,#4193,#4194,#4195,#4196,#4197,#4198,#4199,#4200,
#4201,#4202,#4203,#4204,#4205,#4206,#4207),.UNSPECIFIED.,.F.,.F.,(4,3,3,
3,3,3,3,3,4),(-60.4030835683502,-60.2332582195088,-59.2353105917849,-58.237362964061,
-57.239415336337,-56.2414677086131,-55.2435200808892,-54.2455724531653,
-54.1198982611706),.UNSPECIFIED.);
#400=B_SPLINE_CURVE_WITH_KNOTS('',3,(#4212,#4213,#4214,#4215,#4216,#4217,
#4218,#4219,#4220,#4221,#4222,#4223,#4224,#4225,#4226,#4227,#4228,#4229,
#4230,#4231,#4232,#4233),.UNSPECIFIED.,.F.,.F.,(4,3,3,3,3,3,3,4),(51.574682838541,
52.4322575585973,53.4239093118081,54.4155610650189,55.4072128182298,56.3988645714406,
57.3905163246514,57.8578681457206),.UNSPECIFIED.);
#401=B_SPLINE_CURVE_WITH_KNOTS('',3,(#4234,#4235,#4236,#4237,#4238,#4239,
#4240,#4241,#4242,#4243,#4244,#4245,#4246,#4247,#4248,#4249,#4250,#4251,
#4252,#4253,#4254,#4255),.UNSPECIFIED.,.F.,.F.,(4,3,3,3,3,3,3,4),(-54.1198982611706,
-53.2476248254414,-52.2496771977174,-51.2517295699935,-50.2537819422696,
-49.2558343145457,-48.2578866868217,-47.836712953991),.UNSPECIFIED.);
#402=B_SPLINE_CURVE_WITH_KNOTS('',3,(#4260,#4261,#4262,#4263,#4264,#4265,
#4266,#4267,#4268,#4269,#4270,#4271,#4272,#4273,#4274,#4275,#4276,#4277,
#4278,#4279,#4280,#4281,#4282,#4283,#4284),.UNSPECIFIED.,.F.,.F.,(4,3,3,
3,3,3,3,3,4),(45.2914975313614,45.4906952861215,46.4823470393324,47.4739987925432,
48.465650545754,49.4573022989648,50.4489540521757,51.4406058053865,51.574682838541),
 .UNSPECIFIED.);
#403=B_SPLINE_CURVE_WITH_KNOTS('',3,(#4285,#4286,#4287,#4288,#4289,#4290,
#4291,#4292,#4293,#4294,#4295,#4296,#4297,#4298,#4299,#4300,#4301,#4302,
#4303,#4304,#4305,#4306),.UNSPECIFIED.,.F.,.F.,(4,3,3,3,3,3,3,4),(-47.836712953991,
-47.2599390590978,-46.2619914313739,-45.26404380365,-44.2660961759261,-43.2681485482021,
-42.2702009204782,-41.5535276468114),.UNSPECIFIED.);
#404=B_SPLINE_CURVE_WITH_KNOTS('',3,(#4311,#4312,#4313,#4314,#4315,#4316,
#4317,#4318,#4319,#4320,#4321,#4322,#4323,#4324,#4325,#4326,#4327,#4328,
#4329,#4330,#4331,#4332),.UNSPECIFIED.,.F.,.F.,(4,3,3,3,3,3,3,4),(39.0083122241818,
39.5407847668566,40.5324365200674,41.5240882732783,42.5157400264891,43.5073917796999,
44.4990435329107,45.2914975313614),.UNSPECIFIED.);
#405=B_SPLINE_CURVE_WITH_KNOTS('',3,(#4333,#4334,#4335,#4336,#4337,#4338,
#4339,#4340,#4341,#4342,#4343,#4344,#4345,#4346,#4347,#4348,#4349,#4350,
#4351,#4352,#4353,#4354,#4355,#4356,#4357),.UNSPECIFIED.,.F.,.F.,(4,3,3,
3,3,3,3,3,4),(-41.5535276468114,-41.2722532927543,-40.2743056650304,-39.2763580373065,
-38.2784104095825,-37.2804627818586,-36.2825151541347,-35.2845675264108,
-35.2703423396318),.UNSPECIFIED.);
#406=B_SPLINE_CURVE_WITH_KNOTS('',3,(#4362,#4363,#4364,#4365,#4366,#4367,
#4368,#4369,#4370,#4371,#4372,#4373,#4374,#4375,#4376,#4377,#4378,#4379,
#4380,#4381,#4382,#4383),.UNSPECIFIED.,.F.,.F.,(4,3,3,3,3,3,3,4),(32.7251269170022,
33.5908742475917,34.5825260008025,35.5741777540133,36.5658295072241,37.557481260435,
38.5491330136458,39.0083122241818),.UNSPECIFIED.);
#407=B_SPLINE_CURVE_WITH_KNOTS('',3,(#4384,#4385,#4386,#4387,#4388,#4389,
#4390,#4391,#4392,#4393,#4394,#4395,#4396,#4397,#4398,#4399,#4400,#4401,
#4402,#4403,#4404,#4405),.UNSPECIFIED.,.F.,.F.,(4,3,3,3,3,3,3,4),(-35.2703423396318,
-34.2866198986868,-33.2886722709629,-32.290724643239,-31.2927770155151,
-30.2948293877912,-29.2968817600672,-28.9871570324522),.UNSPECIFIED.);
#408=B_SPLINE_CURVE_WITH_KNOTS('',3,(#4410,#4411,#4412,#4413,#4414,#4415,
#4416,#4417,#4418,#4419,#4420,#4421,#4422,#4423,#4424,#4425,#4426,#4427,
#4428,#4429,#4430,#4431,#4432,#4433,#4434),.UNSPECIFIED.,.F.,.F.,(4,3,3,
3,3,3,3,3,4),(26.4419416098226,26.6493119751159,27.6409637283267,28.6326154815376,
29.6242672347484,30.6159189879592,31.60757074117,32.5992224943809,32.7251269170022),
 .UNSPECIFIED.);
#409=B_SPLINE_CURVE_WITH_KNOTS('',3,(#4435,#4436,#4437,#4438,#4439,#4440,
#4441,#4442,#4443,#4444,#4445,#4446,#4447,#4448,#4449,#4450,#4451,#4452,
#4453,#4454,#4455,#4456),.UNSPECIFIED.,.F.,.F.,(4,3,3,3,3,3,3,4),(-28.9871570324522,
-28.2989341323433,-27.3009865046194,-26.3030388768955,-25.3050912491715,
-24.3071436214476,-23.3091959937237,-22.7039717252726),.UNSPECIFIED.);
#410=B_SPLINE_CURVE_WITH_KNOTS('',3,(#4461,#4462,#4463,#4464,#4465,#4466,
#4467,#4468,#4469,#4470,#4471,#4472,#4473,#4474,#4475,#4476,#4477,#4478,
#4479,#4480,#4481,#4482),.UNSPECIFIED.,.F.,.F.,(4,3,3,3,3,3,3,4),(20.158756302643,
20.699401455851,21.6910532090618,22.6827049622726,23.6743567154835,24.6660084686943,
25.6576602219051,26.4419416098226),.UNSPECIFIED.);
#411=B_SPLINE_CURVE_WITH_KNOTS('',3,(#4483,#4484,#4485,#4486,#4487,#4488,
#4489,#4490,#4491,#4492,#4493,#4494,#4495,#4496,#4497,#4498,#4499,#4500,
#4501,#4502,#4503,#4504),.UNSPECIFIED.,.F.,.F.,(4,3,3,3,3,3,3,4),(-22.7039717252726,
-22.3112483659998,-21.3133007382759,-20.3153531105519,-19.317405482828,
-18.3194578551041,-17.3215102273802,-16.4207864180931),.UNSPECIFIED.);
#412=B_SPLINE_CURVE_WITH_KNOTS('',3,(#4509,#4510,#4511,#4512,#4513,#4514,
#4515,#4516,#4517,#4518,#4519,#4520,#4521,#4522,#4523,#4524,#4525,#4526,
#4527,#4528,#4529,#4530),.UNSPECIFIED.,.F.,.F.,(4,3,3,3,3,3,3,4),(13.8755709954635,
14.7494909365861,15.7411426897969,16.7327944430077,17.7244461962185,18.7160979494293,
19.7077497026402,20.158756302643),.UNSPECIFIED.);
#413=B_SPLINE_CURVE_WITH_KNOTS('',3,(#4531,#4532,#4533,#4534,#4535,#4536,
#4537,#4538,#4539,#4540,#4541,#4542,#4543,#4544,#4545,#4546,#4547,#4548,
#4549,#4550,#4551,#4552,#4553,#4554,#4555),.UNSPECIFIED.,.F.,.F.,(4,3,3,
3,3,3,3,3,4),(-16.4207864180931,-16.3235625996563,-15.3256149719323,-14.3276673442084,
-13.3297197164845,-12.3317720887606,-11.3338244610366,-10.3358768333127,
-10.1376011109135),.UNSPECIFIED.);
#414=B_SPLINE_CURVE_WITH_KNOTS('',3,(#4561,#4562,#4563,#4564,#4565,#4566,
#4567,#4568,#4569,#4570),.UNSPECIFIED.,.F.,.F.,(4,2,2,2,4),(0.682944436528762,
0.768312697493204,0.853680958457647,0.939048806625395,1.02441665479314),
 .UNSPECIFIED.);
#415=B_SPLINE_CURVE_WITH_KNOTS('',3,(#4572,#4573,#4574,#4575,#4576,#4577),
 .UNSPECIFIED.,.F.,.F.,(4,2,4),(1.02441665479314,1.10978450296089,1.13275999175995),
 .UNSPECIFIED.);
#416=B_SPLINE_CURVE_WITH_KNOTS('',3,(#4578,#4579,#4580,#4581,#4582,#4583,
#4584,#4585,#4586,#4587),.UNSPECIFIED.,.F.,.F.,(4,3,3,4),(5.52121071314703,
5.82462515768866,6.81627691089948,7.59238568828385),.UNSPECIFIED.);
#417=B_SPLINE_CURVE_WITH_KNOTS('',3,(#4593,#4594,#4595,#4596,#4597),
 .UNSPECIFIED.,.F.,.F.,(4,1,4),(91.106186954104,92.0457582382022,93.0437058659261),
 .UNSPECIFIED.);
#418=B_SPLINE_CURVE_WITH_KNOTS('',3,(#4600,#4601,#4602,#4603,#4604,#4605),
 .UNSPECIFIED.,.F.,.F.,(4,1,1,4),(91.106186954104,91.6223142757124,92.6139660289232,
93.5668977573073),.UNSPECIFIED.);
#419=B_SPLINE_CURVE_WITH_KNOTS('',3,(#4610,#4611,#4612,#4613,#4614,#4615,
#4616,#4617,#4618,#4619,#4620),.UNSPECIFIED.,.F.,.F.,(4,1,1,1,1,1,1,1,4),
(84.8230016469244,85.0601248441348,86.0580724718587,87.0560200995826,88.0539677273065,
89.0519153550305,90.0498629827544,91.0478106104783,91.106186954104),
 .UNSPECIFIED.);
#420=B_SPLINE_CURVE_WITH_KNOTS('',3,(#4621,#4622,#4623,#4624,#4625,#4626,
#4627,#4628,#4629,#4630),.UNSPECIFIED.,.F.,.F.,(4,1,1,1,1,1,1,4),(84.8230016469244,
85.6724037564475,86.6640555096583,87.6557072628691,88.6473590160799,89.6390107692908,
90.6306625225016,91.106186954104),.UNSPECIFIED.);
#421=B_SPLINE_CURVE_WITH_KNOTS('',3,(#4635,#4636,#4637,#4638,#4639,#4640,
#4641,#4642,#4643,#4644),.UNSPECIFIED.,.F.,.F.,(4,1,1,1,1,1,1,4),(78.5398163397448,
79.0724390777913,80.0703867055152,81.0683343332391,82.066281960963,83.0642295886869,
84.0621772164109,84.8230016469244),.UNSPECIFIED.);
#422=B_SPLINE_CURVE_WITH_KNOTS('',3,(#4645,#4646,#4647,#4648,#4649,#4650,
#4651,#4652,#4653,#4654,#4655),.UNSPECIFIED.,.F.,.F.,(4,1,1,1,1,1,1,1,4),
(78.5398163397448,78.7308414839717,79.7224932371826,80.7141449903934,81.7057967436042,
82.697448496815,83.6891002500258,84.6807520032367,84.8230016469244),
 .UNSPECIFIED.);
#423=B_SPLINE_CURVE_WITH_KNOTS('',3,(#4660,#4661,#4662,#4663,#4664,#4665,
#4666,#4667,#4668,#4669),.UNSPECIFIED.,.F.,.F.,(4,1,1,1,1,1,1,4),(72.2566310325652,
73.0847533114477,74.0827009391717,75.0806485668956,76.0785961946195,77.0765438223434,
78.0744914500673,78.5398163397448),.UNSPECIFIED.);
#424=B_SPLINE_CURVE_WITH_KNOTS('',3,(#4670,#4671,#4672,#4673,#4674,#4675,
#4676,#4677,#4678,#4679),.UNSPECIFIED.,.F.,.F.,(4,1,1,1,1,1,1,4),(72.2566310325652,
72.7809309647068,73.7725827179176,74.7642344711284,75.7558862243393,76.7475379775501,
77.7391897307609,78.5398163397448),.UNSPECIFIED.);
#425=B_SPLINE_CURVE_WITH_KNOTS('',3,(#4684,#4685,#4686,#4687,#4688,#4689,
#4690,#4691,#4692,#4693,#4694),.UNSPECIFIED.,.F.,.F.,(4,1,1,1,1,1,1,1,4),
(65.9734457253856,66.0991199173803,67.0970675451042,68.0950151728281,69.092962800552,
70.090910428276,71.0888580559999,72.0868056837238,72.2566310325652),
 .UNSPECIFIED.);
#426=B_SPLINE_CURVE_WITH_KNOTS('',3,(#4695,#4696,#4697,#4698,#4699,#4700,
#4701,#4702,#4703,#4704),.UNSPECIFIED.,.F.,.F.,(4,1,1,1,1,1,1,4),(65.9734457253856,
66.8310204454419,67.8226721986527,68.8143239518635,69.8059757050743,70.7976274582852,
71.789279211496,72.2566310325652),.UNSPECIFIED.);
#427=B_SPLINE_CURVE_WITH_KNOTS('',3,(#4709,#4710,#4711,#4712,#4713,#4714,
#4715,#4716,#4717,#4718),.UNSPECIFIED.,.F.,.F.,(4,1,1,1,1,1,1,4),(59.690260418206,
60.1114341510368,61.1093817787607,62.1073294064846,63.1052770342085,64.1032246619324,
65.1011722896564,65.9734457253856),.UNSPECIFIED.);
#428=B_SPLINE_CURVE_WITH_KNOTS('',3,(#4719,#4720,#4721,#4722,#4723,#4724,
#4725,#4726,#4727,#4728,#4729),.UNSPECIFIED.,.F.,.F.,(4,1,1,1,1,1,1,1,4),
(59.690260418206,59.8894581729661,60.8811099261769,61.8727616793878,62.8644134325986,
63.8560651858094,64.8477169390202,65.8393686922311,65.9734457253856),
 .UNSPECIFIED.);
#429=B_SPLINE_CURVE_WITH_KNOTS('',3,(#4734,#4735,#4736,#4737,#4738,#4739,
#4740,#4741,#4742,#4743),.UNSPECIFIED.,.F.,.F.,(4,1,1,1,1,1,1,4),(53.4070751110264,
54.1237483846932,55.1216960124172,56.1196436401411,57.117591267865,58.1155388955889,
59.1134865233129,59.690260418206),.UNSPECIFIED.);
#430=B_SPLINE_CURVE_WITH_KNOTS('',3,(#4744,#4745,#4746,#4747,#4748,#4749,
#4750,#4751,#4752,#4753),.UNSPECIFIED.,.F.,.F.,(4,1,1,1,1,1,1,4),(53.4070751110264,
53.9395476537012,54.931199406912,55.9228511601228,56.9145029133337,57.9061546665445,
58.8978064197553,59.690260418206),.UNSPECIFIED.);
#431=B_SPLINE_CURVE_WITH_KNOTS('',3,(#4758,#4759,#4760,#4761,#4762,#4763,
#4764,#4765,#4766,#4767,#4768),.UNSPECIFIED.,.F.,.F.,(4,1,1,1,1,1,1,1,4),
(47.1238898038468,47.1381149906258,48.1360626183497,49.1340102460736,50.1319578737976,
51.1299055015215,52.1278531292454,53.1258007569693,53.4070751110264),
 .UNSPECIFIED.);
#432=B_SPLINE_CURVE_WITH_KNOTS('',3,(#4769,#4770,#4771,#4772,#4773,#4774,
#4775,#4776,#4777,#4778),.UNSPECIFIED.,.F.,.F.,(4,1,1,1,1,1,1,4),(47.1238898038468,
47.9896371344363,48.9812888876471,49.9729406408579,50.9645923940687,51.9562441472796,
52.9478959004904,53.4070751110264),.UNSPECIFIED.);
#433=B_SPLINE_CURVE_WITH_KNOTS('',3,(#4783,#4784,#4785,#4786,#4787,#4788,
#4789,#4790,#4791,#4792),.UNSPECIFIED.,.F.,.F.,(4,1,1,1,1,1,1,4),(40.8407044966672,
41.1504292242823,42.1483768520062,43.1463244797301,44.144272107454,45.142219735178,
46.1401673629019,47.1238898038468),.UNSPECIFIED.);
#434=B_SPLINE_CURVE_WITH_KNOTS('',3,(#4793,#4794,#4795,#4796,#4797,#4798,
#4799,#4800,#4801,#4802,#4803),.UNSPECIFIED.,.F.,.F.,(4,1,1,1,1,1,1,1,4),
(40.8407044966672,41.0480748619605,42.0397266151713,43.0313783683822,44.023030121593,
45.0146818748038,46.0063336280146,46.9979853812254,47.1238898038468),
 .UNSPECIFIED.);
#435=B_SPLINE_CURVE_WITH_KNOTS('',3,(#4808,#4809,#4810,#4811,#4812,#4813,
#4814,#4815,#4816,#4817),.UNSPECIFIED.,.F.,.F.,(4,1,1,1,1,1,1,4),(34.5575191894876,
35.1627434579387,36.1606910856627,37.1586387133866,38.1565863411105,39.1545339688344,
40.1524815965584,40.8407044966672),.UNSPECIFIED.);
#436=B_SPLINE_CURVE_WITH_KNOTS('',3,(#4818,#4819,#4820,#4821,#4822,#4823,
#4824,#4825,#4826,#4827),.UNSPECIFIED.,.F.,.F.,(4,1,1,1,1,1,1,4),(34.5575191894876,
35.0981643426956,36.0898160959064,37.0814678491172,38.0731196023281,39.0647713555389,
40.0564231087497,40.8407044966672),.UNSPECIFIED.);
#437=B_SPLINE_CURVE_WITH_KNOTS('',3,(#4832,#4833,#4834,#4835,#4836,#4837,
#4838,#4839,#4840,#4841),.UNSPECIFIED.,.F.,.F.,(4,1,1,1,1,1,1,4),(28.2743338823081,
29.1750576915952,30.1730053193191,31.1709529470431,32.168900574767,33.1668482024909,
34.1647958302148,34.5575191894876),.UNSPECIFIED.);
#438=B_SPLINE_CURVE_WITH_KNOTS('',3,(#4842,#4843,#4844,#4845,#4846,#4847,
#4848,#4849,#4850,#4851),.UNSPECIFIED.,.F.,.F.,(4,1,1,1,1,1,1,4),(28.2743338823081,
29.1482538234307,30.1399055766415,31.1315573298523,32.1232090830631,33.1148608362739,
34.1065125894848,34.5575191894876),.UNSPECIFIED.);
#439=B_SPLINE_CURVE_WITH_KNOTS('',3,(#4857,#4858,#4859,#4860,#4861,#4862),
 .UNSPECIFIED.,.F.,.F.,(4,1,1,4),(19.2317362913225,20.2233880445333,21.2150397977441,
21.9911485751285),.UNSPECIFIED.);
#440=B_SPLINE_CURVE_WITH_KNOTS('',3,(#4864,#4865,#4866,#4867),
 .UNSPECIFIED.,.F.,.F.,(4,4),(1.44102018450009,1.5069292958979),
 .UNSPECIFIED.);
#441=B_SPLINE_CURVE_WITH_KNOTS('',3,(#4868,#4869,#4870,#4871,#4872,#4873,
#4874),.UNSPECIFIED.,.F.,.F.,(4,1,1,1,4),(18.9592094137149,19.195581414356,
20.1935290420799,21.1914766698039,21.9911485751285),.UNSPECIFIED.);
#442=B_SPLINE_CURVE_WITH_KNOTS('',3,(#4880,#4881,#4882,#4883,#4884,#4885,
#4886,#4887,#4888,#4889,#4890,#4891,#4892,#4893,#4894,#4895),
 .UNSPECIFIED.,.F.,.F.,(4,3,3,3,3,4),(76.7074240672594,77.2235513888678,
78.2152031420787,79.2068548952895,80.1985066485003,81.1901584017111),
 .UNSPECIFIED.);
#443=B_SPLINE_CURVE_WITH_KNOTS('',3,(#4898,#4899,#4900,#4901,#4902,#4903,
#4904,#4905,#4906,#4907,#4908,#4909,#4910,#4911,#4912,#4913,#4914,#4915,
#4916,#4917,#4918,#4919),.UNSPECIFIED.,.F.,.F.,(4,3,3,3,3,3,3,4),(-79.1681348704628,
-78.1963155185394,-77.1983678908155,-76.2004202630915,-75.2024726353676,
-74.2045250076437,-73.2065773799198,-72.9694541827094),.UNSPECIFIED.);
#444=B_SPLINE_CURVE_WITH_KNOTS('',3,(#4924,#4925,#4926,#4927,#4928,#4929,
#4930,#4931,#4932,#4933,#4934,#4935,#4936,#4937,#4938,#4939,#4940,#4941,
#4942,#4943,#4944,#4945),.UNSPECIFIED.,.F.,.F.,(4,3,3,3,3,3,3,4),(70.4242387600798,
71.2736408696029,72.2652926228137,73.2569443760245,74.2485961292354,75.2402478824462,
76.231899635657,76.7074240672594),.UNSPECIFIED.);
#445=B_SPLINE_CURVE_WITH_KNOTS('',3,(#4946,#4947,#4948,#4949,#4950,#4951,
#4952,#4953,#4954,#4955,#4956,#4957,#4958,#4959,#4960,#4961,#4962,#4963,
#4964,#4965,#4966,#4967),.UNSPECIFIED.,.F.,.F.,(4,3,3,3,3,3,3,4),(-72.9694541827094,
-72.2086297521959,-71.2106821244719,-70.212734496748,-69.2147868690241,
-68.2168392413002,-67.2188916135763,-66.6862688755298),.UNSPECIFIED.);
#446=B_SPLINE_CURVE_WITH_KNOTS('',3,(#4972,#4973,#4974,#4975,#4976,#4977,
#4978,#4979,#4980,#4981,#4982,#4983,#4984,#4985,#4986,#4987,#4988,#4989,
#4990,#4991,#4992,#4993,#4994,#4995,#4996),.UNSPECIFIED.,.F.,.F.,(4,3,3,
3,3,3,3,3,4),(64.1410534529002,64.3320785971272,65.323730350338,66.3153821035488,
67.3070338567596,68.2986856099705,69.2903373631813,70.2819891163921,70.4242387600798),
 .UNSPECIFIED.);
#447=B_SPLINE_CURVE_WITH_KNOTS('',3,(#4997,#4998,#4999,#5000,#5001,#5002,
#5003,#5004,#5005,#5006,#5007,#5008,#5009,#5010,#5011,#5012,#5013,#5014,
#5015,#5016,#5017,#5018),.UNSPECIFIED.,.F.,.F.,(4,3,3,3,3,3,3,4),(-66.6862688755298,
-66.2209439858523,-65.2229963581284,-64.2250487304045,-63.2271011026806,
-62.2291534749567,-61.2312058472327,-60.4030835683502),.UNSPECIFIED.);
#448=B_SPLINE_CURVE_WITH_KNOTS('',3,(#5023,#5024,#5025,#5026,#5027,#5028,
#5029,#5030,#5031,#5032,#5033,#5034,#5035,#5036,#5037,#5038,#5039,#5040,
#5041,#5042,#5043,#5044),.UNSPECIFIED.,.F.,.F.,(4,3,3,3,3,3,3,4),(57.8578681457206,
58.3821680778622,59.3738198310731,60.3654715842839,61.3571233374947,62.3487750907055,
63.3404268439163,64.1410534529002),.UNSPECIFIED.);
#449=B_SPLINE_CURVE_WITH_KNOTS('',3,(#5045,#5046,#5047,#5048,#5049,#5050,
#5051,#5052,#5053,#5054,#5055,#5056,#5057,#5058,#5059,#5060,#5061,#5062,
#5063,#5064,#5065,#5066,#5067,#5068,#5069),.UNSPECIFIED.,.F.,.F.,(4,3,3,
3,3,3,3,3,4),(-60.4030835683502,-60.2332582195088,-59.2353105917849,-58.237362964061,
-57.239415336337,-56.2414677086131,-55.2435200808892,-54.2455724531653,
-54.1198982611706),.UNSPECIFIED.);
#450=B_SPLINE_CURVE_WITH_KNOTS('',3,(#5074,#5075,#5076,#5077,#5078,#5079,
#5080,#5081,#5082,#5083,#5084,#5085,#5086,#5087,#5088,#5089,#5090,#5091,
#5092,#5093,#5094,#5095),.UNSPECIFIED.,.F.,.F.,(4,3,3,3,3,3,3,4),(51.574682838541,
52.4322575585973,53.4239093118081,54.415561065019,55.4072128182298,56.3988645714406,
57.3905163246514,57.8578681457206),.UNSPECIFIED.);
#451=B_SPLINE_CURVE_WITH_KNOTS('',3,(#5096,#5097,#5098,#5099,#5100,#5101,
#5102,#5103,#5104,#5105,#5106,#5107,#5108,#5109,#5110,#5111,#5112,#5113,
#5114,#5115,#5116,#5117),.UNSPECIFIED.,.F.,.F.,(4,3,3,3,3,3,3,4),(-54.1198982611706,
-53.2476248254414,-52.2496771977174,-51.2517295699935,-50.2537819422696,
-49.2558343145457,-48.2578866868218,-47.836712953991),.UNSPECIFIED.);
#452=B_SPLINE_CURVE_WITH_KNOTS('',3,(#5122,#5123,#5124,#5125,#5126,#5127,
#5128,#5129,#5130,#5131,#5132,#5133,#5134,#5135,#5136,#5137,#5138,#5139,
#5140,#5141,#5142,#5143,#5144,#5145,#5146),.UNSPECIFIED.,.F.,.F.,(4,3,3,
3,3,3,3,3,4),(45.2914975313614,45.4906952861216,46.4823470393324,47.4739987925432,
48.465650545754,49.4573022989648,50.4489540521757,51.4406058053865,51.574682838541),
 .UNSPECIFIED.);
#453=B_SPLINE_CURVE_WITH_KNOTS('',3,(#5147,#5148,#5149,#5150,#5151,#5152,
#5153,#5154,#5155,#5156,#5157,#5158,#5159,#5160,#5161,#5162,#5163,#5164,
#5165,#5166,#5167,#5168),.UNSPECIFIED.,.F.,.F.,(4,3,3,3,3,3,3,4),(-47.836712953991,
-47.2599390590979,-46.2619914313739,-45.26404380365,-44.2660961759261,-43.2681485482022,
-42.2702009204782,-41.5535276468114),.UNSPECIFIED.);
#454=B_SPLINE_CURVE_WITH_KNOTS('',3,(#5173,#5174,#5175,#5176,#5177,#5178,
#5179,#5180,#5181,#5182,#5183,#5184,#5185,#5186,#5187,#5188,#5189,#5190,
#5191,#5192,#5193,#5194),.UNSPECIFIED.,.F.,.F.,(4,3,3,3,3,3,3,4),(39.0083122241818,
39.5407847668566,40.5324365200675,41.5240882732783,42.5157400264891,43.5073917796999,
44.4990435329107,45.2914975313614),.UNSPECIFIED.);
#455=B_SPLINE_CURVE_WITH_KNOTS('',3,(#5195,#5196,#5197,#5198,#5199,#5200,
#5201,#5202,#5203,#5204,#5205,#5206,#5207,#5208,#5209,#5210,#5211,#5212,
#5213,#5214,#5215,#5216,#5217,#5218,#5219),.UNSPECIFIED.,.F.,.F.,(4,3,3,
3,3,3,3,3,4),(-41.5535276468114,-41.2722532927543,-40.2743056650304,-39.2763580373065,
-38.2784104095826,-37.2804627818586,-36.2825151541347,-35.2845675264108,
-35.2703423396318),.UNSPECIFIED.);
#456=B_SPLINE_CURVE_WITH_KNOTS('',3,(#5224,#5225,#5226,#5227,#5228,#5229,
#5230,#5231,#5232,#5233,#5234,#5235,#5236,#5237,#5238,#5239,#5240,#5241,
#5242,#5243,#5244,#5245),.UNSPECIFIED.,.F.,.F.,(4,3,3,3,3,3,3,4),(32.7251269170022,
33.5908742475917,34.5825260008025,35.5741777540133,36.5658295072242,37.557481260435,
38.5491330136458,39.0083122241818),.UNSPECIFIED.);
#457=B_SPLINE_CURVE_WITH_KNOTS('',3,(#5246,#5247,#5248,#5249,#5250,#5251,
#5252,#5253,#5254,#5255,#5256,#5257,#5258,#5259,#5260,#5261,#5262,#5263,
#5264,#5265,#5266,#5267),.UNSPECIFIED.,.F.,.F.,(4,3,3,3,3,3,3,4),(-35.2703423396318,
-34.2866198986869,-33.288672270963,-32.290724643239,-31.2927770155151,-30.2948293877912,
-29.2968817600673,-28.9871570324522),.UNSPECIFIED.);
#458=B_SPLINE_CURVE_WITH_KNOTS('',3,(#5272,#5273,#5274,#5275,#5276,#5277,
#5278,#5279,#5280,#5281,#5282,#5283,#5284,#5285,#5286,#5287,#5288,#5289,
#5290,#5291,#5292,#5293,#5294,#5295,#5296),.UNSPECIFIED.,.F.,.F.,(4,3,3,
3,3,3,3,3,4),(26.4419416098226,26.649311975116,27.6409637283268,28.6326154815376,
29.6242672347484,30.6159189879592,31.6075707411701,32.5992224943809,32.7251269170022),
 .UNSPECIFIED.);
#459=B_SPLINE_CURVE_WITH_KNOTS('',3,(#5297,#5298,#5299,#5300,#5301,#5302,
#5303,#5304,#5305,#5306,#5307,#5308,#5309,#5310,#5311,#5312,#5313,#5314,
#5315,#5316,#5317,#5318),.UNSPECIFIED.,.F.,.F.,(4,3,3,3,3,3,3,4),(-28.9871570324522,
-28.2989341323434,-27.3009865046194,-26.3030388768955,-25.3050912491716,
-24.3071436214477,-23.3091959937237,-22.7039717252726),.UNSPECIFIED.);
#460=B_SPLINE_CURVE_WITH_KNOTS('',3,(#5323,#5324,#5325,#5326,#5327,#5328,
#5329,#5330,#5331,#5332,#5333,#5334,#5335,#5336,#5337,#5338,#5339,#5340,
#5341,#5342,#5343,#5344),.UNSPECIFIED.,.F.,.F.,(4,3,3,3,3,3,3,4),(20.158756302643,
20.699401455851,21.6910532090618,22.6827049622727,23.6743567154835,24.6660084686943,
25.6576602219051,26.4419416098226),.UNSPECIFIED.);
#461=B_SPLINE_CURVE_WITH_KNOTS('',3,(#5345,#5346,#5347,#5348,#5349,#5350,
#5351,#5352,#5353,#5354,#5355,#5356,#5357,#5358,#5359,#5360,#5361,#5362,
#5363,#5364,#5365,#5366),.UNSPECIFIED.,.F.,.F.,(4,3,3,3,3,3,3,4),(-22.7039717252726,
-22.3112483659998,-21.3133007382759,-20.315353110552,-19.3174054828281,
-18.3194578551041,-17.3215102273802,-16.4207864180931),.UNSPECIFIED.);
#462=B_SPLINE_CURVE_WITH_KNOTS('',3,(#5371,#5372,#5373,#5374,#5375,#5376,
#5377,#5378,#5379,#5380,#5381,#5382,#5383,#5384,#5385,#5386,#5387,#5388,
#5389,#5390,#5391,#5392),.UNSPECIFIED.,.F.,.F.,(4,3,3,3,3,3,3,4),(13.8755709954635,
14.7494909365861,15.7411426897969,16.7327944430077,17.7244461962186,18.7160979494294,
19.7077497026402,20.158756302643),.UNSPECIFIED.);
#463=B_SPLINE_CURVE_WITH_KNOTS('',3,(#5393,#5394,#5395,#5396,#5397,#5398,
#5399,#5400,#5401,#5402,#5403,#5404,#5405,#5406,#5407,#5408,#5409,#5410,
#5411,#5412,#5413,#5414,#5415,#5416,#5417),.UNSPECIFIED.,.F.,.F.,(4,3,3,
3,3,3,3,3,4),(-16.4207864180931,-16.3235625996563,-15.3256149719324,-14.3276673442085,
-13.3297197164845,-12.3317720887606,-11.3338244610367,-10.3358768333128,
-10.1376011109135),.UNSPECIFIED.);
#464=B_SPLINE_CURVE_WITH_KNOTS('',3,(#5423,#5424,#5425,#5426,#5427,#5428,
#5429,#5430,#5431,#5432,#5433,#5434,#5435,#5436),.UNSPECIFIED.,.F.,.F.,
(4,2,2,2,2,2,4),(0.682944436528762,0.768312697493204,0.853680958457647,
0.939048806625395,1.02441665479314,1.10978450296089,1.13275999175995),
 .UNSPECIFIED.);
#465=B_SPLINE_CURVE_WITH_KNOTS('',3,(#5437,#5438,#5439,#5440,#5441,#5442,
#5443,#5444,#5445,#5446),.UNSPECIFIED.,.F.,.F.,(4,3,3,4),(5.52121071314703,
5.82462515768871,6.81627691089954,7.59238568828384),.UNSPECIFIED.);
#466=B_SPLINE_CURVE_WITH_KNOTS('',3,(#5452,#5453,#5454,#5455,#5456),
 .UNSPECIFIED.,.F.,.F.,(4,1,4),(91.106186954104,92.0457582382022,93.0437058659261),
 .UNSPECIFIED.);
#467=B_SPLINE_CURVE_WITH_KNOTS('',3,(#5459,#5460,#5461,#5462,#5463,#5464),
 .UNSPECIFIED.,.F.,.F.,(4,1,1,4),(91.106186954104,91.6223142757124,92.6139660289232,
93.5668977573073),.UNSPECIFIED.);
#468=B_SPLINE_CURVE_WITH_KNOTS('',3,(#5469,#5470,#5471,#5472,#5473,#5474,
#5475,#5476,#5477,#5478,#5479),.UNSPECIFIED.,.F.,.F.,(4,1,1,1,1,1,1,1,4),
(84.8230016469244,85.0601248441348,86.0580724718587,87.0560200995826,88.0539677273065,
89.0519153550305,90.0498629827544,91.0478106104783,91.106186954104),
 .UNSPECIFIED.);
#469=B_SPLINE_CURVE_WITH_KNOTS('',3,(#5480,#5481,#5482,#5483,#5484,#5485,
#5486,#5487,#5488,#5489),.UNSPECIFIED.,.F.,.F.,(4,1,1,1,1,1,1,4),(84.8230016469244,
85.6724037564475,86.6640555096583,87.6557072628691,88.6473590160799,89.6390107692908,
90.6306625225016,91.106186954104),.UNSPECIFIED.);
#470=B_SPLINE_CURVE_WITH_KNOTS('',3,(#5494,#5495,#5496,#5497,#5498,#5499,
#5500,#5501,#5502,#5503),.UNSPECIFIED.,.F.,.F.,(4,1,1,1,1,1,1,4),(78.5398163397448,
79.0724390777913,80.0703867055152,81.0683343332391,82.066281960963,83.0642295886869,
84.0621772164109,84.8230016469244),.UNSPECIFIED.);
#471=B_SPLINE_CURVE_WITH_KNOTS('',3,(#5504,#5505,#5506,#5507,#5508,#5509,
#5510,#5511,#5512,#5513,#5514),.UNSPECIFIED.,.F.,.F.,(4,1,1,1,1,1,1,1,4),
(78.5398163397448,78.7308414839717,79.7224932371825,80.7141449903934,81.7057967436042,
82.697448496815,83.6891002500258,84.6807520032366,84.8230016469244),
 .UNSPECIFIED.);
#472=B_SPLINE_CURVE_WITH_KNOTS('',3,(#5519,#5520,#5521,#5522,#5523,#5524,
#5525,#5526,#5527,#5528),.UNSPECIFIED.,.F.,.F.,(4,1,1,1,1,1,1,4),(72.2566310325652,
73.0847533114477,74.0827009391717,75.0806485668956,76.0785961946195,77.0765438223434,
78.0744914500673,78.5398163397448),.UNSPECIFIED.);
#473=B_SPLINE_CURVE_WITH_KNOTS('',3,(#5529,#5530,#5531,#5532,#5533,#5534,
#5535,#5536,#5537,#5538),.UNSPECIFIED.,.F.,.F.,(4,1,1,1,1,1,1,4),(72.2566310325652,
72.7809309647068,73.7725827179176,74.7642344711284,75.7558862243393,76.7475379775501,
77.7391897307609,78.5398163397448),.UNSPECIFIED.);
#474=B_SPLINE_CURVE_WITH_KNOTS('',3,(#5543,#5544,#5545,#5546,#5547,#5548,
#5549,#5550,#5551,#5552,#5553),.UNSPECIFIED.,.F.,.F.,(4,1,1,1,1,1,1,1,4),
(65.9734457253856,66.0991199173803,67.0970675451042,68.0950151728281,69.092962800552,
70.090910428276,71.0888580559999,72.0868056837238,72.2566310325652),
 .UNSPECIFIED.);
#475=B_SPLINE_CURVE_WITH_KNOTS('',3,(#5554,#5555,#5556,#5557,#5558,#5559,
#5560,#5561,#5562,#5563),.UNSPECIFIED.,.F.,.F.,(4,1,1,1,1,1,1,4),(65.9734457253856,
66.8310204454419,67.8226721986527,68.8143239518635,69.8059757050743,70.7976274582851,
71.789279211496,72.2566310325652),.UNSPECIFIED.);
#476=B_SPLINE_CURVE_WITH_KNOTS('',3,(#5568,#5569,#5570,#5571,#5572,#5573,
#5574,#5575,#5576,#5577),.UNSPECIFIED.,.F.,.F.,(4,1,1,1,1,1,1,4),(59.690260418206,
60.1114341510368,61.1093817787607,62.1073294064846,63.1052770342085,64.1032246619324,
65.1011722896564,65.9734457253856),.UNSPECIFIED.);
#477=B_SPLINE_CURVE_WITH_KNOTS('',3,(#5578,#5579,#5580,#5581,#5582,#5583,
#5584,#5585,#5586,#5587,#5588),.UNSPECIFIED.,.F.,.F.,(4,1,1,1,1,1,1,1,4),
(59.690260418206,59.8894581729661,60.8811099261769,61.8727616793878,62.8644134325986,
63.8560651858094,64.8477169390202,65.839368692231,65.9734457253856),
 .UNSPECIFIED.);
#478=B_SPLINE_CURVE_WITH_KNOTS('',3,(#5593,#5594,#5595,#5596,#5597,#5598,
#5599,#5600,#5601,#5602),.UNSPECIFIED.,.F.,.F.,(4,1,1,1,1,1,1,4),(53.4070751110264,
54.1237483846932,55.1216960124172,56.1196436401411,57.117591267865,58.1155388955889,
59.1134865233129,59.690260418206),.UNSPECIFIED.);
#479=B_SPLINE_CURVE_WITH_KNOTS('',3,(#5603,#5604,#5605,#5606,#5607,#5608,
#5609,#5610,#5611,#5612),.UNSPECIFIED.,.F.,.F.,(4,1,1,1,1,1,1,4),(53.4070751110264,
53.9395476537012,54.931199406912,55.9228511601228,56.9145029133336,57.9061546665445,
58.8978064197553,59.690260418206),.UNSPECIFIED.);
#480=B_SPLINE_CURVE_WITH_KNOTS('',3,(#5617,#5618,#5619,#5620,#5621,#5622,
#5623,#5624,#5625,#5626,#5627),.UNSPECIFIED.,.F.,.F.,(4,1,1,1,1,1,1,1,4),
(47.1238898038468,47.1381149906258,48.1360626183497,49.1340102460736,50.1319578737976,
51.1299055015215,52.1278531292454,53.1258007569693,53.4070751110264),
 .UNSPECIFIED.);
#481=B_SPLINE_CURVE_WITH_KNOTS('',3,(#5628,#5629,#5630,#5631,#5632,#5633,
#5634,#5635,#5636,#5637),.UNSPECIFIED.,.F.,.F.,(4,1,1,1,1,1,1,4),(47.1238898038468,
47.9896371344362,48.9812888876471,49.9729406408579,50.9645923940687,51.9562441472795,
52.9478959004904,53.4070751110264),.UNSPECIFIED.);
#482=B_SPLINE_CURVE_WITH_KNOTS('',3,(#5642,#5643,#5644,#5645,#5646,#5647,
#5648,#5649,#5650,#5651),.UNSPECIFIED.,.F.,.F.,(4,1,1,1,1,1,1,4),(40.8407044966672,
41.1504292242823,42.1483768520062,43.1463244797301,44.144272107454,45.142219735178,
46.1401673629019,47.1238898038468),.UNSPECIFIED.);
#483=B_SPLINE_CURVE_WITH_KNOTS('',3,(#5652,#5653,#5654,#5655,#5656,#5657,
#5658,#5659,#5660,#5661,#5662),.UNSPECIFIED.,.F.,.F.,(4,1,1,1,1,1,1,1,4),
(40.8407044966672,41.0480748619605,42.0397266151713,43.0313783683821,44.023030121593,
45.0146818748038,46.0063336280146,46.9979853812254,47.1238898038468),
 .UNSPECIFIED.);
#484=B_SPLINE_CURVE_WITH_KNOTS('',3,(#5667,#5668,#5669,#5670,#5671,#5672,
#5673,#5674,#5675,#5676),.UNSPECIFIED.,.F.,.F.,(4,1,1,1,1,1,1,4),(34.5575191894876,
35.1627434579387,36.1606910856627,37.1586387133866,38.1565863411105,39.1545339688344,
40.1524815965584,40.8407044966672),.UNSPECIFIED.);
#485=B_SPLINE_CURVE_WITH_KNOTS('',3,(#5677,#5678,#5679,#5680,#5681,#5682,
#5683,#5684,#5685,#5686),.UNSPECIFIED.,.F.,.F.,(4,1,1,1,1,1,1,4),(34.5575191894876,
35.0981643426956,36.0898160959064,37.0814678491172,38.073119602328,39.0647713555388,
40.0564231087497,40.8407044966672),.UNSPECIFIED.);
#486=B_SPLINE_CURVE_WITH_KNOTS('',3,(#5691,#5692,#5693,#5694,#5695,#5696,
#5697,#5698,#5699,#5700),.UNSPECIFIED.,.F.,.F.,(4,1,1,1,1,1,1,4),(28.2743338823081,
29.1750576915952,30.1730053193191,31.1709529470431,32.168900574767,33.1668482024909,
34.1647958302148,34.5575191894876),.UNSPECIFIED.);
#487=B_SPLINE_CURVE_WITH_KNOTS('',3,(#5701,#5702,#5703,#5704,#5705,#5706,
#5707,#5708,#5709,#5710),.UNSPECIFIED.,.F.,.F.,(4,1,1,1,1,1,1,4),(28.2743338823081,
29.1482538234306,30.1399055766414,31.1315573298523,32.1232090830631,33.1148608362739,
34.1065125894847,34.5575191894876),.UNSPECIFIED.);
#488=B_SPLINE_CURVE_WITH_KNOTS('',3,(#5716,#5717,#5718,#5719,#5720,#5721),
 .UNSPECIFIED.,.F.,.F.,(4,1,1,4),(19.2317362913224,20.2233880445332,21.215039797744,
21.9911485751285),.UNSPECIFIED.);
#489=B_SPLINE_CURVE_WITH_KNOTS('',3,(#5723,#5724,#5725,#5726),
 .UNSPECIFIED.,.F.,.F.,(4,4),(1.4410201845001,1.5069292958979),
 .UNSPECIFIED.);
#490=B_SPLINE_CURVE_WITH_KNOTS('',3,(#5727,#5728,#5729,#5730,#5731,#5732,
#5733),.UNSPECIFIED.,.F.,.F.,(4,1,1,1,4),(18.9592094137149,19.195581414356,
20.1935290420799,21.1914766698039,21.9911485751285),.UNSPECIFIED.);
#491=B_SPLINE_CURVE_WITH_KNOTS('',3,(#5739,#5740,#5741,#5742,#5743,#5744,
#5745,#5746,#5747,#5748,#5749,#5750,#5751,#5752,#5753,#5754),
 .UNSPECIFIED.,.F.,.F.,(4,3,3,3,3,4),(76.7074240672594,77.2235513888679,
78.2152031420787,79.2068548952895,80.1985066485003,81.1901584017111),
 .UNSPECIFIED.);
#492=B_SPLINE_CURVE_WITH_KNOTS('',3,(#5757,#5758,#5759,#5760,#5761,#5762,
#5763,#5764,#5765,#5766,#5767,#5768,#5769,#5770,#5771,#5772,#5773,#5774,
#5775,#5776,#5777,#5778),.UNSPECIFIED.,.F.,.F.,(4,3,3,3,3,3,3,4),(-79.1681348704628,
-78.1963155185394,-77.1983678908155,-76.2004202630915,-75.2024726353676,
-74.2045250076437,-73.2065773799198,-72.9694541827094),.UNSPECIFIED.);
#493=B_SPLINE_CURVE_WITH_KNOTS('',3,(#5783,#5784,#5785,#5786,#5787,#5788,
#5789,#5790,#5791,#5792,#5793,#5794,#5795,#5796,#5797,#5798,#5799,#5800,
#5801,#5802,#5803,#5804),.UNSPECIFIED.,.F.,.F.,(4,3,3,3,3,3,3,4),(70.4242387600798,
71.2736408696029,72.2652926228137,73.2569443760245,74.2485961292354,75.2402478824462,
76.231899635657,76.7074240672594),.UNSPECIFIED.);
#494=B_SPLINE_CURVE_WITH_KNOTS('',3,(#5805,#5806,#5807,#5808,#5809,#5810,
#5811,#5812,#5813,#5814,#5815,#5816,#5817,#5818,#5819,#5820,#5821,#5822,
#5823,#5824,#5825,#5826),.UNSPECIFIED.,.F.,.F.,(4,3,3,3,3,3,3,4),(-72.9694541827094,
-72.2086297521959,-71.2106821244719,-70.212734496748,-69.2147868690241,
-68.2168392413002,-67.2188916135763,-66.6862688755298),.UNSPECIFIED.);
#495=B_SPLINE_CURVE_WITH_KNOTS('',3,(#5831,#5832,#5833,#5834,#5835,#5836,
#5837,#5838,#5839,#5840,#5841,#5842,#5843,#5844,#5845,#5846,#5847,#5848,
#5849,#5850,#5851,#5852,#5853,#5854,#5855),.UNSPECIFIED.,.F.,.F.,(4,3,3,
3,3,3,3,3,4),(64.1410534529001,64.3320785971272,65.323730350338,66.3153821035488,
67.3070338567596,68.2986856099704,69.2903373631813,70.2819891163921,70.4242387600798),
 .UNSPECIFIED.);
#496=B_SPLINE_CURVE_WITH_KNOTS('',3,(#5856,#5857,#5858,#5859,#5860,#5861,
#5862,#5863,#5864,#5865,#5866,#5867,#5868,#5869,#5870,#5871,#5872,#5873,
#5874,#5875,#5876,#5877),.UNSPECIFIED.,.F.,.F.,(4,3,3,3,3,3,3,4),(-66.6862688755298,
-66.2209439858523,-65.2229963581284,-64.2250487304045,-63.2271011026806,
-62.2291534749567,-61.2312058472328,-60.4030835683502),.UNSPECIFIED.);
#497=B_SPLINE_CURVE_WITH_KNOTS('',3,(#5882,#5883,#5884,#5885,#5886,#5887,
#5888,#5889,#5890,#5891,#5892,#5893,#5894,#5895,#5896,#5897,#5898,#5899,
#5900,#5901,#5902,#5903),.UNSPECIFIED.,.F.,.F.,(4,3,3,3,3,3,3,4),(57.8578681457206,
58.3821680778622,59.373819831073,60.3654715842839,61.3571233374947,62.3487750907055,
63.3404268439163,64.1410534529001),.UNSPECIFIED.);
#498=B_SPLINE_CURVE_WITH_KNOTS('',3,(#5904,#5905,#5906,#5907,#5908,#5909,
#5910,#5911,#5912,#5913,#5914,#5915,#5916,#5917,#5918,#5919,#5920,#5921,
#5922,#5923,#5924,#5925,#5926,#5927,#5928),.UNSPECIFIED.,.F.,.F.,(4,3,3,
3,3,3,3,3,4),(-60.4030835683502,-60.2332582195088,-59.2353105917849,-58.237362964061,
-57.2394153363371,-56.2414677086132,-55.2435200808892,-54.2455724531653,
-54.1198982611706),.UNSPECIFIED.);
#499=B_SPLINE_CURVE_WITH_KNOTS('',3,(#5933,#5934,#5935,#5936,#5937,#5938,
#5939,#5940,#5941,#5942,#5943,#5944,#5945,#5946,#5947,#5948,#5949,#5950,
#5951,#5952,#5953,#5954),.UNSPECIFIED.,.F.,.F.,(4,3,3,3,3,3,3,4),(51.574682838541,
52.4322575585973,53.4239093118081,54.4155610650189,55.4072128182298,56.3988645714406,
57.3905163246514,57.8578681457206),.UNSPECIFIED.);
#500=B_SPLINE_CURVE_WITH_KNOTS('',3,(#5955,#5956,#5957,#5958,#5959,#5960,
#5961,#5962,#5963,#5964,#5965,#5966,#5967,#5968,#5969,#5970,#5971,#5972,
#5973,#5974,#5975,#5976),.UNSPECIFIED.,.F.,.F.,(4,3,3,3,3,3,3,4),(-54.1198982611706,
-53.2476248254414,-52.2496771977174,-51.2517295699935,-50.2537819422696,
-49.2558343145457,-48.2578866868218,-47.836712953991),.UNSPECIFIED.);
#501=B_SPLINE_CURVE_WITH_KNOTS('',3,(#5981,#5982,#5983,#5984,#5985,#5986,
#5987,#5988,#5989,#5990,#5991,#5992,#5993,#5994,#5995,#5996,#5997,#5998,
#5999,#6000,#6001,#6002,#6003,#6004,#6005),.UNSPECIFIED.,.F.,.F.,(4,3,3,
3,3,3,3,3,4),(45.2914975313614,45.4906952861215,46.4823470393324,47.4739987925432,
48.465650545754,49.4573022989648,50.4489540521756,51.4406058053864,51.574682838541),
 .UNSPECIFIED.);
#502=B_SPLINE_CURVE_WITH_KNOTS('',3,(#6006,#6007,#6008,#6009,#6010,#6011,
#6012,#6013,#6014,#6015,#6016,#6017,#6018,#6019,#6020,#6021,#6022,#6023,
#6024,#6025,#6026,#6027),.UNSPECIFIED.,.F.,.F.,(4,3,3,3,3,3,3,4),(-47.836712953991,
-47.2599390590979,-46.2619914313739,-45.26404380365,-44.2660961759261,-43.2681485482022,
-42.2702009204782,-41.5535276468114),.UNSPECIFIED.);
#503=B_SPLINE_CURVE_WITH_KNOTS('',3,(#6032,#6033,#6034,#6035,#6036,#6037,
#6038,#6039,#6040,#6041,#6042,#6043,#6044,#6045,#6046,#6047,#6048,#6049,
#6050,#6051,#6052,#6053),.UNSPECIFIED.,.F.,.F.,(4,3,3,3,3,3,3,4),(39.0083122241818,
39.5407847668566,40.5324365200674,41.5240882732783,42.5157400264891,43.5073917796999,
44.4990435329107,45.2914975313614),.UNSPECIFIED.);
#504=B_SPLINE_CURVE_WITH_KNOTS('',3,(#6054,#6055,#6056,#6057,#6058,#6059,
#6060,#6061,#6062,#6063,#6064,#6065,#6066,#6067,#6068,#6069,#6070,#6071,
#6072,#6073,#6074,#6075,#6076,#6077,#6078),.UNSPECIFIED.,.F.,.F.,(4,3,3,
3,3,3,3,3,4),(-41.5535276468114,-41.2722532927543,-40.2743056650304,-39.2763580373065,
-38.2784104095826,-37.2804627818586,-36.2825151541347,-35.2845675264108,
-35.2703423396318),.UNSPECIFIED.);
#505=B_SPLINE_CURVE_WITH_KNOTS('',3,(#6083,#6084,#6085,#6086,#6087,#6088,
#6089,#6090,#6091,#6092,#6093,#6094,#6095,#6096,#6097,#6098,#6099,#6100,
#6101,#6102,#6103,#6104),.UNSPECIFIED.,.F.,.F.,(4,3,3,3,3,3,3,4),(32.7251269170022,
33.5908742475917,34.5825260008025,35.5741777540133,36.5658295072241,37.557481260435,
38.5491330136458,39.0083122241818),.UNSPECIFIED.);
#506=B_SPLINE_CURVE_WITH_KNOTS('',3,(#6105,#6106,#6107,#6108,#6109,#6110,
#6111,#6112,#6113,#6114,#6115,#6116,#6117,#6118,#6119,#6120,#6121,#6122,
#6123,#6124,#6125,#6126),.UNSPECIFIED.,.F.,.F.,(4,3,3,3,3,3,3,4),(-35.2703423396318,
-34.2866198986869,-33.288672270963,-32.290724643239,-31.2927770155151,-30.2948293877912,
-29.2968817600673,-28.9871570324522),.UNSPECIFIED.);
#507=B_SPLINE_CURVE_WITH_KNOTS('',3,(#6131,#6132,#6133,#6134,#6135,#6136,
#6137,#6138,#6139,#6140,#6141,#6142,#6143,#6144,#6145,#6146,#6147,#6148,
#6149,#6150,#6151,#6152,#6153,#6154,#6155),.UNSPECIFIED.,.F.,.F.,(4,3,3,
3,3,3,3,3,4),(26.4419416098226,26.6493119751159,27.6409637283267,28.6326154815376,
29.6242672347484,30.6159189879592,31.60757074117,32.5992224943808,32.7251269170022),
 .UNSPECIFIED.);
#508=B_SPLINE_CURVE_WITH_KNOTS('',3,(#6156,#6157,#6158,#6159,#6160,#6161,
#6162,#6163,#6164,#6165,#6166,#6167,#6168,#6169,#6170,#6171,#6172,#6173,
#6174,#6175,#6176,#6177),.UNSPECIFIED.,.F.,.F.,(4,3,3,3,3,3,3,4),(-28.9871570324522,
-28.2989341323434,-27.3009865046194,-26.3030388768955,-25.3050912491716,
-24.3071436214477,-23.3091959937237,-22.7039717252726),.UNSPECIFIED.);
#509=B_SPLINE_CURVE_WITH_KNOTS('',3,(#6182,#6183,#6184,#6185,#6186,#6187,
#6188,#6189,#6190,#6191,#6192,#6193,#6194,#6195,#6196,#6197,#6198,#6199,
#6200,#6201,#6202,#6203),.UNSPECIFIED.,.F.,.F.,(4,3,3,3,3,3,3,4),(20.158756302643,
20.699401455851,21.6910532090618,22.6827049622726,23.6743567154835,24.6660084686943,
25.6576602219051,26.4419416098226),.UNSPECIFIED.);
#510=B_SPLINE_CURVE_WITH_KNOTS('',3,(#6204,#6205,#6206,#6207,#6208,#6209,
#6210,#6211,#6212,#6213,#6214,#6215,#6216,#6217,#6218,#6219,#6220,#6221,
#6222,#6223,#6224,#6225),.UNSPECIFIED.,.F.,.F.,(4,3,3,3,3,3,3,4),(-22.7039717252726,
-22.3112483659998,-21.3133007382759,-20.315353110552,-19.3174054828281,
-18.3194578551041,-17.3215102273802,-16.4207864180931),.UNSPECIFIED.);
#511=B_SPLINE_CURVE_WITH_KNOTS('',3,(#6230,#6231,#6232,#6233,#6234,#6235,
#6236,#6237,#6238,#6239,#6240,#6241,#6242,#6243,#6244,#6245,#6246,#6247,
#6248,#6249,#6250,#6251),.UNSPECIFIED.,.F.,.F.,(4,3,3,3,3,3,3,4),(13.8755709954635,
14.7494909365861,15.7411426897969,16.7327944430077,17.7244461962185,18.7160979494293,
19.7077497026402,20.158756302643),.UNSPECIFIED.);
#512=B_SPLINE_CURVE_WITH_KNOTS('',3,(#6252,#6253,#6254,#6255,#6256,#6257,
#6258,#6259,#6260,#6261,#6262,#6263,#6264,#6265,#6266,#6267,#6268,#6269,
#6270,#6271,#6272,#6273,#6274,#6275,#6276),.UNSPECIFIED.,.F.,.F.,(4,3,3,
3,3,3,3,3,4),(-16.4207864180931,-16.3235625996563,-15.3256149719324,-14.3276673442085,
-13.3297197164845,-12.3317720887606,-11.3338244610367,-10.3358768333128,
-10.1376011109135),.UNSPECIFIED.);
#513=B_SPLINE_CURVE_WITH_KNOTS('',3,(#6282,#6283,#6284,#6285,#6286,#6287,
#6288,#6289,#6290,#6291,#6292,#6293,#6294,#6295),.UNSPECIFIED.,.F.,.F.,
(4,2,2,2,2,2,4),(0.682944436528762,0.768312697493205,0.853680958457647,
0.939048806625395,1.02441665479314,1.10978450296089,1.13275999175995),
 .UNSPECIFIED.);
#514=B_SPLINE_CURVE_WITH_KNOTS('',3,(#6296,#6297,#6298,#6299,#6300,#6301,
#6302,#6303,#6304,#6305),.UNSPECIFIED.,.F.,.F.,(4,3,3,4),(5.52121071314703,
5.82462515768866,6.81627691089948,7.59238568828384),.UNSPECIFIED.);
#515=B_SPLINE_CURVE_WITH_KNOTS('',3,(#6318,#6319,#6320,#6321,#6322,#6323,
#6324,#6325),.UNSPECIFIED.,.F.,.F.,(4,2,2,4),(0.174469590136984,0.191794497492596,
0.287691006353563,0.383587515214531),.UNSPECIFIED.);
#516=B_SPLINE_CURVE_WITH_KNOTS('',3,(#6326,#6327,#6328,#6329,#6330,#6331,
#6332,#6333,#6334,#6335,#6336,#6337,#6338,#6339,#6340,#6341,#6342,#6343,
#6344,#6345,#6346,#6347,#6348,#6349),.UNSPECIFIED.,.F.,.F.,(4,2,2,2,2,2,
2,2,2,2,2,4),(-0.208694068618066,-0.141930836449348,-0.1208761355845,-0.11513928549916,
-0.113454880611494,-0.112416927247531,-0.111472921230779,-0.110258098925214,
-0.10831148250422,-0.0982591029682746,-0.00637061487641522,0.),
 .UNSPECIFIED.);
#517=B_SPLINE_CURVE_WITH_KNOTS('',3,(#6350,#6351,#6352,#6353,#6354,#6355,
#6356,#6357,#6358,#6359,#6360,#6361,#6362,#6363,#6364,#6365,#6366,#6367,
#6368,#6369,#6370,#6371,#6372,#6373,#6374),.UNSPECIFIED.,.F.,.F.,(4,3,3,
3,3,3,3,3,4),(-0.167884254783893,-0.143700409054066,-0.11884129268341,-0.0932261638379898,
-0.0803788780355047,-0.0564773897907354,-0.0326102965709115,-0.00898956051990792,
0.),.UNSPECIFIED.);
#518=B_SPLINE_CURVE_WITH_KNOTS('',3,(#6379,#6380,#6381,#6382,#6383,#6384),
 .UNSPECIFIED.,.F.,.F.,(4,2,4),(0.576014465494599,0.597576175564319,0.682944436528762),
 .UNSPECIFIED.);
#519=B_SPLINE_CURVE_WITH_KNOTS('',3,(#6386,#6387,#6388,#6389,#6390,#6391,
#6392,#6393),.UNSPECIFIED.,.F.,.F.,(4,2,2,4),(-0.215774061973846,-0.146204305188229,
-0.0890350029854389,0.),.UNSPECIFIED.);
#520=B_SPLINE_CURVE_WITH_KNOTS('',3,(#6394,#6395,#6396,#6397),
 .UNSPECIFIED.,.F.,.F.,(4,4),(0.383587515214531,0.43089706931251),
 .UNSPECIFIED.);
#521=B_SPLINE_CURVE_WITH_KNOTS('',3,(#6399,#6400,#6401,#6402,#6403,#6404,
#6405,#6406,#6407,#6408,#6409,#6410,#6411,#6412,#6413,#6414,#6415,#6416,
#6417,#6418,#6419,#6420,#6421,#6422),.UNSPECIFIED.,.F.,.F.,(4,2,2,2,2,2,
2,2,2,2,2,4),(-0.208694068746319,-0.141930836485625,-0.120876135591948,
-0.115139285499592,-0.113454880609148,-0.112416927244292,-0.11147292122733,
-0.110258098921502,-0.108311482500808,-0.0982591029648508,-0.006370614876341,
0.),.UNSPECIFIED.);
#522=B_SPLINE_CURVE_WITH_KNOTS('',3,(#6423,#6424,#6425,#6426,#6427,#6428),
 .UNSPECIFIED.,.F.,.F.,(4,2,4),(-0.16788425478391,-0.0803788780355065,0.),
 .UNSPECIFIED.);
#523=B_SPLINE_CURVE_WITH_KNOTS('',3,(#6430,#6431,#6432,#6433,#6434,#6435),
 .UNSPECIFIED.,.F.,.F.,(4,2,4),(0.576014465494594,0.597576175564319,0.682944436528762),
 .UNSPECIFIED.);
#524=B_SPLINE_CURVE_WITH_KNOTS('',3,(#6437,#6438,#6439,#6440,#6441,#6442,
#6443,#6444),.UNSPECIFIED.,.F.,.F.,(4,2,2,4),(-0.215774061973888,-0.146204305188224,
-0.0890350029854208,0.),.UNSPECIFIED.);
#525=B_SPLINE_CURVE_WITH_KNOTS('',3,(#6445,#6446,#6447,#6448,#6449,#6450,
#6451,#6452,#6453,#6454),.UNSPECIFIED.,.F.,.F.,(4,2,2,2,4),(0.174469590136986,
0.191794497492596,0.287691006353563,0.383587515214531,0.430897069312508),
 .UNSPECIFIED.);
#526=B_SPLINE_CURVE_WITH_KNOTS('',3,(#6456,#6457,#6458,#6459,#6460,#6461,
#6462,#6463,#6464,#6465,#6466,#6467,#6468,#6469,#6470,#6471,#6472,#6473,
#6474,#6475,#6476,#6477,#6478,#6479),.UNSPECIFIED.,.F.,.F.,(4,2,2,2,2,2,
2,2,2,2,2,4),(-0.208694068579637,-0.141930836433548,-0.120876135576502,
-0.115139285497346,-0.113454880610655,-0.112416927247151,-0.111472921230815,
-0.110258098924837,-0.108311482503985,-0.0982591029681044,-0.00637061487641247,
0.),.UNSPECIFIED.);
#527=B_SPLINE_CURVE_WITH_KNOTS('',3,(#6480,#6481,#6482,#6483,#6484,#6485),
 .UNSPECIFIED.,.F.,.F.,(4,2,4),(-0.16788425478394,-0.0803788780355109,0.),
 .UNSPECIFIED.);
#528=B_SPLINE_CURVE_WITH_KNOTS('',3,(#6487,#6488,#6489,#6490,#6491,#6492),
 .UNSPECIFIED.,.F.,.F.,(4,2,4),(0.576014465494595,0.597576175564319,0.682944436528762),
 .UNSPECIFIED.);
#529=B_SPLINE_CURVE_WITH_KNOTS('',3,(#6494,#6495,#6496,#6497,#6498,#6499,
#6500,#6501),.UNSPECIFIED.,.F.,.F.,(4,2,2,4),(-0.215774061973852,-0.146204305188236,
-0.0890350029854326,0.),.UNSPECIFIED.);
#530=B_SPLINE_CURVE_WITH_KNOTS('',3,(#6502,#6503,#6504,#6505,#6506,#6507,
#6508,#6509,#6510,#6511),.UNSPECIFIED.,.F.,.F.,(4,2,2,2,4),(0.174469590136988,
0.191794497492597,0.287691006353564,0.383587515214531,0.43089706931251),
 .UNSPECIFIED.);
#531=B_SPLINE_CURVE_WITH_KNOTS('',3,(#6513,#6514,#6515,#6516,#6517,#6518,
#6519,#6520,#6521,#6522,#6523,#6524,#6525,#6526,#6527,#6528,#6529,#6530,
#6531,#6532,#6533,#6534,#6535,#6536),.UNSPECIFIED.,.F.,.F.,(4,2,2,2,2,2,
2,2,2,2,2,4),(-0.208694068631169,-0.141930836451164,-0.120876135582724,
-0.115139285496112,-0.113454880608142,-0.112416927244163,-0.111472921227428,
-0.110258098921639,-0.10831148250045,-0.098259102964797,-0.00637061487633984,
0.),.UNSPECIFIED.);
#532=B_SPLINE_CURVE_WITH_KNOTS('',3,(#6537,#6538,#6539,#6540,#6541,#6542),
 .UNSPECIFIED.,.F.,.F.,(4,2,4),(-0.167884254783943,-0.0803788780355117,
0.),.UNSPECIFIED.);
#533=B_SPLINE_CURVE_WITH_KNOTS('',3,(#6544,#6545,#6546,#6547,#6548,#6549),
 .UNSPECIFIED.,.F.,.F.,(4,2,4),(0.576014465494591,0.597576175564319,0.682944436528762),
 .UNSPECIFIED.);
#534=B_SPLINE_CURVE_WITH_KNOTS('',3,(#6551,#6552,#6553,#6554,#6555,#6556,
#6557,#6558),.UNSPECIFIED.,.F.,.F.,(4,2,2,4),(-0.215774061973937,-0.146204305188261,
-0.0890350029854316,0.),.UNSPECIFIED.);
#535=B_SPLINE_CURVE_WITH_KNOTS('',3,(#6559,#6560,#6561,#6562,#6563,#6564,
#6565,#6566,#6567,#6568),.UNSPECIFIED.,.F.,.F.,(4,2,2,2,4),(0.174469590136989,
0.191794497492596,0.287691006353563,0.383587515214531,0.430897069312511),
 .UNSPECIFIED.);
#536=B_SPLINE_CURVE_WITH_KNOTS('',3,(#6570,#6571,#6572,#6573,#6574,#6575,
#6576,#6577,#6578,#6579,#6580,#6581,#6582,#6583,#6584,#6585,#6586,#6587,
#6588,#6589,#6590,#6591,#6592,#6593,#6594),.UNSPECIFIED.,.F.,.F.,(4,3,3,
3,3,3,3,3,4),(7.59238568828384,7.80792866411029,8.79958041732111,9.79123217053194,
10.7828839237428,11.7745356769536,12.7661874301644,13.7578391833752,13.8755709954635),
 .UNSPECIFIED.);
#537=B_SPLINE_CURVE_WITH_KNOTS('',3,(#6595,#6596,#6597,#6598,#6599,#6600,
#6601,#6602,#6603,#6604,#6605,#6606,#6607,#6608,#6609,#6610,#6611,#6612,
#6613),.UNSPECIFIED.,.F.,.F.,(4,3,3,3,3,3,4),(-10.1376011109135,-9.33792920558886,
-8.33998157786494,-7.34203395014102,-6.3440863224171,-5.34613869469318,
-4.34819106696925),.UNSPECIFIED.);
#538=B_SPLINE_CURVE_WITH_KNOTS('',3,(#6934,#6935,#6936,#6937,#6938,#6939,
#6940,#6941,#6942,#6943,#6944),.UNSPECIFIED.,.F.,.F.,(4,1,1,1,1,1,1,1,4),
(21.9911485751285,22.2066915509549,23.1983433041657,24.1899950573765,25.1816468105873,
26.1732985637982,27.164950317009,28.1566020702198,28.2743338823081),
 .UNSPECIFIED.);
#539=B_SPLINE_CURVE_WITH_KNOTS('',3,(#6945,#6946,#6947,#6948,#6949,#6950,
#6951,#6952,#6953,#6954,#6955,#6956,#6957,#6958,#6959,#6960,#6961,#6962,
#6963,#6964,#6965,#6966,#6967,#6968,#6969,#6970,#6971,#6972,#6973,#6974,
#6975,#6976,#6977,#6978,#6979,#6980,#6981,#6982,#6983,#6984,#6985,#6986,
#6987,#6988,#6989,#6990,#6991,#6992,#6993,#6994,#6995,#6996,#6997,#6998,
#6999,#7000,#7001,#7002,#7003,#7004,#7005,#7006,#7007,#7008,#7009,#7010,
#7011,#7012,#7013,#7014,#7015,#7016,#7017,#7018,#7019,#7020,#7021,#7022,
#7023,#7024,#7025,#7026,#7027,#7028,#7029,#7030,#7031,#7032,#7033,#7034,
#7035),.UNSPECIFIED.,.F.,.F.,(4,3,3,3,3,3,3,3,3,3,3,3,3,3,3,3,3,3,3,3,3,
3,3,3,3,3,3,3,3,3,4),(-0.488732737312121,-0.464866308213553,-0.440393210828374,
-0.435173779699333,-0.429973221608278,-0.405010936431955,-0.386397077238055,
-0.380441957938182,-0.376111108055654,-0.350763865011902,-0.325273374870015,
-0.300130821909879,-0.290877064678423,-0.285646956763611,-0.259760330955834,
-0.256100062880759,-0.231020126844246,-0.205364955397898,-0.195347818689789,
-0.191425720567312,-0.165555025159997,-0.139232102739821,-0.112853752410466,
-0.105150391532178,-0.0995207426042514,-0.0954760325726025,-0.0686594673589375,
-0.0419505280505059,-0.0159129332147945,-0.00985999823015856,0.),
 .UNSPECIFIED.);
#540=B_SPLINE_CURVE_WITH_KNOTS('',3,(#7037,#7038,#7039,#7040,#7041,#7042,
#7043,#7044,#7045,#7046,#7047),.UNSPECIFIED.,.F.,.F.,(4,1,1,1,1,1,1,1,4),
(21.9911485751285,22.1894242975278,23.1873719252517,24.1853195529756,25.1832671806995,
26.1812148084235,27.1791624361474,28.1771100638713,28.2743338823081),
 .UNSPECIFIED.);
#541=B_SPLINE_CURVE_WITH_KNOTS('',3,(#7049,#7050,#7051,#7052,#7053,#7054,
#7055,#7056,#7057,#7058,#7059,#7060,#7061,#7062,#7063,#7064,#7065,#7066,
#7067,#7068,#7069,#7070,#7071,#7072,#7073),.UNSPECIFIED.,.F.,.F.,(4,3,3,
3,3,3,3,3,4),(7.59238568828384,7.80792866411035,8.79958041732118,9.791232170532,
10.7828839237428,11.7745356769536,12.7661874301645,13.7578391833753,13.8755709954635),
 .UNSPECIFIED.);
#542=B_SPLINE_CURVE_WITH_KNOTS('',3,(#7074,#7075,#7076,#7077,#7078,#7079,
#7080,#7081,#7082,#7083,#7084,#7085,#7086,#7087,#7088,#7089,#7090,#7091,
#7092),.UNSPECIFIED.,.F.,.F.,(4,3,3,3,3,3,4),(-10.1376011109135,-9.33792920558886,
-8.33998157786493,-7.34203395014101,-6.34408632241709,-5.34613869469317,
-4.34819106696926),.UNSPECIFIED.);
#543=B_SPLINE_CURVE_WITH_KNOTS('',3,(#7413,#7414,#7415,#7416,#7417,#7418,
#7419,#7420,#7421,#7422,#7423),.UNSPECIFIED.,.F.,.F.,(4,1,1,1,1,1,1,1,4),
(21.9911485751285,22.2066915509549,23.1983433041657,24.1899950573766,25.1816468105874,
26.1732985637982,27.164950317009,28.1566020702198,28.2743338823081),
 .UNSPECIFIED.);
#544=B_SPLINE_CURVE_WITH_KNOTS('',3,(#7424,#7425,#7426,#7427,#7428,#7429,
#7430,#7431,#7432,#7433,#7434,#7435,#7436,#7437,#7438,#7439,#7440,#7441,
#7442,#7443,#7444,#7445,#7446,#7447,#7448,#7449,#7450,#7451,#7452,#7453,
#7454,#7455,#7456,#7457,#7458,#7459,#7460,#7461,#7462,#7463,#7464,#7465,
#7466,#7467,#7468,#7469,#7470,#7471,#7472,#7473,#7474,#7475,#7476,#7477,
#7478,#7479,#7480,#7481,#7482,#7483,#7484,#7485,#7486,#7487,#7488,#7489,
#7490,#7491,#7492,#7493,#7494,#7495,#7496,#7497,#7498,#7499,#7500,#7501,
#7502,#7503,#7504,#7505,#7506,#7507,#7508,#7509,#7510,#7511,#7512,#7513,
#7514),.UNSPECIFIED.,.F.,.F.,(4,3,3,3,3,3,3,3,3,3,3,3,3,3,3,3,3,3,3,3,3,
3,3,3,3,3,3,3,3,3,4),(-0.488732737312119,-0.464866308214766,-0.440393210831362,
-0.435173779563737,-0.429973221571774,-0.405010936394719,-0.386397077205475,
-0.380441957830786,-0.376111108029149,-0.350763864982314,-0.325273374840683,
-0.30013082188117,-0.290877064585662,-0.28564695675168,-0.259760330949198,
-0.256100062880766,-0.231020126842264,-0.205364955396959,-0.195347818690843,
-0.191425720455929,-0.165555025048197,-0.139232102627434,-0.112853752297049,
-0.105150391335681,-0.0995207418113448,-0.095476032309563,-0.0686594670944475,
-0.0419505277921525,-0.0159129329601199,-0.00985999823015886,0.),
 .UNSPECIFIED.);
#545=B_SPLINE_CURVE_WITH_KNOTS('',3,(#7516,#7517,#7518,#7519,#7520,#7521,
#7522,#7523,#7524,#7525,#7526),.UNSPECIFIED.,.F.,.F.,(4,1,1,1,1,1,1,1,4),
(21.9911485751285,22.1894242975278,23.1873719252517,24.1853195529756,25.1832671806995,
26.1812148084235,27.1791624361474,28.1771100638713,28.2743338823081),
 .UNSPECIFIED.);
#546=B_SPLINE_CURVE_WITH_KNOTS('',3,(#7528,#7529,#7530,#7531,#7532,#7533,
#7534,#7535,#7536,#7537,#7538,#7539,#7540,#7541,#7542,#7543,#7544,#7545,
#7546,#7547,#7548,#7549,#7550,#7551,#7552),.UNSPECIFIED.,.F.,.F.,(4,3,3,
3,3,3,3,3,4),(7.59238568828385,7.8079286641103,8.79958041732112,9.79123217053194,
10.7828839237428,11.7745356769536,12.7661874301644,13.7578391833752,13.8755709954635),
 .UNSPECIFIED.);
#547=B_SPLINE_CURVE_WITH_KNOTS('',3,(#7553,#7554,#7555,#7556,#7557,#7558,
#7559,#7560,#7561,#7562,#7563,#7564,#7565,#7566,#7567,#7568,#7569,#7570,
#7571),.UNSPECIFIED.,.F.,.F.,(4,3,3,3,3,3,4),(-10.1376011109135,-9.33792920558881,
-8.33998157786489,-7.34203395014097,-6.34408632241704,-5.34613869469312,
-4.3481910669692),.UNSPECIFIED.);
#548=B_SPLINE_CURVE_WITH_KNOTS('',3,(#7892,#7893,#7894,#7895,#7896,#7897,
#7898,#7899,#7900,#7901,#7902),.UNSPECIFIED.,.F.,.F.,(4,1,1,1,1,1,1,1,4),
(21.9911485751285,22.2066915509549,23.1983433041657,24.1899950573765,25.1816468105873,
26.1732985637982,27.164950317009,28.1566020702198,28.2743338823081),
 .UNSPECIFIED.);
#549=B_SPLINE_CURVE_WITH_KNOTS('',3,(#7903,#7904,#7905,#7906,#7907,#7908,
#7909,#7910,#7911,#7912,#7913,#7914,#7915,#7916,#7917,#7918,#7919,#7920,
#7921,#7922,#7923,#7924,#7925,#7926,#7927,#7928,#7929,#7930,#7931,#7932,
#7933,#7934,#7935,#7936,#7937,#7938,#7939,#7940,#7941,#7942,#7943,#7944,
#7945,#7946,#7947,#7948,#7949,#7950,#7951,#7952,#7953,#7954,#7955,#7956,
#7957,#7958,#7959,#7960,#7961,#7962,#7963,#7964,#7965,#7966,#7967,#7968,
#7969,#7970,#7971,#7972,#7973,#7974,#7975,#7976,#7977,#7978,#7979,#7980,
#7981,#7982,#7983,#7984,#7985,#7986,#7987,#7988,#7989,#7990,#7991,#7992,
#7993),.UNSPECIFIED.,.F.,.F.,(4,3,3,3,3,3,3,3,3,3,3,3,3,3,3,3,3,3,3,3,3,
3,3,3,3,3,3,3,3,3,4),(-0.488732737312128,-0.464866308210032,-0.440393210823594,
-0.435173779676823,-0.429973221602346,-0.405010936426828,-0.386397077233569,
-0.380441958106139,-0.376111108098227,-0.35076386504841,-0.325273374906759,
-0.300130821946574,-0.290877064794787,-0.285646956796003,-0.259760330986982,
-0.256100062880759,-0.231020126842613,-0.205364955397164,-0.195347818690677,
-0.191425720444793,-0.165555025034993,-0.139232102614298,-0.112853752287363,
-0.105150391320132,-0.0995207417500378,-0.0954760321564418,-0.0686594669417728,
-0.0419505276396959,-0.0159129328082483,-0.00985999823015867,0.),
 .UNSPECIFIED.);
#550=B_SPLINE_CURVE_WITH_KNOTS('',3,(#7995,#7996,#7997,#7998,#7999,#8000,
#8001,#8002,#8003,#8004,#8005),.UNSPECIFIED.,.F.,.F.,(4,1,1,1,1,1,1,1,4),
(21.9911485751285,22.1894242975277,23.1873719252516,24.1853195529756,25.1832671806995,
26.1812148084234,27.1791624361473,28.1771100638713,28.2743338823081),
 .UNSPECIFIED.);
#551=B_SPLINE_CURVE_WITH_KNOTS('',3,(#8007,#8008,#8009,#8010,#8011,#8012,
#8013,#8014,#8015,#8016,#8017,#8018,#8019,#8020,#8021,#8022,#8023,#8024,
#8025,#8026,#8027,#8028,#8029,#8030,#8031),.UNSPECIFIED.,.F.,.F.,(4,3,3,
3,3,3,3,3,4),(7.59238568828385,7.80792866411034,8.79958041732117,9.79123217053199,
10.7828839237428,11.7745356769536,12.7661874301645,13.7578391833753,13.8755709954635),
 .UNSPECIFIED.);
#552=B_SPLINE_CURVE_WITH_KNOTS('',3,(#8032,#8033,#8034,#8035,#8036,#8037,
#8038,#8039,#8040,#8041,#8042,#8043,#8044,#8045,#8046,#8047,#8048,#8049,
#8050),.UNSPECIFIED.,.F.,.F.,(4,3,3,3,3,3,4),(-10.1376011109135,-9.33792920558885,
-8.33998157786493,-7.34203395014101,-6.34408632241709,-5.34613869469317,
-4.34819106696926),.UNSPECIFIED.);
#553=B_SPLINE_CURVE_WITH_KNOTS('',3,(#8371,#8372,#8373,#8374,#8375,#8376,
#8377,#8378,#8379,#8380,#8381),.UNSPECIFIED.,.F.,.F.,(4,1,1,1,1,1,1,1,4),
(21.9911485751285,22.2066915509549,23.1983433041657,24.1899950573766,25.1816468105874,
26.1732985637982,27.164950317009,28.1566020702198,28.2743338823081),
 .UNSPECIFIED.);
#554=B_SPLINE_CURVE_WITH_KNOTS('',3,(#8382,#8383,#8384,#8385,#8386,#8387,
#8388,#8389,#8390,#8391,#8392,#8393,#8394,#8395,#8396,#8397,#8398,#8399,
#8400,#8401,#8402,#8403,#8404,#8405,#8406,#8407,#8408,#8409,#8410,#8411,
#8412,#8413,#8414,#8415,#8416,#8417,#8418,#8419,#8420,#8421,#8422,#8423,
#8424,#8425,#8426,#8427,#8428,#8429,#8430,#8431,#8432,#8433,#8434,#8435,
#8436,#8437,#8438,#8439,#8440,#8441,#8442,#8443,#8444,#8445,#8446,#8447,
#8448,#8449,#8450,#8451,#8452,#8453,#8454,#8455,#8456,#8457,#8458,#8459,
#8460,#8461,#8462,#8463,#8464,#8465,#8466,#8467,#8468,#8469,#8470,#8471,
#8472),.UNSPECIFIED.,.F.,.F.,(4,3,3,3,3,3,3,3,3,3,3,3,3,3,3,3,3,3,3,3,3,
3,3,3,3,3,3,3,3,3,4),(-0.488732737312109,-0.464866308214054,-0.440393210830385,
-0.435173779611086,-0.429973221583649,-0.405010936407562,-0.386397077216711,
-0.380441957858427,-0.376111108035661,-0.350763864988171,-0.325273374846574,
-0.300130821886918,-0.290877064601368,-0.285646956786203,-0.259760330976204,
-0.256100062880756,-0.231020126843584,-0.20536495539566,-0.195347818690483,
-0.191425720508924,-0.165555025100878,-0.139232102680031,-0.112853752351059,
-0.105150391429118,-0.099520742190683,-0.0954760324414699,-0.06865946722904,
-0.04195052792125,-0.0159129330886949,-0.00985999823015836,0.),
 .UNSPECIFIED.);
#555=B_SPLINE_CURVE_WITH_KNOTS('',3,(#8474,#8475,#8476,#8477,#8478,#8479,
#8480,#8481,#8482,#8483,#8484),.UNSPECIFIED.,.F.,.F.,(4,1,1,1,1,1,1,1,4),
(21.9911485751285,22.1894242975278,23.1873719252517,24.1853195529756,25.1832671806995,
26.1812148084235,27.1791624361474,28.1771100638713,28.2743338823081),
 .UNSPECIFIED.);
#556=B_SPLINE_CURVE_WITH_KNOTS('',3,(#8805,#8806,#8807,#8808,#8809,#8810,
#8811,#8812,#8813,#8814,#8815,#8816,#8817,#8818,#8819,#8820,#8821,#8822,
#8823,#8824,#8825,#8826,#8827,#8828,#8829,#8830,#8831,#8832,#8833,#8834,
#8835,#8836,#8837,#8838,#8839,#8840,#8841,#8842,#8843,#8844,#8845,#8846,
#8847,#8848,#8849,#8850,#8851,#8852,#8853,#8854,#8855,#8856,#8857,#8858,
#8859,#8860,#8861,#8862,#8863,#8864,#8865,#8866,#8867,#8868,#8869,#8870,
#8871,#8872,#8873,#8874,#8875,#8876,#8877,#8878,#8879,#8880,#8881,#8882,
#8883,#8884,#8885,#8886,#8887,#8888,#8889,#8890,#8891,#8892,#8893,#8894,
#8895),.UNSPECIFIED.,.F.,.F.,(4,3,3,3,3,3,3,3,3,3,3,3,3,3,3,3,3,3,3,3,3,
3,3,3,3,3,3,3,3,3,4),(-0.487541846182151,-0.461292305375118,-0.433650320639143,
-0.428339797298166,-0.423227137072473,-0.396664258761429,-0.377100779852166,
-0.369809670331184,-0.36523319668737,-0.339015287762811,-0.313201463134348,
-0.287904761113766,-0.280456099097668,-0.274428629308213,-0.270170079295658,
-0.244845030123499,-0.240156427487323,-0.214643950847798,-0.188555388968065,
-0.182711331292206,-0.177906374428189,-0.15259469522441,-0.127194130404176,
-0.10214528831569,-0.0929237917786959,-0.0888343880345724,-0.0640109000202573,
-0.0395559068858553,-0.0159042870059642,-0.00593545580992887,0.),
 .UNSPECIFIED.);
#557=B_SPLINE_CURVE_WITH_KNOTS('',3,(#8896,#8897,#8898,#8899,#8900),
 .UNSPECIFIED.,.F.,.F.,(4,1,4),(17.0877529926345,17.1996861589082,18.1329261333515),
 .UNSPECIFIED.);
#558=B_SPLINE_CURVE_WITH_KNOTS('',3,(#9222,#9223,#9224,#9225,#9226,#9227,
#9228,#9229,#9230,#9231,#9232,#9233,#9234,#9235,#9236,#9237,#9238,#9239,
#9240,#9241,#9242,#9243,#9244,#9245,#9246,#9247,#9248,#9249,#9250,#9251,
#9252,#9253,#9254,#9255,#9256,#9257,#9258,#9259,#9260,#9261,#9262,#9263,
#9264,#9265,#9266,#9267,#9268,#9269,#9270,#9271,#9272,#9273,#9274,#9275,
#9276,#9277,#9278,#9279,#9280,#9281,#9282,#9283,#9284,#9285,#9286,#9287,
#9288,#9289,#9290,#9291,#9292,#9293,#9294,#9295,#9296,#9297,#9298,#9299,
#9300,#9301,#9302,#9303,#9304,#9305,#9306,#9307,#9308,#9309,#9310,#9311,
#9312),.UNSPECIFIED.,.F.,.F.,(4,3,3,3,3,3,3,3,3,3,3,3,3,3,3,3,3,3,3,3,3,
3,3,3,3,3,3,3,3,3,4),(-0.487541846182143,-0.461292305375819,-0.433650320639758,
-0.428339797184202,-0.423227137051201,-0.396664258742191,-0.377100779835333,
-0.369809670352738,-0.365233196691055,-0.339015287768398,-0.313201463139248,
-0.287904761116054,-0.280456099101199,-0.274428629321221,-0.270170079298175,
-0.24484503012566,-0.240156427487327,-0.214643950847188,-0.18855538896753,
-0.182711331291659,-0.177906374437082,-0.152594695233184,-0.127194130413225,
-0.102145288325613,-0.0929237918124489,-0.0888343880550051,-0.0640109000416001,
-0.0395559069087022,-0.0159042870305434,-0.00593545580992889,0.),
 .UNSPECIFIED.);
#559=B_SPLINE_CURVE_WITH_KNOTS('',3,(#9313,#9314,#9315,#9316,#9317),
 .UNSPECIFIED.,.F.,.F.,(4,1,4),(17.0877529926345,17.1996861589082,18.1329261333515),
 .UNSPECIFIED.);
#560=B_SPLINE_CURVE_WITH_KNOTS('',3,(#9639,#9640,#9641,#9642,#9643,#9644,
#9645,#9646,#9647,#9648,#9649,#9650,#9651,#9652,#9653,#9654,#9655,#9656,
#9657,#9658,#9659,#9660,#9661,#9662,#9663,#9664,#9665,#9666,#9667,#9668,
#9669,#9670,#9671,#9672,#9673,#9674,#9675,#9676,#9677,#9678,#9679,#9680,
#9681,#9682,#9683,#9684,#9685,#9686,#9687,#9688,#9689,#9690,#9691,#9692,
#9693,#9694,#9695,#9696,#9697,#9698,#9699,#9700,#9701,#9702,#9703,#9704,
#9705,#9706,#9707,#9708,#9709,#9710,#9711,#9712,#9713,#9714,#9715,#9716,
#9717,#9718,#9719,#9720,#9721,#9722,#9723,#9724,#9725,#9726,#9727,#9728,
#9729),.UNSPECIFIED.,.F.,.F.,(4,3,3,3,3,3,3,3,3,3,3,3,3,3,3,3,3,3,3,3,3,
3,3,3,3,3,3,3,3,3,4),(-0.487541846182168,-0.461292305374752,-0.433650320638823,
-0.428339797220101,-0.423227137056605,-0.396664258748462,-0.377100779840819,
-0.369809670319945,-0.365233196684993,-0.339015287760956,-0.313201463131301,
-0.287904761110469,-0.280456099091753,-0.274428629284435,-0.270170079290665,
-0.244845030116338,-0.240156427487324,-0.214643950846803,-0.188555388967193,
-0.182711331290938,-0.177906374490121,-0.152594695286505,-0.127194130466138,
-0.102145288370005,-0.0929237919610409,-0.0888343881262549,-0.0640109001112166,
-0.0395559069767922,-0.0159042870973359,-0.00593545580992889,0.),
 .UNSPECIFIED.);
#561=B_SPLINE_CURVE_WITH_KNOTS('',3,(#9730,#9731,#9732,#9733,#9734),
 .UNSPECIFIED.,.F.,.F.,(4,1,4),(17.0877529926345,17.1996861589081,18.1329261333514),
 .UNSPECIFIED.);
#562=B_SPLINE_CURVE_WITH_KNOTS('',3,(#10059,#10060,#10061,#10062,#10063,
#10064,#10065,#10066,#10067,#10068,#10069,#10070,#10071,#10072,#10073,#10074,
#10075,#10076,#10077,#10078,#10079,#10080,#10081,#10082,#10083,#10084,#10085,
#10086,#10087,#10088,#10089,#10090,#10091,#10092,#10093,#10094,#10095,#10096,
#10097,#10098,#10099,#10100,#10101,#10102,#10103,#10104,#10105,#10106,#10107,
#10108,#10109,#10110,#10111,#10112,#10113,#10114,#10115,#10116,#10117,#10118,
#10119,#10120,#10121,#10122,#10123,#10124,#10125,#10126,#10127,#10128,#10129,
#10130,#10131,#10132,#10133,#10134,#10135,#10136,#10137,#10138,#10139,#10140,
#10141,#10142,#10143,#10144,#10145,#10146,#10147,#10148,#10149),
 .UNSPECIFIED.,.F.,.F.,(4,3,3,3,3,3,3,3,3,3,3,3,3,3,3,3,3,3,3,3,3,3,3,3,
3,3,3,3,3,3,4),(-0.487541846182151,-0.461292305375845,-0.433650320639779,
-0.428339797093008,-0.423227137036193,-0.396664258726975,-0.377100779822018,
-0.369809670344201,-0.365233196689807,-0.339015287765228,-0.313201463135931,
-0.287904761113051,-0.280456099096942,-0.274428629306432,-0.27017007929513,
-0.244845030122429,-0.240156427487316,-0.214643950847784,-0.188555388968052,
-0.182711331292419,-0.17790637445386,-0.152594695250071,-0.127194130430094,
-0.102145288341726,-0.0929237918663444,-0.088834388110845,-0.0640109000959336,
-0.0395559069614307,-0.0159042870791202,-0.00593545580992889,0.),
 .UNSPECIFIED.);
#563=B_SPLINE_CURVE_WITH_KNOTS('',3,(#10150,#10151,#10152,#10153,#10154),
 .UNSPECIFIED.,.F.,.F.,(4,1,4),(17.0877529926345,17.1996861589082,18.1329261333515),
 .UNSPECIFIED.);
#564=LINE('',#2870,#665);
#565=LINE('',#2888,#666);
#566=LINE('',#2913,#667);
#567=LINE('',#2938,#668);
#568=LINE('',#2962,#669);
#569=LINE('',#2987,#670);
#570=LINE('',#3012,#671);
#571=LINE('',#3036,#672);
#572=LINE('',#3061,#673);
#573=LINE('',#3086,#674);
#574=LINE('',#3110,#675);
#575=LINE('',#3134,#676);
#576=LINE('',#3157,#677);
#577=LINE('',#3202,#678);
#578=LINE('',#3250,#679);
#579=LINE('',#3301,#680);
#580=LINE('',#3352,#681);
#581=LINE('',#3400,#682);
#582=LINE('',#3451,#683);
#583=LINE('',#3502,#684);
#584=LINE('',#3550,#685);
#585=LINE('',#3601,#686);
#586=LINE('',#3649,#687);
#587=LINE('',#3700,#688);
#588=LINE('',#3729,#689);
#589=LINE('',#3747,#690);
#590=LINE('',#3772,#691);
#591=LINE('',#3797,#692);
#592=LINE('',#3821,#693);
#593=LINE('',#3846,#694);
#594=LINE('',#3871,#695);
#595=LINE('',#3895,#696);
#596=LINE('',#3920,#697);
#597=LINE('',#3945,#698);
#598=LINE('',#3969,#699);
#599=LINE('',#3993,#700);
#600=LINE('',#4016,#701);
#601=LINE('',#4061,#702);
#602=LINE('',#4109,#703);
#603=LINE('',#4160,#704);
#604=LINE('',#4211,#705);
#605=LINE('',#4259,#706);
#606=LINE('',#4310,#707);
#607=LINE('',#4361,#708);
#608=LINE('',#4409,#709);
#609=LINE('',#4460,#710);
#610=LINE('',#4508,#711);
#611=LINE('',#4559,#712);
#612=LINE('',#4591,#713);
#613=LINE('',#4609,#714);
#614=LINE('',#4634,#715);
#615=LINE('',#4659,#716);
#616=LINE('',#4683,#717);
#617=LINE('',#4708,#718);
#618=LINE('',#4733,#719);
#619=LINE('',#4757,#720);
#620=LINE('',#4782,#721);
#621=LINE('',#4807,#722);
#622=LINE('',#4831,#723);
#623=LINE('',#4855,#724);
#624=LINE('',#4878,#725);
#625=LINE('',#4923,#726);
#626=LINE('',#4971,#727);
#627=LINE('',#5022,#728);
#628=LINE('',#5073,#729);
#629=LINE('',#5121,#730);
#630=LINE('',#5172,#731);
#631=LINE('',#5223,#732);
#632=LINE('',#5271,#733);
#633=LINE('',#5322,#734);
#634=LINE('',#5370,#735);
#635=LINE('',#5421,#736);
#636=LINE('',#5450,#737);
#637=LINE('',#5468,#738);
#638=LINE('',#5493,#739);
#639=LINE('',#5518,#740);
#640=LINE('',#5542,#741);
#641=LINE('',#5567,#742);
#642=LINE('',#5592,#743);
#643=LINE('',#5616,#744);
#644=LINE('',#5641,#745);
#645=LINE('',#5666,#746);
#646=LINE('',#5690,#747);
#647=LINE('',#5714,#748);
#648=LINE('',#5737,#749);
#649=LINE('',#5782,#750);
#650=LINE('',#5830,#751);
#651=LINE('',#5881,#752);
#652=LINE('',#5932,#753);
#653=LINE('',#5980,#754);
#654=LINE('',#6031,#755);
#655=LINE('',#6082,#756);
#656=LINE('',#6130,#757);
#657=LINE('',#6181,#758);
#658=LINE('',#6229,#759);
#659=LINE('',#6280,#760);
#660=LINE('',#6310,#761);
#661=LINE('',#6316,#762);
#662=LINE('',#6376,#763);
#663=LINE('',#10165,#764);
#664=LINE('',#10169,#765);
#665=VECTOR('',#2493,2.54305);
#666=VECTOR('',#2498,2.54305);
#667=VECTOR('',#2501,2.54305);
#668=VECTOR('',#2504,2.54305);
#669=VECTOR('',#2507,2.54305);
#670=VECTOR('',#2510,2.54305);
#671=VECTOR('',#2513,2.54305);
#672=VECTOR('',#2516,2.54305);
#673=VECTOR('',#2519,2.54305);
#674=VECTOR('',#2522,2.54305);
#675=VECTOR('',#2525,2.54305);
#676=VECTOR('',#2528,2.54305);
#677=VECTOR('',#2531,2.5);
#678=VECTOR('',#2536,2.5);
#679=VECTOR('',#2539,2.5);
#680=VECTOR('',#2542,2.5);
#681=VECTOR('',#2545,2.5);
#682=VECTOR('',#2548,2.5);
#683=VECTOR('',#2551,2.5);
#684=VECTOR('',#2554,2.5);
#685=VECTOR('',#2557,2.5);
#686=VECTOR('',#2560,2.5);
#687=VECTOR('',#2563,2.5);
#688=VECTOR('',#2566,2.5);
#689=VECTOR('',#2569,2.54305);
#690=VECTOR('',#2574,2.54305);
#691=VECTOR('',#2577,2.54305);
#692=VECTOR('',#2580,2.54305);
#693=VECTOR('',#2583,2.54305);
#694=VECTOR('',#2586,2.54305);
#695=VECTOR('',#2589,2.54305);
#696=VECTOR('',#2592,2.54305);
#697=VECTOR('',#2595,2.54305);
#698=VECTOR('',#2598,2.54305);
#699=VECTOR('',#2601,2.54305);
#700=VECTOR('',#2604,2.54305);
#701=VECTOR('',#2607,2.5);
#702=VECTOR('',#2612,2.5);
#703=VECTOR('',#2615,2.5);
#704=VECTOR('',#2618,2.5);
#705=VECTOR('',#2621,2.5);
#706=VECTOR('',#2624,2.5);
#707=VECTOR('',#2627,2.5);
#708=VECTOR('',#2630,2.5);
#709=VECTOR('',#2633,2.5);
#710=VECTOR('',#2636,2.5);
#711=VECTOR('',#2639,2.5);
#712=VECTOR('',#2642,2.5);
#713=VECTOR('',#2645,2.54305);
#714=VECTOR('',#2650,2.54305);
#715=VECTOR('',#2653,2.54305);
#716=VECTOR('',#2656,2.54305);
#717=VECTOR('',#2659,2.54305);
#718=VECTOR('',#2662,2.54305);
#719=VECTOR('',#2665,2.54305);
#720=VECTOR('',#2668,2.54305);
#721=VECTOR('',#2671,2.54305);
#722=VECTOR('',#2674,2.54305);
#723=VECTOR('',#2677,2.54305);
#724=VECTOR('',#2680,2.54305);
#725=VECTOR('',#2683,2.5);
#726=VECTOR('',#2688,2.5);
#727=VECTOR('',#2691,2.5);
#728=VECTOR('',#2694,2.5);
#729=VECTOR('',#2697,2.5);
#730=VECTOR('',#2700,2.5);
#731=VECTOR('',#2703,2.5);
#732=VECTOR('',#2706,2.5);
#733=VECTOR('',#2709,2.5);
#734=VECTOR('',#2712,2.5);
#735=VECTOR('',#2715,2.5);
#736=VECTOR('',#2718,2.5);
#737=VECTOR('',#2721,2.54305);
#738=VECTOR('',#2726,2.54305);
#739=VECTOR('',#2729,2.54305);
#740=VECTOR('',#2732,2.54305);
#741=VECTOR('',#2735,2.54305);
#742=VECTOR('',#2738,2.54305);
#743=VECTOR('',#2741,2.54305);
#744=VECTOR('',#2744,2.54305);
#745=VECTOR('',#2747,2.54305);
#746=VECTOR('',#2750,2.54305);
#747=VECTOR('',#2753,2.54305);
#748=VECTOR('',#2756,2.54305);
#749=VECTOR('',#2759,2.5);
#750=VECTOR('',#2764,2.5);
#751=VECTOR('',#2767,2.5);
#752=VECTOR('',#2770,2.5);
#753=VECTOR('',#2773,2.5);
#754=VECTOR('',#2776,2.5);
#755=VECTOR('',#2779,2.5);
#756=VECTOR('',#2782,2.5);
#757=VECTOR('',#2785,2.5);
#758=VECTOR('',#2788,2.5);
#759=VECTOR('',#2791,2.5);
#760=VECTOR('',#2794,2.5);
#761=VECTOR('',#2799,20.75);
#762=VECTOR('',#2806,20.75);
#763=VECTOR('',#2807,20.75);
#764=VECTOR('',#2852,18.5);
#765=VECTOR('',#2857,18.5);
#766=VERTEX_POINT('',#2868);
#767=VERTEX_POINT('',#2869);
#768=VERTEX_POINT('',#2871);
#769=VERTEX_POINT('',#2877);
#770=VERTEX_POINT('',#2886);
#771=VERTEX_POINT('',#2887);
#772=VERTEX_POINT('',#2911);
#773=VERTEX_POINT('',#2912);
#774=VERTEX_POINT('',#2936);
#775=VERTEX_POINT('',#2937);
#776=VERTEX_POINT('',#2960);
#777=VERTEX_POINT('',#2961);
#778=VERTEX_POINT('',#2985);
#779=VERTEX_POINT('',#2986);
#780=VERTEX_POINT('',#3010);
#781=VERTEX_POINT('',#3011);
#782=VERTEX_POINT('',#3034);
#783=VERTEX_POINT('',#3035);
#784=VERTEX_POINT('',#3059);
#785=VERTEX_POINT('',#3060);
#786=VERTEX_POINT('',#3084);
#787=VERTEX_POINT('',#3085);
#788=VERTEX_POINT('',#3108);
#789=VERTEX_POINT('',#3109);
#790=VERTEX_POINT('',#3132);
#791=VERTEX_POINT('',#3133);
#792=VERTEX_POINT('',#3135);
#793=VERTEX_POINT('',#3142);
#794=VERTEX_POINT('',#3155);
#795=VERTEX_POINT('',#3156);
#796=VERTEX_POINT('',#3158);
#797=VERTEX_POINT('',#3175);
#798=VERTEX_POINT('',#3200);
#799=VERTEX_POINT('',#3201);
#800=VERTEX_POINT('',#3248);
#801=VERTEX_POINT('',#3249);
#802=VERTEX_POINT('',#3299);
#803=VERTEX_POINT('',#3300);
#804=VERTEX_POINT('',#3350);
#805=VERTEX_POINT('',#3351);
#806=VERTEX_POINT('',#3398);
#807=VERTEX_POINT('',#3399);
#808=VERTEX_POINT('',#3449);
#809=VERTEX_POINT('',#3450);
#810=VERTEX_POINT('',#3500);
#811=VERTEX_POINT('',#3501);
#812=VERTEX_POINT('',#3548);
#813=VERTEX_POINT('',#3549);
#814=VERTEX_POINT('',#3599);
#815=VERTEX_POINT('',#3600);
#816=VERTEX_POINT('',#3647);
#817=VERTEX_POINT('',#3648);
#818=VERTEX_POINT('',#3698);
#819=VERTEX_POINT('',#3699);
#820=VERTEX_POINT('',#3701);
#821=VERTEX_POINT('',#3727);
#822=VERTEX_POINT('',#3728);
#823=VERTEX_POINT('',#3730);
#824=VERTEX_POINT('',#3736);
#825=VERTEX_POINT('',#3745);
#826=VERTEX_POINT('',#3746);
#827=VERTEX_POINT('',#3770);
#828=VERTEX_POINT('',#3771);
#829=VERTEX_POINT('',#3795);
#830=VERTEX_POINT('',#3796);
#831=VERTEX_POINT('',#3819);
#832=VERTEX_POINT('',#3820);
#833=VERTEX_POINT('',#3844);
#834=VERTEX_POINT('',#3845);
#835=VERTEX_POINT('',#3869);
#836=VERTEX_POINT('',#3870);
#837=VERTEX_POINT('',#3893);
#838=VERTEX_POINT('',#3894);
#839=VERTEX_POINT('',#3918);
#840=VERTEX_POINT('',#3919);
#841=VERTEX_POINT('',#3943);
#842=VERTEX_POINT('',#3944);
#843=VERTEX_POINT('',#3967);
#844=VERTEX_POINT('',#3968);
#845=VERTEX_POINT('',#3991);
#846=VERTEX_POINT('',#3992);
#847=VERTEX_POINT('',#3994);
#848=VERTEX_POINT('',#4001);
#849=VERTEX_POINT('',#4014);
#850=VERTEX_POINT('',#4015);
#851=VERTEX_POINT('',#4017);
#852=VERTEX_POINT('',#4034);
#853=VERTEX_POINT('',#4059);
#854=VERTEX_POINT('',#4060);
#855=VERTEX_POINT('',#4107);
#856=VERTEX_POINT('',#4108);
#857=VERTEX_POINT('',#4158);
#858=VERTEX_POINT('',#4159);
#859=VERTEX_POINT('',#4209);
#860=VERTEX_POINT('',#4210);
#861=VERTEX_POINT('',#4257);
#862=VERTEX_POINT('',#4258);
#863=VERTEX_POINT('',#4308);
#864=VERTEX_POINT('',#4309);
#865=VERTEX_POINT('',#4359);
#866=VERTEX_POINT('',#4360);
#867=VERTEX_POINT('',#4407);
#868=VERTEX_POINT('',#4408);
#869=VERTEX_POINT('',#4458);
#870=VERTEX_POINT('',#4459);
#871=VERTEX_POINT('',#4506);
#872=VERTEX_POINT('',#4507);
#873=VERTEX_POINT('',#4557);
#874=VERTEX_POINT('',#4558);
#875=VERTEX_POINT('',#4560);
#876=VERTEX_POINT('',#4571);
#877=VERTEX_POINT('',#4589);
#878=VERTEX_POINT('',#4590);
#879=VERTEX_POINT('',#4592);
#880=VERTEX_POINT('',#4598);
#881=VERTEX_POINT('',#4607);
#882=VERTEX_POINT('',#4608);
#883=VERTEX_POINT('',#4632);
#884=VERTEX_POINT('',#4633);
#885=VERTEX_POINT('',#4657);
#886=VERTEX_POINT('',#4658);
#887=VERTEX_POINT('',#4681);
#888=VERTEX_POINT('',#4682);
#889=VERTEX_POINT('',#4706);
#890=VERTEX_POINT('',#4707);
#891=VERTEX_POINT('',#4731);
#892=VERTEX_POINT('',#4732);
#893=VERTEX_POINT('',#4755);
#894=VERTEX_POINT('',#4756);
#895=VERTEX_POINT('',#4780);
#896=VERTEX_POINT('',#4781);
#897=VERTEX_POINT('',#4805);
#898=VERTEX_POINT('',#4806);
#899=VERTEX_POINT('',#4829);
#900=VERTEX_POINT('',#4830);
#901=VERTEX_POINT('',#4853);
#902=VERTEX_POINT('',#4854);
#903=VERTEX_POINT('',#4856);
#904=VERTEX_POINT('',#4863);
#905=VERTEX_POINT('',#4876);
#906=VERTEX_POINT('',#4877);
#907=VERTEX_POINT('',#4879);
#908=VERTEX_POINT('',#4896);
#909=VERTEX_POINT('',#4921);
#910=VERTEX_POINT('',#4922);
#911=VERTEX_POINT('',#4969);
#912=VERTEX_POINT('',#4970);
#913=VERTEX_POINT('',#5020);
#914=VERTEX_POINT('',#5021);
#915=VERTEX_POINT('',#5071);
#916=VERTEX_POINT('',#5072);
#917=VERTEX_POINT('',#5119);
#918=VERTEX_POINT('',#5120);
#919=VERTEX_POINT('',#5170);
#920=VERTEX_POINT('',#5171);
#921=VERTEX_POINT('',#5221);
#922=VERTEX_POINT('',#5222);
#923=VERTEX_POINT('',#5269);
#924=VERTEX_POINT('',#5270);
#925=VERTEX_POINT('',#5320);
#926=VERTEX_POINT('',#5321);
#927=VERTEX_POINT('',#5368);
#928=VERTEX_POINT('',#5369);
#929=VERTEX_POINT('',#5419);
#930=VERTEX_POINT('',#5420);
#931=VERTEX_POINT('',#5422);
#932=VERTEX_POINT('',#5448);
#933=VERTEX_POINT('',#5449);
#934=VERTEX_POINT('',#5451);
#935=VERTEX_POINT('',#5457);
#936=VERTEX_POINT('',#5466);
#937=VERTEX_POINT('',#5467);
#938=VERTEX_POINT('',#5491);
#939=VERTEX_POINT('',#5492);
#940=VERTEX_POINT('',#5516);
#941=VERTEX_POINT('',#5517);
#942=VERTEX_POINT('',#5540);
#943=VERTEX_POINT('',#5541);
#944=VERTEX_POINT('',#5565);
#945=VERTEX_POINT('',#5566);
#946=VERTEX_POINT('',#5590);
#947=VERTEX_POINT('',#5591);
#948=VERTEX_POINT('',#5614);
#949=VERTEX_POINT('',#5615);
#950=VERTEX_POINT('',#5639);
#951=VERTEX_POINT('',#5640);
#952=VERTEX_POINT('',#5664);
#953=VERTEX_POINT('',#5665);
#954=VERTEX_POINT('',#5688);
#955=VERTEX_POINT('',#5689);
#956=VERTEX_POINT('',#5712);
#957=VERTEX_POINT('',#5713);
#958=VERTEX_POINT('',#5715);
#959=VERTEX_POINT('',#5722);
#960=VERTEX_POINT('',#5735);
#961=VERTEX_POINT('',#5736);
#962=VERTEX_POINT('',#5738);
#963=VERTEX_POINT('',#5755);
#964=VERTEX_POINT('',#5780);
#965=VERTEX_POINT('',#5781);
#966=VERTEX_POINT('',#5828);
#967=VERTEX_POINT('',#5829);
#968=VERTEX_POINT('',#5879);
#969=VERTEX_POINT('',#5880);
#970=VERTEX_POINT('',#5930);
#971=VERTEX_POINT('',#5931);
#972=VERTEX_POINT('',#5978);
#973=VERTEX_POINT('',#5979);
#974=VERTEX_POINT('',#6029);
#975=VERTEX_POINT('',#6030);
#976=VERTEX_POINT('',#6080);
#977=VERTEX_POINT('',#6081);
#978=VERTEX_POINT('',#6128);
#979=VERTEX_POINT('',#6129);
#980=VERTEX_POINT('',#6179);
#981=VERTEX_POINT('',#6180);
#982=VERTEX_POINT('',#6227);
#983=VERTEX_POINT('',#6228);
#984=VERTEX_POINT('',#6278);
#985=VERTEX_POINT('',#6279);
#986=VERTEX_POINT('',#6281);
#987=VERTEX_POINT('',#6307);
#988=VERTEX_POINT('',#6309);
#989=VERTEX_POINT('',#6313);
#990=VERTEX_POINT('',#6315);
#991=VERTEX_POINT('',#6317);
#992=VERTEX_POINT('',#6375);
#993=VERTEX_POINT('',#6378);
#994=VERTEX_POINT('',#6385);
#995=VERTEX_POINT('',#6398);
#996=VERTEX_POINT('',#6429);
#997=VERTEX_POINT('',#6436);
#998=VERTEX_POINT('',#6455);
#999=VERTEX_POINT('',#6486);
#1000=VERTEX_POINT('',#6493);
#1001=VERTEX_POINT('',#6512);
#1002=VERTEX_POINT('',#6543);
#1003=VERTEX_POINT('',#6550);
#1004=VERTEX_POINT('',#10158);
#1005=VERTEX_POINT('',#10161);
#1006=VERTEX_POINT('',#10164);
#1007=VERTEX_POINT('',#10168);
#1008=EDGE_CURVE('',#766,#767,#564,.T.);
#1009=EDGE_CURVE('',#767,#768,#318,.T.);
#1010=EDGE_CURVE('',#769,#768,#302,.T.);
#1011=EDGE_CURVE('',#766,#769,#319,.T.);
#1012=EDGE_CURVE('',#770,#771,#565,.T.);
#1013=EDGE_CURVE('',#771,#767,#320,.T.);
#1014=EDGE_CURVE('',#770,#766,#321,.T.);
#1015=EDGE_CURVE('',#772,#773,#566,.T.);
#1016=EDGE_CURVE('',#773,#771,#322,.T.);
#1017=EDGE_CURVE('',#772,#770,#323,.T.);
#1018=EDGE_CURVE('',#774,#775,#567,.T.);
#1019=EDGE_CURVE('',#775,#773,#324,.T.);
#1020=EDGE_CURVE('',#774,#772,#325,.T.);
#1021=EDGE_CURVE('',#776,#777,#568,.T.);
#1022=EDGE_CURVE('',#777,#775,#326,.T.);
#1023=EDGE_CURVE('',#776,#774,#327,.T.);
#1024=EDGE_CURVE('',#778,#779,#569,.T.);
#1025=EDGE_CURVE('',#779,#777,#328,.T.);
#1026=EDGE_CURVE('',#778,#776,#329,.T.);
#1027=EDGE_CURVE('',#780,#781,#570,.T.);
#1028=EDGE_CURVE('',#781,#779,#330,.T.);
#1029=EDGE_CURVE('',#780,#778,#331,.T.);
#1030=EDGE_CURVE('',#782,#783,#571,.T.);
#1031=EDGE_CURVE('',#783,#781,#332,.T.);
#1032=EDGE_CURVE('',#782,#780,#333,.T.);
#1033=EDGE_CURVE('',#784,#785,#572,.T.);
#1034=EDGE_CURVE('',#785,#783,#334,.T.);
#1035=EDGE_CURVE('',#784,#782,#335,.T.);
#1036=EDGE_CURVE('',#786,#787,#573,.T.);
#1037=EDGE_CURVE('',#787,#785,#336,.T.);
#1038=EDGE_CURVE('',#786,#784,#337,.T.);
#1039=EDGE_CURVE('',#788,#789,#574,.T.);
#1040=EDGE_CURVE('',#789,#787,#338,.T.);
#1041=EDGE_CURVE('',#788,#786,#339,.T.);
#1042=EDGE_CURVE('',#790,#791,#575,.T.);
#1043=EDGE_CURVE('',#792,#790,#340,.T.);
#1044=EDGE_CURVE('',#792,#793,#341,.T.);
#1045=EDGE_CURVE('',#793,#791,#342,.T.);
#1046=EDGE_CURVE('',#794,#795,#576,.T.);
#1047=EDGE_CURVE('',#795,#796,#343,.T.);
#1048=EDGE_CURVE('',#796,#797,#303,.F.);
#1049=EDGE_CURVE('',#797,#794,#344,.T.);
#1050=EDGE_CURVE('',#798,#799,#577,.T.);
#1051=EDGE_CURVE('',#799,#795,#345,.T.);
#1052=EDGE_CURVE('',#794,#798,#346,.T.);
#1053=EDGE_CURVE('',#800,#801,#578,.T.);
#1054=EDGE_CURVE('',#801,#799,#347,.T.);
#1055=EDGE_CURVE('',#798,#800,#348,.T.);
#1056=EDGE_CURVE('',#802,#803,#579,.T.);
#1057=EDGE_CURVE('',#803,#801,#349,.T.);
#1058=EDGE_CURVE('',#800,#802,#350,.T.);
#1059=EDGE_CURVE('',#804,#805,#580,.T.);
#1060=EDGE_CURVE('',#805,#803,#351,.T.);
#1061=EDGE_CURVE('',#802,#804,#352,.T.);
#1062=EDGE_CURVE('',#806,#807,#581,.T.);
#1063=EDGE_CURVE('',#807,#805,#353,.T.);
#1064=EDGE_CURVE('',#804,#806,#354,.T.);
#1065=EDGE_CURVE('',#808,#809,#582,.T.);
#1066=EDGE_CURVE('',#809,#807,#355,.T.);
#1067=EDGE_CURVE('',#806,#808,#356,.T.);
#1068=EDGE_CURVE('',#810,#811,#583,.T.);
#1069=EDGE_CURVE('',#811,#809,#357,.T.);
#1070=EDGE_CURVE('',#808,#810,#358,.T.);
#1071=EDGE_CURVE('',#812,#813,#584,.T.);
#1072=EDGE_CURVE('',#813,#811,#359,.T.);
#1073=EDGE_CURVE('',#810,#812,#360,.T.);
#1074=EDGE_CURVE('',#814,#815,#585,.T.);
#1075=EDGE_CURVE('',#815,#813,#361,.T.);
#1076=EDGE_CURVE('',#812,#814,#362,.T.);
#1077=EDGE_CURVE('',#816,#817,#586,.T.);
#1078=EDGE_CURVE('',#817,#815,#363,.T.);
#1079=EDGE_CURVE('',#814,#816,#364,.T.);
#1080=EDGE_CURVE('',#818,#819,#587,.T.);
#1081=EDGE_CURVE('',#818,#820,#365,.T.);
#1082=EDGE_CURVE('',#820,#819,#366,.T.);
#1083=EDGE_CURVE('',#821,#822,#588,.T.);
#1084=EDGE_CURVE('',#822,#823,#367,.T.);
#1085=EDGE_CURVE('',#824,#823,#304,.T.);
#1086=EDGE_CURVE('',#821,#824,#368,.T.);
#1087=EDGE_CURVE('',#825,#826,#589,.T.);
#1088=EDGE_CURVE('',#826,#822,#369,.T.);
#1089=EDGE_CURVE('',#825,#821,#370,.T.);
#1090=EDGE_CURVE('',#827,#828,#590,.T.);
#1091=EDGE_CURVE('',#828,#826,#371,.T.);
#1092=EDGE_CURVE('',#827,#825,#372,.T.);
#1093=EDGE_CURVE('',#829,#830,#591,.T.);
#1094=EDGE_CURVE('',#830,#828,#373,.T.);
#1095=EDGE_CURVE('',#829,#827,#374,.T.);
#1096=EDGE_CURVE('',#831,#832,#592,.T.);
#1097=EDGE_CURVE('',#832,#830,#375,.T.);
#1098=EDGE_CURVE('',#831,#829,#376,.T.);
#1099=EDGE_CURVE('',#833,#834,#593,.T.);
#1100=EDGE_CURVE('',#834,#832,#377,.T.);
#1101=EDGE_CURVE('',#833,#831,#378,.T.);
#1102=EDGE_CURVE('',#835,#836,#594,.T.);
#1103=EDGE_CURVE('',#836,#834,#379,.T.);
#1104=EDGE_CURVE('',#835,#833,#380,.T.);
#1105=EDGE_CURVE('',#837,#838,#595,.T.);
#1106=EDGE_CURVE('',#838,#836,#381,.T.);
#1107=EDGE_CURVE('',#837,#835,#382,.T.);
#1108=EDGE_CURVE('',#839,#840,#596,.T.);
#1109=EDGE_CURVE('',#840,#838,#383,.T.);
#1110=EDGE_CURVE('',#839,#837,#384,.T.);
#1111=EDGE_CURVE('',#841,#842,#597,.T.);
#1112=EDGE_CURVE('',#842,#840,#385,.T.);
#1113=EDGE_CURVE('',#841,#839,#386,.T.);
#1114=EDGE_CURVE('',#843,#844,#598,.T.);
#1115=EDGE_CURVE('',#844,#842,#387,.T.);
#1116=EDGE_CURVE('',#843,#841,#388,.T.);
#1117=EDGE_CURVE('',#845,#846,#599,.T.);
#1118=EDGE_CURVE('',#847,#845,#389,.T.);
#1119=EDGE_CURVE('',#847,#848,#390,.T.);
#1120=EDGE_CURVE('',#848,#846,#391,.T.);
#1121=EDGE_CURVE('',#849,#850,#600,.T.);
#1122=EDGE_CURVE('',#850,#851,#392,.T.);
#1123=EDGE_CURVE('',#851,#852,#305,.F.);
#1124=EDGE_CURVE('',#852,#849,#393,.T.);
#1125=EDGE_CURVE('',#853,#854,#601,.T.);
#1126=EDGE_CURVE('',#854,#850,#394,.T.);
#1127=EDGE_CURVE('',#849,#853,#395,.T.);
#1128=EDGE_CURVE('',#855,#856,#602,.T.);
#1129=EDGE_CURVE('',#856,#854,#396,.T.);
#1130=EDGE_CURVE('',#853,#855,#397,.T.);
#1131=EDGE_CURVE('',#857,#858,#603,.T.);
#1132=EDGE_CURVE('',#858,#856,#398,.T.);
#1133=EDGE_CURVE('',#855,#857,#399,.T.);
#1134=EDGE_CURVE('',#859,#860,#604,.T.);
#1135=EDGE_CURVE('',#860,#858,#400,.T.);
#1136=EDGE_CURVE('',#857,#859,#401,.T.);
#1137=EDGE_CURVE('',#861,#862,#605,.T.);
#1138=EDGE_CURVE('',#862,#860,#402,.T.);
#1139=EDGE_CURVE('',#859,#861,#403,.T.);
#1140=EDGE_CURVE('',#863,#864,#606,.T.);
#1141=EDGE_CURVE('',#864,#862,#404,.T.);
#1142=EDGE_CURVE('',#861,#863,#405,.T.);
#1143=EDGE_CURVE('',#865,#866,#607,.T.);
#1144=EDGE_CURVE('',#866,#864,#406,.T.);
#1145=EDGE_CURVE('',#863,#865,#407,.T.);
#1146=EDGE_CURVE('',#867,#868,#608,.T.);
#1147=EDGE_CURVE('',#868,#866,#408,.T.);
#1148=EDGE_CURVE('',#865,#867,#409,.T.);
#1149=EDGE_CURVE('',#869,#870,#609,.T.);
#1150=EDGE_CURVE('',#870,#868,#410,.T.);
#1151=EDGE_CURVE('',#867,#869,#411,.T.);
#1152=EDGE_CURVE('',#871,#872,#610,.T.);
#1153=EDGE_CURVE('',#872,#870,#412,.T.);
#1154=EDGE_CURVE('',#869,#871,#413,.T.);
#1155=EDGE_CURVE('',#873,#874,#611,.T.);
#1156=EDGE_CURVE('',#873,#875,#414,.T.);
#1157=EDGE_CURVE('',#875,#876,#415,.T.);
#1158=EDGE_CURVE('',#876,#874,#416,.T.);
#1159=EDGE_CURVE('',#877,#878,#612,.T.);
#1160=EDGE_CURVE('',#878,#879,#417,.T.);
#1161=EDGE_CURVE('',#880,#879,#306,.T.);
#1162=EDGE_CURVE('',#877,#880,#418,.T.);
#1163=EDGE_CURVE('',#881,#882,#613,.T.);
#1164=EDGE_CURVE('',#882,#878,#419,.T.);
#1165=EDGE_CURVE('',#881,#877,#420,.T.);
#1166=EDGE_CURVE('',#883,#884,#614,.T.);
#1167=EDGE_CURVE('',#884,#882,#421,.T.);
#1168=EDGE_CURVE('',#883,#881,#422,.T.);
#1169=EDGE_CURVE('',#885,#886,#615,.T.);
#1170=EDGE_CURVE('',#886,#884,#423,.T.);
#1171=EDGE_CURVE('',#885,#883,#424,.T.);
#1172=EDGE_CURVE('',#887,#888,#616,.T.);
#1173=EDGE_CURVE('',#888,#886,#425,.T.);
#1174=EDGE_CURVE('',#887,#885,#426,.T.);
#1175=EDGE_CURVE('',#889,#890,#617,.T.);
#1176=EDGE_CURVE('',#890,#888,#427,.T.);
#1177=EDGE_CURVE('',#889,#887,#428,.T.);
#1178=EDGE_CURVE('',#891,#892,#618,.T.);
#1179=EDGE_CURVE('',#892,#890,#429,.T.);
#1180=EDGE_CURVE('',#891,#889,#430,.T.);
#1181=EDGE_CURVE('',#893,#894,#619,.T.);
#1182=EDGE_CURVE('',#894,#892,#431,.T.);
#1183=EDGE_CURVE('',#893,#891,#432,.T.);
#1184=EDGE_CURVE('',#895,#896,#620,.T.);
#1185=EDGE_CURVE('',#896,#894,#433,.T.);
#1186=EDGE_CURVE('',#895,#893,#434,.T.);
#1187=EDGE_CURVE('',#897,#898,#621,.T.);
#1188=EDGE_CURVE('',#898,#896,#435,.T.);
#1189=EDGE_CURVE('',#897,#895,#436,.T.);
#1190=EDGE_CURVE('',#899,#900,#622,.T.);
#1191=EDGE_CURVE('',#900,#898,#437,.T.);
#1192=EDGE_CURVE('',#899,#897,#438,.T.);
#1193=EDGE_CURVE('',#901,#902,#623,.T.);
#1194=EDGE_CURVE('',#903,#901,#439,.T.);
#1195=EDGE_CURVE('',#903,#904,#440,.T.);
#1196=EDGE_CURVE('',#904,#902,#441,.T.);
#1197=EDGE_CURVE('',#905,#906,#624,.T.);
#1198=EDGE_CURVE('',#906,#907,#442,.T.);
#1199=EDGE_CURVE('',#907,#908,#307,.F.);
#1200=EDGE_CURVE('',#908,#905,#443,.T.);
#1201=EDGE_CURVE('',#909,#910,#625,.T.);
#1202=EDGE_CURVE('',#910,#906,#444,.T.);
#1203=EDGE_CURVE('',#905,#909,#445,.T.);
#1204=EDGE_CURVE('',#911,#912,#626,.T.);
#1205=EDGE_CURVE('',#912,#910,#446,.T.);
#1206=EDGE_CURVE('',#909,#911,#447,.T.);
#1207=EDGE_CURVE('',#913,#914,#627,.T.);
#1208=EDGE_CURVE('',#914,#912,#448,.T.);
#1209=EDGE_CURVE('',#911,#913,#449,.T.);
#1210=EDGE_CURVE('',#915,#916,#628,.T.);
#1211=EDGE_CURVE('',#916,#914,#450,.T.);
#1212=EDGE_CURVE('',#913,#915,#451,.T.);
#1213=EDGE_CURVE('',#917,#918,#629,.T.);
#1214=EDGE_CURVE('',#918,#916,#452,.T.);
#1215=EDGE_CURVE('',#915,#917,#453,.T.);
#1216=EDGE_CURVE('',#919,#920,#630,.T.);
#1217=EDGE_CURVE('',#920,#918,#454,.T.);
#1218=EDGE_CURVE('',#917,#919,#455,.T.);
#1219=EDGE_CURVE('',#921,#922,#631,.T.);
#1220=EDGE_CURVE('',#922,#920,#456,.T.);
#1221=EDGE_CURVE('',#919,#921,#457,.T.);
#1222=EDGE_CURVE('',#923,#924,#632,.T.);
#1223=EDGE_CURVE('',#924,#922,#458,.T.);
#1224=EDGE_CURVE('',#921,#923,#459,.T.);
#1225=EDGE_CURVE('',#925,#926,#633,.T.);
#1226=EDGE_CURVE('',#926,#924,#460,.T.);
#1227=EDGE_CURVE('',#923,#925,#461,.T.);
#1228=EDGE_CURVE('',#927,#928,#634,.T.);
#1229=EDGE_CURVE('',#928,#926,#462,.T.);
#1230=EDGE_CURVE('',#925,#927,#463,.T.);
#1231=EDGE_CURVE('',#929,#930,#635,.T.);
#1232=EDGE_CURVE('',#929,#931,#464,.T.);
#1233=EDGE_CURVE('',#931,#930,#465,.T.);
#1234=EDGE_CURVE('',#932,#933,#636,.T.);
#1235=EDGE_CURVE('',#933,#934,#466,.T.);
#1236=EDGE_CURVE('',#935,#934,#308,.T.);
#1237=EDGE_CURVE('',#932,#935,#467,.T.);
#1238=EDGE_CURVE('',#936,#937,#637,.T.);
#1239=EDGE_CURVE('',#937,#933,#468,.T.);
#1240=EDGE_CURVE('',#936,#932,#469,.T.);
#1241=EDGE_CURVE('',#938,#939,#638,.T.);
#1242=EDGE_CURVE('',#939,#937,#470,.T.);
#1243=EDGE_CURVE('',#938,#936,#471,.T.);
#1244=EDGE_CURVE('',#940,#941,#639,.T.);
#1245=EDGE_CURVE('',#941,#939,#472,.T.);
#1246=EDGE_CURVE('',#940,#938,#473,.T.);
#1247=EDGE_CURVE('',#942,#943,#640,.T.);
#1248=EDGE_CURVE('',#943,#941,#474,.T.);
#1249=EDGE_CURVE('',#942,#940,#475,.T.);
#1250=EDGE_CURVE('',#944,#945,#641,.T.);
#1251=EDGE_CURVE('',#945,#943,#476,.T.);
#1252=EDGE_CURVE('',#944,#942,#477,.T.);
#1253=EDGE_CURVE('',#946,#947,#642,.T.);
#1254=EDGE_CURVE('',#947,#945,#478,.T.);
#1255=EDGE_CURVE('',#946,#944,#479,.T.);
#1256=EDGE_CURVE('',#948,#949,#643,.T.);
#1257=EDGE_CURVE('',#949,#947,#480,.T.);
#1258=EDGE_CURVE('',#948,#946,#481,.T.);
#1259=EDGE_CURVE('',#950,#951,#644,.T.);
#1260=EDGE_CURVE('',#951,#949,#482,.T.);
#1261=EDGE_CURVE('',#950,#948,#483,.T.);
#1262=EDGE_CURVE('',#952,#953,#645,.T.);
#1263=EDGE_CURVE('',#953,#951,#484,.T.);
#1264=EDGE_CURVE('',#952,#950,#485,.T.);
#1265=EDGE_CURVE('',#954,#955,#646,.T.);
#1266=EDGE_CURVE('',#955,#953,#486,.T.);
#1267=EDGE_CURVE('',#954,#952,#487,.T.);
#1268=EDGE_CURVE('',#956,#957,#647,.T.);
#1269=EDGE_CURVE('',#958,#956,#488,.T.);
#1270=EDGE_CURVE('',#958,#959,#489,.T.);
#1271=EDGE_CURVE('',#959,#957,#490,.T.);
#1272=EDGE_CURVE('',#960,#961,#648,.T.);
#1273=EDGE_CURVE('',#961,#962,#491,.T.);
#1274=EDGE_CURVE('',#962,#963,#309,.F.);
#1275=EDGE_CURVE('',#963,#960,#492,.T.);
#1276=EDGE_CURVE('',#964,#965,#649,.T.);
#1277=EDGE_CURVE('',#965,#961,#493,.T.);
#1278=EDGE_CURVE('',#960,#964,#494,.T.);
#1279=EDGE_CURVE('',#966,#967,#650,.T.);
#1280=EDGE_CURVE('',#967,#965,#495,.T.);
#1281=EDGE_CURVE('',#964,#966,#496,.T.);
#1282=EDGE_CURVE('',#968,#969,#651,.T.);
#1283=EDGE_CURVE('',#969,#967,#497,.T.);
#1284=EDGE_CURVE('',#966,#968,#498,.T.);
#1285=EDGE_CURVE('',#970,#971,#652,.T.);
#1286=EDGE_CURVE('',#971,#969,#499,.T.);
#1287=EDGE_CURVE('',#968,#970,#500,.T.);
#1288=EDGE_CURVE('',#972,#973,#653,.T.);
#1289=EDGE_CURVE('',#973,#971,#501,.T.);
#1290=EDGE_CURVE('',#970,#972,#502,.T.);
#1291=EDGE_CURVE('',#974,#975,#654,.T.);
#1292=EDGE_CURVE('',#975,#973,#503,.T.);
#1293=EDGE_CURVE('',#972,#974,#504,.T.);
#1294=EDGE_CURVE('',#976,#977,#655,.T.);
#1295=EDGE_CURVE('',#977,#975,#505,.T.);
#1296=EDGE_CURVE('',#974,#976,#506,.T.);
#1297=EDGE_CURVE('',#978,#979,#656,.T.);
#1298=EDGE_CURVE('',#979,#977,#507,.T.);
#1299=EDGE_CURVE('',#976,#978,#508,.T.);
#1300=EDGE_CURVE('',#980,#981,#657,.T.);
#1301=EDGE_CURVE('',#981,#979,#509,.T.);
#1302=EDGE_CURVE('',#978,#980,#510,.T.);
#1303=EDGE_CURVE('',#982,#983,#658,.T.);
#1304=EDGE_CURVE('',#983,#981,#511,.T.);
#1305=EDGE_CURVE('',#980,#982,#512,.T.);
#1306=EDGE_CURVE('',#984,#985,#659,.T.);
#1307=EDGE_CURVE('',#984,#986,#513,.T.);
#1308=EDGE_CURVE('',#986,#985,#514,.T.);
#1309=EDGE_CURVE('',#987,#987,#310,.T.);
#1310=EDGE_CURVE('',#987,#988,#660,.T.);
#1311=EDGE_CURVE('',#988,#988,#311,.T.);
#1312=EDGE_CURVE('',#989,#989,#312,.T.);
#1313=EDGE_CURVE('',#989,#990,#661,.T.);
#1314=EDGE_CURVE('',#991,#990,#515,.T.);
#1315=EDGE_CURVE('',#848,#991,#516,.T.);
#1316=EDGE_CURVE('',#876,#847,#517,.T.);
#1317=EDGE_CURVE('',#875,#992,#662,.T.);
#1318=EDGE_CURVE('',#992,#992,#313,.T.);
#1319=EDGE_CURVE('',#993,#873,#518,.T.);
#1320=EDGE_CURVE('',#994,#993,#519,.T.);
#1321=EDGE_CURVE('',#990,#994,#520,.T.);
#1322=EDGE_CURVE('',#959,#995,#521,.T.);
#1323=EDGE_CURVE('',#986,#958,#522,.T.);
#1324=EDGE_CURVE('',#996,#984,#523,.T.);
#1325=EDGE_CURVE('',#997,#996,#524,.T.);
#1326=EDGE_CURVE('',#995,#997,#525,.T.);
#1327=EDGE_CURVE('',#904,#998,#526,.T.);
#1328=EDGE_CURVE('',#931,#903,#527,.T.);
#1329=EDGE_CURVE('',#999,#929,#528,.T.);
#1330=EDGE_CURVE('',#1000,#999,#529,.T.);
#1331=EDGE_CURVE('',#998,#1000,#530,.T.);
#1332=EDGE_CURVE('',#793,#1001,#531,.T.);
#1333=EDGE_CURVE('',#820,#792,#532,.T.);
#1334=EDGE_CURVE('',#1002,#818,#533,.T.);
#1335=EDGE_CURVE('',#1003,#1002,#534,.T.);
#1336=EDGE_CURVE('',#1001,#1003,#535,.T.);
#1337=EDGE_CURVE('',#985,#983,#536,.T.);
#1338=EDGE_CURVE('',#982,#996,#537,.T.);
#1339=EDGE_CURVE('',#956,#954,#538,.T.);
#1340=EDGE_CURVE('',#962,#935,#539,.T.);
#1341=EDGE_CURVE('',#957,#955,#540,.T.);
#1342=EDGE_CURVE('',#930,#928,#541,.T.);
#1343=EDGE_CURVE('',#927,#999,#542,.T.);
#1344=EDGE_CURVE('',#901,#899,#543,.T.);
#1345=EDGE_CURVE('',#907,#880,#544,.T.);
#1346=EDGE_CURVE('',#902,#900,#545,.T.);
#1347=EDGE_CURVE('',#874,#872,#546,.T.);
#1348=EDGE_CURVE('',#871,#993,#547,.T.);
#1349=EDGE_CURVE('',#845,#843,#548,.T.);
#1350=EDGE_CURVE('',#851,#824,#549,.T.);
#1351=EDGE_CURVE('',#846,#844,#550,.T.);
#1352=EDGE_CURVE('',#819,#817,#551,.T.);
#1353=EDGE_CURVE('',#816,#1002,#552,.T.);
#1354=EDGE_CURVE('',#790,#788,#553,.T.);
#1355=EDGE_CURVE('',#796,#769,#554,.T.);
#1356=EDGE_CURVE('',#791,#789,#555,.T.);
#1357=EDGE_CURVE('',#934,#963,#556,.T.);
#1358=EDGE_CURVE('',#997,#995,#557,.T.);
#1359=EDGE_CURVE('',#879,#908,#558,.T.);
#1360=EDGE_CURVE('',#1000,#998,#559,.T.);
#1361=EDGE_CURVE('',#823,#852,#560,.T.);
#1362=EDGE_CURVE('',#994,#991,#561,.T.);
#1363=EDGE_CURVE('',#768,#797,#562,.T.);
#1364=EDGE_CURVE('',#1003,#1001,#563,.T.);
#1365=EDGE_CURVE('',#1004,#1004,#314,.T.);
#1366=EDGE_CURVE('',#1005,#1005,#315,.T.);
#1367=EDGE_CURVE('',#1005,#1006,#663,.T.);
#1368=EDGE_CURVE('',#1006,#1006,#316,.T.);
#1369=EDGE_CURVE('',#1004,#1007,#664,.T.);
#1370=EDGE_CURVE('',#1007,#1007,#317,.T.);
#1371=ORIENTED_EDGE('',*,*,#1008,.T.);
#1372=ORIENTED_EDGE('',*,*,#1009,.T.);
#1373=ORIENTED_EDGE('',*,*,#1010,.F.);
#1374=ORIENTED_EDGE('',*,*,#1011,.F.);
#1375=ORIENTED_EDGE('',*,*,#1012,.T.);
#1376=ORIENTED_EDGE('',*,*,#1013,.T.);
#1377=ORIENTED_EDGE('',*,*,#1008,.F.);
#1378=ORIENTED_EDGE('',*,*,#1014,.F.);
#1379=ORIENTED_EDGE('',*,*,#1015,.T.);
#1380=ORIENTED_EDGE('',*,*,#1016,.T.);
#1381=ORIENTED_EDGE('',*,*,#1012,.F.);
#1382=ORIENTED_EDGE('',*,*,#1017,.F.);
#1383=ORIENTED_EDGE('',*,*,#1018,.T.);
#1384=ORIENTED_EDGE('',*,*,#1019,.T.);
#1385=ORIENTED_EDGE('',*,*,#1015,.F.);
#1386=ORIENTED_EDGE('',*,*,#1020,.F.);
#1387=ORIENTED_EDGE('',*,*,#1021,.T.);
#1388=ORIENTED_EDGE('',*,*,#1022,.T.);
#1389=ORIENTED_EDGE('',*,*,#1018,.F.);
#1390=ORIENTED_EDGE('',*,*,#1023,.F.);
#1391=ORIENTED_EDGE('',*,*,#1024,.T.);
#1392=ORIENTED_EDGE('',*,*,#1025,.T.);
#1393=ORIENTED_EDGE('',*,*,#1021,.F.);
#1394=ORIENTED_EDGE('',*,*,#1026,.F.);
#1395=ORIENTED_EDGE('',*,*,#1027,.T.);
#1396=ORIENTED_EDGE('',*,*,#1028,.T.);
#1397=ORIENTED_EDGE('',*,*,#1024,.F.);
#1398=ORIENTED_EDGE('',*,*,#1029,.F.);
#1399=ORIENTED_EDGE('',*,*,#1030,.T.);
#1400=ORIENTED_EDGE('',*,*,#1031,.T.);
#1401=ORIENTED_EDGE('',*,*,#1027,.F.);
#1402=ORIENTED_EDGE('',*,*,#1032,.F.);
#1403=ORIENTED_EDGE('',*,*,#1033,.T.);
#1404=ORIENTED_EDGE('',*,*,#1034,.T.);
#1405=ORIENTED_EDGE('',*,*,#1030,.F.);
#1406=ORIENTED_EDGE('',*,*,#1035,.F.);
#1407=ORIENTED_EDGE('',*,*,#1036,.T.);
#1408=ORIENTED_EDGE('',*,*,#1037,.T.);
#1409=ORIENTED_EDGE('',*,*,#1033,.F.);
#1410=ORIENTED_EDGE('',*,*,#1038,.F.);
#1411=ORIENTED_EDGE('',*,*,#1039,.T.);
#1412=ORIENTED_EDGE('',*,*,#1040,.T.);
#1413=ORIENTED_EDGE('',*,*,#1036,.F.);
#1414=ORIENTED_EDGE('',*,*,#1041,.F.);
#1415=ORIENTED_EDGE('',*,*,#1042,.F.);
#1416=ORIENTED_EDGE('',*,*,#1043,.F.);
#1417=ORIENTED_EDGE('',*,*,#1044,.T.);
#1418=ORIENTED_EDGE('',*,*,#1045,.T.);
#1419=ORIENTED_EDGE('',*,*,#1046,.T.);
#1420=ORIENTED_EDGE('',*,*,#1047,.T.);
#1421=ORIENTED_EDGE('',*,*,#1048,.T.);
#1422=ORIENTED_EDGE('',*,*,#1049,.T.);
#1423=ORIENTED_EDGE('',*,*,#1050,.T.);
#1424=ORIENTED_EDGE('',*,*,#1051,.T.);
#1425=ORIENTED_EDGE('',*,*,#1046,.F.);
#1426=ORIENTED_EDGE('',*,*,#1052,.T.);
#1427=ORIENTED_EDGE('',*,*,#1053,.T.);
#1428=ORIENTED_EDGE('',*,*,#1054,.T.);
#1429=ORIENTED_EDGE('',*,*,#1050,.F.);
#1430=ORIENTED_EDGE('',*,*,#1055,.T.);
#1431=ORIENTED_EDGE('',*,*,#1056,.T.);
#1432=ORIENTED_EDGE('',*,*,#1057,.T.);
#1433=ORIENTED_EDGE('',*,*,#1053,.F.);
#1434=ORIENTED_EDGE('',*,*,#1058,.T.);
#1435=ORIENTED_EDGE('',*,*,#1059,.T.);
#1436=ORIENTED_EDGE('',*,*,#1060,.T.);
#1437=ORIENTED_EDGE('',*,*,#1056,.F.);
#1438=ORIENTED_EDGE('',*,*,#1061,.T.);
#1439=ORIENTED_EDGE('',*,*,#1062,.T.);
#1440=ORIENTED_EDGE('',*,*,#1063,.T.);
#1441=ORIENTED_EDGE('',*,*,#1059,.F.);
#1442=ORIENTED_EDGE('',*,*,#1064,.T.);
#1443=ORIENTED_EDGE('',*,*,#1065,.T.);
#1444=ORIENTED_EDGE('',*,*,#1066,.T.);
#1445=ORIENTED_EDGE('',*,*,#1062,.F.);
#1446=ORIENTED_EDGE('',*,*,#1067,.T.);
#1447=ORIENTED_EDGE('',*,*,#1068,.T.);
#1448=ORIENTED_EDGE('',*,*,#1069,.T.);
#1449=ORIENTED_EDGE('',*,*,#1065,.F.);
#1450=ORIENTED_EDGE('',*,*,#1070,.T.);
#1451=ORIENTED_EDGE('',*,*,#1071,.T.);
#1452=ORIENTED_EDGE('',*,*,#1072,.T.);
#1453=ORIENTED_EDGE('',*,*,#1068,.F.);
#1454=ORIENTED_EDGE('',*,*,#1073,.T.);
#1455=ORIENTED_EDGE('',*,*,#1074,.T.);
#1456=ORIENTED_EDGE('',*,*,#1075,.T.);
#1457=ORIENTED_EDGE('',*,*,#1071,.F.);
#1458=ORIENTED_EDGE('',*,*,#1076,.T.);
#1459=ORIENTED_EDGE('',*,*,#1077,.T.);
#1460=ORIENTED_EDGE('',*,*,#1078,.T.);
#1461=ORIENTED_EDGE('',*,*,#1074,.F.);
#1462=ORIENTED_EDGE('',*,*,#1079,.T.);
#1463=ORIENTED_EDGE('',*,*,#1080,.F.);
#1464=ORIENTED_EDGE('',*,*,#1081,.T.);
#1465=ORIENTED_EDGE('',*,*,#1082,.T.);
#1466=ORIENTED_EDGE('',*,*,#1083,.T.);
#1467=ORIENTED_EDGE('',*,*,#1084,.T.);
#1468=ORIENTED_EDGE('',*,*,#1085,.F.);
#1469=ORIENTED_EDGE('',*,*,#1086,.F.);
#1470=ORIENTED_EDGE('',*,*,#1087,.T.);
#1471=ORIENTED_EDGE('',*,*,#1088,.T.);
#1472=ORIENTED_EDGE('',*,*,#1083,.F.);
#1473=ORIENTED_EDGE('',*,*,#1089,.F.);
#1474=ORIENTED_EDGE('',*,*,#1090,.T.);
#1475=ORIENTED_EDGE('',*,*,#1091,.T.);
#1476=ORIENTED_EDGE('',*,*,#1087,.F.);
#1477=ORIENTED_EDGE('',*,*,#1092,.F.);
#1478=ORIENTED_EDGE('',*,*,#1093,.T.);
#1479=ORIENTED_EDGE('',*,*,#1094,.T.);
#1480=ORIENTED_EDGE('',*,*,#1090,.F.);
#1481=ORIENTED_EDGE('',*,*,#1095,.F.);
#1482=ORIENTED_EDGE('',*,*,#1096,.T.);
#1483=ORIENTED_EDGE('',*,*,#1097,.T.);
#1484=ORIENTED_EDGE('',*,*,#1093,.F.);
#1485=ORIENTED_EDGE('',*,*,#1098,.F.);
#1486=ORIENTED_EDGE('',*,*,#1099,.T.);
#1487=ORIENTED_EDGE('',*,*,#1100,.T.);
#1488=ORIENTED_EDGE('',*,*,#1096,.F.);
#1489=ORIENTED_EDGE('',*,*,#1101,.F.);
#1490=ORIENTED_EDGE('',*,*,#1102,.T.);
#1491=ORIENTED_EDGE('',*,*,#1103,.T.);
#1492=ORIENTED_EDGE('',*,*,#1099,.F.);
#1493=ORIENTED_EDGE('',*,*,#1104,.F.);
#1494=ORIENTED_EDGE('',*,*,#1105,.T.);
#1495=ORIENTED_EDGE('',*,*,#1106,.T.);
#1496=ORIENTED_EDGE('',*,*,#1102,.F.);
#1497=ORIENTED_EDGE('',*,*,#1107,.F.);
#1498=ORIENTED_EDGE('',*,*,#1108,.T.);
#1499=ORIENTED_EDGE('',*,*,#1109,.T.);
#1500=ORIENTED_EDGE('',*,*,#1105,.F.);
#1501=ORIENTED_EDGE('',*,*,#1110,.F.);
#1502=ORIENTED_EDGE('',*,*,#1111,.T.);
#1503=ORIENTED_EDGE('',*,*,#1112,.T.);
#1504=ORIENTED_EDGE('',*,*,#1108,.F.);
#1505=ORIENTED_EDGE('',*,*,#1113,.F.);
#1506=ORIENTED_EDGE('',*,*,#1114,.T.);
#1507=ORIENTED_EDGE('',*,*,#1115,.T.);
#1508=ORIENTED_EDGE('',*,*,#1111,.F.);
#1509=ORIENTED_EDGE('',*,*,#1116,.F.);
#1510=ORIENTED_EDGE('',*,*,#1117,.F.);
#1511=ORIENTED_EDGE('',*,*,#1118,.F.);
#1512=ORIENTED_EDGE('',*,*,#1119,.T.);
#1513=ORIENTED_EDGE('',*,*,#1120,.T.);
#1514=ORIENTED_EDGE('',*,*,#1121,.T.);
#1515=ORIENTED_EDGE('',*,*,#1122,.T.);
#1516=ORIENTED_EDGE('',*,*,#1123,.T.);
#1517=ORIENTED_EDGE('',*,*,#1124,.T.);
#1518=ORIENTED_EDGE('',*,*,#1125,.T.);
#1519=ORIENTED_EDGE('',*,*,#1126,.T.);
#1520=ORIENTED_EDGE('',*,*,#1121,.F.);
#1521=ORIENTED_EDGE('',*,*,#1127,.T.);
#1522=ORIENTED_EDGE('',*,*,#1128,.T.);
#1523=ORIENTED_EDGE('',*,*,#1129,.T.);
#1524=ORIENTED_EDGE('',*,*,#1125,.F.);
#1525=ORIENTED_EDGE('',*,*,#1130,.T.);
#1526=ORIENTED_EDGE('',*,*,#1131,.T.);
#1527=ORIENTED_EDGE('',*,*,#1132,.T.);
#1528=ORIENTED_EDGE('',*,*,#1128,.F.);
#1529=ORIENTED_EDGE('',*,*,#1133,.T.);
#1530=ORIENTED_EDGE('',*,*,#1134,.T.);
#1531=ORIENTED_EDGE('',*,*,#1135,.T.);
#1532=ORIENTED_EDGE('',*,*,#1131,.F.);
#1533=ORIENTED_EDGE('',*,*,#1136,.T.);
#1534=ORIENTED_EDGE('',*,*,#1137,.T.);
#1535=ORIENTED_EDGE('',*,*,#1138,.T.);
#1536=ORIENTED_EDGE('',*,*,#1134,.F.);
#1537=ORIENTED_EDGE('',*,*,#1139,.T.);
#1538=ORIENTED_EDGE('',*,*,#1140,.T.);
#1539=ORIENTED_EDGE('',*,*,#1141,.T.);
#1540=ORIENTED_EDGE('',*,*,#1137,.F.);
#1541=ORIENTED_EDGE('',*,*,#1142,.T.);
#1542=ORIENTED_EDGE('',*,*,#1143,.T.);
#1543=ORIENTED_EDGE('',*,*,#1144,.T.);
#1544=ORIENTED_EDGE('',*,*,#1140,.F.);
#1545=ORIENTED_EDGE('',*,*,#1145,.T.);
#1546=ORIENTED_EDGE('',*,*,#1146,.T.);
#1547=ORIENTED_EDGE('',*,*,#1147,.T.);
#1548=ORIENTED_EDGE('',*,*,#1143,.F.);
#1549=ORIENTED_EDGE('',*,*,#1148,.T.);
#1550=ORIENTED_EDGE('',*,*,#1149,.T.);
#1551=ORIENTED_EDGE('',*,*,#1150,.T.);
#1552=ORIENTED_EDGE('',*,*,#1146,.F.);
#1553=ORIENTED_EDGE('',*,*,#1151,.T.);
#1554=ORIENTED_EDGE('',*,*,#1152,.T.);
#1555=ORIENTED_EDGE('',*,*,#1153,.T.);
#1556=ORIENTED_EDGE('',*,*,#1149,.F.);
#1557=ORIENTED_EDGE('',*,*,#1154,.T.);
#1558=ORIENTED_EDGE('',*,*,#1155,.F.);
#1559=ORIENTED_EDGE('',*,*,#1156,.T.);
#1560=ORIENTED_EDGE('',*,*,#1157,.T.);
#1561=ORIENTED_EDGE('',*,*,#1158,.T.);
#1562=ORIENTED_EDGE('',*,*,#1159,.T.);
#1563=ORIENTED_EDGE('',*,*,#1160,.T.);
#1564=ORIENTED_EDGE('',*,*,#1161,.F.);
#1565=ORIENTED_EDGE('',*,*,#1162,.F.);
#1566=ORIENTED_EDGE('',*,*,#1163,.T.);
#1567=ORIENTED_EDGE('',*,*,#1164,.T.);
#1568=ORIENTED_EDGE('',*,*,#1159,.F.);
#1569=ORIENTED_EDGE('',*,*,#1165,.F.);
#1570=ORIENTED_EDGE('',*,*,#1166,.T.);
#1571=ORIENTED_EDGE('',*,*,#1167,.T.);
#1572=ORIENTED_EDGE('',*,*,#1163,.F.);
#1573=ORIENTED_EDGE('',*,*,#1168,.F.);
#1574=ORIENTED_EDGE('',*,*,#1169,.T.);
#1575=ORIENTED_EDGE('',*,*,#1170,.T.);
#1576=ORIENTED_EDGE('',*,*,#1166,.F.);
#1577=ORIENTED_EDGE('',*,*,#1171,.F.);
#1578=ORIENTED_EDGE('',*,*,#1172,.T.);
#1579=ORIENTED_EDGE('',*,*,#1173,.T.);
#1580=ORIENTED_EDGE('',*,*,#1169,.F.);
#1581=ORIENTED_EDGE('',*,*,#1174,.F.);
#1582=ORIENTED_EDGE('',*,*,#1175,.T.);
#1583=ORIENTED_EDGE('',*,*,#1176,.T.);
#1584=ORIENTED_EDGE('',*,*,#1172,.F.);
#1585=ORIENTED_EDGE('',*,*,#1177,.F.);
#1586=ORIENTED_EDGE('',*,*,#1178,.T.);
#1587=ORIENTED_EDGE('',*,*,#1179,.T.);
#1588=ORIENTED_EDGE('',*,*,#1175,.F.);
#1589=ORIENTED_EDGE('',*,*,#1180,.F.);
#1590=ORIENTED_EDGE('',*,*,#1181,.T.);
#1591=ORIENTED_EDGE('',*,*,#1182,.T.);
#1592=ORIENTED_EDGE('',*,*,#1178,.F.);
#1593=ORIENTED_EDGE('',*,*,#1183,.F.);
#1594=ORIENTED_EDGE('',*,*,#1184,.T.);
#1595=ORIENTED_EDGE('',*,*,#1185,.T.);
#1596=ORIENTED_EDGE('',*,*,#1181,.F.);
#1597=ORIENTED_EDGE('',*,*,#1186,.F.);
#1598=ORIENTED_EDGE('',*,*,#1187,.T.);
#1599=ORIENTED_EDGE('',*,*,#1188,.T.);
#1600=ORIENTED_EDGE('',*,*,#1184,.F.);
#1601=ORIENTED_EDGE('',*,*,#1189,.F.);
#1602=ORIENTED_EDGE('',*,*,#1190,.T.);
#1603=ORIENTED_EDGE('',*,*,#1191,.T.);
#1604=ORIENTED_EDGE('',*,*,#1187,.F.);
#1605=ORIENTED_EDGE('',*,*,#1192,.F.);
#1606=ORIENTED_EDGE('',*,*,#1193,.F.);
#1607=ORIENTED_EDGE('',*,*,#1194,.F.);
#1608=ORIENTED_EDGE('',*,*,#1195,.T.);
#1609=ORIENTED_EDGE('',*,*,#1196,.T.);
#1610=ORIENTED_EDGE('',*,*,#1197,.T.);
#1611=ORIENTED_EDGE('',*,*,#1198,.T.);
#1612=ORIENTED_EDGE('',*,*,#1199,.T.);
#1613=ORIENTED_EDGE('',*,*,#1200,.T.);
#1614=ORIENTED_EDGE('',*,*,#1201,.T.);
#1615=ORIENTED_EDGE('',*,*,#1202,.T.);
#1616=ORIENTED_EDGE('',*,*,#1197,.F.);
#1617=ORIENTED_EDGE('',*,*,#1203,.T.);
#1618=ORIENTED_EDGE('',*,*,#1204,.T.);
#1619=ORIENTED_EDGE('',*,*,#1205,.T.);
#1620=ORIENTED_EDGE('',*,*,#1201,.F.);
#1621=ORIENTED_EDGE('',*,*,#1206,.T.);
#1622=ORIENTED_EDGE('',*,*,#1207,.T.);
#1623=ORIENTED_EDGE('',*,*,#1208,.T.);
#1624=ORIENTED_EDGE('',*,*,#1204,.F.);
#1625=ORIENTED_EDGE('',*,*,#1209,.T.);
#1626=ORIENTED_EDGE('',*,*,#1210,.T.);
#1627=ORIENTED_EDGE('',*,*,#1211,.T.);
#1628=ORIENTED_EDGE('',*,*,#1207,.F.);
#1629=ORIENTED_EDGE('',*,*,#1212,.T.);
#1630=ORIENTED_EDGE('',*,*,#1213,.T.);
#1631=ORIENTED_EDGE('',*,*,#1214,.T.);
#1632=ORIENTED_EDGE('',*,*,#1210,.F.);
#1633=ORIENTED_EDGE('',*,*,#1215,.T.);
#1634=ORIENTED_EDGE('',*,*,#1216,.T.);
#1635=ORIENTED_EDGE('',*,*,#1217,.T.);
#1636=ORIENTED_EDGE('',*,*,#1213,.F.);
#1637=ORIENTED_EDGE('',*,*,#1218,.T.);
#1638=ORIENTED_EDGE('',*,*,#1219,.T.);
#1639=ORIENTED_EDGE('',*,*,#1220,.T.);
#1640=ORIENTED_EDGE('',*,*,#1216,.F.);
#1641=ORIENTED_EDGE('',*,*,#1221,.T.);
#1642=ORIENTED_EDGE('',*,*,#1222,.T.);
#1643=ORIENTED_EDGE('',*,*,#1223,.T.);
#1644=ORIENTED_EDGE('',*,*,#1219,.F.);
#1645=ORIENTED_EDGE('',*,*,#1224,.T.);
#1646=ORIENTED_EDGE('',*,*,#1225,.T.);
#1647=ORIENTED_EDGE('',*,*,#1226,.T.);
#1648=ORIENTED_EDGE('',*,*,#1222,.F.);
#1649=ORIENTED_EDGE('',*,*,#1227,.T.);
#1650=ORIENTED_EDGE('',*,*,#1228,.T.);
#1651=ORIENTED_EDGE('',*,*,#1229,.T.);
#1652=ORIENTED_EDGE('',*,*,#1225,.F.);
#1653=ORIENTED_EDGE('',*,*,#1230,.T.);
#1654=ORIENTED_EDGE('',*,*,#1231,.F.);
#1655=ORIENTED_EDGE('',*,*,#1232,.T.);
#1656=ORIENTED_EDGE('',*,*,#1233,.T.);
#1657=ORIENTED_EDGE('',*,*,#1234,.T.);
#1658=ORIENTED_EDGE('',*,*,#1235,.T.);
#1659=ORIENTED_EDGE('',*,*,#1236,.F.);
#1660=ORIENTED_EDGE('',*,*,#1237,.F.);
#1661=ORIENTED_EDGE('',*,*,#1238,.T.);
#1662=ORIENTED_EDGE('',*,*,#1239,.T.);
#1663=ORIENTED_EDGE('',*,*,#1234,.F.);
#1664=ORIENTED_EDGE('',*,*,#1240,.F.);
#1665=ORIENTED_EDGE('',*,*,#1241,.T.);
#1666=ORIENTED_EDGE('',*,*,#1242,.T.);
#1667=ORIENTED_EDGE('',*,*,#1238,.F.);
#1668=ORIENTED_EDGE('',*,*,#1243,.F.);
#1669=ORIENTED_EDGE('',*,*,#1244,.T.);
#1670=ORIENTED_EDGE('',*,*,#1245,.T.);
#1671=ORIENTED_EDGE('',*,*,#1241,.F.);
#1672=ORIENTED_EDGE('',*,*,#1246,.F.);
#1673=ORIENTED_EDGE('',*,*,#1247,.T.);
#1674=ORIENTED_EDGE('',*,*,#1248,.T.);
#1675=ORIENTED_EDGE('',*,*,#1244,.F.);
#1676=ORIENTED_EDGE('',*,*,#1249,.F.);
#1677=ORIENTED_EDGE('',*,*,#1250,.T.);
#1678=ORIENTED_EDGE('',*,*,#1251,.T.);
#1679=ORIENTED_EDGE('',*,*,#1247,.F.);
#1680=ORIENTED_EDGE('',*,*,#1252,.F.);
#1681=ORIENTED_EDGE('',*,*,#1253,.T.);
#1682=ORIENTED_EDGE('',*,*,#1254,.T.);
#1683=ORIENTED_EDGE('',*,*,#1250,.F.);
#1684=ORIENTED_EDGE('',*,*,#1255,.F.);
#1685=ORIENTED_EDGE('',*,*,#1256,.T.);
#1686=ORIENTED_EDGE('',*,*,#1257,.T.);
#1687=ORIENTED_EDGE('',*,*,#1253,.F.);
#1688=ORIENTED_EDGE('',*,*,#1258,.F.);
#1689=ORIENTED_EDGE('',*,*,#1259,.T.);
#1690=ORIENTED_EDGE('',*,*,#1260,.T.);
#1691=ORIENTED_EDGE('',*,*,#1256,.F.);
#1692=ORIENTED_EDGE('',*,*,#1261,.F.);
#1693=ORIENTED_EDGE('',*,*,#1262,.T.);
#1694=ORIENTED_EDGE('',*,*,#1263,.T.);
#1695=ORIENTED_EDGE('',*,*,#1259,.F.);
#1696=ORIENTED_EDGE('',*,*,#1264,.F.);
#1697=ORIENTED_EDGE('',*,*,#1265,.T.);
#1698=ORIENTED_EDGE('',*,*,#1266,.T.);
#1699=ORIENTED_EDGE('',*,*,#1262,.F.);
#1700=ORIENTED_EDGE('',*,*,#1267,.F.);
#1701=ORIENTED_EDGE('',*,*,#1268,.F.);
#1702=ORIENTED_EDGE('',*,*,#1269,.F.);
#1703=ORIENTED_EDGE('',*,*,#1270,.T.);
#1704=ORIENTED_EDGE('',*,*,#1271,.T.);
#1705=ORIENTED_EDGE('',*,*,#1272,.T.);
#1706=ORIENTED_EDGE('',*,*,#1273,.T.);
#1707=ORIENTED_EDGE('',*,*,#1274,.T.);
#1708=ORIENTED_EDGE('',*,*,#1275,.T.);
#1709=ORIENTED_EDGE('',*,*,#1276,.T.);
#1710=ORIENTED_EDGE('',*,*,#1277,.T.);
#1711=ORIENTED_EDGE('',*,*,#1272,.F.);
#1712=ORIENTED_EDGE('',*,*,#1278,.T.);
#1713=ORIENTED_EDGE('',*,*,#1279,.T.);
#1714=ORIENTED_EDGE('',*,*,#1280,.T.);
#1715=ORIENTED_EDGE('',*,*,#1276,.F.);
#1716=ORIENTED_EDGE('',*,*,#1281,.T.);
#1717=ORIENTED_EDGE('',*,*,#1282,.T.);
#1718=ORIENTED_EDGE('',*,*,#1283,.T.);
#1719=ORIENTED_EDGE('',*,*,#1279,.F.);
#1720=ORIENTED_EDGE('',*,*,#1284,.T.);
#1721=ORIENTED_EDGE('',*,*,#1285,.T.);
#1722=ORIENTED_EDGE('',*,*,#1286,.T.);
#1723=ORIENTED_EDGE('',*,*,#1282,.F.);
#1724=ORIENTED_EDGE('',*,*,#1287,.T.);
#1725=ORIENTED_EDGE('',*,*,#1288,.T.);
#1726=ORIENTED_EDGE('',*,*,#1289,.T.);
#1727=ORIENTED_EDGE('',*,*,#1285,.F.);
#1728=ORIENTED_EDGE('',*,*,#1290,.T.);
#1729=ORIENTED_EDGE('',*,*,#1291,.T.);
#1730=ORIENTED_EDGE('',*,*,#1292,.T.);
#1731=ORIENTED_EDGE('',*,*,#1288,.F.);
#1732=ORIENTED_EDGE('',*,*,#1293,.T.);
#1733=ORIENTED_EDGE('',*,*,#1294,.T.);
#1734=ORIENTED_EDGE('',*,*,#1295,.T.);
#1735=ORIENTED_EDGE('',*,*,#1291,.F.);
#1736=ORIENTED_EDGE('',*,*,#1296,.T.);
#1737=ORIENTED_EDGE('',*,*,#1297,.T.);
#1738=ORIENTED_EDGE('',*,*,#1298,.T.);
#1739=ORIENTED_EDGE('',*,*,#1294,.F.);
#1740=ORIENTED_EDGE('',*,*,#1299,.T.);
#1741=ORIENTED_EDGE('',*,*,#1300,.T.);
#1742=ORIENTED_EDGE('',*,*,#1301,.T.);
#1743=ORIENTED_EDGE('',*,*,#1297,.F.);
#1744=ORIENTED_EDGE('',*,*,#1302,.T.);
#1745=ORIENTED_EDGE('',*,*,#1303,.T.);
#1746=ORIENTED_EDGE('',*,*,#1304,.T.);
#1747=ORIENTED_EDGE('',*,*,#1300,.F.);
#1748=ORIENTED_EDGE('',*,*,#1305,.T.);
#1749=ORIENTED_EDGE('',*,*,#1306,.F.);
#1750=ORIENTED_EDGE('',*,*,#1307,.T.);
#1751=ORIENTED_EDGE('',*,*,#1308,.T.);
#1752=ORIENTED_EDGE('',*,*,#1309,.F.);
#1753=ORIENTED_EDGE('',*,*,#1310,.T.);
#1754=ORIENTED_EDGE('',*,*,#1311,.F.);
#1755=ORIENTED_EDGE('',*,*,#1310,.F.);
#1756=ORIENTED_EDGE('',*,*,#1312,.F.);
#1757=ORIENTED_EDGE('',*,*,#1313,.T.);
#1758=ORIENTED_EDGE('',*,*,#1314,.F.);
#1759=ORIENTED_EDGE('',*,*,#1315,.F.);
#1760=ORIENTED_EDGE('',*,*,#1119,.F.);
#1761=ORIENTED_EDGE('',*,*,#1316,.F.);
#1762=ORIENTED_EDGE('',*,*,#1157,.F.);
#1763=ORIENTED_EDGE('',*,*,#1317,.T.);
#1764=ORIENTED_EDGE('',*,*,#1318,.F.);
#1765=ORIENTED_EDGE('',*,*,#1317,.F.);
#1766=ORIENTED_EDGE('',*,*,#1156,.F.);
#1767=ORIENTED_EDGE('',*,*,#1319,.F.);
#1768=ORIENTED_EDGE('',*,*,#1320,.F.);
#1769=ORIENTED_EDGE('',*,*,#1321,.F.);
#1770=ORIENTED_EDGE('',*,*,#1313,.F.);
#1771=ORIENTED_EDGE('',*,*,#1322,.F.);
#1772=ORIENTED_EDGE('',*,*,#1270,.F.);
#1773=ORIENTED_EDGE('',*,*,#1323,.F.);
#1774=ORIENTED_EDGE('',*,*,#1307,.F.);
#1775=ORIENTED_EDGE('',*,*,#1324,.F.);
#1776=ORIENTED_EDGE('',*,*,#1325,.F.);
#1777=ORIENTED_EDGE('',*,*,#1326,.F.);
#1778=ORIENTED_EDGE('',*,*,#1327,.F.);
#1779=ORIENTED_EDGE('',*,*,#1195,.F.);
#1780=ORIENTED_EDGE('',*,*,#1328,.F.);
#1781=ORIENTED_EDGE('',*,*,#1232,.F.);
#1782=ORIENTED_EDGE('',*,*,#1329,.F.);
#1783=ORIENTED_EDGE('',*,*,#1330,.F.);
#1784=ORIENTED_EDGE('',*,*,#1331,.F.);
#1785=ORIENTED_EDGE('',*,*,#1332,.F.);
#1786=ORIENTED_EDGE('',*,*,#1044,.F.);
#1787=ORIENTED_EDGE('',*,*,#1333,.F.);
#1788=ORIENTED_EDGE('',*,*,#1081,.F.);
#1789=ORIENTED_EDGE('',*,*,#1334,.F.);
#1790=ORIENTED_EDGE('',*,*,#1335,.F.);
#1791=ORIENTED_EDGE('',*,*,#1336,.F.);
#1792=ORIENTED_EDGE('',*,*,#1306,.T.);
#1793=ORIENTED_EDGE('',*,*,#1337,.T.);
#1794=ORIENTED_EDGE('',*,*,#1303,.F.);
#1795=ORIENTED_EDGE('',*,*,#1338,.T.);
#1796=ORIENTED_EDGE('',*,*,#1324,.T.);
#1797=ORIENTED_EDGE('',*,*,#1323,.T.);
#1798=ORIENTED_EDGE('',*,*,#1269,.T.);
#1799=ORIENTED_EDGE('',*,*,#1339,.T.);
#1800=ORIENTED_EDGE('',*,*,#1267,.T.);
#1801=ORIENTED_EDGE('',*,*,#1264,.T.);
#1802=ORIENTED_EDGE('',*,*,#1261,.T.);
#1803=ORIENTED_EDGE('',*,*,#1258,.T.);
#1804=ORIENTED_EDGE('',*,*,#1255,.T.);
#1805=ORIENTED_EDGE('',*,*,#1252,.T.);
#1806=ORIENTED_EDGE('',*,*,#1249,.T.);
#1807=ORIENTED_EDGE('',*,*,#1246,.T.);
#1808=ORIENTED_EDGE('',*,*,#1243,.T.);
#1809=ORIENTED_EDGE('',*,*,#1240,.T.);
#1810=ORIENTED_EDGE('',*,*,#1237,.T.);
#1811=ORIENTED_EDGE('',*,*,#1340,.F.);
#1812=ORIENTED_EDGE('',*,*,#1273,.F.);
#1813=ORIENTED_EDGE('',*,*,#1277,.F.);
#1814=ORIENTED_EDGE('',*,*,#1280,.F.);
#1815=ORIENTED_EDGE('',*,*,#1283,.F.);
#1816=ORIENTED_EDGE('',*,*,#1286,.F.);
#1817=ORIENTED_EDGE('',*,*,#1289,.F.);
#1818=ORIENTED_EDGE('',*,*,#1292,.F.);
#1819=ORIENTED_EDGE('',*,*,#1295,.F.);
#1820=ORIENTED_EDGE('',*,*,#1298,.F.);
#1821=ORIENTED_EDGE('',*,*,#1301,.F.);
#1822=ORIENTED_EDGE('',*,*,#1304,.F.);
#1823=ORIENTED_EDGE('',*,*,#1337,.F.);
#1824=ORIENTED_EDGE('',*,*,#1308,.F.);
#1825=ORIENTED_EDGE('',*,*,#1268,.T.);
#1826=ORIENTED_EDGE('',*,*,#1341,.T.);
#1827=ORIENTED_EDGE('',*,*,#1265,.F.);
#1828=ORIENTED_EDGE('',*,*,#1339,.F.);
#1829=ORIENTED_EDGE('',*,*,#1231,.T.);
#1830=ORIENTED_EDGE('',*,*,#1342,.T.);
#1831=ORIENTED_EDGE('',*,*,#1228,.F.);
#1832=ORIENTED_EDGE('',*,*,#1343,.T.);
#1833=ORIENTED_EDGE('',*,*,#1329,.T.);
#1834=ORIENTED_EDGE('',*,*,#1328,.T.);
#1835=ORIENTED_EDGE('',*,*,#1194,.T.);
#1836=ORIENTED_EDGE('',*,*,#1344,.T.);
#1837=ORIENTED_EDGE('',*,*,#1192,.T.);
#1838=ORIENTED_EDGE('',*,*,#1189,.T.);
#1839=ORIENTED_EDGE('',*,*,#1186,.T.);
#1840=ORIENTED_EDGE('',*,*,#1183,.T.);
#1841=ORIENTED_EDGE('',*,*,#1180,.T.);
#1842=ORIENTED_EDGE('',*,*,#1177,.T.);
#1843=ORIENTED_EDGE('',*,*,#1174,.T.);
#1844=ORIENTED_EDGE('',*,*,#1171,.T.);
#1845=ORIENTED_EDGE('',*,*,#1168,.T.);
#1846=ORIENTED_EDGE('',*,*,#1165,.T.);
#1847=ORIENTED_EDGE('',*,*,#1162,.T.);
#1848=ORIENTED_EDGE('',*,*,#1345,.F.);
#1849=ORIENTED_EDGE('',*,*,#1198,.F.);
#1850=ORIENTED_EDGE('',*,*,#1202,.F.);
#1851=ORIENTED_EDGE('',*,*,#1205,.F.);
#1852=ORIENTED_EDGE('',*,*,#1208,.F.);
#1853=ORIENTED_EDGE('',*,*,#1211,.F.);
#1854=ORIENTED_EDGE('',*,*,#1214,.F.);
#1855=ORIENTED_EDGE('',*,*,#1217,.F.);
#1856=ORIENTED_EDGE('',*,*,#1220,.F.);
#1857=ORIENTED_EDGE('',*,*,#1223,.F.);
#1858=ORIENTED_EDGE('',*,*,#1226,.F.);
#1859=ORIENTED_EDGE('',*,*,#1229,.F.);
#1860=ORIENTED_EDGE('',*,*,#1342,.F.);
#1861=ORIENTED_EDGE('',*,*,#1233,.F.);
#1862=ORIENTED_EDGE('',*,*,#1193,.T.);
#1863=ORIENTED_EDGE('',*,*,#1346,.T.);
#1864=ORIENTED_EDGE('',*,*,#1190,.F.);
#1865=ORIENTED_EDGE('',*,*,#1344,.F.);
#1866=ORIENTED_EDGE('',*,*,#1155,.T.);
#1867=ORIENTED_EDGE('',*,*,#1347,.T.);
#1868=ORIENTED_EDGE('',*,*,#1152,.F.);
#1869=ORIENTED_EDGE('',*,*,#1348,.T.);
#1870=ORIENTED_EDGE('',*,*,#1319,.T.);
#1871=ORIENTED_EDGE('',*,*,#1316,.T.);
#1872=ORIENTED_EDGE('',*,*,#1118,.T.);
#1873=ORIENTED_EDGE('',*,*,#1349,.T.);
#1874=ORIENTED_EDGE('',*,*,#1116,.T.);
#1875=ORIENTED_EDGE('',*,*,#1113,.T.);
#1876=ORIENTED_EDGE('',*,*,#1110,.T.);
#1877=ORIENTED_EDGE('',*,*,#1107,.T.);
#1878=ORIENTED_EDGE('',*,*,#1104,.T.);
#1879=ORIENTED_EDGE('',*,*,#1101,.T.);
#1880=ORIENTED_EDGE('',*,*,#1098,.T.);
#1881=ORIENTED_EDGE('',*,*,#1095,.T.);
#1882=ORIENTED_EDGE('',*,*,#1092,.T.);
#1883=ORIENTED_EDGE('',*,*,#1089,.T.);
#1884=ORIENTED_EDGE('',*,*,#1086,.T.);
#1885=ORIENTED_EDGE('',*,*,#1350,.F.);
#1886=ORIENTED_EDGE('',*,*,#1122,.F.);
#1887=ORIENTED_EDGE('',*,*,#1126,.F.);
#1888=ORIENTED_EDGE('',*,*,#1129,.F.);
#1889=ORIENTED_EDGE('',*,*,#1132,.F.);
#1890=ORIENTED_EDGE('',*,*,#1135,.F.);
#1891=ORIENTED_EDGE('',*,*,#1138,.F.);
#1892=ORIENTED_EDGE('',*,*,#1141,.F.);
#1893=ORIENTED_EDGE('',*,*,#1144,.F.);
#1894=ORIENTED_EDGE('',*,*,#1147,.F.);
#1895=ORIENTED_EDGE('',*,*,#1150,.F.);
#1896=ORIENTED_EDGE('',*,*,#1153,.F.);
#1897=ORIENTED_EDGE('',*,*,#1347,.F.);
#1898=ORIENTED_EDGE('',*,*,#1158,.F.);
#1899=ORIENTED_EDGE('',*,*,#1117,.T.);
#1900=ORIENTED_EDGE('',*,*,#1351,.T.);
#1901=ORIENTED_EDGE('',*,*,#1114,.F.);
#1902=ORIENTED_EDGE('',*,*,#1349,.F.);
#1903=ORIENTED_EDGE('',*,*,#1080,.T.);
#1904=ORIENTED_EDGE('',*,*,#1352,.T.);
#1905=ORIENTED_EDGE('',*,*,#1077,.F.);
#1906=ORIENTED_EDGE('',*,*,#1353,.T.);
#1907=ORIENTED_EDGE('',*,*,#1334,.T.);
#1908=ORIENTED_EDGE('',*,*,#1333,.T.);
#1909=ORIENTED_EDGE('',*,*,#1043,.T.);
#1910=ORIENTED_EDGE('',*,*,#1354,.T.);
#1911=ORIENTED_EDGE('',*,*,#1041,.T.);
#1912=ORIENTED_EDGE('',*,*,#1038,.T.);
#1913=ORIENTED_EDGE('',*,*,#1035,.T.);
#1914=ORIENTED_EDGE('',*,*,#1032,.T.);
#1915=ORIENTED_EDGE('',*,*,#1029,.T.);
#1916=ORIENTED_EDGE('',*,*,#1026,.T.);
#1917=ORIENTED_EDGE('',*,*,#1023,.T.);
#1918=ORIENTED_EDGE('',*,*,#1020,.T.);
#1919=ORIENTED_EDGE('',*,*,#1017,.T.);
#1920=ORIENTED_EDGE('',*,*,#1014,.T.);
#1921=ORIENTED_EDGE('',*,*,#1011,.T.);
#1922=ORIENTED_EDGE('',*,*,#1355,.F.);
#1923=ORIENTED_EDGE('',*,*,#1047,.F.);
#1924=ORIENTED_EDGE('',*,*,#1051,.F.);
#1925=ORIENTED_EDGE('',*,*,#1054,.F.);
#1926=ORIENTED_EDGE('',*,*,#1057,.F.);
#1927=ORIENTED_EDGE('',*,*,#1060,.F.);
#1928=ORIENTED_EDGE('',*,*,#1063,.F.);
#1929=ORIENTED_EDGE('',*,*,#1066,.F.);
#1930=ORIENTED_EDGE('',*,*,#1069,.F.);
#1931=ORIENTED_EDGE('',*,*,#1072,.F.);
#1932=ORIENTED_EDGE('',*,*,#1075,.F.);
#1933=ORIENTED_EDGE('',*,*,#1078,.F.);
#1934=ORIENTED_EDGE('',*,*,#1352,.F.);
#1935=ORIENTED_EDGE('',*,*,#1082,.F.);
#1936=ORIENTED_EDGE('',*,*,#1042,.T.);
#1937=ORIENTED_EDGE('',*,*,#1356,.T.);
#1938=ORIENTED_EDGE('',*,*,#1039,.F.);
#1939=ORIENTED_EDGE('',*,*,#1354,.F.);
#1940=ORIENTED_EDGE('',*,*,#1325,.T.);
#1941=ORIENTED_EDGE('',*,*,#1338,.F.);
#1942=ORIENTED_EDGE('',*,*,#1305,.F.);
#1943=ORIENTED_EDGE('',*,*,#1302,.F.);
#1944=ORIENTED_EDGE('',*,*,#1299,.F.);
#1945=ORIENTED_EDGE('',*,*,#1296,.F.);
#1946=ORIENTED_EDGE('',*,*,#1293,.F.);
#1947=ORIENTED_EDGE('',*,*,#1290,.F.);
#1948=ORIENTED_EDGE('',*,*,#1287,.F.);
#1949=ORIENTED_EDGE('',*,*,#1284,.F.);
#1950=ORIENTED_EDGE('',*,*,#1281,.F.);
#1951=ORIENTED_EDGE('',*,*,#1278,.F.);
#1952=ORIENTED_EDGE('',*,*,#1275,.F.);
#1953=ORIENTED_EDGE('',*,*,#1357,.F.);
#1954=ORIENTED_EDGE('',*,*,#1235,.F.);
#1955=ORIENTED_EDGE('',*,*,#1239,.F.);
#1956=ORIENTED_EDGE('',*,*,#1242,.F.);
#1957=ORIENTED_EDGE('',*,*,#1245,.F.);
#1958=ORIENTED_EDGE('',*,*,#1248,.F.);
#1959=ORIENTED_EDGE('',*,*,#1251,.F.);
#1960=ORIENTED_EDGE('',*,*,#1254,.F.);
#1961=ORIENTED_EDGE('',*,*,#1257,.F.);
#1962=ORIENTED_EDGE('',*,*,#1260,.F.);
#1963=ORIENTED_EDGE('',*,*,#1263,.F.);
#1964=ORIENTED_EDGE('',*,*,#1266,.F.);
#1965=ORIENTED_EDGE('',*,*,#1341,.F.);
#1966=ORIENTED_EDGE('',*,*,#1271,.F.);
#1967=ORIENTED_EDGE('',*,*,#1322,.T.);
#1968=ORIENTED_EDGE('',*,*,#1358,.F.);
#1969=ORIENTED_EDGE('',*,*,#1326,.T.);
#1970=ORIENTED_EDGE('',*,*,#1358,.T.);
#1971=ORIENTED_EDGE('',*,*,#1330,.T.);
#1972=ORIENTED_EDGE('',*,*,#1343,.F.);
#1973=ORIENTED_EDGE('',*,*,#1230,.F.);
#1974=ORIENTED_EDGE('',*,*,#1227,.F.);
#1975=ORIENTED_EDGE('',*,*,#1224,.F.);
#1976=ORIENTED_EDGE('',*,*,#1221,.F.);
#1977=ORIENTED_EDGE('',*,*,#1218,.F.);
#1978=ORIENTED_EDGE('',*,*,#1215,.F.);
#1979=ORIENTED_EDGE('',*,*,#1212,.F.);
#1980=ORIENTED_EDGE('',*,*,#1209,.F.);
#1981=ORIENTED_EDGE('',*,*,#1206,.F.);
#1982=ORIENTED_EDGE('',*,*,#1203,.F.);
#1983=ORIENTED_EDGE('',*,*,#1200,.F.);
#1984=ORIENTED_EDGE('',*,*,#1359,.F.);
#1985=ORIENTED_EDGE('',*,*,#1160,.F.);
#1986=ORIENTED_EDGE('',*,*,#1164,.F.);
#1987=ORIENTED_EDGE('',*,*,#1167,.F.);
#1988=ORIENTED_EDGE('',*,*,#1170,.F.);
#1989=ORIENTED_EDGE('',*,*,#1173,.F.);
#1990=ORIENTED_EDGE('',*,*,#1176,.F.);
#1991=ORIENTED_EDGE('',*,*,#1179,.F.);
#1992=ORIENTED_EDGE('',*,*,#1182,.F.);
#1993=ORIENTED_EDGE('',*,*,#1185,.F.);
#1994=ORIENTED_EDGE('',*,*,#1188,.F.);
#1995=ORIENTED_EDGE('',*,*,#1191,.F.);
#1996=ORIENTED_EDGE('',*,*,#1346,.F.);
#1997=ORIENTED_EDGE('',*,*,#1196,.F.);
#1998=ORIENTED_EDGE('',*,*,#1327,.T.);
#1999=ORIENTED_EDGE('',*,*,#1360,.F.);
#2000=ORIENTED_EDGE('',*,*,#1331,.T.);
#2001=ORIENTED_EDGE('',*,*,#1360,.T.);
#2002=ORIENTED_EDGE('',*,*,#1320,.T.);
#2003=ORIENTED_EDGE('',*,*,#1348,.F.);
#2004=ORIENTED_EDGE('',*,*,#1154,.F.);
#2005=ORIENTED_EDGE('',*,*,#1151,.F.);
#2006=ORIENTED_EDGE('',*,*,#1148,.F.);
#2007=ORIENTED_EDGE('',*,*,#1145,.F.);
#2008=ORIENTED_EDGE('',*,*,#1142,.F.);
#2009=ORIENTED_EDGE('',*,*,#1139,.F.);
#2010=ORIENTED_EDGE('',*,*,#1136,.F.);
#2011=ORIENTED_EDGE('',*,*,#1133,.F.);
#2012=ORIENTED_EDGE('',*,*,#1130,.F.);
#2013=ORIENTED_EDGE('',*,*,#1127,.F.);
#2014=ORIENTED_EDGE('',*,*,#1124,.F.);
#2015=ORIENTED_EDGE('',*,*,#1361,.F.);
#2016=ORIENTED_EDGE('',*,*,#1084,.F.);
#2017=ORIENTED_EDGE('',*,*,#1088,.F.);
#2018=ORIENTED_EDGE('',*,*,#1091,.F.);
#2019=ORIENTED_EDGE('',*,*,#1094,.F.);
#2020=ORIENTED_EDGE('',*,*,#1097,.F.);
#2021=ORIENTED_EDGE('',*,*,#1100,.F.);
#2022=ORIENTED_EDGE('',*,*,#1103,.F.);
#2023=ORIENTED_EDGE('',*,*,#1106,.F.);
#2024=ORIENTED_EDGE('',*,*,#1109,.F.);
#2025=ORIENTED_EDGE('',*,*,#1112,.F.);
#2026=ORIENTED_EDGE('',*,*,#1115,.F.);
#2027=ORIENTED_EDGE('',*,*,#1351,.F.);
#2028=ORIENTED_EDGE('',*,*,#1120,.F.);
#2029=ORIENTED_EDGE('',*,*,#1315,.T.);
#2030=ORIENTED_EDGE('',*,*,#1362,.F.);
#2031=ORIENTED_EDGE('',*,*,#1314,.T.);
#2032=ORIENTED_EDGE('',*,*,#1321,.T.);
#2033=ORIENTED_EDGE('',*,*,#1362,.T.);
#2034=ORIENTED_EDGE('',*,*,#1274,.F.);
#2035=ORIENTED_EDGE('',*,*,#1340,.T.);
#2036=ORIENTED_EDGE('',*,*,#1236,.T.);
#2037=ORIENTED_EDGE('',*,*,#1357,.T.);
#2038=ORIENTED_EDGE('',*,*,#1199,.F.);
#2039=ORIENTED_EDGE('',*,*,#1345,.T.);
#2040=ORIENTED_EDGE('',*,*,#1161,.T.);
#2041=ORIENTED_EDGE('',*,*,#1359,.T.);
#2042=ORIENTED_EDGE('',*,*,#1123,.F.);
#2043=ORIENTED_EDGE('',*,*,#1350,.T.);
#2044=ORIENTED_EDGE('',*,*,#1085,.T.);
#2045=ORIENTED_EDGE('',*,*,#1361,.T.);
#2046=ORIENTED_EDGE('',*,*,#1335,.T.);
#2047=ORIENTED_EDGE('',*,*,#1353,.F.);
#2048=ORIENTED_EDGE('',*,*,#1079,.F.);
#2049=ORIENTED_EDGE('',*,*,#1076,.F.);
#2050=ORIENTED_EDGE('',*,*,#1073,.F.);
#2051=ORIENTED_EDGE('',*,*,#1070,.F.);
#2052=ORIENTED_EDGE('',*,*,#1067,.F.);
#2053=ORIENTED_EDGE('',*,*,#1064,.F.);
#2054=ORIENTED_EDGE('',*,*,#1061,.F.);
#2055=ORIENTED_EDGE('',*,*,#1058,.F.);
#2056=ORIENTED_EDGE('',*,*,#1055,.F.);
#2057=ORIENTED_EDGE('',*,*,#1052,.F.);
#2058=ORIENTED_EDGE('',*,*,#1049,.F.);
#2059=ORIENTED_EDGE('',*,*,#1363,.F.);
#2060=ORIENTED_EDGE('',*,*,#1009,.F.);
#2061=ORIENTED_EDGE('',*,*,#1013,.F.);
#2062=ORIENTED_EDGE('',*,*,#1016,.F.);
#2063=ORIENTED_EDGE('',*,*,#1019,.F.);
#2064=ORIENTED_EDGE('',*,*,#1022,.F.);
#2065=ORIENTED_EDGE('',*,*,#1025,.F.);
#2066=ORIENTED_EDGE('',*,*,#1028,.F.);
#2067=ORIENTED_EDGE('',*,*,#1031,.F.);
#2068=ORIENTED_EDGE('',*,*,#1034,.F.);
#2069=ORIENTED_EDGE('',*,*,#1037,.F.);
#2070=ORIENTED_EDGE('',*,*,#1040,.F.);
#2071=ORIENTED_EDGE('',*,*,#1356,.F.);
#2072=ORIENTED_EDGE('',*,*,#1045,.F.);
#2073=ORIENTED_EDGE('',*,*,#1332,.T.);
#2074=ORIENTED_EDGE('',*,*,#1364,.F.);
#2075=ORIENTED_EDGE('',*,*,#1336,.T.);
#2076=ORIENTED_EDGE('',*,*,#1364,.T.);
#2077=ORIENTED_EDGE('',*,*,#1048,.F.);
#2078=ORIENTED_EDGE('',*,*,#1355,.T.);
#2079=ORIENTED_EDGE('',*,*,#1010,.T.);
#2080=ORIENTED_EDGE('',*,*,#1363,.T.);
#2081=ORIENTED_EDGE('',*,*,#1311,.T.);
#2082=ORIENTED_EDGE('',*,*,#1365,.F.);
#2083=ORIENTED_EDGE('',*,*,#1318,.T.);
#2084=ORIENTED_EDGE('',*,*,#1366,.F.);
#2085=ORIENTED_EDGE('',*,*,#1366,.T.);
#2086=ORIENTED_EDGE('',*,*,#1367,.T.);
#2087=ORIENTED_EDGE('',*,*,#1368,.F.);
#2088=ORIENTED_EDGE('',*,*,#1367,.F.);
#2089=ORIENTED_EDGE('',*,*,#1365,.T.);
#2090=ORIENTED_EDGE('',*,*,#1369,.T.);
#2091=ORIENTED_EDGE('',*,*,#1370,.F.);
#2092=ORIENTED_EDGE('',*,*,#1369,.F.);
#2093=ORIENTED_EDGE('',*,*,#1370,.T.);
#2094=ORIENTED_EDGE('',*,*,#1312,.T.);
#2095=ORIENTED_EDGE('',*,*,#1309,.T.);
#2096=ORIENTED_EDGE('',*,*,#1368,.T.);
#2097=CYLINDRICAL_SURFACE('',#2352,2.54305);
#2098=CYLINDRICAL_SURFACE('',#2354,2.54305);
#2099=CYLINDRICAL_SURFACE('',#2355,2.54305);
#2100=CYLINDRICAL_SURFACE('',#2356,2.54305);
#2101=CYLINDRICAL_SURFACE('',#2357,2.54305);
#2102=CYLINDRICAL_SURFACE('',#2358,2.54305);
#2103=CYLINDRICAL_SURFACE('',#2359,2.54305);
#2104=CYLINDRICAL_SURFACE('',#2360,2.54305);
#2105=CYLINDRICAL_SURFACE('',#2361,2.54305);
#2106=CYLINDRICAL_SURFACE('',#2362,2.54305);
#2107=CYLINDRICAL_SURFACE('',#2363,2.54305);
#2108=CYLINDRICAL_SURFACE('',#2364,2.54305);
#2109=CYLINDRICAL_SURFACE('',#2365,2.26435);
#2110=CYLINDRICAL_SURFACE('',#2367,2.26435);
#2111=CYLINDRICAL_SURFACE('',#2368,2.26435);
#2112=CYLINDRICAL_SURFACE('',#2369,2.26435);
#2113=CYLINDRICAL_SURFACE('',#2370,2.26435);
#2114=CYLINDRICAL_SURFACE('',#2371,2.26435);
#2115=CYLINDRICAL_SURFACE('',#2372,2.26435);
#2116=CYLINDRICAL_SURFACE('',#2373,2.26435);
#2117=CYLINDRICAL_SURFACE('',#2374,2.26435);
#2118=CYLINDRICAL_SURFACE('',#2375,2.26435);
#2119=CYLINDRICAL_SURFACE('',#2376,2.26435);
#2120=CYLINDRICAL_SURFACE('',#2377,2.26435);
#2121=CYLINDRICAL_SURFACE('',#2378,2.54305);
#2122=CYLINDRICAL_SURFACE('',#2380,2.54305);
#2123=CYLINDRICAL_SURFACE('',#2381,2.54305);
#2124=CYLINDRICAL_SURFACE('',#2382,2.54305);
#2125=CYLINDRICAL_SURFACE('',#2383,2.54305);
#2126=CYLINDRICAL_SURFACE('',#2384,2.54305);
#2127=CYLINDRICAL_SURFACE('',#2385,2.54305);
#2128=CYLINDRICAL_SURFACE('',#2386,2.54305);
#2129=CYLINDRICAL_SURFACE('',#2387,2.54305);
#2130=CYLINDRICAL_SURFACE('',#2388,2.54305);
#2131=CYLINDRICAL_SURFACE('',#2389,2.54305);
#2132=CYLINDRICAL_SURFACE('',#2390,2.54305);
#2133=CYLINDRICAL_SURFACE('',#2391,2.26435);
#2134=CYLINDRICAL_SURFACE('',#2393,2.26435);
#2135=CYLINDRICAL_SURFACE('',#2394,2.26435);
#2136=CYLINDRICAL_SURFACE('',#2395,2.26435);
#2137=CYLINDRICAL_SURFACE('',#2396,2.26435);
#2138=CYLINDRICAL_SURFACE('',#2397,2.26435);
#2139=CYLINDRICAL_SURFACE('',#2398,2.26435);
#2140=CYLINDRICAL_SURFACE('',#2399,2.26435);
#2141=CYLINDRICAL_SURFACE('',#2400,2.26435);
#2142=CYLINDRICAL_SURFACE('',#2401,2.26435);
#2143=CYLINDRICAL_SURFACE('',#2402,2.26435);
#2144=CYLINDRICAL_SURFACE('',#2403,2.26435);
#2145=CYLINDRICAL_SURFACE('',#2404,2.54305);
#2146=CYLINDRICAL_SURFACE('',#2406,2.54305);
#2147=CYLINDRICAL_SURFACE('',#2407,2.54305);
#2148=CYLINDRICAL_SURFACE('',#2408,2.54305);
#2149=CYLINDRICAL_SURFACE('',#2409,2.54305);
#2150=CYLINDRICAL_SURFACE('',#2410,2.54305);
#2151=CYLINDRICAL_SURFACE('',#2411,2.54305);
#2152=CYLINDRICAL_SURFACE('',#2412,2.54305);
#2153=CYLINDRICAL_SURFACE('',#2413,2.54305);
#2154=CYLINDRICAL_SURFACE('',#2414,2.54305);
#2155=CYLINDRICAL_SURFACE('',#2415,2.54305);
#2156=CYLINDRICAL_SURFACE('',#2416,2.54305);
#2157=CYLINDRICAL_SURFACE('',#2417,2.26435);
#2158=CYLINDRICAL_SURFACE('',#2419,2.26435);
#2159=CYLINDRICAL_SURFACE('',#2420,2.26435);
#2160=CYLINDRICAL_SURFACE('',#2421,2.26435);
#2161=CYLINDRICAL_SURFACE('',#2422,2.26435);
#2162=CYLINDRICAL_SURFACE('',#2423,2.26435);
#2163=CYLINDRICAL_SURFACE('',#2424,2.26435);
#2164=CYLINDRICAL_SURFACE('',#2425,2.26435);
#2165=CYLINDRICAL_SURFACE('',#2426,2.26435);
#2166=CYLINDRICAL_SURFACE('',#2427,2.26435);
#2167=CYLINDRICAL_SURFACE('',#2428,2.26435);
#2168=CYLINDRICAL_SURFACE('',#2429,2.26435);
#2169=CYLINDRICAL_SURFACE('',#2430,2.54305);
#2170=CYLINDRICAL_SURFACE('',#2432,2.54305);
#2171=CYLINDRICAL_SURFACE('',#2433,2.54305);
#2172=CYLINDRICAL_SURFACE('',#2434,2.54305);
#2173=CYLINDRICAL_SURFACE('',#2435,2.54305);
#2174=CYLINDRICAL_SURFACE('',#2436,2.54305);
#2175=CYLINDRICAL_SURFACE('',#2437,2.54305);
#2176=CYLINDRICAL_SURFACE('',#2438,2.54305);
#2177=CYLINDRICAL_SURFACE('',#2439,2.54305);
#2178=CYLINDRICAL_SURFACE('',#2440,2.54305);
#2179=CYLINDRICAL_SURFACE('',#2441,2.54305);
#2180=CYLINDRICAL_SURFACE('',#2442,2.54305);
#2181=CYLINDRICAL_SURFACE('',#2443,2.26435);
#2182=CYLINDRICAL_SURFACE('',#2445,2.26435);
#2183=CYLINDRICAL_SURFACE('',#2446,2.26435);
#2184=CYLINDRICAL_SURFACE('',#2447,2.26435);
#2185=CYLINDRICAL_SURFACE('',#2448,2.26435);
#2186=CYLINDRICAL_SURFACE('',#2449,2.26435);
#2187=CYLINDRICAL_SURFACE('',#2450,2.26435);
#2188=CYLINDRICAL_SURFACE('',#2451,2.26435);
#2189=CYLINDRICAL_SURFACE('',#2452,2.26435);
#2190=CYLINDRICAL_SURFACE('',#2453,2.26435);
#2191=CYLINDRICAL_SURFACE('',#2454,2.26435);
#2192=CYLINDRICAL_SURFACE('',#2455,2.26435);
#2193=CYLINDRICAL_SURFACE('',#2456,20.75);
#2194=CYLINDRICAL_SURFACE('',#2459,20.75);
#2195=CYLINDRICAL_SURFACE('',#2462,2.26435);
#2196=CYLINDRICAL_SURFACE('',#2463,2.54305);
#2197=CYLINDRICAL_SURFACE('',#2464,2.26435);
#2198=CYLINDRICAL_SURFACE('',#2465,2.54305);
#2199=CYLINDRICAL_SURFACE('',#2466,2.26435);
#2200=CYLINDRICAL_SURFACE('',#2467,2.54305);
#2201=CYLINDRICAL_SURFACE('',#2468,2.26435);
#2202=CYLINDRICAL_SURFACE('',#2469,2.54305);
#2203=CYLINDRICAL_SURFACE('',#2470,2.54305);
#2204=CYLINDRICAL_SURFACE('',#2471,2.54305);
#2205=CYLINDRICAL_SURFACE('',#2472,2.54305);
#2206=CYLINDRICAL_SURFACE('',#2476,2.54305);
#2207=CYLINDRICAL_SURFACE('',#2482,18.5);
#2208=CYLINDRICAL_SURFACE('',#2484,18.5);
#2209=ADVANCED_FACE('',(#38),#2097,.F.);
#2210=ADVANCED_FACE('',(#39),#2098,.F.);
#2211=ADVANCED_FACE('',(#40),#2099,.F.);
#2212=ADVANCED_FACE('',(#41),#2100,.F.);
#2213=ADVANCED_FACE('',(#42),#2101,.F.);
#2214=ADVANCED_FACE('',(#43),#2102,.F.);
#2215=ADVANCED_FACE('',(#44),#2103,.F.);
#2216=ADVANCED_FACE('',(#45),#2104,.F.);
#2217=ADVANCED_FACE('',(#46),#2105,.F.);
#2218=ADVANCED_FACE('',(#47),#2106,.F.);
#2219=ADVANCED_FACE('',(#48),#2107,.F.);
#2220=ADVANCED_FACE('',(#49),#2108,.F.);
#2221=ADVANCED_FACE('',(#50),#2109,.F.);
#2222=ADVANCED_FACE('',(#51),#2110,.F.);
#2223=ADVANCED_FACE('',(#52),#2111,.F.);
#2224=ADVANCED_FACE('',(#53),#2112,.F.);
#2225=ADVANCED_FACE('',(#54),#2113,.F.);
#2226=ADVANCED_FACE('',(#55),#2114,.F.);
#2227=ADVANCED_FACE('',(#56),#2115,.F.);
#2228=ADVANCED_FACE('',(#57),#2116,.F.);
#2229=ADVANCED_FACE('',(#58),#2117,.F.);
#2230=ADVANCED_FACE('',(#59),#2118,.F.);
#2231=ADVANCED_FACE('',(#60),#2119,.F.);
#2232=ADVANCED_FACE('',(#61),#2120,.F.);
#2233=ADVANCED_FACE('',(#62),#2121,.F.);
#2234=ADVANCED_FACE('',(#63),#2122,.F.);
#2235=ADVANCED_FACE('',(#64),#2123,.F.);
#2236=ADVANCED_FACE('',(#65),#2124,.F.);
#2237=ADVANCED_FACE('',(#66),#2125,.F.);
#2238=ADVANCED_FACE('',(#67),#2126,.F.);
#2239=ADVANCED_FACE('',(#68),#2127,.F.);
#2240=ADVANCED_FACE('',(#69),#2128,.F.);
#2241=ADVANCED_FACE('',(#70),#2129,.F.);
#2242=ADVANCED_FACE('',(#71),#2130,.F.);
#2243=ADVANCED_FACE('',(#72),#2131,.F.);
#2244=ADVANCED_FACE('',(#73),#2132,.F.);
#2245=ADVANCED_FACE('',(#74),#2133,.F.);
#2246=ADVANCED_FACE('',(#75),#2134,.F.);
#2247=ADVANCED_FACE('',(#76),#2135,.F.);
#2248=ADVANCED_FACE('',(#77),#2136,.F.);
#2249=ADVANCED_FACE('',(#78),#2137,.F.);
#2250=ADVANCED_FACE('',(#79),#2138,.F.);
#2251=ADVANCED_FACE('',(#80),#2139,.F.);
#2252=ADVANCED_FACE('',(#81),#2140,.F.);
#2253=ADVANCED_FACE('',(#82),#2141,.F.);
#2254=ADVANCED_FACE('',(#83),#2142,.F.);
#2255=ADVANCED_FACE('',(#84),#2143,.F.);
#2256=ADVANCED_FACE('',(#85),#2144,.F.);
#2257=ADVANCED_FACE('',(#86),#2145,.F.);
#2258=ADVANCED_FACE('',(#87),#2146,.F.);
#2259=ADVANCED_FACE('',(#88),#2147,.F.);
#2260=ADVANCED_FACE('',(#89),#2148,.F.);
#2261=ADVANCED_FACE('',(#90),#2149,.F.);
#2262=ADVANCED_FACE('',(#91),#2150,.F.);
#2263=ADVANCED_FACE('',(#92),#2151,.F.);
#2264=ADVANCED_FACE('',(#93),#2152,.F.);
#2265=ADVANCED_FACE('',(#94),#2153,.F.);
#2266=ADVANCED_FACE('',(#95),#2154,.F.);
#2267=ADVANCED_FACE('',(#96),#2155,.F.);
#2268=ADVANCED_FACE('',(#97),#2156,.F.);
#2269=ADVANCED_FACE('',(#98),#2157,.F.);
#2270=ADVANCED_FACE('',(#99),#2158,.F.);
#2271=ADVANCED_FACE('',(#100),#2159,.F.);
#2272=ADVANCED_FACE('',(#101),#2160,.F.);
#2273=ADVANCED_FACE('',(#102),#2161,.F.);
#2274=ADVANCED_FACE('',(#103),#2162,.F.);
#2275=ADVANCED_FACE('',(#104),#2163,.F.);
#2276=ADVANCED_FACE('',(#105),#2164,.F.);
#2277=ADVANCED_FACE('',(#106),#2165,.F.);
#2278=ADVANCED_FACE('',(#107),#2166,.F.);
#2279=ADVANCED_FACE('',(#108),#2167,.F.);
#2280=ADVANCED_FACE('',(#109),#2168,.F.);
#2281=ADVANCED_FACE('',(#110),#2169,.F.);
#2282=ADVANCED_FACE('',(#111),#2170,.F.);
#2283=ADVANCED_FACE('',(#112),#2171,.F.);
#2284=ADVANCED_FACE('',(#113),#2172,.F.);
#2285=ADVANCED_FACE('',(#114),#2173,.F.);
#2286=ADVANCED_FACE('',(#115),#2174,.F.);
#2287=ADVANCED_FACE('',(#116),#2175,.F.);
#2288=ADVANCED_FACE('',(#117),#2176,.F.);
#2289=ADVANCED_FACE('',(#118),#2177,.F.);
#2290=ADVANCED_FACE('',(#119),#2178,.F.);
#2291=ADVANCED_FACE('',(#120),#2179,.F.);
#2292=ADVANCED_FACE('',(#121),#2180,.F.);
#2293=ADVANCED_FACE('',(#122),#2181,.F.);
#2294=ADVANCED_FACE('',(#123),#2182,.F.);
#2295=ADVANCED_FACE('',(#124),#2183,.F.);
#2296=ADVANCED_FACE('',(#125),#2184,.F.);
#2297=ADVANCED_FACE('',(#126),#2185,.F.);
#2298=ADVANCED_FACE('',(#127),#2186,.F.);
#2299=ADVANCED_FACE('',(#128),#2187,.F.);
#2300=ADVANCED_FACE('',(#129),#2188,.F.);
#2301=ADVANCED_FACE('',(#130),#2189,.F.);
#2302=ADVANCED_FACE('',(#131),#2190,.F.);
#2303=ADVANCED_FACE('',(#132),#2191,.F.);
#2304=ADVANCED_FACE('',(#133),#2192,.F.);
#2305=ADVANCED_FACE('',(#134),#2193,.T.);
#2306=ADVANCED_FACE('',(#135,#32,#33,#34),#2194,.T.);
#2307=ADVANCED_FACE('',(#136),#2195,.F.);
#2308=ADVANCED_FACE('',(#137),#24,.F.);
#2309=ADVANCED_FACE('',(#138),#2196,.F.);
#2310=ADVANCED_FACE('',(#139),#2197,.F.);
#2311=ADVANCED_FACE('',(#140),#25,.F.);
#2312=ADVANCED_FACE('',(#141),#2198,.F.);
#2313=ADVANCED_FACE('',(#142),#2199,.F.);
#2314=ADVANCED_FACE('',(#143),#26,.F.);
#2315=ADVANCED_FACE('',(#144),#2200,.F.);
#2316=ADVANCED_FACE('',(#145),#2201,.F.);
#2317=ADVANCED_FACE('',(#146),#27,.F.);
#2318=ADVANCED_FACE('',(#147),#2202,.F.);
#2319=ADVANCED_FACE('',(#148),#28,.F.);
#2320=ADVANCED_FACE('',(#149),#2203,.F.);
#2321=ADVANCED_FACE('',(#150),#29,.F.);
#2322=ADVANCED_FACE('',(#151),#2204,.F.);
#2323=ADVANCED_FACE('',(#152),#30,.F.);
#2324=ADVANCED_FACE('',(#153),#2205,.F.);
#2325=ADVANCED_FACE('',(#154),#15,.F.);
#2326=ADVANCED_FACE('',(#155),#16,.F.);
#2327=ADVANCED_FACE('',(#156),#17,.F.);
#2328=ADVANCED_FACE('',(#157),#31,.F.);
#2329=ADVANCED_FACE('',(#158),#2206,.F.);
#2330=ADVANCED_FACE('',(#159),#18,.F.);
#2331=ADVANCED_FACE('',(#160,#35),#19,.F.);
#2332=ADVANCED_FACE('',(#161,#36),#20,.F.);
#2333=ADVANCED_FACE('',(#162),#2207,.T.);
#2334=ADVANCED_FACE('',(#163),#2208,.T.);
#2335=ADVANCED_FACE('',(#164),#21,.F.);
#2336=ADVANCED_FACE('',(#165),#22,.T.);
#2337=ADVANCED_FACE('',(#166,#37),#23,.F.);
#2338=CLOSED_SHELL('',(#2209,#2210,#2211,#2212,#2213,#2214,#2215,#2216,
#2217,#2218,#2219,#2220,#2221,#2222,#2223,#2224,#2225,#2226,#2227,#2228,
#2229,#2230,#2231,#2232,#2233,#2234,#2235,#2236,#2237,#2238,#2239,#2240,
#2241,#2242,#2243,#2244,#2245,#2246,#2247,#2248,#2249,#2250,#2251,#2252,
#2253,#2254,#2255,#2256,#2257,#2258,#2259,#2260,#2261,#2262,#2263,#2264,
#2265,#2266,#2267,#2268,#2269,#2270,#2271,#2272,#2273,#2274,#2275,#2276,
#2277,#2278,#2279,#2280,#2281,#2282,#2283,#2284,#2285,#2286,#2287,#2288,
#2289,#2290,#2291,#2292,#2293,#2294,#2295,#2296,#2297,#2298,#2299,#2300,
#2301,#2302,#2303,#2304,#2305,#2306,#2307,#2308,#2309,#2310,#2311,#2312,
#2313,#2314,#2315,#2316,#2317,#2318,#2319,#2320,#2321,#2322,#2323,#2324,
#2325,#2326,#2327,#2328,#2329,#2330,#2331,#2332,#2333,#2334,#2335,#2336,
#2337));
#2339=DERIVED_UNIT_ELEMENT(#2341,1.);
#2340=DERIVED_UNIT_ELEMENT(#10179,-3.);
#2341=(
MASS_UNIT()
NAMED_UNIT(*)
SI_UNIT(.KILO.,.GRAM.)
);
#2342=DERIVED_UNIT((#2339,#2340));
#2343=MEASURE_REPRESENTATION_ITEM('density measure',
POSITIVE_RATIO_MEASURE(7850.),#2342);
#2344=PROPERTY_DEFINITION_REPRESENTATION(#2349,#2346);
#2345=PROPERTY_DEFINITION_REPRESENTATION(#2350,#2347);
#2346=REPRESENTATION('material name',(#2348),#10176);
#2347=REPRESENTATION('density',(#2343),#10176);
#2348=DESCRIPTIVE_REPRESENTATION_ITEM('Steel','Steel');
#2349=PROPERTY_DEFINITION('material property','material name',#10186);
#2350=PROPERTY_DEFINITION('material property','density of part',#10186);
#2351=AXIS2_PLACEMENT_3D('',#2866,#2489,#2490);
#2352=AXIS2_PLACEMENT_3D('',#2867,#2491,#2492);
#2353=AXIS2_PLACEMENT_3D('',#2878,#2494,#2495);
#2354=AXIS2_PLACEMENT_3D('',#2885,#2496,#2497);
#2355=AXIS2_PLACEMENT_3D('',#2910,#2499,#2500);
#2356=AXIS2_PLACEMENT_3D('',#2935,#2502,#2503);
#2357=AXIS2_PLACEMENT_3D('',#2959,#2505,#2506);
#2358=AXIS2_PLACEMENT_3D('',#2984,#2508,#2509);
#2359=AXIS2_PLACEMENT_3D('',#3009,#2511,#2512);
#2360=AXIS2_PLACEMENT_3D('',#3033,#2514,#2515);
#2361=AXIS2_PLACEMENT_3D('',#3058,#2517,#2518);
#2362=AXIS2_PLACEMENT_3D('',#3083,#2520,#2521);
#2363=AXIS2_PLACEMENT_3D('',#3107,#2523,#2524);
#2364=AXIS2_PLACEMENT_3D('',#3131,#2526,#2527);
#2365=AXIS2_PLACEMENT_3D('',#3154,#2529,#2530);
#2366=AXIS2_PLACEMENT_3D('',#3176,#2532,#2533);
#2367=AXIS2_PLACEMENT_3D('',#3199,#2534,#2535);
#2368=AXIS2_PLACEMENT_3D('',#3247,#2537,#2538);
#2369=AXIS2_PLACEMENT_3D('',#3298,#2540,#2541);
#2370=AXIS2_PLACEMENT_3D('',#3349,#2543,#2544);
#2371=AXIS2_PLACEMENT_3D('',#3397,#2546,#2547);
#2372=AXIS2_PLACEMENT_3D('',#3448,#2549,#2550);
#2373=AXIS2_PLACEMENT_3D('',#3499,#2552,#2553);
#2374=AXIS2_PLACEMENT_3D('',#3547,#2555,#2556);
#2375=AXIS2_PLACEMENT_3D('',#3598,#2558,#2559);
#2376=AXIS2_PLACEMENT_3D('',#3646,#2561,#2562);
#2377=AXIS2_PLACEMENT_3D('',#3697,#2564,#2565);
#2378=AXIS2_PLACEMENT_3D('',#3726,#2567,#2568);
#2379=AXIS2_PLACEMENT_3D('',#3737,#2570,#2571);
#2380=AXIS2_PLACEMENT_3D('',#3744,#2572,#2573);
#2381=AXIS2_PLACEMENT_3D('',#3769,#2575,#2576);
#2382=AXIS2_PLACEMENT_3D('',#3794,#2578,#2579);
#2383=AXIS2_PLACEMENT_3D('',#3818,#2581,#2582);
#2384=AXIS2_PLACEMENT_3D('',#3843,#2584,#2585);
#2385=AXIS2_PLACEMENT_3D('',#3868,#2587,#2588);
#2386=AXIS2_PLACEMENT_3D('',#3892,#2590,#2591);
#2387=AXIS2_PLACEMENT_3D('',#3917,#2593,#2594);
#2388=AXIS2_PLACEMENT_3D('',#3942,#2596,#2597);
#2389=AXIS2_PLACEMENT_3D('',#3966,#2599,#2600);
#2390=AXIS2_PLACEMENT_3D('',#3990,#2602,#2603);
#2391=AXIS2_PLACEMENT_3D('',#4013,#2605,#2606);
#2392=AXIS2_PLACEMENT_3D('',#4035,#2608,#2609);
#2393=AXIS2_PLACEMENT_3D('',#4058,#2610,#2611);
#2394=AXIS2_PLACEMENT_3D('',#4106,#2613,#2614);
#2395=AXIS2_PLACEMENT_3D('',#4157,#2616,#2617);
#2396=AXIS2_PLACEMENT_3D('',#4208,#2619,#2620);
#2397=AXIS2_PLACEMENT_3D('',#4256,#2622,#2623);
#2398=AXIS2_PLACEMENT_3D('',#4307,#2625,#2626);
#2399=AXIS2_PLACEMENT_3D('',#4358,#2628,#2629);
#2400=AXIS2_PLACEMENT_3D('',#4406,#2631,#2632);
#2401=AXIS2_PLACEMENT_3D('',#4457,#2634,#2635);
#2402=AXIS2_PLACEMENT_3D('',#4505,#2637,#2638);
#2403=AXIS2_PLACEMENT_3D('',#4556,#2640,#2641);
#2404=AXIS2_PLACEMENT_3D('',#4588,#2643,#2644);
#2405=AXIS2_PLACEMENT_3D('',#4599,#2646,#2647);
#2406=AXIS2_PLACEMENT_3D('',#4606,#2648,#2649);
#2407=AXIS2_PLACEMENT_3D('',#4631,#2651,#2652);
#2408=AXIS2_PLACEMENT_3D('',#4656,#2654,#2655);
#2409=AXIS2_PLACEMENT_3D('',#4680,#2657,#2658);
#2410=AXIS2_PLACEMENT_3D('',#4705,#2660,#2661);
#2411=AXIS2_PLACEMENT_3D('',#4730,#2663,#2664);
#2412=AXIS2_PLACEMENT_3D('',#4754,#2666,#2667);
#2413=AXIS2_PLACEMENT_3D('',#4779,#2669,#2670);
#2414=AXIS2_PLACEMENT_3D('',#4804,#2672,#2673);
#2415=AXIS2_PLACEMENT_3D('',#4828,#2675,#2676);
#2416=AXIS2_PLACEMENT_3D('',#4852,#2678,#2679);
#2417=AXIS2_PLACEMENT_3D('',#4875,#2681,#2682);
#2418=AXIS2_PLACEMENT_3D('',#4897,#2684,#2685);
#2419=AXIS2_PLACEMENT_3D('',#4920,#2686,#2687);
#2420=AXIS2_PLACEMENT_3D('',#4968,#2689,#2690);
#2421=AXIS2_PLACEMENT_3D('',#5019,#2692,#2693);
#2422=AXIS2_PLACEMENT_3D('',#5070,#2695,#2696);
#2423=AXIS2_PLACEMENT_3D('',#5118,#2698,#2699);
#2424=AXIS2_PLACEMENT_3D('',#5169,#2701,#2702);
#2425=AXIS2_PLACEMENT_3D('',#5220,#2704,#2705);
#2426=AXIS2_PLACEMENT_3D('',#5268,#2707,#2708);
#2427=AXIS2_PLACEMENT_3D('',#5319,#2710,#2711);
#2428=AXIS2_PLACEMENT_3D('',#5367,#2713,#2714);
#2429=AXIS2_PLACEMENT_3D('',#5418,#2716,#2717);
#2430=AXIS2_PLACEMENT_3D('',#5447,#2719,#2720);
#2431=AXIS2_PLACEMENT_3D('',#5458,#2722,#2723);
#2432=AXIS2_PLACEMENT_3D('',#5465,#2724,#2725);
#2433=AXIS2_PLACEMENT_3D('',#5490,#2727,#2728);
#2434=AXIS2_PLACEMENT_3D('',#5515,#2730,#2731);
#2435=AXIS2_PLACEMENT_3D('',#5539,#2733,#2734);
#2436=AXIS2_PLACEMENT_3D('',#5564,#2736,#2737);
#2437=AXIS2_PLACEMENT_3D('',#5589,#2739,#2740);
#2438=AXIS2_PLACEMENT_3D('',#5613,#2742,#2743);
#2439=AXIS2_PLACEMENT_3D('',#5638,#2745,#2746);
#2440=AXIS2_PLACEMENT_3D('',#5663,#2748,#2749);
#2441=AXIS2_PLACEMENT_3D('',#5687,#2751,#2752);
#2442=AXIS2_PLACEMENT_3D('',#5711,#2754,#2755);
#2443=AXIS2_PLACEMENT_3D('',#5734,#2757,#2758);
#2444=AXIS2_PLACEMENT_3D('',#5756,#2760,#2761);
#2445=AXIS2_PLACEMENT_3D('',#5779,#2762,#2763);
#2446=AXIS2_PLACEMENT_3D('',#5827,#2765,#2766);
#2447=AXIS2_PLACEMENT_3D('',#5878,#2768,#2769);
#2448=AXIS2_PLACEMENT_3D('',#5929,#2771,#2772);
#2449=AXIS2_PLACEMENT_3D('',#5977,#2774,#2775);
#2450=AXIS2_PLACEMENT_3D('',#6028,#2777,#2778);
#2451=AXIS2_PLACEMENT_3D('',#6079,#2780,#2781);
#2452=AXIS2_PLACEMENT_3D('',#6127,#2783,#2784);
#2453=AXIS2_PLACEMENT_3D('',#6178,#2786,#2787);
#2454=AXIS2_PLACEMENT_3D('',#6226,#2789,#2790);
#2455=AXIS2_PLACEMENT_3D('',#6277,#2792,#2793);
#2456=AXIS2_PLACEMENT_3D('',#6306,#2795,#2796);
#2457=AXIS2_PLACEMENT_3D('',#6308,#2797,#2798);
#2458=AXIS2_PLACEMENT_3D('',#6311,#2800,#2801);
#2459=AXIS2_PLACEMENT_3D('',#6312,#2802,#2803);
#2460=AXIS2_PLACEMENT_3D('',#6314,#2804,#2805);
#2461=AXIS2_PLACEMENT_3D('',#6377,#2808,#2809);
#2462=AXIS2_PLACEMENT_3D('',#6569,#2810,#2811);
#2463=AXIS2_PLACEMENT_3D('',#7036,#2812,#2813);
#2464=AXIS2_PLACEMENT_3D('',#7048,#2814,#2815);
#2465=AXIS2_PLACEMENT_3D('',#7515,#2816,#2817);
#2466=AXIS2_PLACEMENT_3D('',#7527,#2818,#2819);
#2467=AXIS2_PLACEMENT_3D('',#7994,#2820,#2821);
#2468=AXIS2_PLACEMENT_3D('',#8006,#2822,#2823);
#2469=AXIS2_PLACEMENT_3D('',#8473,#2824,#2825);
#2470=AXIS2_PLACEMENT_3D('',#8901,#2826,#2827);
#2471=AXIS2_PLACEMENT_3D('',#9318,#2828,#2829);
#2472=AXIS2_PLACEMENT_3D('',#9735,#2830,#2831);
#2473=AXIS2_PLACEMENT_3D('',#9736,#2832,#2833);
#2474=AXIS2_PLACEMENT_3D('',#9737,#2834,#2835);
#2475=AXIS2_PLACEMENT_3D('',#9738,#2836,#2837);
#2476=AXIS2_PLACEMENT_3D('',#10155,#2838,#2839);
#2477=AXIS2_PLACEMENT_3D('',#10156,#2840,#2841);
#2478=AXIS2_PLACEMENT_3D('',#10157,#2842,#2843);
#2479=AXIS2_PLACEMENT_3D('',#10159,#2844,#2845);
#2480=AXIS2_PLACEMENT_3D('',#10160,#2846,#2847);
#2481=AXIS2_PLACEMENT_3D('',#10162,#2848,#2849);
#2482=AXIS2_PLACEMENT_3D('',#10163,#2850,#2851);
#2483=AXIS2_PLACEMENT_3D('',#10166,#2853,#2854);
#2484=AXIS2_PLACEMENT_3D('',#10167,#2855,#2856);
#2485=AXIS2_PLACEMENT_3D('',#10170,#2858,#2859);
#2486=AXIS2_PLACEMENT_3D('',#10171,#2860,#2861);
#2487=AXIS2_PLACEMENT_3D('',#10172,#2862,#2863);
#2488=AXIS2_PLACEMENT_3D('',#10173,#2864,#2865);
#2489=DIRECTION('axis',(0.,0.,1.));
#2490=DIRECTION('refdir',(1.,0.,0.));
#2491=DIRECTION('center_axis',(0.,1.,0.));
#2492=DIRECTION('ref_axis',(-0.333993354851457,0.,0.942575428766881));
#2493=DIRECTION('',(1.22464679914735E-16,1.,-7.28618086157594E-30));
#2494=DIRECTION('center_axis',(0.,-1.,0.));
#2495=DIRECTION('ref_axis',(1.,0.,-5.93737171306193E-14));
#2496=DIRECTION('center_axis',(0.,1.,0.));
#2497=DIRECTION('ref_axis',(1.,0.,-5.93737171306193E-14));
#2498=DIRECTION('',(1.22464679914735E-16,1.,-7.28618086157594E-30));
#2499=DIRECTION('center_axis',(0.,1.,0.));
#2500=DIRECTION('ref_axis',(1.,0.,-5.93737171306193E-14));
#2501=DIRECTION('',(1.22464679914735E-16,1.,-7.28618086157594E-30));
#2502=DIRECTION('center_axis',(0.,1.,0.));
#2503=DIRECTION('ref_axis',(1.,0.,-5.93737171306193E-14));
#2504=DIRECTION('',(1.22464679914735E-16,1.,-7.28618086157594E-30));
#2505=DIRECTION('center_axis',(0.,1.,0.));
#2506=DIRECTION('ref_axis',(1.,0.,-5.93737171306193E-14));
#2507=DIRECTION('',(1.22464679914735E-16,1.,-7.28618086157594E-30));
#2508=DIRECTION('center_axis',(0.,1.,0.));
#2509=DIRECTION('ref_axis',(1.,0.,-5.93737171306193E-14));
#2510=DIRECTION('',(1.22464679914735E-16,1.,-7.28618086157594E-30));
#2511=DIRECTION('center_axis',(0.,1.,0.));
#2512=DIRECTION('ref_axis',(1.,0.,-5.93737171306193E-14));
#2513=DIRECTION('',(1.22464679914735E-16,1.,-7.28618086157594E-30));
#2514=DIRECTION('center_axis',(0.,1.,0.));
#2515=DIRECTION('ref_axis',(1.,0.,-5.93737171306193E-14));
#2516=DIRECTION('',(1.22464679914735E-16,1.,-7.28618086157594E-30));
#2517=DIRECTION('center_axis',(0.,1.,0.));
#2518=DIRECTION('ref_axis',(1.,0.,-5.93737171306193E-14));
#2519=DIRECTION('',(1.22464679914735E-16,1.,-7.28618086157594E-30));
#2520=DIRECTION('center_axis',(0.,1.,0.));
#2521=DIRECTION('ref_axis',(1.,0.,-5.93737171306193E-14));
#2522=DIRECTION('',(1.22464679914735E-16,1.,-7.28618086157594E-30));
#2523=DIRECTION('center_axis',(0.,1.,0.));
#2524=DIRECTION('ref_axis',(1.,0.,-5.93737171306193E-14));
#2525=DIRECTION('',(1.22464679914735E-16,1.,-7.28618086157594E-30));
#2526=DIRECTION('center_axis',(0.,1.,0.));
#2527=DIRECTION('ref_axis',(-0.0552407511313884,0.,-0.998473063940355));
#2528=DIRECTION('',(1.22464679914735E-16,1.,-7.28618086157594E-30));
#2529=DIRECTION('center_axis',(0.,1.,0.));
#2530=DIRECTION('ref_axis',(0.999108401758479,0.,0.0422184975528292));
#2531=DIRECTION('',(0.,1.,0.));
#2532=DIRECTION('center_axis',(0.,-1.,0.));
#2533=DIRECTION('ref_axis',(1.,0.,0.));
#2534=DIRECTION('center_axis',(0.,1.,0.));
#2535=DIRECTION('ref_axis',(1.,0.,0.));
#2536=DIRECTION('',(0.,1.,0.));
#2537=DIRECTION('center_axis',(0.,1.,0.));
#2538=DIRECTION('ref_axis',(1.,0.,0.));
#2539=DIRECTION('',(0.,1.,0.));
#2540=DIRECTION('center_axis',(0.,1.,0.));
#2541=DIRECTION('ref_axis',(1.,0.,0.));
#2542=DIRECTION('',(0.,1.,0.));
#2543=DIRECTION('center_axis',(0.,1.,0.));
#2544=DIRECTION('ref_axis',(1.,0.,0.));
#2545=DIRECTION('',(0.,1.,0.));
#2546=DIRECTION('center_axis',(0.,1.,0.));
#2547=DIRECTION('ref_axis',(1.,0.,0.));
#2548=DIRECTION('',(0.,1.,0.));
#2549=DIRECTION('center_axis',(0.,1.,0.));
#2550=DIRECTION('ref_axis',(1.,0.,0.));
#2551=DIRECTION('',(0.,1.,0.));
#2552=DIRECTION('center_axis',(0.,1.,0.));
#2553=DIRECTION('ref_axis',(1.,0.,0.));
#2554=DIRECTION('',(0.,1.,0.));
#2555=DIRECTION('center_axis',(0.,1.,0.));
#2556=DIRECTION('ref_axis',(1.,0.,0.));
#2557=DIRECTION('',(0.,1.,0.));
#2558=DIRECTION('center_axis',(0.,1.,0.));
#2559=DIRECTION('ref_axis',(1.,0.,0.));
#2560=DIRECTION('',(0.,1.,0.));
#2561=DIRECTION('center_axis',(0.,1.,0.));
#2562=DIRECTION('ref_axis',(1.,0.,0.));
#2563=DIRECTION('',(0.,1.,0.));
#2564=DIRECTION('center_axis',(0.,1.,0.));
#2565=DIRECTION('ref_axis',(-0.510398220801421,0.,-0.859938169988252));
#2566=DIRECTION('',(0.,1.,0.));
#2567=DIRECTION('center_axis',(-1.,6.12323399573676E-17,0.));
#2568=DIRECTION('ref_axis',(-8.16835346051324E-17,-0.333993354851435,0.942575428766888));
#2569=DIRECTION('',(-1.,1.83697019872103E-16,-8.56933084929641E-30));
#2570=DIRECTION('center_axis',(1.,0.,0.));
#2571=DIRECTION('ref_axis',(0.,1.,-6.98514319183756E-14));
#2572=DIRECTION('center_axis',(-1.,6.12323399573676E-17,0.));
#2573=DIRECTION('ref_axis',(0.,1.,-6.98514319183756E-14));
#2574=DIRECTION('',(-1.,1.83697019872103E-16,-8.56933084929641E-30));
#2575=DIRECTION('center_axis',(-1.,6.12323399573676E-17,0.));
#2576=DIRECTION('ref_axis',(0.,1.,-6.98514319183756E-14));
#2577=DIRECTION('',(-1.,1.83697019872103E-16,-8.56933084929641E-30));
#2578=DIRECTION('center_axis',(-1.,6.12323399573676E-17,0.));
#2579=DIRECTION('ref_axis',(0.,1.,-6.98514319183756E-14));
#2580=DIRECTION('',(-1.,1.83697019872103E-16,-8.56933084929641E-30));
#2581=DIRECTION('center_axis',(-1.,6.12323399573676E-17,0.));
#2582=DIRECTION('ref_axis',(0.,1.,-6.98514319183756E-14));
#2583=DIRECTION('',(-1.,1.83697019872103E-16,-8.56933084929641E-30));
#2584=DIRECTION('center_axis',(-1.,6.12323399573676E-17,0.));
#2585=DIRECTION('ref_axis',(0.,1.,-6.98514319183756E-14));
#2586=DIRECTION('',(-1.,1.83697019872103E-16,-8.56933084929641E-30));
#2587=DIRECTION('center_axis',(-1.,6.12323399573676E-17,0.));
#2588=DIRECTION('ref_axis',(0.,1.,-6.98514319183756E-14));
#2589=DIRECTION('',(-1.,1.83697019872103E-16,-8.56933084929641E-30));
#2590=DIRECTION('center_axis',(-1.,6.12323399573676E-17,0.));
#2591=DIRECTION('ref_axis',(0.,1.,-6.98514319183756E-14));
#2592=DIRECTION('',(-1.,1.83697019872103E-16,-8.56933084929641E-30));
#2593=DIRECTION('center_axis',(-1.,6.12323399573676E-17,0.));
#2594=DIRECTION('ref_axis',(0.,1.,-6.98514319183756E-14));
#2595=DIRECTION('',(-1.,1.83697019872103E-16,-8.56933084929641E-30));
#2596=DIRECTION('center_axis',(-1.,6.12323399573676E-17,0.));
#2597=DIRECTION('ref_axis',(0.,1.,-6.98514319183756E-14));
#2598=DIRECTION('',(-1.,1.83697019872103E-16,-8.56933084929641E-30));
#2599=DIRECTION('center_axis',(-1.,6.12323399573676E-17,0.));
#2600=DIRECTION('ref_axis',(0.,1.,-6.98514319183756E-14));
#2601=DIRECTION('',(-1.,1.83697019872103E-16,-8.56933084929641E-30));
#2602=DIRECTION('center_axis',(-1.,6.12323399573676E-17,0.));
#2603=DIRECTION('ref_axis',(-6.46148604101455E-17,-0.0552407511313936,-0.998473063940355));
#2604=DIRECTION('',(-1.,1.83697019872103E-16,-8.56933084929641E-30));
#2605=DIRECTION('center_axis',(-1.,6.12323399573677E-17,0.));
#2606=DIRECTION('ref_axis',(6.11777453107375E-17,0.999108401758479,0.0422184975528155));
#2607=DIRECTION('',(-1.,6.12323399573677E-17,0.));
#2608=DIRECTION('center_axis',(1.,-6.12323399573677E-17,0.));
#2609=DIRECTION('ref_axis',(6.12323399573677E-17,1.,0.));
#2610=DIRECTION('center_axis',(-1.,6.12323399573677E-17,0.));
#2611=DIRECTION('ref_axis',(6.12323399573677E-17,1.,0.));
#2612=DIRECTION('',(-1.,6.12323399573677E-17,0.));
#2613=DIRECTION('center_axis',(-1.,6.12323399573677E-17,0.));
#2614=DIRECTION('ref_axis',(6.12323399573677E-17,1.,0.));
#2615=DIRECTION('',(-1.,6.12323399573677E-17,0.));
#2616=DIRECTION('center_axis',(-1.,6.12323399573677E-17,0.));
#2617=DIRECTION('ref_axis',(6.12323399573677E-17,1.,0.));
#2618=DIRECTION('',(-1.,6.12323399573677E-17,0.));
#2619=DIRECTION('center_axis',(-1.,6.12323399573677E-17,0.));
#2620=DIRECTION('ref_axis',(6.12323399573677E-17,1.,0.));
#2621=DIRECTION('',(-1.,6.12323399573677E-17,0.));
#2622=DIRECTION('center_axis',(-1.,6.12323399573677E-17,0.));
#2623=DIRECTION('ref_axis',(6.12323399573677E-17,1.,0.));
#2624=DIRECTION('',(-1.,6.12323399573677E-17,0.));
#2625=DIRECTION('center_axis',(-1.,6.12323399573677E-17,0.));
#2626=DIRECTION('ref_axis',(6.12323399573677E-17,1.,0.));
#2627=DIRECTION('',(-1.,6.12323399573677E-17,0.));
#2628=DIRECTION('center_axis',(-1.,6.12323399573677E-17,0.));
#2629=DIRECTION('ref_axis',(6.12323399573677E-17,1.,0.));
#2630=DIRECTION('',(-1.,6.12323399573677E-17,0.));
#2631=DIRECTION('center_axis',(-1.,6.12323399573677E-17,0.));
#2632=DIRECTION('ref_axis',(6.12323399573677E-17,1.,0.));
#2633=DIRECTION('',(-1.,6.12323399573677E-17,0.));
#2634=DIRECTION('center_axis',(-1.,6.12323399573677E-17,0.));
#2635=DIRECTION('ref_axis',(6.12323399573677E-17,1.,0.));
#2636=DIRECTION('',(-1.,6.12323399573677E-17,0.));
#2637=DIRECTION('center_axis',(-1.,6.12323399573677E-17,0.));
#2638=DIRECTION('ref_axis',(6.12323399573677E-17,1.,0.));
#2639=DIRECTION('',(-1.,6.12323399573677E-17,0.));
#2640=DIRECTION('center_axis',(-1.,6.12323399573677E-17,0.));
#2641=DIRECTION('ref_axis',(-3.12528773697482E-17,-0.510398220801421,-0.859938169988252));
#2642=DIRECTION('',(-1.,6.12323399573677E-17,0.));
#2643=DIRECTION('center_axis',(-1.22464679914735E-16,-1.,0.));
#2644=DIRECTION('ref_axis',(0.333993354851433,-1.63367069210265E-16,0.942575428766889));
#2645=DIRECTION('',(-2.44929359829471E-16,-1.,-8.14161418672292E-30));
#2646=DIRECTION('center_axis',(0.,1.,0.));
#2647=DIRECTION('ref_axis',(-1.,0.,-6.63588603224568E-14));
#2648=DIRECTION('center_axis',(-1.22464679914735E-16,-1.,0.));
#2649=DIRECTION('ref_axis',(-1.,0.,-6.63588603224568E-14));
#2650=DIRECTION('',(-2.44929359829471E-16,-1.,-8.14161418672292E-30));
#2651=DIRECTION('center_axis',(-1.22464679914735E-16,-1.,0.));
#2652=DIRECTION('ref_axis',(-1.,0.,-6.63588603224568E-14));
#2653=DIRECTION('',(-2.44929359829471E-16,-1.,-8.14161418672292E-30));
#2654=DIRECTION('center_axis',(-1.22464679914735E-16,-1.,0.));
#2655=DIRECTION('ref_axis',(-1.,0.,-6.63588603224568E-14));
#2656=DIRECTION('',(-2.44929359829471E-16,-1.,-8.14161418672292E-30));
#2657=DIRECTION('center_axis',(-1.22464679914735E-16,-1.,0.));
#2658=DIRECTION('ref_axis',(-1.,0.,-6.63588603224568E-14));
#2659=DIRECTION('',(-2.44929359829471E-16,-1.,-8.14161418672292E-30));
#2660=DIRECTION('center_axis',(-1.22464679914735E-16,-1.,0.));
#2661=DIRECTION('ref_axis',(-1.,0.,-6.63588603224568E-14));
#2662=DIRECTION('',(-2.44929359829471E-16,-1.,-8.14161418672292E-30));
#2663=DIRECTION('center_axis',(-1.22464679914735E-16,-1.,0.));
#2664=DIRECTION('ref_axis',(-1.,0.,-6.63588603224568E-14));
#2665=DIRECTION('',(-2.44929359829471E-16,-1.,-8.14161418672292E-30));
#2666=DIRECTION('center_axis',(-1.22464679914735E-16,-1.,0.));
#2667=DIRECTION('ref_axis',(-1.,0.,-6.63588603224568E-14));
#2668=DIRECTION('',(-2.44929359829471E-16,-1.,-8.14161418672292E-30));
#2669=DIRECTION('center_axis',(-1.22464679914735E-16,-1.,0.));
#2670=DIRECTION('ref_axis',(-1.,0.,-6.63588603224568E-14));
#2671=DIRECTION('',(-2.44929359829471E-16,-1.,-8.14161418672292E-30));
#2672=DIRECTION('center_axis',(-1.22464679914735E-16,-1.,0.));
#2673=DIRECTION('ref_axis',(-1.,0.,-6.63588603224568E-14));
#2674=DIRECTION('',(-2.44929359829471E-16,-1.,-8.14161418672292E-30));
#2675=DIRECTION('center_axis',(-1.22464679914735E-16,-1.,0.));
#2676=DIRECTION('ref_axis',(-1.,0.,-6.63588603224568E-14));
#2677=DIRECTION('',(-2.44929359829471E-16,-1.,-8.14161418672292E-30));
#2678=DIRECTION('center_axis',(-1.22464679914735E-16,-1.,0.));
#2679=DIRECTION('ref_axis',(0.0552407511313901,-1.29229720820291E-16,-0.998473063940355));
#2680=DIRECTION('',(-2.44929359829471E-16,-1.,-8.14161418672292E-30));
#2681=DIRECTION('center_axis',(-1.22464679914735E-16,-1.,0.));
#2682=DIRECTION('ref_axis',(-0.999108401758479,1.22355490621475E-16,0.0422184975528155));
#2683=DIRECTION('',(-1.22464679914735E-16,-1.,0.));
#2684=DIRECTION('center_axis',(1.22464679914735E-16,1.,0.));
#2685=DIRECTION('ref_axis',(-1.,1.22464679914735E-16,0.));
#2686=DIRECTION('center_axis',(-1.22464679914735E-16,-1.,0.));
#2687=DIRECTION('ref_axis',(-1.,1.22464679914735E-16,0.));
#2688=DIRECTION('',(-1.22464679914735E-16,-1.,0.));
#2689=DIRECTION('center_axis',(-1.22464679914735E-16,-1.,0.));
#2690=DIRECTION('ref_axis',(-1.,1.22464679914735E-16,0.));
#2691=DIRECTION('',(-1.22464679914735E-16,-1.,0.));
#2692=DIRECTION('center_axis',(-1.22464679914735E-16,-1.,0.));
#2693=DIRECTION('ref_axis',(-1.,1.22464679914735E-16,0.));
#2694=DIRECTION('',(-1.22464679914735E-16,-1.,0.));
#2695=DIRECTION('center_axis',(-1.22464679914735E-16,-1.,0.));
#2696=DIRECTION('ref_axis',(-1.,1.22464679914735E-16,0.));
#2697=DIRECTION('',(-1.22464679914735E-16,-1.,0.));
#2698=DIRECTION('center_axis',(-1.22464679914735E-16,-1.,0.));
#2699=DIRECTION('ref_axis',(-1.,1.22464679914735E-16,0.));
#2700=DIRECTION('',(-1.22464679914735E-16,-1.,0.));
#2701=DIRECTION('center_axis',(-1.22464679914735E-16,-1.,0.));
#2702=DIRECTION('ref_axis',(-1.,1.22464679914735E-16,0.));
#2703=DIRECTION('',(-1.22464679914735E-16,-1.,0.));
#2704=DIRECTION('center_axis',(-1.22464679914735E-16,-1.,0.));
#2705=DIRECTION('ref_axis',(-1.,1.22464679914735E-16,0.));
#2706=DIRECTION('',(-1.22464679914735E-16,-1.,0.));
#2707=DIRECTION('center_axis',(-1.22464679914735E-16,-1.,0.));
#2708=DIRECTION('ref_axis',(-1.,1.22464679914735E-16,0.));
#2709=DIRECTION('',(-1.22464679914735E-16,-1.,0.));
#2710=DIRECTION('center_axis',(-1.22464679914735E-16,-1.,0.));
#2711=DIRECTION('ref_axis',(-1.,1.22464679914735E-16,0.));
#2712=DIRECTION('',(-1.22464679914735E-16,-1.,0.));
#2713=DIRECTION('center_axis',(-1.22464679914735E-16,-1.,0.));
#2714=DIRECTION('ref_axis',(-1.,1.22464679914735E-16,0.));
#2715=DIRECTION('',(-1.22464679914735E-16,-1.,0.));
#2716=DIRECTION('center_axis',(-1.22464679914735E-16,-1.,0.));
#2717=DIRECTION('ref_axis',(0.510398220801423,-6.25057547394967E-17,-0.85993816998825));
#2718=DIRECTION('',(-1.22464679914735E-16,-1.,0.));
#2719=DIRECTION('center_axis',(1.,-1.83697019872103E-16,0.));
#2720=DIRECTION('ref_axis',(2.45050603815396E-16,0.333993354851426,0.942575428766892));
#2721=DIRECTION('',(1.,-3.06161699786838E-16,-8.9970475118699E-30));
#2722=DIRECTION('center_axis',(-1.,0.,0.));
#2723=DIRECTION('ref_axis',(0.,-1.,-7.33440035142944E-14));
#2724=DIRECTION('center_axis',(1.,-1.83697019872103E-16,0.));
#2725=DIRECTION('ref_axis',(0.,-1.,-7.33440035142944E-14));
#2726=DIRECTION('',(1.,-3.06161699786838E-16,-8.9970475118699E-30));
#2727=DIRECTION('center_axis',(1.,-1.83697019872103E-16,0.));
#2728=DIRECTION('ref_axis',(0.,-1.,-7.33440035142944E-14));
#2729=DIRECTION('',(1.,-3.06161699786838E-16,-8.9970475118699E-30));
#2730=DIRECTION('center_axis',(1.,-1.83697019872103E-16,0.));
#2731=DIRECTION('ref_axis',(0.,-1.,-7.33440035142944E-14));
#2732=DIRECTION('',(1.,-3.06161699786838E-16,-8.9970475118699E-30));
#2733=DIRECTION('center_axis',(1.,-1.83697019872103E-16,0.));
#2734=DIRECTION('ref_axis',(0.,-1.,-7.33440035142944E-14));
#2735=DIRECTION('',(1.,-3.06161699786838E-16,-8.9970475118699E-30));
#2736=DIRECTION('center_axis',(1.,-1.83697019872103E-16,0.));
#2737=DIRECTION('ref_axis',(0.,-1.,-7.33440035142944E-14));
#2738=DIRECTION('',(1.,-3.06161699786838E-16,-8.9970475118699E-30));
#2739=DIRECTION('center_axis',(1.,-1.83697019872103E-16,0.));
#2740=DIRECTION('ref_axis',(0.,-1.,-7.33440035142944E-14));
#2741=DIRECTION('',(1.,-3.06161699786838E-16,-8.9970475118699E-30));
#2742=DIRECTION('center_axis',(1.,-1.83697019872103E-16,0.));
#2743=DIRECTION('ref_axis',(0.,-1.,-7.33440035142944E-14));
#2744=DIRECTION('',(1.,-3.06161699786838E-16,-8.9970475118699E-30));
#2745=DIRECTION('center_axis',(1.,-1.83697019872103E-16,0.));
#2746=DIRECTION('ref_axis',(0.,-1.,-7.33440035142944E-14));
#2747=DIRECTION('',(1.,-3.06161699786838E-16,-8.9970475118699E-30));
#2748=DIRECTION('center_axis',(1.,-1.83697019872103E-16,0.));
#2749=DIRECTION('ref_axis',(0.,-1.,-7.33440035142944E-14));
#2750=DIRECTION('',(1.,-3.06161699786838E-16,-8.9970475118699E-30));
#2751=DIRECTION('center_axis',(1.,-1.83697019872103E-16,0.));
#2752=DIRECTION('ref_axis',(0.,-1.,-7.33440035142944E-14));
#2753=DIRECTION('',(1.,-3.06161699786838E-16,-8.9970475118699E-30));
#2754=DIRECTION('center_axis',(1.,-1.83697019872103E-16,0.));
#2755=DIRECTION('ref_axis',(1.93844581230436E-16,0.0552407511313935,-0.998473063940355));
#2756=DIRECTION('',(1.,-3.06161699786838E-16,-8.9970475118699E-30));
#2757=DIRECTION('center_axis',(1.,-1.83697019872103E-16,0.));
#2758=DIRECTION('ref_axis',(-1.83533235932212E-16,-0.999108401758479,0.0422184975528235));
#2759=DIRECTION('',(1.,-1.83697019872103E-16,0.));
#2760=DIRECTION('center_axis',(-1.,1.83697019872103E-16,0.));
#2761=DIRECTION('ref_axis',(-1.83697019872103E-16,-1.,0.));
#2762=DIRECTION('center_axis',(1.,-1.83697019872103E-16,0.));
#2763=DIRECTION('ref_axis',(-1.83697019872103E-16,-1.,0.));
#2764=DIRECTION('',(1.,-1.83697019872103E-16,0.));
#2765=DIRECTION('center_axis',(1.,-1.83697019872103E-16,0.));
#2766=DIRECTION('ref_axis',(-1.83697019872103E-16,-1.,0.));
#2767=DIRECTION('',(1.,-1.83697019872103E-16,0.));
#2768=DIRECTION('center_axis',(1.,-1.83697019872103E-16,0.));
#2769=DIRECTION('ref_axis',(-1.83697019872103E-16,-1.,0.));
#2770=DIRECTION('',(1.,-1.83697019872103E-16,0.));
#2771=DIRECTION('center_axis',(1.,-1.83697019872103E-16,0.));
#2772=DIRECTION('ref_axis',(-1.83697019872103E-16,-1.,0.));
#2773=DIRECTION('',(1.,-1.83697019872103E-16,0.));
#2774=DIRECTION('center_axis',(1.,-1.83697019872103E-16,0.));
#2775=DIRECTION('ref_axis',(-1.83697019872103E-16,-1.,0.));
#2776=DIRECTION('',(1.,-1.83697019872103E-16,0.));
#2777=DIRECTION('center_axis',(1.,-1.83697019872103E-16,0.));
#2778=DIRECTION('ref_axis',(-1.83697019872103E-16,-1.,0.));
#2779=DIRECTION('',(1.,-1.83697019872103E-16,0.));
#2780=DIRECTION('center_axis',(1.,-1.83697019872103E-16,0.));
#2781=DIRECTION('ref_axis',(-1.83697019872103E-16,-1.,0.));
#2782=DIRECTION('',(1.,-1.83697019872103E-16,0.));
#2783=DIRECTION('center_axis',(1.,-1.83697019872103E-16,0.));
#2784=DIRECTION('ref_axis',(-1.83697019872103E-16,-1.,0.));
#2785=DIRECTION('',(1.,-1.83697019872103E-16,0.));
#2786=DIRECTION('center_axis',(1.,-1.83697019872103E-16,0.));
#2787=DIRECTION('ref_axis',(-1.83697019872103E-16,-1.,0.));
#2788=DIRECTION('',(1.,-1.83697019872103E-16,0.));
#2789=DIRECTION('center_axis',(1.,-1.83697019872103E-16,0.));
#2790=DIRECTION('ref_axis',(-1.83697019872103E-16,-1.,0.));
#2791=DIRECTION('',(1.,-1.83697019872103E-16,0.));
#2792=DIRECTION('center_axis',(1.,-1.83697019872103E-16,0.));
#2793=DIRECTION('ref_axis',(9.37586321092453E-17,0.510398220801425,-0.85993816998825));
#2794=DIRECTION('',(1.,-1.83697019872103E-16,0.));
#2795=DIRECTION('center_axis',(0.,0.,-1.));
#2796=DIRECTION('ref_axis',(-1.,0.,0.));
#2797=DIRECTION('center_axis',(0.,0.,1.));
#2798=DIRECTION('ref_axis',(-1.,0.,0.));
#2799=DIRECTION('',(0.,0.,-1.));
#2800=DIRECTION('center_axis',(0.,0.,-1.));
#2801=DIRECTION('ref_axis',(-1.,0.,0.));
#2802=DIRECTION('center_axis',(0.,0.,-1.));
#2803=DIRECTION('ref_axis',(-1.,0.,0.));
#2804=DIRECTION('center_axis',(0.,0.,1.));
#2805=DIRECTION('ref_axis',(-1.,0.,0.));
#2806=DIRECTION('',(0.,0.,-1.));
#2807=DIRECTION('',(0.,0.,-1.));
#2808=DIRECTION('center_axis',(0.,0.,-1.));
#2809=DIRECTION('ref_axis',(-1.,0.,0.));
#2810=DIRECTION('center_axis',(1.,-1.83697019872103E-16,0.));
#2811=DIRECTION('ref_axis',(-1.83697019872103E-16,-1.,0.));
#2812=DIRECTION('center_axis',(1.,-1.83697019872103E-16,0.));
#2813=DIRECTION('ref_axis',(0.,-1.,-7.33440035142944E-14));
#2814=DIRECTION('center_axis',(-1.22464679914735E-16,-1.,0.));
#2815=DIRECTION('ref_axis',(-1.,1.22464679914735E-16,0.));
#2816=DIRECTION('center_axis',(-1.22464679914735E-16,-1.,0.));
#2817=DIRECTION('ref_axis',(-1.,0.,-6.63588603224568E-14));
#2818=DIRECTION('center_axis',(-1.,6.12323399573677E-17,0.));
#2819=DIRECTION('ref_axis',(6.12323399573677E-17,1.,0.));
#2820=DIRECTION('center_axis',(-1.,6.12323399573676E-17,0.));
#2821=DIRECTION('ref_axis',(0.,1.,-6.98514319183756E-14));
#2822=DIRECTION('center_axis',(0.,1.,0.));
#2823=DIRECTION('ref_axis',(1.,0.,0.));
#2824=DIRECTION('center_axis',(0.,1.,0.));
#2825=DIRECTION('ref_axis',(1.,0.,-5.93737171306193E-14));
#2826=DIRECTION('center_axis',(1.,-1.83697019872103E-16,0.));
#2827=DIRECTION('ref_axis',(0.,-1.,-7.33440035142944E-14));
#2828=DIRECTION('center_axis',(-1.22464679914735E-16,-1.,0.));
#2829=DIRECTION('ref_axis',(-1.,0.,-6.63588603224568E-14));
#2830=DIRECTION('center_axis',(-1.,6.12323399573676E-17,0.));
#2831=DIRECTION('ref_axis',(0.,1.,-6.98514319183756E-14));
#2832=DIRECTION('center_axis',(1.,-1.83697019872103E-16,0.));
#2833=DIRECTION('ref_axis',(-1.83697019872103E-16,-1.,0.));
#2834=DIRECTION('center_axis',(-1.22464679914735E-16,-1.,0.));
#2835=DIRECTION('ref_axis',(-1.,1.22464679914735E-16,0.));
#2836=DIRECTION('center_axis',(-1.,6.12323399573677E-17,0.));
#2837=DIRECTION('ref_axis',(6.12323399573677E-17,1.,0.));
#2838=DIRECTION('center_axis',(0.,1.,0.));
#2839=DIRECTION('ref_axis',(1.,0.,-5.93737171306193E-14));
#2840=DIRECTION('center_axis',(0.,1.,0.));
#2841=DIRECTION('ref_axis',(1.,0.,0.));
#2842=DIRECTION('center_axis',(0.,0.,1.));
#2843=DIRECTION('ref_axis',(1.,0.,0.));
#2844=DIRECTION('center_axis',(0.,0.,-1.));
#2845=DIRECTION('ref_axis',(1.,0.,0.));
#2846=DIRECTION('center_axis',(0.,0.,1.));
#2847=DIRECTION('ref_axis',(1.,0.,0.));
#2848=DIRECTION('center_axis',(0.,0.,-1.));
#2849=DIRECTION('ref_axis',(1.,0.,0.));
#2850=DIRECTION('center_axis',(0.,0.,1.));
#2851=DIRECTION('ref_axis',(1.,0.,0.));
#2852=DIRECTION('',(0.,0.,-1.));
#2853=DIRECTION('center_axis',(0.,0.,-1.));
#2854=DIRECTION('ref_axis',(1.,0.,0.));
#2855=DIRECTION('center_axis',(0.,0.,1.));
#2856=DIRECTION('ref_axis',(1.,0.,0.));
#2857=DIRECTION('',(0.,0.,-1.));
#2858=DIRECTION('center_axis',(0.,0.,-1.));
#2859=DIRECTION('ref_axis',(1.,0.,0.));
#2860=DIRECTION('center_axis',(0.,0.,1.));
#2861=DIRECTION('ref_axis',(1.,0.,0.));
#2862=DIRECTION('center_axis',(0.,0.,1.));
#2863=DIRECTION('ref_axis',(1.,0.,0.));
#2864=DIRECTION('center_axis',(0.,0.,-1.));
#2865=DIRECTION('ref_axis',(-1.,0.,0.));
#2866=CARTESIAN_POINT('',(0.,0.,0.));
#2867=CARTESIAN_POINT('Origin',(0.,-22.1041828560753,50.0000008493662));
#2868=CARTESIAN_POINT('',(-2.53899408073762,-14.8958171439247,49.999792773016));
#2869=CARTESIAN_POINT('',(-2.5472121112753,-14.8541828560753,49.9990186030896));
#2870=CARTESIAN_POINT('',(-2.54305,-22.1041828560753,50.0000008493663));
#2871=CARTESIAN_POINT('',(0.911830595622107,-14.7,52.3739570973597));
#2872=CARTESIAN_POINT('Ctrl Pts',(-2.5472121112753,-14.8541828560753,49.9990186030896));
#2873=CARTESIAN_POINT('Ctrl Pts',(-2.54302861039665,-14.8292599537,50.7923636559896));
#2874=CARTESIAN_POINT('Ctrl Pts',(-1.71496429619023,-14.7778656683416,52.4354362181783));
#2875=CARTESIAN_POINT('Ctrl Pts',(0.122135926953647,-14.7264713829832,52.6772768239554));
#2876=CARTESIAN_POINT('Ctrl Pts',(0.911830595622142,-14.7,52.3739570973597));
#2877=CARTESIAN_POINT('',(1.97970874999198,-14.7,51.6031724083196));
#2878=CARTESIAN_POINT('Origin',(0.,-14.7,50.0000008493662));
#2879=CARTESIAN_POINT('Ctrl Pts',(-2.53899408073762,-14.8958171439247,49.999792773016));
#2880=CARTESIAN_POINT('Ctrl Pts',(-2.53852974558944,-14.8821264415083,50.4389855584894));
#2881=CARTESIAN_POINT('Ctrl Pts',(-2.22205115085852,-14.8421313593669,51.7225474160708));
#2882=CARTESIAN_POINT('Ctrl Pts',(-0.220974673837184,-14.7768589780587,
52.973452554322));
#2883=CARTESIAN_POINT('Ctrl Pts',(1.47164763537989,-14.7252772991669,52.2268667503691));
#2884=CARTESIAN_POINT('Ctrl Pts',(1.97972031868576,-14.7,51.603179811556));
#2885=CARTESIAN_POINT('Origin',(0.,-22.1041828560753,50.0000008493662));
#2886=CARTESIAN_POINT('',(-2.54525332238463,-15.3958171439247,49.9981651641077));
#2887=CARTESIAN_POINT('',(-2.54297079219107,-15.3541828560753,50.0023276284672));
#2888=CARTESIAN_POINT('',(-2.54305,-22.1041828560753,50.0000008493663));
#2889=CARTESIAN_POINT('Ctrl Pts',(-2.54297079219107,-15.3541828560753,50.0023276284672));
#2890=CARTESIAN_POINT('Ctrl Pts',(-2.54481292660641,-15.3478929679156,50.2032999639096));
#2891=CARTESIAN_POINT('Ctrl Pts',(-2.43117136519712,-15.3151316967728,51.2480195715782));
#2892=CARTESIAN_POINT('Ctrl Pts',(-0.990337956391652,-15.2558990426468,
52.838364286779));
#2893=CARTESIAN_POINT('Ctrl Pts',(1.8482922518805,-15.1764848936973,52.370718507894));
#2894=CARTESIAN_POINT('Ctrl Pts',(2.99440888558165,-15.0970707447477,49.7317573105707));
#2895=CARTESIAN_POINT('Ctrl Pts',(1.39698970527264,-15.0176565957982,47.3382383576057));
#2896=CARTESIAN_POINT('Ctrl Pts',(-1.47835971086241,-14.9382424468486,47.383246296613));
#2897=CARTESIAN_POINT('Ctrl Pts',(-2.52441828369197,-14.8837512002743,49.0580401957735));
#2898=CARTESIAN_POINT('Ctrl Pts',(-2.54747203565675,-14.8557313366832,49.9497274165605));
#2899=CARTESIAN_POINT('Ctrl Pts',(-2.5472121112753,-14.8541828560753,49.9990186030896));
#2900=CARTESIAN_POINT('Ctrl Pts',(-2.54525332238463,-15.3958171439247,49.9981651641076));
#2901=CARTESIAN_POINT('Ctrl Pts',(-2.53939241819644,-15.3732860531908,50.7164036435127));
#2902=CARTESIAN_POINT('Ctrl Pts',(-1.84813848709269,-15.3244505827321,52.2830435348336));
#2903=CARTESIAN_POINT('Ctrl Pts',(0.800877575151849,-15.2493107325485,52.8909086461674));
#2904=CARTESIAN_POINT('Ctrl Pts',(2.85785187267989,-15.1703975933738,50.9119612565313));
#2905=CARTESIAN_POINT('Ctrl Pts',(2.32730613381762,-15.0914844541992,48.1072550971485));
#2906=CARTESIAN_POINT('Ctrl Pts',(-0.31021029484467,-15.0125713150246,47.0163774608089));
#2907=CARTESIAN_POINT('Ctrl Pts',(-2.25822819032207,-14.9473488782664,48.347152171421));
#2908=CARTESIAN_POINT('Ctrl Pts',(-2.53942188740114,-14.9084308212331,49.5951505637541));
#2909=CARTESIAN_POINT('Ctrl Pts',(-2.53899408073762,-14.8958171439247,49.999792773016));
#2910=CARTESIAN_POINT('Origin',(0.,-22.1041828560753,50.0000008493662));
#2911=CARTESIAN_POINT('',(-2.54408524409502,-15.8958171439247,50.0021508253306));
#2912=CARTESIAN_POINT('',(-2.53898310830505,-15.8541828560753,49.9995331480604));
#2913=CARTESIAN_POINT('',(-2.54305,-22.1041828560753,50.0000008493663));
#2914=CARTESIAN_POINT('Ctrl Pts',(-2.53898310830505,-15.8541828560753,49.9995331480604));
#2915=CARTESIAN_POINT('Ctrl Pts',(-2.53823900546436,-15.8400545991481,50.4527414519619));
#2916=CARTESIAN_POINT('Ctrl Pts',(-2.20602652036513,-15.7994549592377,51.7561210829331));
#2917=CARTESIAN_POINT('Ctrl Pts',(-0.120892687391477,-15.7323839363441,
53.003744666097));
#2918=CARTESIAN_POINT('Ctrl Pts',(2.45869708195427,-15.6529697873946,51.7297081221969));
#2919=CARTESIAN_POINT('Ctrl Pts',(2.78626590876392,-15.573555638445,48.8713593529322));
#2920=CARTESIAN_POINT('Ctrl Pts',(0.561758316413925,-15.4941414894955,47.046778328017));
#2921=CARTESIAN_POINT('Ctrl Pts',(-1.96032058914546,-15.4210172287056,47.8574592348027));
#2922=CARTESIAN_POINT('Ctrl Pts',(-2.5370601900907,-15.3743643508988,49.3574954717624));
#2923=CARTESIAN_POINT('Ctrl Pts',(-2.54297079219107,-15.3541828560753,50.0023276284672));
#2924=CARTESIAN_POINT('Ctrl Pts',(-2.54408524409502,-15.8958171439247,50.0021508253306));
#2925=CARTESIAN_POINT('Ctrl Pts',(-2.54553634025392,-15.8907500445983,50.1638703273333));
#2926=CARTESIAN_POINT('Ctrl Pts',(-2.45813740216065,-15.859378565547,51.1635477866508));
#2927=CARTESIAN_POINT('Ctrl Pts',(-1.13527175167108,-15.8017027067708,52.7766887881101));
#2928=CARTESIAN_POINT('Ctrl Pts',(1.70255276213614,-15.7227895675962,52.4698490289246));
#2929=CARTESIAN_POINT('Ctrl Pts',(2.99891451662112,-15.6438764284216,49.9268499731598));
#2930=CARTESIAN_POINT('Ctrl Pts',(1.58010713695205,-15.5649632892469,47.4500790986597));
#2931=CARTESIAN_POINT('Ctrl Pts',(-1.26930106892488,-15.4860501500723,47.2819683477358));
#2932=CARTESIAN_POINT('Ctrl Pts',(-2.4840699549122,-15.4296681016316,48.9200947964585));
#2933=CARTESIAN_POINT('Ctrl Pts',(-2.54623484988863,-15.3995904329157,49.8778815356204));
#2934=CARTESIAN_POINT('Ctrl Pts',(-2.54525332238463,-15.3958171439247,49.9981651641076));
#2935=CARTESIAN_POINT('Origin',(0.,-22.1041828560753,50.0000008493662));
#2936=CARTESIAN_POINT('',(-2.53907547905153,-16.3958171439247,49.9996149351034));
#2937=CARTESIAN_POINT('',(-2.5446789151252,-16.3541828560753,49.9979004415767));
#2938=CARTESIAN_POINT('',(-2.54305,-22.1041828560753,50.0000008493663));
#2939=CARTESIAN_POINT('Ctrl Pts',(-2.5446789151252,-16.3541828560753,49.9979004415767));
#2940=CARTESIAN_POINT('Ctrl Pts',(-2.53844595972663,-16.3322162303805,50.6985533148116));
#2941=CARTESIAN_POINT('Ctrl Pts',(-1.87457828625989,-16.2837782217025,52.2539180980058));
#2942=CARTESIAN_POINT('Ctrl Pts',(0.75908975749684,-16.2088688300414,52.9087588587137));
#2943=CARTESIAN_POINT('Ctrl Pts',(2.85585277998917,-16.1294546810919,50.938720750457));
#2944=CARTESIAN_POINT('Ctrl Pts',(2.33681572085822,-16.0500405321423,48.1088681523273));
#2945=CARTESIAN_POINT('Ctrl Pts',(-0.322613075946576,-15.9706263831927,
47.011186454811));
#2946=CARTESIAN_POINT('Ctrl Pts',(-2.26598806301254,-15.9053404911704,48.3593416157185));
#2947=CARTESIAN_POINT('Ctrl Pts',(-2.53963319240308,-15.8665259821312,49.6035885348293));
#2948=CARTESIAN_POINT('Ctrl Pts',(-2.53898310830505,-15.8541828560753,49.9995331480604));
#2949=CARTESIAN_POINT('Ctrl Pts',(-2.53907547905153,-16.3958171439247,49.9996149351034));
#2950=CARTESIAN_POINT('Ctrl Pts',(-2.5384638632046,-16.3819096562809,50.4457066035473));
#2951=CARTESIAN_POINT('Ctrl Pts',(-2.21473482673113,-16.3416977889122,51.736358365335));
#2952=CARTESIAN_POINT('Ctrl Pts',(-0.164440829460484,-16.2751815418186,
52.9952966114828));
#2953=CARTESIAN_POINT('Ctrl Pts',(2.41685647080739,-16.1962684026439,51.7769764411128));
#2954=CARTESIAN_POINT('Ctrl Pts',(2.80997158843493,-16.1173552634693,48.9498117390912));
#2955=CARTESIAN_POINT('Ctrl Pts',(0.658984517518904,-16.0384421242947,47.0734710019079));
#2956=CARTESIAN_POINT('Ctrl Pts',(-1.91220853597805,-15.9645960844465,47.7971085255818));
#2957=CARTESIAN_POINT('Ctrl Pts',(-2.53800339449502,-15.9170544243232,49.3243503346206));
#2958=CARTESIAN_POINT('Ctrl Pts',(-2.54408524409502,-15.8958171439247,50.0021508253306));
#2959=CARTESIAN_POINT('Origin',(0.,-22.1041828560753,50.0000008493662));
#2960=CARTESIAN_POINT('',(-2.54543459301157,-16.8958171439247,49.9982377553549));
#2961=CARTESIAN_POINT('',(-2.54570665677696,-16.8541828560753,50.0017329136807));
#2962=CARTESIAN_POINT('',(-2.54305,-22.1041828560753,50.0000008493663));
#2963=CARTESIAN_POINT('Ctrl Pts',(-2.54570665677696,-16.8541828560753,50.0017329136807));
#2964=CARTESIAN_POINT('Ctrl Pts',(-2.54653557623407,-16.8508492445961,50.1079509455275));
#2965=CARTESIAN_POINT('Ctrl Pts',(-2.49224974279164,-16.8210442501337,51.0567663060475));
#2966=CARTESIAN_POINT('Ctrl Pts',(-1.29992913457502,-16.7647678726882,52.7105865068955));
#2967=CARTESIAN_POINT('Ctrl Pts',(1.57327038801781,-16.6853537237386,52.5616235087561));
#2968=CARTESIAN_POINT('Ctrl Pts',(3.00544289878554,-16.6059395747891,50.066358519354));
#2969=CARTESIAN_POINT('Ctrl Pts',(1.68479909361374,-16.5265254258396,47.510313644562));
#2970=CARTESIAN_POINT('Ctrl Pts',(-1.17902573521105,-16.44711127689,47.2346819371802));
#2971=CARTESIAN_POINT('Ctrl Pts',(-2.4694865698595,-16.3896637536353,48.8675535584436));
#2972=CARTESIAN_POINT('Ctrl Pts',(-2.54595712469868,-16.3586876133637,49.854215599799));
#2973=CARTESIAN_POINT('Ctrl Pts',(-2.5446789151252,-16.3541828560753,49.9979004415767));
#2974=CARTESIAN_POINT('Ctrl Pts',(-2.54543459301157,-16.8958171439247,49.9982377553549));
#2975=CARTESIAN_POINT('Ctrl Pts',(-2.53968380947684,-16.8730692679635,50.7232506869347));
#2976=CARTESIAN_POINT('Ctrl Pts',(-1.83707952948745,-16.8240170122773,52.2963747937126));
#2977=CARTESIAN_POINT('Ctrl Pts',(0.824486522969957,-16.7486603768663,52.8842788270964));
#2978=CARTESIAN_POINT('Ctrl Pts',(2.86519028824504,-16.6697472376917,50.8885514055881));
#2979=CARTESIAN_POINT('Ctrl Pts',(2.31179777945219,-16.590834098517,48.0883448902349));
#2980=CARTESIAN_POINT('Ctrl Pts',(-0.334658506629838,-16.5119209593424,
47.018920312958));
#2981=CARTESIAN_POINT('Ctrl Pts',(-2.26511360506671,-16.4469153078117,48.3613203818368));
#2982=CARTESIAN_POINT('Ctrl Pts',(-2.53962066275714,-16.4082140360058,49.6019765971402));
#2983=CARTESIAN_POINT('Ctrl Pts',(-2.53907547905153,-16.3958171439247,49.9996149351034));
#2984=CARTESIAN_POINT('Origin',(0.,-22.1041828560753,50.0000008493662));
#2985=CARTESIAN_POINT('',(-2.54388069187213,-17.3958171439247,50.0021831838225));
#2986=CARTESIAN_POINT('',(-2.53931994641666,-17.3541828560753,50.001051304115));
#2987=CARTESIAN_POINT('',(-2.54305,-22.1041828560753,50.0000008493663));
#2988=CARTESIAN_POINT('Ctrl Pts',(-2.53931994641666,-17.3541828560753,50.001051304115));
#2989=CARTESIAN_POINT('Ctrl Pts',(-2.54065168602234,-17.3430108758285,50.3593090179789));
#2990=CARTESIAN_POINT('Ctrl Pts',(-2.30243321554675,-17.3053675125986,51.5647471110429));
#2991=CARTESIAN_POINT('Ctrl Pts',(-0.454215302760032,-17.2412527663855,
52.9716634850508));
#2992=CARTESIAN_POINT('Ctrl Pts',(2.2510698461542,-17.1618386174359,51.9924302482031));
#2993=CARTESIAN_POINT('Ctrl Pts',(2.89450187923464,-17.0824244684864,49.1882439691088));
#2994=CARTESIAN_POINT('Ctrl Pts',(0.88673331604789,-17.0030103195368,47.12758124426));
#2995=CARTESIAN_POINT('Ctrl Pts',(-1.81485771200731,-16.9269297820665,47.6739527064488));
#2996=CARTESIAN_POINT('Ctrl Pts',(-2.53995333215779,-16.8773206275793,49.2644998660292));
#2997=CARTESIAN_POINT('Ctrl Pts',(-2.54570665677696,-16.8541828560753,50.0017329136807));
#2998=CARTESIAN_POINT('Ctrl Pts',(-2.54388069187213,-17.3958171439247,50.0021831838225));
#2999=CARTESIAN_POINT('Ctrl Pts',(-2.54540272479278,-17.3905332593709,50.1708564938701));
#3000=CARTESIAN_POINT('Ctrl Pts',(-2.45356781039759,-17.3589449950922,51.1775756695677));
#3001=CARTESIAN_POINT('Ctrl Pts',(-1.11254138435344,-17.3010523510887,52.7858739884871));
#3002=CARTESIAN_POINT('Ctrl Pts',(1.72268094947539,-17.222139211914,52.4558526008965));
#3003=CARTESIAN_POINT('Ctrl Pts',(2.9982162178207,-17.1432260727394,49.9023433336883));
#3004=CARTESIAN_POINT('Ctrl Pts',(1.55921571802332,-17.0643129335648,47.4372515787898));
#3005=CARTESIAN_POINT('Ctrl Pts',(-1.2914731088826,-16.9853997943902,47.2924309632438));
#3006=CARTESIAN_POINT('Ctrl Pts',(-2.48819207212118,-16.9292345311768,48.934097247939));
#3007=CARTESIAN_POINT('Ctrl Pts',(-2.54633369600122,-16.8993736476883,49.884886019825));
#3008=CARTESIAN_POINT('Ctrl Pts',(-2.54543459301157,-16.8958171439247,49.9982377553549));
#3009=CARTESIAN_POINT('Origin',(0.,-22.1041828560753,50.0000008493662));
#3010=CARTESIAN_POINT('',(-2.53911174739357,-17.8958171439247,49.9995057299226));
#3011=CARTESIAN_POINT('',(-2.54185905546455,-17.8541828560753,49.997743960727));
#3012=CARTESIAN_POINT('',(-2.54305,-22.1041828560753,50.0000008493663));
#3013=CARTESIAN_POINT('Ctrl Pts',(-2.54185905546455,-17.8541828560753,49.997743960727));
#3014=CARTESIAN_POINT('Ctrl Pts',(-2.53665725150937,-17.8351725070609,50.6058270377195));
#3015=CARTESIAN_POINT('Ctrl Pts',(-2.01320764772167,-17.7896907750634,52.0686895703567));
#3016=CARTESIAN_POINT('Ctrl Pts',(0.4308728305854,-17.7177376600828,52.9751376471371));
#3017=CARTESIAN_POINT('Ctrl Pts',(2.73373210275563,-17.6383235111332,51.2505204021726));
#3018=CARTESIAN_POINT('Ctrl Pts',(2.5326468333978,-17.5589093621837,48.3804977222106));
#3019=CARTESIAN_POINT('Ctrl Pts',(0.0117997967073134,-17.4794952132341,
46.9938486365891));
#3020=CARTESIAN_POINT('Ctrl Pts',(-2.16370203642181,-17.4112530445313,48.1683817940066));
#3021=CARTESIAN_POINT('Ctrl Pts',(-2.53749620343489,-17.3694822588117,49.5104373818933));
#3022=CARTESIAN_POINT('Ctrl Pts',(-2.53931994641666,-17.3541828560753,50.001051304115));
#3023=CARTESIAN_POINT('Ctrl Pts',(-2.53911174739357,-17.8958171439247,49.9995057299227));
#3024=CARTESIAN_POINT('Ctrl Pts',(-2.53831416962168,-17.8816928710535,50.4525347442464));
#3025=CARTESIAN_POINT('Ctrl Pts',(-2.20718593598926,-17.8412642184574,51.7503520441637));
#3026=CARTESIAN_POINT('Ctrl Pts',(-0.139956226046796,-17.7745311861364,
52.9965404759966));
#3027=CARTESIAN_POINT('Ctrl Pts',(2.43129812894727,-17.6956180469618,51.7571652945317));
#3028=CARTESIAN_POINT('Ctrl Pts',(2.80129505133016,-17.6167049077872,48.9268822564004));
#3029=CARTESIAN_POINT('Ctrl Pts',(0.635045398577357,-17.5377917686125,47.0681831843465));
#3030=CARTESIAN_POINT('Ctrl Pts',(-1.92261739785577,-17.4641625139917,47.8106236772139));
#3031=CARTESIAN_POINT('Ctrl Pts',(-2.53782569855559,-17.4168376390958,49.3311623726688));
#3032=CARTESIAN_POINT('Ctrl Pts',(-2.54388069187213,-17.3958171439247,50.0021831838225));
#3033=CARTESIAN_POINT('Origin',(0.,-22.1041828560753,50.0000008493662));
#3034=CARTESIAN_POINT('',(-2.54561050022741,-18.3958171439247,49.998315282071));
#3035=CARTESIAN_POINT('',(-2.54723623350831,-18.3541828560753,50.0002251017548));
#3036=CARTESIAN_POINT('',(-2.54305,-22.1041828560753,50.0000008493663));
#3037=CARTESIAN_POINT('Ctrl Pts',(-2.54723623350831,-18.3541828560753,50.0002251017548));
#3038=CARTESIAN_POINT('Ctrl Pts',(-2.54725136811579,-18.3538055212766,50.0122289400344));
#3039=CARTESIAN_POINT('Ctrl Pts',(-2.54173628160205,-18.3269568034947,50.8663305872971));
#3040=CARTESIAN_POINT('Ctrl Pts',(-1.59333144328451,-18.2736367027296,52.5491939125582));
#3041=CARTESIAN_POINT('Ctrl Pts',(1.27861013776853,-18.1942225537801,52.7207078304976));
#3042=CARTESIAN_POINT('Ctrl Pts',(2.97941689110052,-18.1148084048305,50.4002074842637));
#3043=CARTESIAN_POINT('Ctrl Pts',(1.95124568280545,-18.035394255881,47.7131404148578));
#3044=CARTESIAN_POINT('Ctrl Pts',(-0.86415660483072,-17.9559801069314,47.120708623156));
#3045=CARTESIAN_POINT('Ctrl Pts',(-2.40355805892358,-17.8955763069962,48.6760481200586));
#3046=CARTESIAN_POINT('Ctrl Pts',(-2.54390061903499,-17.8616438900441,49.7590882427329));
#3047=CARTESIAN_POINT('Ctrl Pts',(-2.54185905546455,-17.8541828560753,49.997743960727));
#3048=CARTESIAN_POINT('Ctrl Pts',(-2.54561050022741,-18.3958171439247,49.998315282071));
#3049=CARTESIAN_POINT('Ctrl Pts',(-2.5399920106465,-18.3728524827361,50.7301051863046));
#3050=CARTESIAN_POINT('Ctrl Pts',(-1.82592135145114,-18.3235834418225,52.30968302836));
#3051=CARTESIAN_POINT('Ctrl Pts',(0.848030806899747,-18.2480100211841,52.8774443726494));
#3052=CARTESIAN_POINT('Ctrl Pts',(2.87235630035644,-18.1690968820095,50.8651059083077));
#3053=CARTESIAN_POINT('Ctrl Pts',(2.29609752978465,-18.0901837428349,48.0695155184486));
#3054=CARTESIAN_POINT('Ctrl Pts',(-0.359010269313487,-18.0112706036603,
47.0217548713283));
#3055=CARTESIAN_POINT('Ctrl Pts',(-2.27202909804825,-17.9464817373569,48.375357601613));
#3056=CARTESIAN_POINT('Ctrl Pts',(-2.53979954085199,-17.9079972507784,49.6088348718496));
#3057=CARTESIAN_POINT('Ctrl Pts',(-2.53911174739357,-17.8958171439247,49.9995057299227));
#3058=CARTESIAN_POINT('Origin',(0.,-22.1041828560753,50.0000008493662));
#3059=CARTESIAN_POINT('',(-2.54367506448228,-18.8958171439247,50.002209534759));
#3060=CARTESIAN_POINT('',(-2.54119999710997,-18.8541828560753,50.0021222449263));
#3061=CARTESIAN_POINT('',(-2.54305,-22.1041828560753,50.0000008493663));
#3062=CARTESIAN_POINT('Ctrl Pts',(-2.54119999710997,-18.8541828560753,50.0021222449263));
#3063=CARTESIAN_POINT('Ctrl Pts',(-2.54327318555997,-18.845967152509,50.2650900795889));
#3064=CARTESIAN_POINT('Ctrl Pts',(-2.38470138519331,-18.8112800659595,51.3729136550849));
#3065=CARTESIAN_POINT('Ctrl Pts',(-0.781901004896142,-18.7501215964268,
52.9027101321334));
#3066=CARTESIAN_POINT('Ctrl Pts',(2.01550930056316,-18.6707074474773,52.2304296468215));
#3067=CARTESIAN_POINT('Ctrl Pts',(2.96682667475683,-18.5912932985278,49.5152020831436));
#3068=CARTESIAN_POINT('Ctrl Pts',(1.20069801582666,-18.5118791495782,47.2440228675278));
#3069=CARTESIAN_POINT('Ctrl Pts',(-1.65158508754007,-18.4328423354274,47.4959613690013));
#3070=CARTESIAN_POINT('Ctrl Pts',(-2.5461896213802,-18.3802769042597,49.1701168383896));
#3071=CARTESIAN_POINT('Ctrl Pts',(-2.54723623350831,-18.3541828560753,50.0002251017548));
#3072=CARTESIAN_POINT('Ctrl Pts',(-2.54367506448228,-18.8958171439247,50.002209534759));
#3073=CARTESIAN_POINT('Ctrl Pts',(-2.54526469394433,-18.8903164741435,50.1778396675311));
#3074=CARTESIAN_POINT('Ctrl Pts',(-2.44893278836772,-18.8585114246374,51.1916069684983));
#3075=CARTESIAN_POINT('Ctrl Pts',(-1.08973662670145,-18.8004019954065,52.7948732193674));
#3076=CARTESIAN_POINT('Ctrl Pts',(1.74269391550132,-18.7214888562319,52.4416919422357));
#3077=CARTESIAN_POINT('Ctrl Pts',(2.99731798289371,-18.6425757170573,49.8778436144864));
#3078=CARTESIAN_POINT('Ctrl Pts',(1.53821952842785,-18.5636625778826,47.4245944423063));
#3079=CARTESIAN_POINT('Ctrl Pts',(-1.31355764714823,-18.484749438708,47.3030759734316));
#3080=CARTESIAN_POINT('Ctrl Pts',(-2.4922529697679,-18.4288009607221,48.9480936440195));
#3081=CARTESIAN_POINT('Ctrl Pts',(-2.54642758930374,-18.399156862461,49.8918921004829));
#3082=CARTESIAN_POINT('Ctrl Pts',(-2.54561050022741,-18.3958171439247,49.998315282071));
#3083=CARTESIAN_POINT('Origin',(0.,-22.1041828560753,50.0000008493662));
#3084=CARTESIAN_POINT('',(-2.53915694525291,-19.3958171439247,49.9993977247232));
#3085=CARTESIAN_POINT('',(-2.53967029629444,-19.3541828560753,49.9986105244505));
#3086=CARTESIAN_POINT('',(-2.54305,-22.1041828560753,50.0000008493663));
#3087=CARTESIAN_POINT('Ctrl Pts',(-2.53967029629444,-19.3541828560753,49.9986105244505));
#3088=CARTESIAN_POINT('Ctrl Pts',(-2.53711682538825,-19.3381287837414,50.5132471769993));
#3089=CARTESIAN_POINT('Ctrl Pts',(-2.13514118608356,-19.2956033284244,51.8801293190291));
#3090=CARTESIAN_POINT('Ctrl Pts',(0.0973096457021166,-19.2266064901241,
53.0046008589104));
#3091=CARTESIAN_POINT('Ctrl Pts',(2.57769115960546,-19.1471923411746,51.5468035583596));
#3092=CARTESIAN_POINT('Ctrl Pts',(2.69705285657232,-19.067778192225,48.6722221557434));
#3093=CARTESIAN_POINT('Ctrl Pts',(0.346066126976146,-18.9883640432755,47.0138112037865));
#3094=CARTESIAN_POINT('Ctrl Pts',(-2.04588640354805,-18.9171655978922,47.9791855697702));
#3095=CARTESIAN_POINT('Ctrl Pts',(-2.53659327494568,-18.8724385354922,49.4177953582729));
#3096=CARTESIAN_POINT('Ctrl Pts',(-2.54119999710997,-18.8541828560753,50.0021222449263));
#3097=CARTESIAN_POINT('Ctrl Pts',(-2.53915694525291,-19.3958171439247,49.9993977247232));
#3098=CARTESIAN_POINT('Ctrl Pts',(-2.53816943089909,-19.3814760858261,50.4593595026164));
#3099=CARTESIAN_POINT('Ctrl Pts',(-2.19955588178091,-19.3408306480026,51.7643385292342));
#3100=CARTESIAN_POINT('Ctrl Pts',(-0.115462216292746,-19.2738808304543,
52.9975842326555));
#3101=CARTESIAN_POINT('Ctrl Pts',(2.44557736618575,-19.1949676912796,51.7372367648319));
#3102=CARTESIAN_POINT('Ctrl Pts',(2.79243143234969,-19.116054552105,48.9040244636629));
#3103=CARTESIAN_POINT('Ctrl Pts',(0.611063846255882,-19.0371414129304,47.0630911689452));
#3104=CARTESIAN_POINT('Ctrl Pts',(-1.93293355353375,-18.963728943537,47.8241619992219));
#3105=CARTESIAN_POINT('Ctrl Pts',(-2.53766303475466,-18.9166208538684,49.3379707265965));
#3106=CARTESIAN_POINT('Ctrl Pts',(-2.54367506448228,-18.8958171439247,50.002209534759));
#3107=CARTESIAN_POINT('Origin',(0.,-22.1041828560753,50.0000008493662));
#3108=CARTESIAN_POINT('',(-2.54577603598773,-19.8958171439247,49.9984002859899));
#3109=CARTESIAN_POINT('',(-2.54627502063306,-19.8541828560753,49.9985877928351));
#3110=CARTESIAN_POINT('',(-2.54305,-22.1041828560753,50.0000008493663));
#3111=CARTESIAN_POINT('Ctrl Pts',(-2.54627502063306,-19.8541828560753,49.9985877928351));
#3112=CARTESIAN_POINT('Ctrl Pts',(-2.54119899792732,-19.8302904149738,50.7594204132918));
#3113=CARTESIAN_POINT('Ctrl Pts',(-1.77489752036986,-19.7799265908892,52.3720785476143));
#3114=CARTESIAN_POINT('Ctrl Pts',(0.968085338571535,-19.7030913838214,52.8460337510309));
#3115=CARTESIAN_POINT('Ctrl Pts',(2.91642194548988,-19.6236772348719,50.7290905662866));
#3116=CARTESIAN_POINT('Ctrl Pts',(2.1934812827149,-19.5442630859223,47.9443426714943));
#3117=CARTESIAN_POINT('Ctrl Pts',(-0.538565058537513,-19.4648489369728,
47.0424616241348));
#3118=CARTESIAN_POINT('Ctrl Pts',(-2.32473828980614,-19.4014888603571,48.4842116654019));
#3119=CARTESIAN_POINT('Ctrl Pts',(-2.54132721543063,-19.3646001667246,49.6646684710177));
#3120=CARTESIAN_POINT('Ctrl Pts',(-2.53967029629444,-19.3541828560753,49.9986105244505));
#3121=CARTESIAN_POINT('Ctrl Pts',(-2.54577603598773,-19.8958171439247,49.9984002859899));
#3122=CARTESIAN_POINT('Ctrl Pts',(-2.54031280303876,-19.8726356975087,50.7369697462992));
#3123=CARTESIAN_POINT('Ctrl Pts',(-1.81467417066961,-19.8231498713678,52.3229587229753));
#3124=CARTESIAN_POINT('Ctrl Pts',(0.871521856657505,-19.747359665502,52.8704196915914));
#3125=CARTESIAN_POINT('Ctrl Pts',(2.8793287407308,-19.6684465263273,50.8416016373259));
#3126=CARTESIAN_POINT('Ctrl Pts',(2.28024479313204,-19.5895333871528,48.050815588195));
#3127=CARTESIAN_POINT('Ctrl Pts',(-0.383338494627273,-19.5106202479781,
47.024788096095));
#3128=CARTESIAN_POINT('Ctrl Pts',(-2.27886676656397,-19.4460481669021,48.389398767786));
#3129=CARTESIAN_POINT('Ctrl Pts',(-2.5399807304816,-19.407780465551,49.6156972580715));
#3130=CARTESIAN_POINT('Ctrl Pts',(-2.53915694525291,-19.3958171439247,49.9993977247232));
#3131=CARTESIAN_POINT('Origin',(0.,-22.1041828560753,50.0000008493662));
#3132=CARTESIAN_POINT('',(-2.54346562574594,-20.3958171439247,50.002233850897));
#3133=CARTESIAN_POINT('',(-2.54395737425494,-20.3541828560753,50.0022504134168));
#3134=CARTESIAN_POINT('',(-2.54305,-22.1041828560753,50.0000008493663));
#3135=CARTESIAN_POINT('',(2.35957831362121,-20.6154041964228,49.0515845460539));
#3136=CARTESIAN_POINT('Ctrl Pts',(2.3595783136212,-20.6154041964228,49.0515845460539));
#3137=CARTESIAN_POINT('Ctrl Pts',(2.04607875030343,-20.589099816698,48.2716245555403));
#3138=CARTESIAN_POINT('Ctrl Pts',(0.59039017443342,-20.5364910572482,47.0600144245738));
#3139=CARTESIAN_POINT('Ctrl Pts',(-1.94438952412702,-20.4632953730822,47.8370144223513));
#3140=CARTESIAN_POINT('Ctrl Pts',(-2.53780277350759,-20.416404068641,49.3446132390361));
#3141=CARTESIAN_POINT('Ctrl Pts',(-2.54346562574594,-20.3958171439247,50.002233850897));
#3142=CARTESIAN_POINT('',(2.52764908212487,-20.5954569084217,49.7207390116503));
#3143=CARTESIAN_POINT('Ctrl Pts',(2.35957831362121,-20.6154041964228,49.0515845460539));
#3144=CARTESIAN_POINT('Ctrl Pts',(2.44648701700548,-20.6054568827628,49.2678059364437));
#3145=CARTESIAN_POINT('Ctrl Pts',(2.50297058931129,-20.598501470701,49.4963902841677));
#3146=CARTESIAN_POINT('Ctrl Pts',(2.52777663834149,-20.5954569084217,49.7217050190794));
#3147=CARTESIAN_POINT('Ctrl Pts',(2.52747277963412,-20.5954569084217,49.7194038394386));
#3148=CARTESIAN_POINT('Ctrl Pts',(2.50727770123133,-20.5891869463699,49.5200315100431));
#3149=CARTESIAN_POINT('Ctrl Pts',(2.28004201464628,-20.556445601335,48.4944237713132));
#3150=CARTESIAN_POINT('Ctrl Pts',(0.676477217450372,-20.4972328733168,47.0710183684607));
#3151=CARTESIAN_POINT('Ctrl Pts',(-1.91177970860123,-20.4230781512532,47.7928937815438));
#3152=CARTESIAN_POINT('Ctrl Pts',(-2.53776775842963,-20.3753948121726,49.3251580807972));
#3153=CARTESIAN_POINT('Ctrl Pts',(-2.54395737425494,-20.3541828560753,50.0022504134168));
#3154=CARTESIAN_POINT('Origin',(0.,-21.,50.0000008493662));
#3155=CARTESIAN_POINT('',(-2.26427947279757,-15.1932753360521,50.0020726302031));
#3156=CARTESIAN_POINT('',(-2.26073858033393,-15.0567246639479,49.9998155766882));
#3157=CARTESIAN_POINT('',(-2.26435,-21.,50.0000008493662));
#3158=CARTESIAN_POINT('',(0.515459465110061,-14.7,47.7951012003281));
#3159=CARTESIAN_POINT('Ctrl Pts',(-2.26073858033393,-15.0567246639479,49.9998155766882));
#3160=CARTESIAN_POINT('Ctrl Pts',(-2.26032513298026,-15.0430339615314,50.3908759898876));
#3161=CARTESIAN_POINT('Ctrl Pts',(-2.16386404933631,-15.029343259115,50.7820991871835));
#3162=CARTESIAN_POINT('Ctrl Pts',(-1.97249389327199,-15.0156525566985,51.119373158615));
#3163=CARTESIAN_POINT('Ctrl Pts',(-1.60480835749759,-14.9893481769736,51.7673883112331));
#3164=CARTESIAN_POINT('Ctrl Pts',(-0.886764531584954,-14.9630437972488,
52.2162490727472));
#3165=CARTESIAN_POINT('Ctrl Pts',(-0.142956498763951,-14.9367394175239,
52.2633351084182));
#3166=CARTESIAN_POINT('Ctrl Pts',(0.600851534057063,-14.910435037799,52.3104211440891));
#3167=CARTESIAN_POINT('Ctrl Pts',(1.37042377378644,-14.8841306580741,51.9557324539168));
#3168=CARTESIAN_POINT('Ctrl Pts',(1.81646446957751,-14.8578262783492,51.3586613082764));
#3169=CARTESIAN_POINT('Ctrl Pts',(2.26250516536856,-14.8315218986244,50.7615901626359));
#3170=CARTESIAN_POINT('Ctrl Pts',(2.3850143172213,-14.8052175188995,49.9221365615273));
#3171=CARTESIAN_POINT('Ctrl Pts',(2.13046060904189,-14.7789131391746,49.2231106778074));
#3172=CARTESIAN_POINT('Ctrl Pts',(1.87590690086248,-14.7526087594498,48.5240847940876));
#3173=CARTESIAN_POINT('Ctrl Pts',(1.24429033265092,-14.7263043797249,47.9654866277566));
#3174=CARTESIAN_POINT('Ctrl Pts',(0.515459465110063,-14.7,47.7951012003281));
#3175=CARTESIAN_POINT('',(-2.26037291623785,-14.7,49.8088159571573));
#3176=CARTESIAN_POINT('Origin',(0.,-14.7,50.0000008493662));
#3177=CARTESIAN_POINT('Ctrl Pts',(-2.26037776413979,-14.7,49.8088158809321));
#3178=CARTESIAN_POINT('Ctrl Pts',(-2.1974612007933,-14.7257783089418,49.081204772606));
#3179=CARTESIAN_POINT('Ctrl Pts',(-1.75172171652397,-14.7515566178837,48.3848011363078));
#3180=CARTESIAN_POINT('Ctrl Pts',(-1.11587429429557,-14.7773349268255,48.0255624634984));
#3181=CARTESIAN_POINT('Ctrl Pts',(-0.46293151706919,-14.8038063098087,47.6566653216507));
#3182=CARTESIAN_POINT('Ctrl Pts',(0.390479079186665,-14.8302776927919,47.6433068575109));
#3183=CARTESIAN_POINT('Ctrl Pts',(1.0542432974389,-14.856749075775,47.9918287055841));
#3184=CARTESIAN_POINT('Ctrl Pts',(1.71800751569113,-14.8832204587582,48.3403505536573));
#3185=CARTESIAN_POINT('Ctrl Pts',(2.19212535593975,-14.9096918417414,49.0507527139434));
#3186=CARTESIAN_POINT('Ctrl Pts',(2.25909919453327,-14.9361632247246,49.797578797341));
#3187=CARTESIAN_POINT('Ctrl Pts',(2.32607303312679,-14.9626346077078,50.5444048807386));
#3188=CARTESIAN_POINT('Ctrl Pts',(1.98590287006521,-14.9891059906909,51.3276548872477));
#3189=CARTESIAN_POINT('Ctrl Pts',(1.3945616648443,-15.0155773736741,51.7886790843455));
#3190=CARTESIAN_POINT('Ctrl Pts',(0.803220459623392,-15.0420487566573,52.2497032814433));
#3191=CARTESIAN_POINT('Ctrl Pts',(-0.0392917877568548,-15.0685201396405,
52.3885016691297));
#3192=CARTESIAN_POINT('Ctrl Pts',(-0.7472216234291,-15.0949915226237,52.1414798110654));
#3193=CARTESIAN_POINT('Ctrl Pts',(-1.45515145910135,-15.1214629056068,51.8944579530011));
#3194=CARTESIAN_POINT('Ctrl Pts',(-2.0284988830656,-15.14793428859,51.261615849186));
#3195=CARTESIAN_POINT('Ctrl Pts',(-2.20463965846651,-15.1744056715732,50.5327918668185));
#3196=CARTESIAN_POINT('Ctrl Pts',(-2.24649262014691,-15.1806955597328,50.3596153712776));
#3197=CARTESIAN_POINT('Ctrl Pts',(-2.26591972252265,-15.1869854478925,50.1810198423141));
#3198=CARTESIAN_POINT('Ctrl Pts',(-2.26427947279757,-15.1932753360521,50.0020726302031));
#3199=CARTESIAN_POINT('Origin',(0.,-21.,50.0000008493662));
#3200=CARTESIAN_POINT('',(-2.26072881040111,-15.6932753360521,49.9995844047615));
#3201=CARTESIAN_POINT('',(-2.26631185408923,-15.5567246639479,49.9983663420166));
#3202=CARTESIAN_POINT('',(-2.26435,-21.,50.0000008493662));
#3203=CARTESIAN_POINT('Ctrl Pts',(-2.26631185408923,-15.5567246639479,49.9983663420166));
#3204=CARTESIAN_POINT('Ctrl Pts',(-2.26109326287065,-15.534193573214,50.6378910469343));
#3205=CARTESIAN_POINT('Ctrl Pts',(-1.97712283741186,-15.5116624824801,51.2814742172589));
#3206=CARTESIAN_POINT('Ctrl Pts',(-1.49785588890567,-15.4891313917462,51.7030072011334));
#3207=CARTESIAN_POINT('Ctrl Pts',(-0.938325950830785,-15.4628270120214,
52.1951344490042));
#3208=CARTESIAN_POINT('Ctrl Pts',(-0.112609400516136,-15.4365226322965,
52.3846101905601));
#3209=CARTESIAN_POINT('Ctrl Pts',(0.605506324724591,-15.4102182525716,52.1856698978649));
#3210=CARTESIAN_POINT('Ctrl Pts',(1.32362204996532,-15.3839138728467,51.9867296051696));
#3211=CARTESIAN_POINT('Ctrl Pts',(1.93413695013212,-15.3576094931219,51.3993732782233));
#3212=CARTESIAN_POINT('Ctrl Pts',(2.16066077695522,-15.331305113397,50.6894733605575));
#3213=CARTESIAN_POINT('Ctrl Pts',(2.38718460377831,-15.3050007336721,49.9795734428916));
#3214=CARTESIAN_POINT('Ctrl Pts',(2.22971735725769,-15.2786963539472,49.1471299345063));
#3215=CARTESIAN_POINT('Ctrl Pts',(1.75957313614301,-15.2523919742224,48.5690206321695));
#3216=CARTESIAN_POINT('Ctrl Pts',(1.28942891502833,-15.2260875944975,47.9909113298328));
#3217=CARTESIAN_POINT('Ctrl Pts',(0.506607719319584,-15.1997832147726,47.6671362335448));
#3218=CARTESIAN_POINT('Ctrl Pts',(-0.234572952523045,-15.1734788350477,
47.7441916489501));
#3219=CARTESIAN_POINT('Ctrl Pts',(-0.975753624365674,-15.1471744553229,
47.8212470643554));
#3220=CARTESIAN_POINT('Ctrl Pts',(-1.67529377234219,-15.120870075598,48.2991329914542));
#3221=CARTESIAN_POINT('Ctrl Pts',(-2.01640022351237,-15.0945656958731,48.9616607268645));
#3222=CARTESIAN_POINT('Ctrl Pts',(-2.1799701973297,-15.0819520185647,49.2793610927256));
#3223=CARTESIAN_POINT('Ctrl Pts',(-2.26111950246229,-15.0693383412563,49.6395192449047));
#3224=CARTESIAN_POINT('Ctrl Pts',(-2.26073858033393,-15.0567246639479,49.9998155766882));
#3225=CARTESIAN_POINT('Ctrl Pts',(-2.26427947279757,-15.1932753360521,50.0020726302031));
#3226=CARTESIAN_POINT('Ctrl Pts',(-2.25901663020068,-15.2134568308757,49.4279094426785));
#3227=CARTESIAN_POINT('Ctrl Pts',(-2.03686816235948,-15.2336383256992,48.8501257233002));
#3228=CARTESIAN_POINT('Ctrl Pts',(-1.64270790237056,-15.2538198205228,48.4361047806271));
#3229=CARTESIAN_POINT('Ctrl Pts',(-1.12570124403614,-15.2802912035059,47.8930475377231));
#3230=CARTESIAN_POINT('Ctrl Pts',(-0.312753800529734,-15.3067625864891,
47.6317389128351));
#3231=CARTESIAN_POINT('Ctrl Pts',(0.423839512969453,-15.3332339694723,47.7718546104031));
#3232=CARTESIAN_POINT('Ctrl Pts',(1.16043282646865,-15.3597053524555,47.9119703079711));
#3233=CARTESIAN_POINT('Ctrl Pts',(1.82067200996062,-15.3861767354387,48.4535103279952));
#3234=CARTESIAN_POINT('Ctrl Pts',(2.10217999536865,-15.4126481184219,49.1484627197722));
#3235=CARTESIAN_POINT('Ctrl Pts',(2.38368798077667,-15.439119501405,49.8434151115492));
#3236=CARTESIAN_POINT('Ctrl Pts',(2.28646476810076,-15.4655908843882,50.6917798750792));
#3237=CARTESIAN_POINT('Ctrl Pts',(1.85503894954925,-15.4920622673714,51.3050308063012));
#3238=CARTESIAN_POINT('Ctrl Pts',(1.42361313099774,-15.5185336503546,51.9182817375232));
#3239=CARTESIAN_POINT('Ctrl Pts',(0.657984706570635,-15.5450050333378,52.2964188364372));
#3240=CARTESIAN_POINT('Ctrl Pts',(-0.0912116485464277,-15.571476416321,
52.2662654852623));
#3241=CARTESIAN_POINT('Ctrl Pts',(-0.840408003663491,-15.5979477993041,
52.2361121340873));
#3242=CARTESIAN_POINT('Ctrl Pts',(-1.57317228947051,-15.6244191822873,51.7976683328233));
#3243=CARTESIAN_POINT('Ctrl Pts',(-1.95391831721707,-15.6508905652705,51.1517292316033));
#3244=CARTESIAN_POINT('Ctrl Pts',(-2.15712937375438,-15.6650188221977,50.8069798247755));
#3245=CARTESIAN_POINT('Ctrl Pts',(-2.26006625588299,-15.6791470791249,50.403124336316));
#3246=CARTESIAN_POINT('Ctrl Pts',(-2.26072881040111,-15.6932753360521,49.9995844047615));
#3247=CARTESIAN_POINT('Origin',(0.,-21.,50.0000008493662));
#3248=CARTESIAN_POINT('',(-2.26580039773648,-16.1932753360521,49.9981306311723));
#3249=CARTESIAN_POINT('',(-2.26527178878377,-16.0567246639479,50.0019152034193));
#3250=CARTESIAN_POINT('',(-2.26435,-21.,50.0000008493662));
#3251=CARTESIAN_POINT('Ctrl Pts',(-2.26527178878377,-16.0567246639479,50.0019152034193));
#3252=CARTESIAN_POINT('Ctrl Pts',(-2.26656385523445,-16.0516575646215,50.1459114104777));
#3253=CARTESIAN_POINT('Ctrl Pts',(-2.25399431952119,-16.046590465295,50.2896829688144));
#3254=CARTESIAN_POINT('Ctrl Pts',(-2.22674047646314,-16.0415233659686,50.4306148316147));
#3255=CARTESIAN_POINT('Ctrl Pts',(-2.08526003754182,-16.0152189862437,51.1622218113904));
#3256=CARTESIAN_POINT('Ctrl Pts',(-1.54805708290579,-15.9889146065188,51.8173027804274));
#3257=CARTESIAN_POINT('Ctrl Pts',(-0.858319047921496,-15.962610226794,52.0993078770775));
#3258=CARTESIAN_POINT('Ctrl Pts',(-0.168581012937202,-15.9363058470691,
52.3813129737277));
#3259=CARTESIAN_POINT('Ctrl Pts',(0.673692102395355,-15.9100014673442,52.290242197991));
#3260=CARTESIAN_POINT('Ctrl Pts',(1.28721029751587,-15.8836970876193,51.8673227036415));
#3261=CARTESIAN_POINT('Ctrl Pts',(1.90072849263639,-15.8573927078945,51.4444032092921));
#3262=CARTESIAN_POINT('Ctrl Pts',(2.28549176754487,-15.8310883281696,50.6896349963298));
#3263=CARTESIAN_POINT('Ctrl Pts',(2.26732069007323,-15.8047839484447,49.944695124811));
#3264=CARTESIAN_POINT('Ctrl Pts',(2.24914961260159,-15.7784795687199,49.1997552532922));
#3265=CARTESIAN_POINT('Ctrl Pts',(1.82804418274981,-15.752175188995,48.4646437232168));
#3266=CARTESIAN_POINT('Ctrl Pts',(1.19463587637681,-15.7258708092701,48.0721401213392));
#3267=CARTESIAN_POINT('Ctrl Pts',(0.561227570003818,-15.6995664295452,47.6796365194616));
#3268=CARTESIAN_POINT('Ctrl Pts',(-0.284483612890393,-15.6732620498204,
47.6297408457818));
#3269=CARTESIAN_POINT('Ctrl Pts',(-0.959652151481858,-15.6469576700955,
47.9450392210734));
#3270=CARTESIAN_POINT('Ctrl Pts',(-1.63482069007332,-15.6206532903706,48.2603375963649));
#3271=CARTESIAN_POINT('Ctrl Pts',(-2.13944658436205,-15.5943489106457,48.9408300206279));
#3272=CARTESIAN_POINT('Ctrl Pts',(-2.24508786858886,-15.5680445309209,49.6784656098523));
#3273=CARTESIAN_POINT('Ctrl Pts',(-2.26024181249236,-15.5642712419299,49.7842773521285));
#3274=CARTESIAN_POINT('Ctrl Pts',(-2.26718581323423,-15.5604979529389,49.8912649345865));
#3275=CARTESIAN_POINT('Ctrl Pts',(-2.26631185408923,-15.5567246639479,49.9983663420166));
#3276=CARTESIAN_POINT('Ctrl Pts',(-2.26072881040111,-15.6932753360521,49.9995844047615));
#3277=CARTESIAN_POINT('Ctrl Pts',(-2.26130764995494,-15.7056184621081,49.647032475004));
#3278=CARTESIAN_POINT('Ctrl Pts',(-2.18382446804935,-15.7179615881641,49.2947213975744));
#3279=CARTESIAN_POINT('Ctrl Pts',(-2.02694551907616,-15.73030471422,48.9822748119812));
#3280=CARTESIAN_POINT('Ctrl Pts',(-1.69049892350261,-15.7567760972032,48.312193894755));
#3281=CARTESIAN_POINT('Ctrl Pts',(-0.988877962669415,-15.7832474801864,
47.8254664614786));
#3282=CARTESIAN_POINT('Ctrl Pts',(-0.243405062714271,-15.8097188631696,
47.7450000238145));
#3283=CARTESIAN_POINT('Ctrl Pts',(0.502067837240862,-15.8361902461528,47.6645335861505));
#3284=CARTESIAN_POINT('Ctrl Pts',(1.29139267631794,-15.8626616291359,47.9903281440988));
#3285=CARTESIAN_POINT('Ctrl Pts',(1.76308081725685,-15.8891330121191,48.573178938902));
#3286=CARTESIAN_POINT('Ctrl Pts',(2.23476895819575,-15.9156043951023,49.1560297337052));
#3287=CARTESIAN_POINT('Ctrl Pts',(2.38882040099647,-15.9420757780855,49.9959367653633));
#3288=CARTESIAN_POINT('Ctrl Pts',(2.15468397786039,-15.9685471610687,50.7082462966352));
#3289=CARTESIAN_POINT('Ctrl Pts',(1.9205475547243,-15.9950185440519,51.4205558279071));
#3290=CARTESIAN_POINT('Ctrl Pts',(1.2982232656514,-16.021489927035,52.0052678587928));
#3291=CARTESIAN_POINT('Ctrl Pts',(0.572718072558025,-16.0479613100182,52.1946007473255));
#3292=CARTESIAN_POINT('Ctrl Pts',(-0.152787120535341,-16.0744326930014,
52.3839336358582));
#3293=CARTESIAN_POINT('Ctrl Pts',(-0.981473217649171,-16.1009040759846,
52.177887382038));
#3294=CARTESIAN_POINT('Ctrl Pts',(-1.53382532404813,-16.1273754589678,51.6708253681482));
#3295=CARTESIAN_POINT('Ctrl Pts',(-1.99218112588507,-16.1493420846626,51.2500524349685));
#3296=CARTESIAN_POINT('Ctrl Pts',(-2.26025052944575,-16.1713087103573,50.6219969859468));
#3297=CARTESIAN_POINT('Ctrl Pts',(-2.26580039773648,-16.1932753360521,49.9981306311723));
#3298=CARTESIAN_POINT('Origin',(0.,-21.,50.0000008493662));
#3299=CARTESIAN_POINT('',(-2.26671550629084,-16.6932753360521,50.0015430918823));
#3300=CARTESIAN_POINT('',(-2.26081105797775,-16.5567246639479,49.9996572285324));
#3301=CARTESIAN_POINT('',(-2.26435,-21.,50.0000008493662));
#3302=CARTESIAN_POINT('Ctrl Pts',(-2.26081105797775,-16.5567246639479,49.9996572285324));
#3303=CARTESIAN_POINT('Ctrl Pts',(-2.26026647083124,-16.542817176304,50.3968604567195));
#3304=CARTESIAN_POINT('Ctrl Pts',(-2.16057345058488,-16.5289096886602,50.7943193118798));
#3305=CARTESIAN_POINT('Ctrl Pts',(-1.96334573144903,-16.5150022010163,51.1353752628842));
#3306=CARTESIAN_POINT('Ctrl Pts',(-1.59031266111482,-16.4886978212915,51.7804425440775));
#3307=CARTESIAN_POINT('Ctrl Pts',(-0.868365978851555,-16.4623934415666,
52.2237381354369));
#3308=CARTESIAN_POINT('Ctrl Pts',(-0.124325025871843,-16.4360890618417,
52.2645857582418));
#3309=CARTESIAN_POINT('Ctrl Pts',(0.619715927107868,-16.4097846821168,52.3054333810465));
#3310=CARTESIAN_POINT('Ctrl Pts',(1.38585115080402,-16.383480302392,51.9438330352967));
#3311=CARTESIAN_POINT('Ctrl Pts',(1.82725751707428,-16.3571759226671,51.3434782335953));
#3312=CARTESIAN_POINT('Ctrl Pts',(2.26866388334455,-16.3308715429422,50.743123431894));
#3313=CARTESIAN_POINT('Ctrl Pts',(2.3853413921889,-16.3045671632173,49.904014174241));
#3314=CARTESIAN_POINT('Ctrl Pts',(2.12447108832616,-16.2782627834925,49.2060083320919));
#3315=CARTESIAN_POINT('Ctrl Pts',(1.86360078446342,-16.2519584037676,48.5080024899428));
#3316=CARTESIAN_POINT('Ctrl Pts',(1.2251826678936,-16.2256540240427,47.9511000632975));
#3317=CARTESIAN_POINT('Ctrl Pts',(0.498223390755119,-16.1993496443178,47.7874062223346));
#3318=CARTESIAN_POINT('Ctrl Pts',(-0.228735886383363,-16.173045264593,47.6237123813715));
#3319=CARTESIAN_POINT('Ctrl Pts',(-1.0442363240905,-16.1467408848681,47.8532271260909));
#3320=CARTESIAN_POINT('Ctrl Pts',(-1.57910758134077,-16.1204365051432,48.3720509937077));
#3321=CARTESIAN_POINT('Ctrl Pts',(-2.01094482616856,-16.0991992247448,48.7909321104354));
#3322=CARTESIAN_POINT('Ctrl Pts',(-2.25985646618222,-16.0779619443463,49.3983967743129));
#3323=CARTESIAN_POINT('Ctrl Pts',(-2.26527178878377,-16.0567246639479,50.0019152034193));
#3324=CARTESIAN_POINT('Ctrl Pts',(-2.26580039773648,-16.1932753360521,49.9981306311723));
#3325=CARTESIAN_POINT('Ctrl Pts',(-2.26693852472875,-16.1977800933405,49.8701926152153));
#3326=CARTESIAN_POINT('Ctrl Pts',(-2.25703643190909,-16.2022848506289,49.7424307709907));
#3327=CARTESIAN_POINT('Ctrl Pts',(-2.23547115862516,-16.2067896079173,49.6166688943026));
#3328=CARTESIAN_POINT('Ctrl Pts',(-2.10874677111915,-16.2332609909005,48.877652208306));
#3329=CARTESIAN_POINT('Ctrl Pts',(-1.57927988042305,-16.2597323738837,48.2076966102721));
#3330=CARTESIAN_POINT('Ctrl Pts',(-0.889551399510793,-16.2862037568669,
47.9136228868474));
#3331=CARTESIAN_POINT('Ctrl Pts',(-0.199822918598534,-16.3126751398501,
47.6195491634228));
#3332=CARTESIAN_POINT('Ctrl Pts',(0.650167152529886,-16.3391465228332,47.7013573146074));
#3333=CARTESIAN_POINT('Ctrl Pts',(1.27114731096104,-16.3656179058164,48.1215815118539));
#3334=CARTESIAN_POINT('Ctrl Pts',(1.89212746939221,-16.3920892887996,48.5418057091003));
#3335=CARTESIAN_POINT('Ctrl Pts',(2.28409771512611,-16.4185606717828,49.3004459524085));
#3336=CARTESIAN_POINT('Ctrl Pts',(2.26754672160021,-16.445032054766,50.0500663879084));
#3337=CARTESIAN_POINT('Ctrl Pts',(2.25099572807431,-16.4715034377491,50.7996868234083));
#3338=CARTESIAN_POINT('Ctrl Pts',(1.82592349528863,-16.4979748207323,51.5402874510998));
#3339=CARTESIAN_POINT('Ctrl Pts',(1.18700112754518,-16.5244462037155,51.9326940523326));
#3340=CARTESIAN_POINT('Ctrl Pts',(0.548078759801722,-16.5509175866987,52.3251006535653));
#3341=CARTESIAN_POINT('Ctrl Pts',(-0.304693742899501,-16.5773889696819,
52.3693132283393));
#3342=CARTESIAN_POINT('Ctrl Pts',(-0.980770603893692,-16.603860352665,52.045083663318));
#3343=CARTESIAN_POINT('Ctrl Pts',(-1.65684746488789,-16.6303317356482,51.7208540982968));
#3344=CARTESIAN_POINT('Ctrl Pts',(-2.15622868417506,-16.6568031186314,51.0281823934803));
#3345=CARTESIAN_POINT('Ctrl Pts',(-2.25021173521731,-16.6832745016146,50.2842926712337));
#3346=CARTESIAN_POINT('Ctrl Pts',(-2.26204727014199,-16.6866081130938,50.19061266521));
#3347=CARTESIAN_POINT('Ctrl Pts',(-2.2674535821339,-16.6899417245729,50.0961203909571));
#3348=CARTESIAN_POINT('Ctrl Pts',(-2.26671550629084,-16.6932753360521,50.0015430918823));
#3349=CARTESIAN_POINT('Origin',(0.,-21.,50.0000008493662));
#3350=CARTESIAN_POINT('',(-2.26102873347695,-17.1932753360521,50.0009361818254));
#3351=CARTESIAN_POINT('',(-2.26647325875848,-17.0567246639479,49.9984309777849));
#3352=CARTESIAN_POINT('',(-2.26435,-21.,50.0000008493662));
#3353=CARTESIAN_POINT('Ctrl Pts',(-2.26647325875848,-17.0567246639479,49.9984309777849));
#3354=CARTESIAN_POINT('Ctrl Pts',(-2.26135271976129,-17.0339767879866,50.6439877036152));
#3355=CARTESIAN_POINT('Ctrl Pts',(-1.97123028297792,-17.0112289120253,51.2935690002563));
#3356=CARTESIAN_POINT('Ctrl Pts',(-1.48388911878429,-16.9884810360641,51.7151902275549));
#3357=CARTESIAN_POINT('Ctrl Pts',(-0.920354876715362,-16.9621766563392,
52.2027295864741));
#3358=CARTESIAN_POINT('Ctrl Pts',(-0.0931130750366707,-16.9358722766143,
52.3854561400163));
#3359=CARTESIAN_POINT('Ctrl Pts',(0.623350709407047,-16.9095678968895,52.1806510764814));
#3360=CARTESIAN_POINT('Ctrl Pts',(1.33981449385079,-16.8832635171646,51.9758460129464));
#3361=CARTESIAN_POINT('Ctrl Pts',(1.94550026105955,-16.8569591374397,51.3835093323342));
#3362=CARTESIAN_POINT('Ctrl Pts',(2.16621903337465,-16.8306547577148,50.6717869904002));
#3363=CARTESIAN_POINT('Ctrl Pts',(2.38693780568973,-16.80435037799,49.9600646484661));
#3364=CARTESIAN_POINT('Ctrl Pts',(2.2226895831112,-16.7780459982651,49.1289566452102));
#3365=CARTESIAN_POINT('Ctrl Pts',(1.74782818841621,-16.7517416185402,48.5546987551047));
#3366=CARTESIAN_POINT('Ctrl Pts',(1.2729667937212,-16.7254372388153,47.9804408649992));
#3367=CARTESIAN_POINT('Ctrl Pts',(0.487492226909703,-16.6991328590905,47.6630330880441));
#3368=CARTESIAN_POINT('Ctrl Pts',(-0.253017619611345,-16.6728284793656,
47.7461633209911));
#3369=CARTESIAN_POINT('Ctrl Pts',(-0.993527466132394,-16.6465240996407,
47.8292935539382));
#3370=CARTESIAN_POINT('Ctrl Pts',(-1.689072592363,-16.6202197199158,48.3129617967874));
#3371=CARTESIAN_POINT('Ctrl Pts',(-2.02478542627571,-16.593915340191,48.9782154037256));
#3372=CARTESIAN_POINT('Ctrl Pts',(-2.18300226376668,-16.5815184481099,49.2917402713706));
#3373=CARTESIAN_POINT('Ctrl Pts',(-2.26129649346811,-16.5691215560289,49.6455971940986));
#3374=CARTESIAN_POINT('Ctrl Pts',(-2.26081105797775,-16.5567246639479,49.9996572285324));
#3375=CARTESIAN_POINT('Ctrl Pts',(-2.26671550629084,-16.6932753360521,50.0015430918823));
#3376=CARTESIAN_POINT('Ctrl Pts',(-2.26159270469377,-16.7164131075561,49.3451054868609));
#3377=CARTESIAN_POINT('Ctrl Pts',(-1.96046990341572,-16.7395508790601,48.6845718924664));
#3378=CARTESIAN_POINT('Ctrl Pts',(-1.45858573203952,-16.7626886505641,48.2631063920994));
#3379=CARTESIAN_POINT('Ctrl Pts',(-0.884391795022116,-16.7891600335473,
47.7809175748886));
#3380=CARTESIAN_POINT('Ctrl Pts',(-0.0474190381899557,-16.8156314165305,
47.6116476801437));
#3381=CARTESIAN_POINT('Ctrl Pts',(0.669022600383012,-16.8421027995137,47.832817549888));
#3382=CARTESIAN_POINT('Ctrl Pts',(1.38546423895598,-16.8685741824969,48.0539874196322));
#3383=CARTESIAN_POINT('Ctrl Pts',(1.98137475926976,-16.8950455654801,48.6655970538656));
#3384=CARTESIAN_POINT('Ctrl Pts',(2.18384393486247,-16.9215169484632,49.3875464743173));
#3385=CARTESIAN_POINT('Ctrl Pts',(2.38631311045518,-16.9479883314464,50.109495894769));
#3386=CARTESIAN_POINT('Ctrl Pts',(2.19534094132682,-16.9744597144296,50.9417851014391));
#3387=CARTESIAN_POINT('Ctrl Pts',(1.69838729963346,-17.0009310974128,51.5032490902795));
#3388=CARTESIAN_POINT('Ctrl Pts',(1.20143365794011,-17.027402480396,52.0647130791198));
#3389=CARTESIAN_POINT('Ctrl Pts',(0.398498543681776,-17.0538738633791,52.3553518501305));
#3390=CARTESIAN_POINT('Ctrl Pts',(-0.342696386264092,-17.0803452463623,
52.2420610359361));
#3391=CARTESIAN_POINT('Ctrl Pts',(-1.08389131620995,-17.1068166293455,52.1287702217416));
#3392=CARTESIAN_POINT('Ctrl Pts',(-1.76334606184336,-17.1332880123287,51.611549822342));
#3393=CARTESIAN_POINT('Ctrl Pts',(-2.06988949563896,-17.1597593953119,50.9272722061993));
#3394=CARTESIAN_POINT('Ctrl Pts',(-2.19926306064348,-17.1709313755586,50.638479738662));
#3395=CARTESIAN_POINT('Ctrl Pts',(-2.26221452399468,-17.1821033558054,50.3199314254848));
#3396=CARTESIAN_POINT('Ctrl Pts',(-2.26102873347695,-17.1932753360521,50.0009361818254));
#3397=CARTESIAN_POINT('Origin',(0.,-21.,50.0000008493662));
#3398=CARTESIAN_POINT('',(-2.26328957442487,-17.6932753360521,49.9979912994988));
#3399=CARTESIAN_POINT('',(-2.26508965401414,-17.5567246639479,50.0019440156531));
#3400=CARTESIAN_POINT('',(-2.26435,-21.,50.0000008493662));
#3401=CARTESIAN_POINT('Ctrl Pts',(-2.26508965401414,-17.5567246639479,50.0019440156531));
#3402=CARTESIAN_POINT('Ctrl Pts',(-2.2664448830674,-17.5514407793941,50.1521319433802));
#3403=CARTESIAN_POINT('Ctrl Pts',(-2.25276683768575,-17.5461568948403,50.3020743771752));
#3404=CARTESIAN_POINT('Ctrl Pts',(-2.2231469025774,-17.5408730102864,50.4487985426107));
#3405=CARTESIAN_POINT('Ctrl Pts',(-2.07569212521034,-17.5145686305616,51.1792248271221));
#3406=CARTESIAN_POINT('Ctrl Pts',(-1.53315348551481,-17.4882642508367,51.8298935725137));
#3407=CARTESIAN_POINT('Ctrl Pts',(-0.841133774627073,-17.4619598711118,
52.1062523759134));
#3408=CARTESIAN_POINT('Ctrl Pts',(-0.149114063739326,-17.4356554913869,
52.3826111793131));
#3409=CARTESIAN_POINT('Ctrl Pts',(0.692386718340641,-17.4093511116621,52.2846600407209));
#3410=CARTESIAN_POINT('Ctrl Pts',(1.30242807134085,-17.3830467319372,51.8567406369738));
#3411=CARTESIAN_POINT('Ctrl Pts',(1.91246942434104,-17.3567423522123,51.4288212332267));
#3412=CARTESIAN_POINT('Ctrl Pts',(2.29105134826149,-17.3304379724874,50.6709335643249));
#3413=CARTESIAN_POINT('Ctrl Pts',(2.2667929120767,-17.3041335927626,49.9261671601772));
#3414=CARTESIAN_POINT('Ctrl Pts',(2.24253447589191,-17.2778292130377,49.1814007560294));
#3415=CARTESIAN_POINT('Ctrl Pts',(1.81543567960187,-17.2515248333128,48.4497556166359));
#3416=CARTESIAN_POINT('Ctrl Pts',(1.1788406443148,-17.2252204535879,48.0624414940917));
#3417=CARTESIAN_POINT('Ctrl Pts',(0.542245609027732,-17.1989160738631,47.6751273715475));
#3418=CARTESIAN_POINT('Ctrl Pts',(-0.30384566525636,-17.1726116941382,47.6321442658527));
#3419=CARTESIAN_POINT('Ctrl Pts',(-0.976414600103595,-17.1463073144133,
47.9529502763196));
#3420=CARTESIAN_POINT('Ctrl Pts',(-1.64898353495082,-17.1200029346884,48.2737562867865));
#3421=CARTESIAN_POINT('Ctrl Pts',(-2.1480301303612,-17.0936985549636,48.9583514134151));
#3422=CARTESIAN_POINT('Ctrl Pts',(-2.2476400868368,-17.0673941752387,49.6968250588774));
#3423=CARTESIAN_POINT('Ctrl Pts',(-2.26110792712817,-17.0638376714751,49.7966709524845));
#3424=CARTESIAN_POINT('Ctrl Pts',(-2.26727382652341,-17.0602811677115,49.8975017776721));
#3425=CARTESIAN_POINT('Ctrl Pts',(-2.26647325875848,-17.0567246639479,49.9984309777849));
#3426=CARTESIAN_POINT('Ctrl Pts',(-2.26102873347695,-17.1932753360521,50.0009361818254));
#3427=CARTESIAN_POINT('Ctrl Pts',(-2.25940485961652,-17.2085747387885,49.564090018839));
#3428=CARTESIAN_POINT('Ctrl Pts',(-2.13749944108202,-17.223874141525,49.1264056926088));
#3429=CARTESIAN_POINT('Ctrl Pts',(-1.90118047951159,-17.2391735442614,48.7631550717184));
#3430=CARTESIAN_POINT('Ctrl Pts',(-1.49229590763084,-17.2656449272446,48.1346503862662));
#3431=CARTESIAN_POINT('Ctrl Pts',(-0.740894641911563,-17.2921163102278,
47.7289758482478));
#3432=CARTESIAN_POINT('Ctrl Pts',(0.00890271125965139,-17.318587693211,
47.731918964801));
#3433=CARTESIAN_POINT('Ctrl Pts',(0.758700064430866,-17.3450590761942,47.7348620813542));
#3434=CARTESIAN_POINT('Ctrl Pts',(1.50689350505402,-17.3715304591773,48.1464228524791));
#3435=CARTESIAN_POINT('Ctrl Pts',(1.91083152024578,-17.3980018421605,48.7781180421397));
#3436=CARTESIAN_POINT('Ctrl Pts',(2.31476953543754,-17.4244732251437,49.4098132318004));
#3437=CARTESIAN_POINT('Ctrl Pts',(2.37445212519792,-17.4509446081269,50.2616428399968));
#3438=CARTESIAN_POINT('Ctrl Pts',(2.06254634517864,-17.4774159911101,50.9434929094021));
#3439=CARTESIAN_POINT('Ctrl Pts',(1.75064056515935,-17.5038873740932,51.6253429788075));
#3440=CARTESIAN_POINT('Ctrl Pts',(1.0671464153604,-17.5303587570764,52.1372135094217));
#3441=CARTESIAN_POINT('Ctrl Pts',(0.325084956592854,-17.5568301400596,52.244682221935));
#3442=CARTESIAN_POINT('Ctrl Pts',(-0.416976502174702,-17.5833015230428,
52.3521509344484));
#3443=CARTESIAN_POINT('Ctrl Pts',(-1.21760526991086,-17.609772906026,52.0552178288609));
#3444=CARTESIAN_POINT('Ctrl Pts',(-1.71013593145992,-17.6362442890092,51.4898699004208));
#3445=CARTESIAN_POINT('Ctrl Pts',(-2.06384543663577,-17.6552546380235,51.0838668804426));
#3446=CARTESIAN_POINT('Ctrl Pts',(-2.25865785079148,-17.6742649870378,50.5394328422872));
#3447=CARTESIAN_POINT('Ctrl Pts',(-2.26328957442487,-17.6932753360521,49.9979912994988));
#3448=CARTESIAN_POINT('Origin',(0.,-21.,50.0000008493662));
#3449=CARTESIAN_POINT('',(-2.26807745240736,-18.1932753360521,50.0002005253049));
#3450=CARTESIAN_POINT('',(-2.26084335157021,-18.0567246639479,49.9995599914545));
#3451=CARTESIAN_POINT('',(-2.26435,-21.,50.0000008493662));
#3452=CARTESIAN_POINT('Ctrl Pts',(-2.26084335157021,-18.0567246639479,49.9995599914545));
#3453=CARTESIAN_POINT('Ctrl Pts',(-2.26013318258898,-18.0426003910766,50.4029402822801));
#3454=CARTESIAN_POINT('Ctrl Pts',(-2.15712737732694,-18.0284761182054,50.8066591515367));
#3455=CARTESIAN_POINT('Ctrl Pts',(-1.95400129459332,-18.0143518453342,51.1513828279591));
#3456=CARTESIAN_POINT('Ctrl Pts',(-1.57570885710204,-17.9880474656093,51.7933799464967));
#3457=CARTESIAN_POINT('Ctrl Pts',(-0.850163443405043,-17.9617430858844,
52.2307606095986));
#3458=CARTESIAN_POINT('Ctrl Pts',(-0.105813509818907,-17.9354387061596,
52.2655261794035));
#3459=CARTESIAN_POINT('Ctrl Pts',(0.638536423767218,-17.9091343264347,52.3002917492084));
#3460=CARTESIAN_POINT('Ctrl Pts',(1.40169087724248,-17.8828299467098,51.9324422257164));
#3461=CARTESIAN_POINT('Ctrl Pts',(1.83817609053154,-17.8565255669849,51.3285000703293));
#3462=CARTESIAN_POINT('Ctrl Pts',(2.2746613038206,-17.8302211872601,50.7245579149422));
#3463=CARTESIAN_POINT('Ctrl Pts',(2.38447727692346,-17.8039168075352,49.8845231276602));
#3464=CARTESIAN_POINT('Ctrl Pts',(2.11791121976027,-17.7776124278103,49.1886725649371));
#3465=CARTESIAN_POINT('Ctrl Pts',(1.85134516259708,-17.7513080480854,48.4928220022139));
#3466=CARTESIAN_POINT('Ctrl Pts',(1.20839707516784,-17.7250036683606,47.9411556640498));
#3467=CARTESIAN_POINT('Ctrl Pts',(0.480124281826499,-17.6986992886357,47.7834083757929));
#3468=CARTESIAN_POINT('Ctrl Pts',(-0.248148511514827,-17.6723949089108,
47.625661087536));
#3469=CARTESIAN_POINT('Ctrl Pts',(-1.06174601076824,-17.6460905291859,47.8618328491864));
#3470=CARTESIAN_POINT('Ctrl Pts',(-1.59235930287565,-17.6197861494611,48.3850106418273));
#3471=CARTESIAN_POINT('Ctrl Pts',(-2.0163858057282,-17.59876565429,48.8030952489854));
#3472=CARTESIAN_POINT('Ctrl Pts',(-2.25969824444044,-17.5777451591189,49.4044622619574));
#3473=CARTESIAN_POINT('Ctrl Pts',(-2.26508965401414,-17.5567246639479,50.0019440156531));
#3474=CARTESIAN_POINT('Ctrl Pts',(-2.26328957442487,-17.6932753360521,49.9979912994988));
#3475=CARTESIAN_POINT('Ctrl Pts',(-2.26510739730318,-17.700736370021,49.7854905326874));
#3476=CARTESIAN_POINT('Ctrl Pts',(-2.23763084266494,-17.7081974039898,49.5734507132453));
#3477=CARTESIAN_POINT('Ctrl Pts',(-2.17896868421112,-17.7156584379587,49.3704214925033));
#3478=CARTESIAN_POINT('Ctrl Pts',(-1.97083822005129,-17.7421298209419,48.6500837643187));
#3479=CARTESIAN_POINT('Ctrl Pts',(-1.37014473636969,-17.7686012039251,48.0431710592423));
#3480=CARTESIAN_POINT('Ctrl Pts',(-0.651988922089039,-17.7950725869082,
47.8276322943476));
#3481=CARTESIAN_POINT('Ctrl Pts',(0.0661668921916138,-17.8215439698914,
47.6120935294528));
#3482=CARTESIAN_POINT('Ctrl Pts',(0.901785037071311,-17.8480153528746,47.7879287047397));
#3483=CARTESIAN_POINT('Ctrl Pts',(1.47217594860876,-17.8744867358578,48.2746102646873));
#3484=CARTESIAN_POINT('Ctrl Pts',(2.04256686014622,-17.900958118841,48.761291824635));
#3485=CARTESIAN_POINT('Ctrl Pts',(2.34773053834143,-17.9274295018242,49.5588197692435));
#3486=CARTESIAN_POINT('Ctrl Pts',(2.24791061761602,-17.9539008848073,50.3019487729728));
#3487=CARTESIAN_POINT('Ctrl Pts',(2.14809069689062,-17.9803722677905,51.0450777767022));
#3488=CARTESIAN_POINT('Ctrl Pts',(1.64328717724462,-18.0068436507737,51.7338078395525));
#3489=CARTESIAN_POINT('Ctrl Pts',(0.964685846102568,-18.0333150337569,52.0527200000755));
#3490=CARTESIAN_POINT('Ctrl Pts',(0.286084514960517,-18.0597864167401,52.3716321605986));
#3491=CARTESIAN_POINT('Ctrl Pts',(-0.56631462767758,-18.0862577997233,52.3207264187943));
#3492=CARTESIAN_POINT('Ctrl Pts',(-1.20213679376096,-18.1127291827064,51.923316169964));
#3493=CARTESIAN_POINT('Ctrl Pts',(-1.83795895984434,-18.1392005656896,51.5259059211338));
#3494=CARTESIAN_POINT('Ctrl Pts',(-2.257204149373,-18.1656719486728,50.7819911652775));
#3495=CARTESIAN_POINT('Ctrl Pts',(-2.26786987921344,-18.192143331656,50.0322638982238));
#3496=CARTESIAN_POINT('Ctrl Pts',(-2.26802191324298,-18.1925206664547,50.0215769542291));
#3497=CARTESIAN_POINT('Ctrl Pts',(-2.26809092837065,-18.1928980012534,50.0108888291953));
#3498=CARTESIAN_POINT('Ctrl Pts',(-2.26807745240736,-18.1932753360521,50.0002005253049));
#3499=CARTESIAN_POINT('Origin',(0.,-21.,50.0000008493662));
#3500=CARTESIAN_POINT('',(-2.26270274412849,-18.6932753360521,50.0018897552219));
#3501=CARTESIAN_POINT('',(-2.26662988780792,-18.5567246639479,49.9985000081302));
#3502=CARTESIAN_POINT('',(-2.26435,-21.,50.0000008493662));
#3503=CARTESIAN_POINT('Ctrl Pts',(-2.26662988780792,-18.5567246639479,49.9985000081302));
#3504=CARTESIAN_POINT('Ctrl Pts',(-2.26162714429818,-18.5337600027592,50.6500909991259));
#3505=CARTESIAN_POINT('Ctrl Pts',(-1.96526974153322,-18.5107953415706,51.3056557961225));
#3506=CARTESIAN_POINT('Ctrl Pts',(-1.46982214468069,-18.4878306803819,51.7272600606324));
#3507=CARTESIAN_POINT('Ctrl Pts',(-0.902322297227093,-18.461526300657,52.2101776432691));
#3508=CARTESIAN_POINT('Ctrl Pts',(-0.0736147854662574,-18.4352219209322,
52.3861374447302));
#3509=CARTESIAN_POINT('Ctrl Pts',(0.64115129885892,-18.4089175412073,52.1754839064976));
#3510=CARTESIAN_POINT('Ctrl Pts',(1.3559173831841,-18.3826131614824,51.964830368265));
#3511=CARTESIAN_POINT('Ctrl Pts',(1.95674204007361,-18.3563087817575,51.3675634903386));
#3512=CARTESIAN_POINT('Ctrl Pts',(2.17163687658649,-18.3300044020327,50.6540610883011));
#3513=CARTESIAN_POINT('Ctrl Pts',(2.38653171309937,-18.3037000223078,49.9405586862635));
#3514=CARTESIAN_POINT('Ctrl Pts',(2.2154967292356,-18.2773956425829,49.1108207601148));
#3515=CARTESIAN_POINT('Ctrl Pts',(1.73595805900155,-18.251091262858,48.5404628617523));
#3516=CARTESIAN_POINT('Ctrl Pts',(1.25641938876751,-18.2247868831332,47.9701049633898));
#3517=CARTESIAN_POINT('Ctrl Pts',(0.468377032163191,-18.1984825034083,47.6591270928136));
#3518=CARTESIAN_POINT('Ctrl Pts',(-0.271428701174736,-18.1721781236834,
47.7483063807317));
#3519=CARTESIAN_POINT('Ctrl Pts',(-1.01123443451266,-18.1458737439586,47.8374856686499));
#3520=CARTESIAN_POINT('Ctrl Pts',(-1.7028035445842,-18.1195693642337,48.3268221150624));
#3521=CARTESIAN_POINT('Ctrl Pts',(-2.03306836897718,-18.0932649845088,48.9947971252554));
#3522=CARTESIAN_POINT('Ctrl Pts',(-2.18599578612898,-18.0810848776552,49.3040994956138));
#3523=CARTESIAN_POINT('Ctrl Pts',(-2.26145576780957,-18.0689047708015,49.6517038511986));
#3524=CARTESIAN_POINT('Ctrl Pts',(-2.26084335157021,-18.0567246639479,49.9995599914545));
#3525=CARTESIAN_POINT('Ctrl Pts',(-2.26807745240736,-18.1932753360521,50.0002005253049));
#3526=CARTESIAN_POINT('Ctrl Pts',(-2.26714554144521,-18.2193693842366,49.2610661606047));
#3527=CARTESIAN_POINT('Ctrl Pts',(-1.87172340234577,-18.2454634324211,48.521076464768));
#3528=CARTESIAN_POINT('Ctrl Pts',(-1.2563619653604,-18.2715574806055,48.1116604919762));
#3529=CARTESIAN_POINT('Ctrl Pts',(-0.632102051514757,-18.2980288635887,
47.6963241310334));
#3530=CARTESIAN_POINT('Ctrl Pts',(0.218504046328723,-18.3245002465719,47.6211911873989));
#3531=CARTESIAN_POINT('Ctrl Pts',(0.905902704122256,-18.3509716295551,47.9206704321346));
#3532=CARTESIAN_POINT('Ctrl Pts',(1.5933013619158,-18.3774430125382,48.2201496768702));
#3533=CARTESIAN_POINT('Ctrl Pts',(2.11749257965938,-18.4039143955214,48.8942411099761));
#3534=CARTESIAN_POINT('Ctrl Pts',(2.23841155048792,-18.4303857785046,49.6342298499205));
#3535=CARTESIAN_POINT('Ctrl Pts',(2.35933052131646,-18.4568571614878,50.3742185898649));
#3536=CARTESIAN_POINT('Ctrl Pts',(2.07697724522994,-18.483328544471,51.1801046366478));
#3537=CARTESIAN_POINT('Ctrl Pts',(1.52066156645694,-18.5097999274542,51.6828148894761));
#3538=CARTESIAN_POINT('Ctrl Pts',(0.964345887683924,-18.5362713104373,52.1855251423044));
#3539=CARTESIAN_POINT('Ctrl Pts',(0.134067806224422,-18.5627426934205,52.3850596011781));
#3540=CARTESIAN_POINT('Ctrl Pts',(-0.589928712660489,-18.5892140764037,
52.1900371064546));
#3541=CARTESIAN_POINT('Ctrl Pts',(-1.3139252315454,-18.6156854593869,51.9950146117312));
#3542=CARTESIAN_POINT('Ctrl Pts',(-1.93164018785571,-18.6421568423701,51.4054351634106));
#3543=CARTESIAN_POINT('Ctrl Pts',(-2.16017753762868,-18.6686282253533,50.6913095354902));
#3544=CARTESIAN_POINT('Ctrl Pts',(-2.23110677924604,-18.6768439289195,50.469672287757));
#3545=CARTESIAN_POINT('Ctrl Pts',(-2.2645487260269,-18.6850596324858,50.2360382054759));
#3546=CARTESIAN_POINT('Ctrl Pts',(-2.26270274412849,-18.6932753360521,50.0018897552219));
#3547=CARTESIAN_POINT('Origin',(0.,-21.,50.0000008493662));
#3548=CARTESIAN_POINT('',(-2.26134068752652,-19.1932753360521,49.9987628940673));
#3549=CARTESIAN_POINT('',(-2.26490656190812,-19.0567246639479,50.0019674787164));
#3550=CARTESIAN_POINT('',(-2.26435,-21.,50.0000008493662));
#3551=CARTESIAN_POINT('Ctrl Pts',(-2.26490656190812,-19.0567246639479,50.0019674787164));
#3552=CARTESIAN_POINT('Ctrl Pts',(-2.26632197940774,-19.0512239941667,50.1583498114045));
#3553=CARTESIAN_POINT('Ctrl Pts',(-2.25148729516586,-19.0457233243855,50.3144654588069));
#3554=CARTESIAN_POINT('Ctrl Pts',(-2.21940485176404,-19.0402226546043,50.4669522660373));
#3555=CARTESIAN_POINT('Ctrl Pts',(-2.06598557605558,-19.0139182748794,51.1961490802383));
#3556=CARTESIAN_POINT('Ctrl Pts',(-1.51814745086797,-18.9876138951545,51.8423621890039));
#3557=CARTESIAN_POINT('Ctrl Pts',(-0.823892302456158,-18.9613095154297,
52.1130562187364));
#3558=CARTESIAN_POINT('Ctrl Pts',(-0.129637154044352,-18.9350051357048,
52.3837502484688));
#3559=CARTESIAN_POINT('Ctrl Pts',(0.711035017591655,-18.9087007559799,52.278925199168));
#3560=CARTESIAN_POINT('Ctrl Pts',(1.31755881809609,-18.882396376255,51.8460345110958));
#3561=CARTESIAN_POINT('Ctrl Pts',(1.92408261860052,-18.8560919965302,51.4131438230235));
#3562=CARTESIAN_POINT('Ctrl Pts',(2.29645804797338,-18.8297876168053,50.6521874961799));
#3563=CARTESIAN_POINT('Ctrl Pts',(2.26611380396391,-18.8034832370804,49.9076442165246));
#3564=CARTESIAN_POINT('Ctrl Pts',(2.23576955995443,-18.7771788573555,49.1631009368692));
#3565=CARTESIAN_POINT('Ctrl Pts',(1.80270564256261,-18.7508744776307,48.4349707044022));
#3566=CARTESIAN_POINT('Ctrl Pts',(1.16296653447813,-18.7245700979058,48.0528721018041));
#3567=CARTESIAN_POINT('Ctrl Pts',(0.523227426393648,-18.6982657181809,47.670773499206));
#3568=CARTESIAN_POINT('Ctrl Pts',(-0.323186872383502,-18.671961338456,47.6347065264769));
#3569=CARTESIAN_POINT('Ctrl Pts',(-0.993111552983134,-18.6456569587312,
47.9609984062163));
#3570=CARTESIAN_POINT('Ctrl Pts',(-1.66303623358277,-18.6193525790063,48.2872902859556));
#3571=CARTESIAN_POINT('Ctrl Pts',(-2.15647129600488,-18.5930481992814,48.9759410181635));
#3572=CARTESIAN_POINT('Ctrl Pts',(-2.25004273564277,-18.5667438195565,49.7152040661735));
#3573=CARTESIAN_POINT('Ctrl Pts',(-2.26192297287656,-18.5634041010203,49.8090641202939));
#3574=CARTESIAN_POINT('Ctrl Pts',(-2.26735742979489,-18.5600643824841,49.9037400422511));
#3575=CARTESIAN_POINT('Ctrl Pts',(-2.26662988780792,-18.5567246639479,49.9985000081302));
#3576=CARTESIAN_POINT('Ctrl Pts',(-2.26270274412849,-18.6932753360521,50.0018897552219));
#3577=CARTESIAN_POINT('Ctrl Pts',(-2.25860088559928,-18.711531015469,49.4816008950762));
#3578=CARTESIAN_POINT('Ctrl Pts',(-2.08026513167943,-18.7297866948859,48.9587723467447));
#3579=CARTESIAN_POINT('Ctrl Pts',(-1.75182547876652,-18.7480423743028,48.5593821681275));
#3580=CARTESIAN_POINT('Ctrl Pts',(-1.27557632689575,-18.774513757286,47.9802522362054));
#3581=CARTESIAN_POINT('Ctrl Pts',(-0.483718279918565,-18.8009851402692,
47.6606641798814));
#3582=CARTESIAN_POINT('Ctrl Pts',(0.261099990809961,-18.8274565232523,47.7469803238266));
#3583=CARTESIAN_POINT('Ctrl Pts',(1.00591826153849,-18.8539279062355,47.8332964677717));
#3584=CARTESIAN_POINT('Ctrl Pts',(1.70369675601836,-18.8803992892187,48.3255168119861));
#3585=CARTESIAN_POINT('Ctrl Pts',(2.03487258442875,-18.9068706722019,48.998218308095));
#3586=CARTESIAN_POINT('Ctrl Pts',(2.36604841283913,-18.9333420551851,49.6709198042038));
#3587=CARTESIAN_POINT('Ctrl Pts',(2.33062157518003,-18.9598134381683,50.5241024522071));
#3588=CARTESIAN_POINT('Ctrl Pts',(1.94481656809969,-18.9862848211514,51.1670326421048));
#3589=CARTESIAN_POINT('Ctrl Pts',(1.55901156101935,-19.0127562041346,51.8099628320025));
#3590=CARTESIAN_POINT('Ctrl Pts',(0.822828384517774,-19.0392275871178,52.2426405637946));
#3591=CARTESIAN_POINT('Ctrl Pts',(0.0734181824731327,-19.065698970101,52.2669116256732));
#3592=CARTESIAN_POINT('Ctrl Pts',(-0.675992019571509,-19.0921703530842,
52.2911826875517));
#3593=CARTESIAN_POINT('Ctrl Pts',(-1.43862924715921,-19.1186417360673,51.9070470795167));
#3594=CARTESIAN_POINT('Ctrl Pts',(-1.86522712719853,-19.1451131190505,51.2904280912982));
#3595=CARTESIAN_POINT('Ctrl Pts',(-2.12394550349093,-19.1611671913844,50.916467809526));
#3596=CARTESIAN_POINT('Ctrl Pts',(-2.25906705867675,-19.1772212637182,50.4569990688176));
#3597=CARTESIAN_POINT('Ctrl Pts',(-2.26134068752652,-19.1932753360521,49.9987628940673));
#3598=CARTESIAN_POINT('Origin',(0.,-21.,50.0000008493662));
#3599=CARTESIAN_POINT('',(-2.26722158155383,-19.6932753360521,49.9987426536736));
#3600=CARTESIAN_POINT('',(-2.26088359606906,-19.5567246639479,49.9994638228485));
#3601=CARTESIAN_POINT('',(-2.26435,-21.,50.0000008493662));
#3602=CARTESIAN_POINT('Ctrl Pts',(-2.26088359606906,-19.5567246639479,49.9994638228485));
#3603=CARTESIAN_POINT('Ctrl Pts',(-2.26000430618997,-19.5423836058493,50.4090170961906));
#3604=CARTESIAN_POINT('Ctrl Pts',(-2.15362372018332,-19.5280425477506,50.8189960646623));
#3605=CARTESIAN_POINT('Ctrl Pts',(-1.94452637324987,-19.513701489652,51.1673134760258));
#3606=CARTESIAN_POINT('Ctrl Pts',(-1.56099985969855,-19.4873971099272,51.8061975381558));
#3607=CARTESIAN_POINT('Ctrl Pts',(-0.831904123526651,-19.4610927302023,
52.2376340896441));
#3608=CARTESIAN_POINT('Ctrl Pts',(-0.0872949131820511,-19.4347883504774,
52.266315291221));
#3609=CARTESIAN_POINT('Ctrl Pts',(0.657314297162554,-19.4084839707525,52.2949964927979));
#3610=CARTESIAN_POINT('Ctrl Pts',(1.41743698167986,-19.3821795910276,51.9209223444634));
#3611=CARTESIAN_POINT('Ctrl Pts',(1.84897188290106,-19.3558752113028,51.313433170511));
#3612=CARTESIAN_POINT('Ctrl Pts',(2.28050678412227,-19.3295708315779,50.7059439965585));
#3613=CARTESIAN_POINT('Ctrl Pts',(2.38345390204737,-19.303266451853,49.8650397969882));
#3614=CARTESIAN_POINT('Ctrl Pts',(2.11120989787566,-19.2769620721282,49.1713909907617));
#3615=CARTESIAN_POINT('Ctrl Pts',(1.83896589370395,-19.2506576924033,48.4777421845351));
#3616=CARTESIAN_POINT('Ctrl Pts',(1.19153076743543,-19.2243533126784,47.9313487716524));
#3617=CARTESIAN_POINT('Ctrl Pts',(0.461993100784834,-19.1980489329535,47.7795585741767));
#3618=CARTESIAN_POINT('Ctrl Pts',(-0.267544565865764,-19.1717445532287,
47.6277683767011));
#3619=CARTESIAN_POINT('Ctrl Pts',(-1.07918477289844,-19.1454401735038,47.8705813946324));
#3620=CARTESIAN_POINT('Ctrl Pts',(-1.60550466330012,-19.1191357937789,48.3980781634162));
#3621=CARTESIAN_POINT('Ctrl Pts',(-2.02176258126002,-19.0983320838352,48.8152668555193));
#3622=CARTESIAN_POINT('Ctrl Pts',(-2.25955340742283,-19.0775283738916,49.4105244692346));
#3623=CARTESIAN_POINT('Ctrl Pts',(-2.26490656190812,-19.0567246639479,50.0019674787164));
#3624=CARTESIAN_POINT('Ctrl Pts',(-2.26134068752652,-19.1932753360521,49.9987628940673));
#3625=CARTESIAN_POINT('Ctrl Pts',(-2.26281602023568,-19.2036926467014,49.7014184892422));
#3626=CARTESIAN_POINT('Ctrl Pts',(-2.20835481550095,-19.2141099573508,49.4045930648315));
#3627=CARTESIAN_POINT('Ctrl Pts',(-2.09542949384518,-19.2245272680001,49.1319859333945));
#3628=CARTESIAN_POINT('Ctrl Pts',(-1.80847544796158,-19.2509986509833,48.4392651321111));
#3629=CARTESIAN_POINT('Ctrl Pts',(-1.14400882370345,-19.2774700339664,47.902925897946));
#3630=CARTESIAN_POINT('Ctrl Pts',(-0.406336561441342,-19.3039414169496,
47.768596508778));
#3631=CARTESIAN_POINT('Ctrl Pts',(0.331335700820757,-19.3304127999328,47.63426711961));
#3632=CARTESIAN_POINT('Ctrl Pts',(1.14221360108683,-19.356884182916,47.9019475754391));
#3633=CARTESIAN_POINT('Ctrl Pts',(1.65493781168496,-19.3833555658992,48.4490477271704));
#3634=CARTESIAN_POINT('Ctrl Pts',(2.16766202228308,-19.4098269488824,48.9961478789017));
#3635=CARTESIAN_POINT('Ctrl Pts',(2.38223254321326,-19.4362983318655,49.8226677265351));
#3636=CARTESIAN_POINT('Ctrl Pts',(2.20038231703335,-19.4627697148487,50.5500845551431));
#3637=CARTESIAN_POINT('Ctrl Pts',(2.01853209085343,-19.4892410978319,51.277501383751));
#3638=CARTESIAN_POINT('Ctrl Pts',(1.44026111756341,-19.5157124808151,51.9058151933334));
#3639=CARTESIAN_POINT('Ctrl Pts',(0.730400823061517,-19.5421838637983,52.1472757955428));
#3640=CARTESIAN_POINT('Ctrl Pts',(0.0205405285596208,-19.5686552467814,
52.3887363977523));
#3641=CARTESIAN_POINT('Ctrl Pts',(-0.820909087154155,-19.5951266297646,
52.2433437925888));
#3642=CARTESIAN_POINT('Ctrl Pts',(-1.40858704984859,-19.6215980127478,51.7776840291659));
#3643=CARTESIAN_POINT('Ctrl Pts',(-1.93901121088349,-19.6454904538492,51.3573905946309));
#3644=CARTESIAN_POINT('Ctrl Pts',(-2.26270185444905,-19.6693828949507,50.6761934879596));
#3645=CARTESIAN_POINT('Ctrl Pts',(-2.26722158155383,-19.6932753360521,49.9987426536736));
#3646=CARTESIAN_POINT('Origin',(0.,-21.,50.0000008493662));
#3647=CARTESIAN_POINT('',(-2.265157932559,-20.1932753360521,50.0020038773672));
#3648=CARTESIAN_POINT('',(-2.26677728203881,-20.0567246639479,49.9985756962307));
#3649=CARTESIAN_POINT('',(-2.26435,-21.,50.0000008493662));
#3650=CARTESIAN_POINT('Ctrl Pts',(-2.26677728203881,-20.0567246639479,49.9985756962307));
#3651=CARTESIAN_POINT('Ctrl Pts',(-2.26191278015016,-20.0335432175318,50.6562032526891));
#3652=CARTESIAN_POINT('Ctrl Pts',(-1.95924321069169,-20.0103617711158,51.3177317040743));
#3653=CARTESIAN_POINT('Ctrl Pts',(-1.45565851584654,-19.9871803246998,51.7392136550148));
#3654=CARTESIAN_POINT('Ctrl Pts',(-0.884232436597418,-19.9608759449749,
52.2174763607039));
#3655=CARTESIAN_POINT('Ctrl Pts',(-0.0541115553698601,-19.93457156525,52.3866593901931));
#3656=CARTESIAN_POINT('Ctrl Pts',(0.658909832266285,-19.9082671855251,52.1701718750867));
#3657=CARTESIAN_POINT('Ctrl Pts',(1.37193121990243,-19.8819628058003,51.9536843599803));
#3658=CARTESIAN_POINT('Ctrl Pts',(1.96785311394716,-19.8556584260754,51.3515263002783));
#3659=CARTESIAN_POINT('Ctrl Pts',(2.17690928542145,-19.8293540463505,50.6362912772728));
#3660=CARTESIAN_POINT('Ctrl Pts',(2.38596545689573,-19.8030496666256,49.9210562542672));
#3661=CARTESIAN_POINT('Ctrl Pts',(2.20815590579958,-19.7767452869008,49.0927442679581));
#3662=CARTESIAN_POINT('Ctrl Pts',(1.72397217927807,-19.7504409071759,48.5263245657576));
#3663=CARTESIAN_POINT('Ctrl Pts',(1.23978845275657,-19.724136527451,47.9599048635571));
#3664=CARTESIAN_POINT('Ctrl Pts',(0.449230550809728,-19.6978321477261,47.6553774454651));
#3665=CARTESIAN_POINT('Ctrl Pts',(-0.289821753084619,-19.6715277680013,
47.7505997765822));
#3666=CARTESIAN_POINT('Ctrl Pts',(-1.02887405697897,-19.6452233882764,47.8458221076994));
#3667=CARTESIAN_POINT('Ctrl Pts',(-1.71642076282083,-19.6189190085515,48.3407941880257));
#3668=CARTESIAN_POINT('Ctrl Pts',(-2.04121547027638,-19.5926146288266,49.0114460145747));
#3669=CARTESIAN_POINT('Ctrl Pts',(-2.1889332111407,-19.5806513072004,49.3164607529627));
#3670=CARTESIAN_POINT('Ctrl Pts',(-2.26161710035821,-19.5686879855741,49.657814169219));
#3671=CARTESIAN_POINT('Ctrl Pts',(-2.26088359606906,-19.5567246639479,49.9994638228485));
#3672=CARTESIAN_POINT('Ctrl Pts',(-2.26722158155383,-19.6932753360521,49.9987426536736));
#3673=CARTESIAN_POINT('Ctrl Pts',(-2.2677094393443,-19.6958542779339,49.9256188434298));
#3674=CARTESIAN_POINT('Ctrl Pts',(-2.26447864654988,-19.6984332198156,49.8525386808908));
#3675=CARTESIAN_POINT('Ctrl Pts',(-2.25738780171382,-19.7010121616973,49.7798349902596));
#3676=CARTESIAN_POINT('Ctrl Pts',(-2.18460428120952,-19.7274835446805,49.0335726364587));
#3677=CARTESIAN_POINT('Ctrl Pts',(-1.70513093052584,-19.7539549276637,48.3269748505392));
#3678=CARTESIAN_POINT('Ctrl Pts',(-1.03855006205458,-19.7804263106469,47.9836448074711));
#3679=CARTESIAN_POINT('Ctrl Pts',(-0.371969193583323,-19.8068976936301,
47.6403147644029));
#3680=CARTESIAN_POINT('Ctrl Pts',(0.481719192675499,-19.8333690766133,47.6602524641861));
#3681=CARTESIAN_POINT('Ctrl Pts',(1.13154399976342,-19.8598404595965,48.0343244335848));
#3682=CARTESIAN_POINT('Ctrl Pts',(1.78136880685134,-19.8863118425796,48.4083964029835));
#3683=CARTESIAN_POINT('Ctrl Pts',(2.22733003476834,-19.9127832255628,49.1366026419978));
#3684=CARTESIAN_POINT('Ctrl Pts',(2.26520161030366,-19.939254608546,49.8854502884514));
#3685=CARTESIAN_POINT('Ctrl Pts',(2.30307318583898,-19.9657259915292,50.634297934905));
#3686=CARTESIAN_POINT('Ctrl Pts',(1.9328551089926,-19.9921973745124,51.4037869887979));
#3687=CARTESIAN_POINT('Ctrl Pts',(1.32407389930012,-20.0186687574955,51.8415031168514));
#3688=CARTESIAN_POINT('Ctrl Pts',(0.715292689607635,-20.0451401404787,52.279219244905));
#3689=CARTESIAN_POINT('Ctrl Pts',(-0.132051652930964,-20.0716115234619,
52.3851624471192));
#3690=CARTESIAN_POINT('Ctrl Pts',(-0.829853990243253,-20.0980829064451,
52.1108335411724));
#3691=CARTESIAN_POINT('Ctrl Pts',(-1.52765632755554,-20.1245542894283,51.8365046352256));
#3692=CARTESIAN_POINT('Ctrl Pts',(-2.07591665964152,-20.1510256724115,51.1819036211177));
#3693=CARTESIAN_POINT('Ctrl Pts',(-2.22363673246694,-20.1774970553946,50.4467801543543));
#3694=CARTESIAN_POINT('Ctrl Pts',(-2.25298627280218,-20.1827564822805,50.3007232547977));
#3695=CARTESIAN_POINT('Ctrl Pts',(-2.26652443387463,-20.1880159091663,50.1514877208625));
#3696=CARTESIAN_POINT('Ctrl Pts',(-2.265157932559,-20.1932753360521,50.0020038773672));
#3697=CARTESIAN_POINT('Origin',(0.,-21.,50.0000008493662));
#3698=CARTESIAN_POINT('',(-2.26435,-20.6260810402146,50.0000008493662));
#3699=CARTESIAN_POINT('',(-2.26472007615179,-20.5567246639479,50.0019891299805));
#3700=CARTESIAN_POINT('',(-2.26435,-21.,50.0000008493662));
#3701=CARTESIAN_POINT('',(1.08487083104629,-20.7215435315985,48.0133609104025));
#3702=CARTESIAN_POINT('Ctrl Pts',(-2.26435,-20.6260810402146,50.0000008493662));
#3703=CARTESIAN_POINT('Ctrl Pts',(-2.26435,-20.6260810402146,49.7154399794847));
#3704=CARTESIAN_POINT('Ctrl Pts',(-2.20743400480252,-20.6325769236486,49.4120677258267));
#3705=CARTESIAN_POINT('Ctrl Pts',(-1.97627859468018,-20.6559995701581,48.8542464073595));
#3706=CARTESIAN_POINT('Ctrl Pts',(-1.80205152505041,-20.6725837436878,48.5997778944571));
#3707=CARTESIAN_POINT('Ctrl Pts',(-1.40022392642653,-20.703682785965,48.1979502958332));
#3708=CARTESIAN_POINT('Ctrl Pts',(-1.1457549889864,-20.7202237695323,48.0237224666577));
#3709=CARTESIAN_POINT('Ctrl Pts',(-0.587932242328148,-20.7435475083432,
47.7925664940898));
#3710=CARTESIAN_POINT('Ctrl Pts',(-0.284559493892493,-20.75,47.7356508493662));
#3711=CARTESIAN_POINT('Ctrl Pts',(0.284559493892493,-20.75,47.7356508493662));
#3712=CARTESIAN_POINT('Ctrl Pts',(0.587932242328148,-20.7435475083432,47.7925664940898));
#3713=CARTESIAN_POINT('Ctrl Pts',(0.941908470534039,-20.7287470199418,47.939250579289));
#3714=CARTESIAN_POINT('Ctrl Pts',(1.01530661843305,-20.7252674776223,47.9744175626973));
#3715=CARTESIAN_POINT('Ctrl Pts',(1.08633957309302,-20.7215435315985,48.0132579735939));
#3716=CARTESIAN_POINT('Ctrl Pts',(1.08274627882802,-20.7215435315985,48.013509809677));
#3717=CARTESIAN_POINT('Ctrl Pts',(0.883009851377465,-20.7134952134895,47.9020948582994));
#3718=CARTESIAN_POINT('Ctrl Pts',(0.6674098485521,-20.7054468953804,47.820722428184));
#3719=CARTESIAN_POINT('Ctrl Pts',(0.444179287082518,-20.6973985772714,47.7762370340587));
#3720=CARTESIAN_POINT('Ctrl Pts',(-0.285406866885646,-20.6710941975465,
47.6308450796866));
#3721=CARTESIAN_POINT('Ctrl Pts',(-1.0965013889406,-20.6447898178216,47.8794743559082));
#3722=CARTESIAN_POINT('Ctrl Pts',(-1.61887162800622,-20.6184854380968,48.4110527495593));
#3723=CARTESIAN_POINT('Ctrl Pts',(-2.02770076209537,-20.5978985133805,48.8270885764962));
#3724=CARTESIAN_POINT('Ctrl Pts',(-2.25967783181291,-20.5773115886642,49.4164390100587));
#3725=CARTESIAN_POINT('Ctrl Pts',(-2.26472007615179,-20.5567246639479,50.0019891299805));
#3726=CARTESIAN_POINT('Origin',(22.1041828560753,-1.35349083912302E-15,
50.0000008493662));
#3727=CARTESIAN_POINT('',(14.8958171439247,-2.53899408073762,49.9997927730161));
#3728=CARTESIAN_POINT('',(14.8541828560753,-2.5472121112753,49.9990186030897));
#3729=CARTESIAN_POINT('',(22.1041828560753,-2.54305,50.0000008493664));
#3730=CARTESIAN_POINT('',(14.7,0.911830595622133,52.3739570973597));
#3731=CARTESIAN_POINT('Ctrl Pts',(14.8541828560753,-2.5472121112753,49.9990186030897));
#3732=CARTESIAN_POINT('Ctrl Pts',(14.8292599537,-2.54302861039662,50.7923636559897));
#3733=CARTESIAN_POINT('Ctrl Pts',(14.7778656683416,-1.71496429619017,52.4354362181783));
#3734=CARTESIAN_POINT('Ctrl Pts',(14.7264713829832,0.122135926953686,52.6772768239554));
#3735=CARTESIAN_POINT('Ctrl Pts',(14.7,0.911830595622166,52.3739570973597));
#3736=CARTESIAN_POINT('',(14.7,1.97970874999199,51.6031724083195));
#3737=CARTESIAN_POINT('Origin',(14.7,-9.00115397373305E-16,50.0000008493662));
#3738=CARTESIAN_POINT('Ctrl Pts',(14.8958171439247,-2.53899408073762,49.9997927730161));
#3739=CARTESIAN_POINT('Ctrl Pts',(14.8821264415083,-2.53852974558943,50.4389855584894));
#3740=CARTESIAN_POINT('Ctrl Pts',(14.8421313593669,-2.22205115085851,51.7225474160708));
#3741=CARTESIAN_POINT('Ctrl Pts',(14.7768589780587,-0.220974673837152,52.973452554322));
#3742=CARTESIAN_POINT('Ctrl Pts',(14.7252772991669,1.47164763537991,52.2268667503691));
#3743=CARTESIAN_POINT('Ctrl Pts',(14.7,1.97972031868577,51.603179811556));
#3744=CARTESIAN_POINT('Origin',(22.1041828560753,-1.35349083912302E-15,
50.0000008493662));
#3745=CARTESIAN_POINT('',(15.3958171439247,-2.54525332238462,49.9981651641077));
#3746=CARTESIAN_POINT('',(15.3541828560753,-2.54297079219107,50.0023276284672));
#3747=CARTESIAN_POINT('',(22.1041828560753,-2.54305,50.0000008493664));
#3748=CARTESIAN_POINT('Ctrl Pts',(15.3541828560753,-2.54297079219107,50.0023276284672));
#3749=CARTESIAN_POINT('Ctrl Pts',(15.3478929679156,-2.54481292660641,50.2032999639096));
#3750=CARTESIAN_POINT('Ctrl Pts',(15.3151316967728,-2.43117136519711,51.2480195715782));
#3751=CARTESIAN_POINT('Ctrl Pts',(15.2558990426468,-0.990337956391628,52.8383642867791));
#3752=CARTESIAN_POINT('Ctrl Pts',(15.1764848936973,1.84829225188051,52.3707185078939));
#3753=CARTESIAN_POINT('Ctrl Pts',(15.0970707447477,2.99440888558166,49.7317573105708));
#3754=CARTESIAN_POINT('Ctrl Pts',(15.0176565957982,1.39698970527259,47.3382383576056));
#3755=CARTESIAN_POINT('Ctrl Pts',(14.9382424468486,-1.47835971086244,47.3832462966131));
#3756=CARTESIAN_POINT('Ctrl Pts',(14.8837512002743,-2.52441828369199,49.0580401957736));
#3757=CARTESIAN_POINT('Ctrl Pts',(14.8557313366832,-2.54747203565676,49.9497274165606));
#3758=CARTESIAN_POINT('Ctrl Pts',(14.8541828560753,-2.5472121112753,49.9990186030897));
#3759=CARTESIAN_POINT('Ctrl Pts',(15.3958171439247,-2.54525332238463,49.9981651641077));
#3760=CARTESIAN_POINT('Ctrl Pts',(15.3732860531908,-2.53939241819644,50.7164036435127));
#3761=CARTESIAN_POINT('Ctrl Pts',(15.3244505827321,-1.84813848709267,52.2830435348336));
#3762=CARTESIAN_POINT('Ctrl Pts',(15.2493107325484,0.800877575151864,52.8909086461674));
#3763=CARTESIAN_POINT('Ctrl Pts',(15.1703975933739,2.8578518726799,50.9119612565313));
#3764=CARTESIAN_POINT('Ctrl Pts',(15.0914844541992,2.3273061338176,48.1072550971485));
#3765=CARTESIAN_POINT('Ctrl Pts',(15.0125713150246,-0.310210294844684,47.0163774608088));
#3766=CARTESIAN_POINT('Ctrl Pts',(14.9473488782664,-2.25822819032208,48.3471521714211));
#3767=CARTESIAN_POINT('Ctrl Pts',(14.9084308212331,-2.53942188740114,49.5951505637542));
#3768=CARTESIAN_POINT('Ctrl Pts',(14.8958171439247,-2.53899408073762,49.9997927730161));
#3769=CARTESIAN_POINT('Origin',(22.1041828560753,-1.35349083912302E-15,
50.0000008493662));
#3770=CARTESIAN_POINT('',(15.8958171439247,-2.54408524409503,50.0021508253307));
#3771=CARTESIAN_POINT('',(15.8541828560753,-2.53898310830505,49.9995331480605));
#3772=CARTESIAN_POINT('',(22.1041828560753,-2.54305,50.0000008493664));
#3773=CARTESIAN_POINT('Ctrl Pts',(15.8541828560753,-2.53898310830505,49.9995331480605));
#3774=CARTESIAN_POINT('Ctrl Pts',(15.8400545991481,-2.53823900546435,50.452741451962));
#3775=CARTESIAN_POINT('Ctrl Pts',(15.7994549592377,-2.2060265203651,51.7561210829331));
#3776=CARTESIAN_POINT('Ctrl Pts',(15.7323839363441,-0.12089268739147,53.003744666097));
#3777=CARTESIAN_POINT('Ctrl Pts',(15.6529697873945,2.45869708195427,51.7297081221968));
#3778=CARTESIAN_POINT('Ctrl Pts',(15.573555638445,2.78626590876392,48.8713593529323));
#3779=CARTESIAN_POINT('Ctrl Pts',(15.4941414894954,0.561758316413901,47.0467783280169));
#3780=CARTESIAN_POINT('Ctrl Pts',(15.4210172287056,-1.96032058914547,47.8574592348028));
#3781=CARTESIAN_POINT('Ctrl Pts',(15.3743643508988,-2.5370601900907,49.3574954717624));
#3782=CARTESIAN_POINT('Ctrl Pts',(15.3541828560753,-2.54297079219107,50.0023276284672));
#3783=CARTESIAN_POINT('Ctrl Pts',(15.8958171439247,-2.54408524409503,50.0021508253307));
#3784=CARTESIAN_POINT('Ctrl Pts',(15.8907500445983,-2.54553634025392,50.1638703273333));
#3785=CARTESIAN_POINT('Ctrl Pts',(15.859378565547,-2.45813740216065,51.1635477866508));
#3786=CARTESIAN_POINT('Ctrl Pts',(15.8017027067708,-1.1352717516711,52.7766887881101));
#3787=CARTESIAN_POINT('Ctrl Pts',(15.7227895675962,1.70255276213616,52.4698490289246));
#3788=CARTESIAN_POINT('Ctrl Pts',(15.6438764284216,2.99891451662111,49.9268499731598));
#3789=CARTESIAN_POINT('Ctrl Pts',(15.5649632892469,1.58010713695204,47.4500790986597));
#3790=CARTESIAN_POINT('Ctrl Pts',(15.4860501500723,-1.26930106892488,47.2819683477357));
#3791=CARTESIAN_POINT('Ctrl Pts',(15.4296681016316,-2.48406995491221,48.9200947964586));
#3792=CARTESIAN_POINT('Ctrl Pts',(15.3995904329157,-2.54623484988863,49.8778815356204));
#3793=CARTESIAN_POINT('Ctrl Pts',(15.3958171439247,-2.54525332238463,49.9981651641077));
#3794=CARTESIAN_POINT('Origin',(22.1041828560753,-1.35349083912302E-15,
50.0000008493662));
#3795=CARTESIAN_POINT('',(16.3958171439247,-2.53907547905153,49.9996149351035));
#3796=CARTESIAN_POINT('',(16.3541828560753,-2.5446789151252,49.9979004415767));
#3797=CARTESIAN_POINT('',(22.1041828560753,-2.54305,50.0000008493664));
#3798=CARTESIAN_POINT('Ctrl Pts',(16.3541828560753,-2.5446789151252,49.9979004415767));
#3799=CARTESIAN_POINT('Ctrl Pts',(16.3322162303805,-2.53844595972663,50.6985533148116));
#3800=CARTESIAN_POINT('Ctrl Pts',(16.2837782217025,-1.87457828625988,52.2539180980058));
#3801=CARTESIAN_POINT('Ctrl Pts',(16.2088688300414,0.759089757496844,52.9087588587137));
#3802=CARTESIAN_POINT('Ctrl Pts',(16.1294546810918,2.85585277998916,50.9387207504569));
#3803=CARTESIAN_POINT('Ctrl Pts',(16.0500405321423,2.33681572085822,48.1088681523273));
#3804=CARTESIAN_POINT('Ctrl Pts',(15.9706263831927,-0.322613075946583,47.011186454811));
#3805=CARTESIAN_POINT('Ctrl Pts',(15.9053404911704,-2.26598806301257,48.3593416157185));
#3806=CARTESIAN_POINT('Ctrl Pts',(15.8665259821312,-2.5396331924031,49.6035885348293));
#3807=CARTESIAN_POINT('Ctrl Pts',(15.8541828560753,-2.53898310830505,49.9995331480605));
#3808=CARTESIAN_POINT('Ctrl Pts',(16.3958171439247,-2.53907547905153,49.9996149351035));
#3809=CARTESIAN_POINT('Ctrl Pts',(16.3819096562809,-2.5384638632046,50.4457066035473));
#3810=CARTESIAN_POINT('Ctrl Pts',(16.3416977889121,-2.21473482673114,51.7363583653349));
#3811=CARTESIAN_POINT('Ctrl Pts',(16.2751815418186,-0.164440829460496,52.9952966114829));
#3812=CARTESIAN_POINT('Ctrl Pts',(16.1962684026439,2.4168564708074,51.7769764411128));
#3813=CARTESIAN_POINT('Ctrl Pts',(16.1173552634693,2.80997158843492,48.9498117390912));
#3814=CARTESIAN_POINT('Ctrl Pts',(16.0384421242947,0.65898451751891,47.073471001908));
#3815=CARTESIAN_POINT('Ctrl Pts',(15.9645960844465,-1.91220853597805,47.7971085255817));
#3816=CARTESIAN_POINT('Ctrl Pts',(15.9170544243232,-2.53800339449503,49.3243503346206));
#3817=CARTESIAN_POINT('Ctrl Pts',(15.8958171439247,-2.54408524409503,50.0021508253307));
#3818=CARTESIAN_POINT('Origin',(22.1041828560753,-1.35349083912302E-15,
50.0000008493662));
#3819=CARTESIAN_POINT('',(16.8958171439247,-2.54543459301157,49.9982377553549));
#3820=CARTESIAN_POINT('',(16.8541828560753,-2.54570665677696,50.0017329136809));
#3821=CARTESIAN_POINT('',(22.1041828560753,-2.54305,50.0000008493664));
#3822=CARTESIAN_POINT('Ctrl Pts',(16.8541828560753,-2.54570665677696,50.0017329136809));
#3823=CARTESIAN_POINT('Ctrl Pts',(16.8508492445961,-2.54653557623407,50.1079509455276));
#3824=CARTESIAN_POINT('Ctrl Pts',(16.8210442501337,-2.4922497427916,51.0567663060475));
#3825=CARTESIAN_POINT('Ctrl Pts',(16.7647678726882,-1.29992913457503,52.7105865068955));
#3826=CARTESIAN_POINT('Ctrl Pts',(16.6853537237387,1.57327038801779,52.5616235087561));
#3827=CARTESIAN_POINT('Ctrl Pts',(16.6059395747891,3.00544289878553,50.0663585193541));
#3828=CARTESIAN_POINT('Ctrl Pts',(16.5265254258396,1.68479909361376,47.510313644562));
#3829=CARTESIAN_POINT('Ctrl Pts',(16.44711127689,-1.17902573521103,47.2346819371802));
#3830=CARTESIAN_POINT('Ctrl Pts',(16.3896637536353,-2.4694865698595,48.8675535584436));
#3831=CARTESIAN_POINT('Ctrl Pts',(16.3586876133637,-2.54595712469868,49.854215599799));
#3832=CARTESIAN_POINT('Ctrl Pts',(16.3541828560753,-2.5446789151252,49.9979004415767));
#3833=CARTESIAN_POINT('Ctrl Pts',(16.8958171439247,-2.54543459301157,49.9982377553549));
#3834=CARTESIAN_POINT('Ctrl Pts',(16.8730692679635,-2.53968380947683,50.7232506869347));
#3835=CARTESIAN_POINT('Ctrl Pts',(16.8240170122773,-1.83707952948744,52.2963747937126));
#3836=CARTESIAN_POINT('Ctrl Pts',(16.7486603768663,0.824486522969941,52.8842788270964));
#3837=CARTESIAN_POINT('Ctrl Pts',(16.6697472376917,2.86519028824504,50.8885514055881));
#3838=CARTESIAN_POINT('Ctrl Pts',(16.5908340985171,2.3117977794522,48.088344890235));
#3839=CARTESIAN_POINT('Ctrl Pts',(16.5119209593424,-0.334658506629813,47.0189203129579));
#3840=CARTESIAN_POINT('Ctrl Pts',(16.4469153078117,-2.26511360506671,48.3613203818368));
#3841=CARTESIAN_POINT('Ctrl Pts',(16.4082140360057,-2.53962066275715,49.6019765971402));
#3842=CARTESIAN_POINT('Ctrl Pts',(16.3958171439247,-2.53907547905153,49.9996149351035));
#3843=CARTESIAN_POINT('Origin',(22.1041828560753,-1.35349083912302E-15,
50.0000008493662));
#3844=CARTESIAN_POINT('',(17.3958171439247,-2.54388069187213,50.0021831838225));
#3845=CARTESIAN_POINT('',(17.3541828560753,-2.53931994641666,50.001051304115));
#3846=CARTESIAN_POINT('',(22.1041828560753,-2.54305,50.0000008493664));
#3847=CARTESIAN_POINT('Ctrl Pts',(17.3541828560753,-2.53931994641666,50.001051304115));
#3848=CARTESIAN_POINT('Ctrl Pts',(17.3430108758285,-2.54065168602233,50.359309017979));
#3849=CARTESIAN_POINT('Ctrl Pts',(17.3053675125986,-2.30243321554675,51.5647471110429));
#3850=CARTESIAN_POINT('Ctrl Pts',(17.2412527663855,-0.454215302760055,52.9716634850507));
#3851=CARTESIAN_POINT('Ctrl Pts',(17.161838617436,2.25106984615418,51.9924302482032));
#3852=CARTESIAN_POINT('Ctrl Pts',(17.0824244684864,2.89450187923464,49.1882439691088));
#3853=CARTESIAN_POINT('Ctrl Pts',(17.0030103195368,0.886733316047924,47.12758124426));
#3854=CARTESIAN_POINT('Ctrl Pts',(16.9269297820665,-1.81485771200736,47.6739527064489));
#3855=CARTESIAN_POINT('Ctrl Pts',(16.8773206275793,-2.53995333215784,49.2644998660293));
#3856=CARTESIAN_POINT('Ctrl Pts',(16.8541828560753,-2.54570665677696,50.0017329136809));
#3857=CARTESIAN_POINT('Ctrl Pts',(17.3958171439247,-2.54388069187213,50.0021831838225));
#3858=CARTESIAN_POINT('Ctrl Pts',(17.3905332593709,-2.54540272479278,50.1708564938701));
#3859=CARTESIAN_POINT('Ctrl Pts',(17.3589449950922,-2.45356781039759,51.1775756695677));
#3860=CARTESIAN_POINT('Ctrl Pts',(17.3010523510887,-1.11254138435347,52.7858739884872));
#3861=CARTESIAN_POINT('Ctrl Pts',(17.222139211914,1.72268094947535,52.4558526008964));
#3862=CARTESIAN_POINT('Ctrl Pts',(17.1432260727394,2.99821621782071,49.9023433336883));
#3863=CARTESIAN_POINT('Ctrl Pts',(17.0643129335648,1.55921571802334,47.4372515787898));
#3864=CARTESIAN_POINT('Ctrl Pts',(16.9853997943901,-1.29147310888256,47.2924309632438));
#3865=CARTESIAN_POINT('Ctrl Pts',(16.9292345311768,-2.48819207212118,48.934097247939));
#3866=CARTESIAN_POINT('Ctrl Pts',(16.8993736476883,-2.54633369600122,49.884886019825));
#3867=CARTESIAN_POINT('Ctrl Pts',(16.8958171439247,-2.54543459301157,49.9982377553549));
#3868=CARTESIAN_POINT('Origin',(22.1041828560753,-1.35349083912302E-15,
50.0000008493662));
#3869=CARTESIAN_POINT('',(17.8958171439247,-2.53911174739357,49.9995057299227));
#3870=CARTESIAN_POINT('',(17.8541828560753,-2.54185905546455,49.997743960727));
#3871=CARTESIAN_POINT('',(22.1041828560753,-2.54305,50.0000008493664));
#3872=CARTESIAN_POINT('Ctrl Pts',(17.8541828560753,-2.54185905546455,49.997743960727));
#3873=CARTESIAN_POINT('Ctrl Pts',(17.8351725070609,-2.53665725150938,50.6058270377195));
#3874=CARTESIAN_POINT('Ctrl Pts',(17.7896907750634,-2.01320764772169,52.0686895703567));
#3875=CARTESIAN_POINT('Ctrl Pts',(17.7177376600828,0.430872830585358,52.9751376471371));
#3876=CARTESIAN_POINT('Ctrl Pts',(17.6383235111332,2.73373210275562,51.2505204021726));
#3877=CARTESIAN_POINT('Ctrl Pts',(17.5589093621837,2.53264683339781,48.3804977222106));
#3878=CARTESIAN_POINT('Ctrl Pts',(17.4794952132341,0.0117997967073449,46.9938486365891));
#3879=CARTESIAN_POINT('Ctrl Pts',(17.4112530445313,-2.16370203642181,48.1683817940066));
#3880=CARTESIAN_POINT('Ctrl Pts',(17.3694822588117,-2.5374962034349,49.5104373818933));
#3881=CARTESIAN_POINT('Ctrl Pts',(17.3541828560753,-2.53931994641666,50.001051304115));
#3882=CARTESIAN_POINT('Ctrl Pts',(17.8958171439247,-2.53911174739357,49.9995057299227));
#3883=CARTESIAN_POINT('Ctrl Pts',(17.8816928710535,-2.53831416962168,50.4525347442464));
#3884=CARTESIAN_POINT('Ctrl Pts',(17.8412642184574,-2.20718593598926,51.7503520441636));
#3885=CARTESIAN_POINT('Ctrl Pts',(17.7745311861364,-0.139956226046847,52.9965404759966));
#3886=CARTESIAN_POINT('Ctrl Pts',(17.6956180469618,2.43129812894725,51.7571652945317));
#3887=CARTESIAN_POINT('Ctrl Pts',(17.6167049077872,2.80129505133017,48.9268822564005));
#3888=CARTESIAN_POINT('Ctrl Pts',(17.5377917686125,0.635045398577405,47.0681831843465));
#3889=CARTESIAN_POINT('Ctrl Pts',(17.4641625139917,-1.92261739785576,47.8106236772139));
#3890=CARTESIAN_POINT('Ctrl Pts',(17.4168376390958,-2.5378256985556,49.3311623726688));
#3891=CARTESIAN_POINT('Ctrl Pts',(17.3958171439247,-2.54388069187213,50.0021831838225));
#3892=CARTESIAN_POINT('Origin',(22.1041828560753,-1.35349083912302E-15,
50.0000008493662));
#3893=CARTESIAN_POINT('',(18.3958171439247,-2.54561050022741,49.998315282071));
#3894=CARTESIAN_POINT('',(18.3541828560753,-2.54723623350831,50.0002251017548));
#3895=CARTESIAN_POINT('',(22.1041828560753,-2.54305,50.0000008493664));
#3896=CARTESIAN_POINT('Ctrl Pts',(18.3541828560753,-2.54723623350831,50.0002251017548));
#3897=CARTESIAN_POINT('Ctrl Pts',(18.3538055212765,-2.54725136811579,50.0122289400344));
#3898=CARTESIAN_POINT('Ctrl Pts',(18.3269568034947,-2.54173628160205,50.8663305872971));
#3899=CARTESIAN_POINT('Ctrl Pts',(18.2736367027296,-1.59333144328456,52.5491939125581));
#3900=CARTESIAN_POINT('Ctrl Pts',(18.19422255378,1.2786101377685,52.7207078304976));
#3901=CARTESIAN_POINT('Ctrl Pts',(18.1148084048305,2.97941689110051,50.4002074842637));
#3902=CARTESIAN_POINT('Ctrl Pts',(18.035394255881,1.95124568280549,47.7131404148578));
#3903=CARTESIAN_POINT('Ctrl Pts',(17.9559801069314,-0.864156604830677,47.120708623156));
#3904=CARTESIAN_POINT('Ctrl Pts',(17.8955763069962,-2.40355805892357,48.6760481200586));
#3905=CARTESIAN_POINT('Ctrl Pts',(17.8616438900441,-2.54390061903499,49.7590882427329));
#3906=CARTESIAN_POINT('Ctrl Pts',(17.8541828560753,-2.54185905546455,49.997743960727));
#3907=CARTESIAN_POINT('Ctrl Pts',(18.3958171439247,-2.54561050022741,49.998315282071));
#3908=CARTESIAN_POINT('Ctrl Pts',(18.3728524827361,-2.53999201064649,50.7301051863046));
#3909=CARTESIAN_POINT('Ctrl Pts',(18.3235834418225,-1.82592135145116,52.30968302836));
#3910=CARTESIAN_POINT('Ctrl Pts',(18.2480100211841,0.848030806899689,52.8774443726494));
#3911=CARTESIAN_POINT('Ctrl Pts',(18.1690968820095,2.87235630035642,50.8651059083077));
#3912=CARTESIAN_POINT('Ctrl Pts',(18.0901837428349,2.29609752978468,48.0695155184488));
#3913=CARTESIAN_POINT('Ctrl Pts',(18.0112706036603,-0.359010269313433,47.0217548713282));
#3914=CARTESIAN_POINT('Ctrl Pts',(17.9464817373569,-2.27202909804825,48.375357601613));
#3915=CARTESIAN_POINT('Ctrl Pts',(17.9079972507784,-2.53979954085199,49.6088348718496));
#3916=CARTESIAN_POINT('Ctrl Pts',(17.8958171439247,-2.53911174739357,49.9995057299227));
#3917=CARTESIAN_POINT('Origin',(22.1041828560753,-1.35349083912302E-15,
50.0000008493662));
#3918=CARTESIAN_POINT('',(18.8958171439247,-2.54367506448228,50.0022095347591));
#3919=CARTESIAN_POINT('',(18.8541828560753,-2.54119999710997,50.0021222449263));
#3920=CARTESIAN_POINT('',(22.1041828560753,-2.54305,50.0000008493664));
#3921=CARTESIAN_POINT('Ctrl Pts',(18.8541828560753,-2.54119999710997,50.0021222449263));
#3922=CARTESIAN_POINT('Ctrl Pts',(18.845967152509,-2.54327318555997,50.2650900795889));
#3923=CARTESIAN_POINT('Ctrl Pts',(18.8112800659595,-2.38470138519332,51.3729136550849));
#3924=CARTESIAN_POINT('Ctrl Pts',(18.7501215964268,-0.781901004896209,52.9027101321333));
#3925=CARTESIAN_POINT('Ctrl Pts',(18.6707074474773,2.01550930056311,52.2304296468215));
#3926=CARTESIAN_POINT('Ctrl Pts',(18.5912932985278,2.96682667475684,49.5152020831436));
#3927=CARTESIAN_POINT('Ctrl Pts',(18.5118791495782,1.20069801582671,47.2440228675279));
#3928=CARTESIAN_POINT('Ctrl Pts',(18.4328423354274,-1.65158508754006,47.4959613690013));
#3929=CARTESIAN_POINT('Ctrl Pts',(18.3802769042597,-2.54618962138022,49.1701168383896));
#3930=CARTESIAN_POINT('Ctrl Pts',(18.3541828560753,-2.54723623350831,50.0002251017548));
#3931=CARTESIAN_POINT('Ctrl Pts',(18.8958171439247,-2.54367506448228,50.0022095347591));
#3932=CARTESIAN_POINT('Ctrl Pts',(18.8903164741435,-2.54526469394433,50.1778396675311));
#3933=CARTESIAN_POINT('Ctrl Pts',(18.8585114246375,-2.44893278836772,51.1916069684983));
#3934=CARTESIAN_POINT('Ctrl Pts',(18.8004019954065,-1.08973662670152,52.7948732193674));
#3935=CARTESIAN_POINT('Ctrl Pts',(18.7214888562319,1.74269391550127,52.4416919422357));
#3936=CARTESIAN_POINT('Ctrl Pts',(18.6425757170573,2.99731798289371,49.8778436144865));
#3937=CARTESIAN_POINT('Ctrl Pts',(18.5636625778826,1.53821952842791,47.4245944423063));
#3938=CARTESIAN_POINT('Ctrl Pts',(18.484749438708,-1.31355764714818,47.3030759734316));
#3939=CARTESIAN_POINT('Ctrl Pts',(18.4288009607221,-2.49225296976789,48.9480936440194));
#3940=CARTESIAN_POINT('Ctrl Pts',(18.399156862461,-2.54642758930374,49.8918921004829));
#3941=CARTESIAN_POINT('Ctrl Pts',(18.3958171439247,-2.54561050022741,49.998315282071));
#3942=CARTESIAN_POINT('Origin',(22.1041828560753,-1.35349083912302E-15,
50.0000008493662));
#3943=CARTESIAN_POINT('',(19.3958171439247,-2.53915694525292,49.9993977247232));
#3944=CARTESIAN_POINT('',(19.3541828560753,-2.53967029629444,49.9986105244505));
#3945=CARTESIAN_POINT('',(22.1041828560753,-2.54305,50.0000008493664));
#3946=CARTESIAN_POINT('Ctrl Pts',(19.3541828560753,-2.53967029629444,49.9986105244505));
#3947=CARTESIAN_POINT('Ctrl Pts',(19.3381287837414,-2.53711682538825,50.5132471769993));
#3948=CARTESIAN_POINT('Ctrl Pts',(19.2956033284244,-2.13514118608358,51.8801293190291));
#3949=CARTESIAN_POINT('Ctrl Pts',(19.2266064901241,0.0973096457020397,53.0046008589103));
#3950=CARTESIAN_POINT('Ctrl Pts',(19.1471923411746,2.57769115960542,51.5468035583597));
#3951=CARTESIAN_POINT('Ctrl Pts',(19.067778192225,2.69705285657234,48.6722221557435));
#3952=CARTESIAN_POINT('Ctrl Pts',(18.9883640432755,0.346066126976227,47.0138112037865));
#3953=CARTESIAN_POINT('Ctrl Pts',(18.9171655978922,-2.04588640354803,47.9791855697701));
#3954=CARTESIAN_POINT('Ctrl Pts',(18.8724385354922,-2.53659327494568,49.4177953582729));
#3955=CARTESIAN_POINT('Ctrl Pts',(18.8541828560753,-2.54119999710997,50.0021222449263));
#3956=CARTESIAN_POINT('Ctrl Pts',(19.3958171439247,-2.53915694525292,49.9993977247232));
#3957=CARTESIAN_POINT('Ctrl Pts',(19.3814760858261,-2.53816943089909,50.4593595026164));
#3958=CARTESIAN_POINT('Ctrl Pts',(19.3408306480026,-2.19955588178093,51.7643385292341));
#3959=CARTESIAN_POINT('Ctrl Pts',(19.2738808304542,-0.115462216292829,52.9975842326555));
#3960=CARTESIAN_POINT('Ctrl Pts',(19.1949676912796,2.4455773661857,51.737236764832));
#3961=CARTESIAN_POINT('Ctrl Pts',(19.116054552105,2.79243143234972,48.904024463663));
#3962=CARTESIAN_POINT('Ctrl Pts',(19.0371414129304,0.611063846255957,47.0630911689452));
#3963=CARTESIAN_POINT('Ctrl Pts',(18.963728943537,-1.93293355353374,47.8241619992219));
#3964=CARTESIAN_POINT('Ctrl Pts',(18.9166208538684,-2.53766303475467,49.3379707265965));
#3965=CARTESIAN_POINT('Ctrl Pts',(18.8958171439247,-2.54367506448228,50.0022095347591));
#3966=CARTESIAN_POINT('Origin',(22.1041828560753,-1.35349083912302E-15,
50.0000008493662));
#3967=CARTESIAN_POINT('',(19.8958171439247,-2.54577603598773,49.9984002859899));
#3968=CARTESIAN_POINT('',(19.8541828560753,-2.54627502063306,49.9985877928352));
#3969=CARTESIAN_POINT('',(22.1041828560753,-2.54305,50.0000008493664));
#3970=CARTESIAN_POINT('Ctrl Pts',(19.8541828560753,-2.54627502063306,49.9985877928352));
#3971=CARTESIAN_POINT('Ctrl Pts',(19.8302904149738,-2.5411989979273,50.7594204132918));
#3972=CARTESIAN_POINT('Ctrl Pts',(19.7799265908892,-1.77489752036989,52.3720785476143));
#3973=CARTESIAN_POINT('Ctrl Pts',(19.7030913838214,0.968085338571447,52.8460337510309));
#3974=CARTESIAN_POINT('Ctrl Pts',(19.6236772348719,2.91642194548986,50.7290905662868));
#3975=CARTESIAN_POINT('Ctrl Pts',(19.5442630859223,2.19348128271496,47.9443426714943));
#3976=CARTESIAN_POINT('Ctrl Pts',(19.4648489369728,-0.538565058537435,47.0424616241349));
#3977=CARTESIAN_POINT('Ctrl Pts',(19.4014888603571,-2.32473828980612,48.4842116654018));
#3978=CARTESIAN_POINT('Ctrl Pts',(19.3646001667246,-2.54132721543063,49.6646684710177));
#3979=CARTESIAN_POINT('Ctrl Pts',(19.3541828560753,-2.53967029629444,49.9986105244505));
#3980=CARTESIAN_POINT('Ctrl Pts',(19.8958171439247,-2.54577603598773,49.9984002859899));
#3981=CARTESIAN_POINT('Ctrl Pts',(19.8726356975087,-2.54031280303875,50.7369697462992));
#3982=CARTESIAN_POINT('Ctrl Pts',(19.8231498713678,-1.81467417066964,52.3229587229753));
#3983=CARTESIAN_POINT('Ctrl Pts',(19.747359665502,0.871521856657418,52.8704196915914));
#3984=CARTESIAN_POINT('Ctrl Pts',(19.6684465263274,2.87932874073077,50.8416016373261));
#3985=CARTESIAN_POINT('Ctrl Pts',(19.5895333871528,2.2802447931321,48.0508155881951));
#3986=CARTESIAN_POINT('Ctrl Pts',(19.5106202479781,-0.383338494627193,47.024788096095));
#3987=CARTESIAN_POINT('Ctrl Pts',(19.4460481669021,-2.27886676656396,48.389398767786));
#3988=CARTESIAN_POINT('Ctrl Pts',(19.407780465551,-2.5399807304816,49.6156972580715));
#3989=CARTESIAN_POINT('Ctrl Pts',(19.3958171439247,-2.53915694525292,49.9993977247232));
#3990=CARTESIAN_POINT('Origin',(22.1041828560753,-1.35349083912302E-15,
50.0000008493662));
#3991=CARTESIAN_POINT('',(20.3958171439247,-2.54346562574594,50.0022338508971));
#3992=CARTESIAN_POINT('',(20.3541828560753,-2.54395737425494,50.0022504134168));
#3993=CARTESIAN_POINT('',(22.1041828560753,-2.54305,50.0000008493664));
#3994=CARTESIAN_POINT('',(20.6154041964228,2.35957831362123,49.051584546054));
#3995=CARTESIAN_POINT('Ctrl Pts',(20.6154041964228,2.35957831362124,49.051584546054));
#3996=CARTESIAN_POINT('Ctrl Pts',(20.589099816698,2.04607875030349,48.2716245555404));
#3997=CARTESIAN_POINT('Ctrl Pts',(20.5364910572482,0.590390174433521,47.0600144245739));
#3998=CARTESIAN_POINT('Ctrl Pts',(20.4632953730822,-1.94438952412699,47.8370144223512));
#3999=CARTESIAN_POINT('Ctrl Pts',(20.416404068641,-2.5378027735076,49.3446132390361));
#4000=CARTESIAN_POINT('Ctrl Pts',(20.3958171439247,-2.54346562574594,50.002233850897));
#4001=CARTESIAN_POINT('',(20.5954569084217,2.52764908212487,49.7207390116502));
#4002=CARTESIAN_POINT('Ctrl Pts',(20.6154041964228,2.35957831362123,49.051584546054));
#4003=CARTESIAN_POINT('Ctrl Pts',(20.6054568827628,2.44648701700548,49.2678059364437));
#4004=CARTESIAN_POINT('Ctrl Pts',(20.598501470701,2.50297058931128,49.4963902841677));
#4005=CARTESIAN_POINT('Ctrl Pts',(20.5954569084217,2.52777663834148,49.7217050190794));
#4006=CARTESIAN_POINT('Ctrl Pts',(20.5954569084217,2.52747277963411,49.7194038394385));
#4007=CARTESIAN_POINT('Ctrl Pts',(20.5891869463699,2.50727770123132,49.5200315100431));
#4008=CARTESIAN_POINT('Ctrl Pts',(20.556445601335,2.2800420146463,48.4944237713132));
#4009=CARTESIAN_POINT('Ctrl Pts',(20.4972328733169,0.676477217450473,47.0710183684606));
#4010=CARTESIAN_POINT('Ctrl Pts',(20.4230781512532,-1.91177970860119,47.7928937815438));
#4011=CARTESIAN_POINT('Ctrl Pts',(20.3753948121726,-2.53776775842964,49.3251580807972));
#4012=CARTESIAN_POINT('Ctrl Pts',(20.3541828560753,-2.54395737425494,50.0022504134168));
#4013=CARTESIAN_POINT('Origin',(21.,-1.28587913910472E-15,50.0000008493662));
#4014=CARTESIAN_POINT('',(15.1932753360521,-2.26427947279757,50.0020726302032));
#4015=CARTESIAN_POINT('',(15.0567246639479,-2.26073858033394,49.9998155766883));
#4016=CARTESIAN_POINT('',(21.,-2.26435,50.0000008493662));
#4017=CARTESIAN_POINT('',(14.7,0.515459465110037,47.795101200328));
#4018=CARTESIAN_POINT('Ctrl Pts',(15.0567246639479,-2.26073858033394,49.9998155766883));
#4019=CARTESIAN_POINT('Ctrl Pts',(15.0430339615314,-2.26032513298027,50.3908759898876));
#4020=CARTESIAN_POINT('Ctrl Pts',(15.029343259115,-2.16386404933631,50.7820991871835));
#4021=CARTESIAN_POINT('Ctrl Pts',(15.0156525566985,-1.97249389327198,51.1193731586151));
#4022=CARTESIAN_POINT('Ctrl Pts',(14.9893481769736,-1.60480835749757,51.7673883112332));
#4023=CARTESIAN_POINT('Ctrl Pts',(14.9630437972487,-0.88676453158493,52.2162490727472));
#4024=CARTESIAN_POINT('Ctrl Pts',(14.9367394175239,-0.142956498763926,52.2633351084181));
#4025=CARTESIAN_POINT('Ctrl Pts',(14.910435037799,0.60085153405709,52.310421144089));
#4026=CARTESIAN_POINT('Ctrl Pts',(14.8841306580741,1.37042377378647,51.9557324539168));
#4027=CARTESIAN_POINT('Ctrl Pts',(14.8578262783492,1.81646446957752,51.3586613082763));
#4028=CARTESIAN_POINT('Ctrl Pts',(14.8315218986244,2.26250516536857,50.7615901626359));
#4029=CARTESIAN_POINT('Ctrl Pts',(14.8052175188995,2.38501431722131,49.9221365615273));
#4030=CARTESIAN_POINT('Ctrl Pts',(14.7789131391746,2.13046060904189,49.2231106778074));
#4031=CARTESIAN_POINT('Ctrl Pts',(14.7526087594498,1.87590690086247,48.5240847940876));
#4032=CARTESIAN_POINT('Ctrl Pts',(14.7263043797249,1.2442903326509,47.9654866277565));
#4033=CARTESIAN_POINT('Ctrl Pts',(14.7,0.515459465110036,47.795101200328));
#4034=CARTESIAN_POINT('',(14.7,-2.26037291623785,49.8088159571573));
#4035=CARTESIAN_POINT('Origin',(14.7,-9.00115397373305E-16,50.0000008493662));
#4036=CARTESIAN_POINT('Ctrl Pts',(14.7,-2.26037776413979,49.8088158809321));
#4037=CARTESIAN_POINT('Ctrl Pts',(14.7257783089418,-2.19746120079331,49.081204772606));
#4038=CARTESIAN_POINT('Ctrl Pts',(14.7515566178837,-1.75172171652399,48.3848011363078));
#4039=CARTESIAN_POINT('Ctrl Pts',(14.7773349268255,-1.1158742942956,48.0255624634984));
#4040=CARTESIAN_POINT('Ctrl Pts',(14.8038063098087,-0.462931517069228,47.6566653216507));
#4041=CARTESIAN_POINT('Ctrl Pts',(14.8302776927919,0.390479079186612,47.643306857511));
#4042=CARTESIAN_POINT('Ctrl Pts',(14.856749075775,1.05424329743885,47.9918287055841));
#4043=CARTESIAN_POINT('Ctrl Pts',(14.8832204587582,1.7180075156911,48.3403505536573));
#4044=CARTESIAN_POINT('Ctrl Pts',(14.9096918417414,2.19212535593973,49.0507527139433));
#4045=CARTESIAN_POINT('Ctrl Pts',(14.9361632247246,2.25909919453326,49.797578797341));
#4046=CARTESIAN_POINT('Ctrl Pts',(14.9626346077078,2.32607303312679,50.5444048807386));
#4047=CARTESIAN_POINT('Ctrl Pts',(14.9891059906909,1.98590287006522,51.3276548872477));
#4048=CARTESIAN_POINT('Ctrl Pts',(15.0155773736741,1.3945616648443,51.7886790843455));
#4049=CARTESIAN_POINT('Ctrl Pts',(15.0420487566573,0.803220459623395,52.2497032814433));
#4050=CARTESIAN_POINT('Ctrl Pts',(15.0685201396405,-0.039291787756837,52.3885016691297));
#4051=CARTESIAN_POINT('Ctrl Pts',(15.0949915226237,-0.747221623429075,52.1414798110654));
#4052=CARTESIAN_POINT('Ctrl Pts',(15.1214629056069,-1.45515145910133,51.8944579530011));
#4053=CARTESIAN_POINT('Ctrl Pts',(15.14793428859,-2.02849888306559,51.261615849186));
#4054=CARTESIAN_POINT('Ctrl Pts',(15.1744056715732,-2.2046396584665,50.5327918668185));
#4055=CARTESIAN_POINT('Ctrl Pts',(15.1806955597329,-2.24649262014691,50.3596153712776));
#4056=CARTESIAN_POINT('Ctrl Pts',(15.1869854478925,-2.26591972252265,50.1810198423142));
#4057=CARTESIAN_POINT('Ctrl Pts',(15.1932753360521,-2.26427947279757,50.0020726302032));
#4058=CARTESIAN_POINT('Origin',(21.,-1.28587913910472E-15,50.0000008493662));
#4059=CARTESIAN_POINT('',(15.6932753360521,-2.26072881040111,49.9995844047615));
#4060=CARTESIAN_POINT('',(15.5567246639479,-2.26631185408924,49.9983663420166));
#4061=CARTESIAN_POINT('',(21.,-2.26435,50.0000008493662));
#4062=CARTESIAN_POINT('Ctrl Pts',(15.5567246639479,-2.26631185408924,49.9983663420166));
#4063=CARTESIAN_POINT('Ctrl Pts',(15.534193573214,-2.26109326287064,50.6378910469343));
#4064=CARTESIAN_POINT('Ctrl Pts',(15.5116624824801,-1.97712283741185,51.2814742172589));
#4065=CARTESIAN_POINT('Ctrl Pts',(15.4891313917462,-1.49785588890568,51.7030072011334));
#4066=CARTESIAN_POINT('Ctrl Pts',(15.4628270120214,-0.938325950830788,52.1951344490042));
#4067=CARTESIAN_POINT('Ctrl Pts',(15.4365226322965,-0.112609400516117,52.3846101905601));
#4068=CARTESIAN_POINT('Ctrl Pts',(15.4102182525716,0.605506324724618,52.1856698978648));
#4069=CARTESIAN_POINT('Ctrl Pts',(15.3839138728467,1.32362204996534,51.9867296051696));
#4070=CARTESIAN_POINT('Ctrl Pts',(15.3576094931219,1.93413695013215,51.3993732782233));
#4071=CARTESIAN_POINT('Ctrl Pts',(15.331305113397,2.16066077695523,50.6894733605575));
#4072=CARTESIAN_POINT('Ctrl Pts',(15.3050007336721,2.38718460377832,49.9795734428916));
#4073=CARTESIAN_POINT('Ctrl Pts',(15.2786963539472,2.22971735725769,49.1471299345062));
#4074=CARTESIAN_POINT('Ctrl Pts',(15.2523919742224,1.759573136143,48.5690206321695));
#4075=CARTESIAN_POINT('Ctrl Pts',(15.2260875944975,1.28942891502831,47.9909113298328));
#4076=CARTESIAN_POINT('Ctrl Pts',(15.1997832147726,0.506607719319556,47.6671362335448));
#4077=CARTESIAN_POINT('Ctrl Pts',(15.1734788350477,-0.234572952523072,47.7441916489501));
#4078=CARTESIAN_POINT('Ctrl Pts',(15.1471744553229,-0.9757536243657,47.8212470643555));
#4079=CARTESIAN_POINT('Ctrl Pts',(15.120870075598,-1.67529377234221,48.2991329914541));
#4080=CARTESIAN_POINT('Ctrl Pts',(15.0945656958731,-2.01640022351239,48.9616607268645));
#4081=CARTESIAN_POINT('Ctrl Pts',(15.0819520185647,-2.17997019732971,49.2793610927256));
#4082=CARTESIAN_POINT('Ctrl Pts',(15.0693383412563,-2.2611195024623,49.6395192449047));
#4083=CARTESIAN_POINT('Ctrl Pts',(15.0567246639479,-2.26073858033394,49.9998155766883));
#4084=CARTESIAN_POINT('Ctrl Pts',(15.1932753360521,-2.26427947279757,50.0020726302032));
#4085=CARTESIAN_POINT('Ctrl Pts',(15.2134568308757,-2.25901663020069,49.4279094426785));
#4086=CARTESIAN_POINT('Ctrl Pts',(15.2336383256992,-2.03686816235949,48.8501257233002));
#4087=CARTESIAN_POINT('Ctrl Pts',(15.2538198205228,-1.64270790237056,48.4361047806271));
#4088=CARTESIAN_POINT('Ctrl Pts',(15.2802912035059,-1.12570124403615,47.8930475377231));
#4089=CARTESIAN_POINT('Ctrl Pts',(15.3067625864891,-0.312753800529752,47.6317389128351));
#4090=CARTESIAN_POINT('Ctrl Pts',(15.3332339694723,0.423839512969426,47.7718546104031));
#4091=CARTESIAN_POINT('Ctrl Pts',(15.3597053524555,1.16043282646863,47.9119703079711));
#4092=CARTESIAN_POINT('Ctrl Pts',(15.3861767354387,1.8206720099606,48.4535103279952));
#4093=CARTESIAN_POINT('Ctrl Pts',(15.4126481184218,2.10217999536864,49.1484627197722));
#4094=CARTESIAN_POINT('Ctrl Pts',(15.439119501405,2.38368798077667,49.8434151115492));
#4095=CARTESIAN_POINT('Ctrl Pts',(15.4655908843882,2.28646476810076,50.6917798750791));
#4096=CARTESIAN_POINT('Ctrl Pts',(15.4920622673714,1.85503894954924,51.3050308063012));
#4097=CARTESIAN_POINT('Ctrl Pts',(15.5185336503546,1.42361313099774,51.9182817375232));
#4098=CARTESIAN_POINT('Ctrl Pts',(15.5450050333378,0.65798470657065,52.2964188364372));
#4099=CARTESIAN_POINT('Ctrl Pts',(15.5714764163209,-0.0912116485464027,
52.2662654852623));
#4100=CARTESIAN_POINT('Ctrl Pts',(15.5979477993041,-0.840408003663476,52.2361121340873));
#4101=CARTESIAN_POINT('Ctrl Pts',(15.6244191822873,-1.57317228947051,51.7976683328233));
#4102=CARTESIAN_POINT('Ctrl Pts',(15.6508905652705,-1.95391831721707,51.1517292316033));
#4103=CARTESIAN_POINT('Ctrl Pts',(15.6650188221977,-2.15712937375439,50.8069798247755));
#4104=CARTESIAN_POINT('Ctrl Pts',(15.6791470791249,-2.26006625588299,50.403124336316));
#4105=CARTESIAN_POINT('Ctrl Pts',(15.6932753360521,-2.26072881040111,49.9995844047615));
#4106=CARTESIAN_POINT('Origin',(21.,-1.28587913910472E-15,50.0000008493662));
#4107=CARTESIAN_POINT('',(16.1932753360521,-2.26580039773648,49.9981306311723));
#4108=CARTESIAN_POINT('',(16.0567246639479,-2.26527178878377,50.0019152034193));
#4109=CARTESIAN_POINT('',(21.,-2.26435,50.0000008493662));
#4110=CARTESIAN_POINT('Ctrl Pts',(16.0567246639479,-2.26527178878377,50.0019152034193));
#4111=CARTESIAN_POINT('Ctrl Pts',(16.0516575646215,-2.26656385523446,50.1459114104777));
#4112=CARTESIAN_POINT('Ctrl Pts',(16.046590465295,-2.25399431952119,50.2896829688144));
#4113=CARTESIAN_POINT('Ctrl Pts',(16.0415233659686,-2.22674047646315,50.4306148316146));
#4114=CARTESIAN_POINT('Ctrl Pts',(16.0152189862437,-2.08526003754185,51.1622218113904));
#4115=CARTESIAN_POINT('Ctrl Pts',(15.9889146065188,-1.54805708290581,51.8173027804274));
#4116=CARTESIAN_POINT('Ctrl Pts',(15.962610226794,-0.858319047921505,52.0993078770775));
#4117=CARTESIAN_POINT('Ctrl Pts',(15.9363058470691,-0.168581012937198,52.3813129737277));
#4118=CARTESIAN_POINT('Ctrl Pts',(15.9100014673442,0.673692102395372,52.290242197991));
#4119=CARTESIAN_POINT('Ctrl Pts',(15.8836970876193,1.2872102975159,51.8673227036415));
#4120=CARTESIAN_POINT('Ctrl Pts',(15.8573927078945,1.90072849263641,51.4444032092921));
#4121=CARTESIAN_POINT('Ctrl Pts',(15.8310883281696,2.28549176754488,50.6896349963298));
#4122=CARTESIAN_POINT('Ctrl Pts',(15.8047839484447,2.26732069007323,49.944695124811));
#4123=CARTESIAN_POINT('Ctrl Pts',(15.7784795687199,2.24914961260158,49.1997552532922));
#4124=CARTESIAN_POINT('Ctrl Pts',(15.752175188995,1.82804418274981,48.4646437232168));
#4125=CARTESIAN_POINT('Ctrl Pts',(15.7258708092701,1.19463587637682,48.0721401213393));
#4126=CARTESIAN_POINT('Ctrl Pts',(15.6995664295452,0.561227570003824,47.6796365194617));
#4127=CARTESIAN_POINT('Ctrl Pts',(15.6732620498204,-0.284483612890386,47.6297408457818));
#4128=CARTESIAN_POINT('Ctrl Pts',(15.6469576700955,-0.959652151481856,47.9450392210734));
#4129=CARTESIAN_POINT('Ctrl Pts',(15.6206532903706,-1.63482069007334,48.2603375963649));
#4130=CARTESIAN_POINT('Ctrl Pts',(15.5943489106457,-2.13944658436206,48.9408300206279));
#4131=CARTESIAN_POINT('Ctrl Pts',(15.5680445309209,-2.24508786858887,49.6784656098523));
#4132=CARTESIAN_POINT('Ctrl Pts',(15.5642712419299,-2.26024181249237,49.7842773521285));
#4133=CARTESIAN_POINT('Ctrl Pts',(15.5604979529389,-2.26718581323424,49.8912649345865));
#4134=CARTESIAN_POINT('Ctrl Pts',(15.5567246639479,-2.26631185408924,49.9983663420166));
#4135=CARTESIAN_POINT('Ctrl Pts',(15.6932753360521,-2.26072881040111,49.9995844047615));
#4136=CARTESIAN_POINT('Ctrl Pts',(15.7056184621081,-2.26130764995494,49.647032475004));
#4137=CARTESIAN_POINT('Ctrl Pts',(15.7179615881641,-2.18382446804935,49.2947213975745));
#4138=CARTESIAN_POINT('Ctrl Pts',(15.73030471422,-2.02694551907616,48.9822748119812));
#4139=CARTESIAN_POINT('Ctrl Pts',(15.7567760972032,-1.69049892350261,48.312193894755));
#4140=CARTESIAN_POINT('Ctrl Pts',(15.7832474801864,-0.98887796266943,47.8254664614786));
#4141=CARTESIAN_POINT('Ctrl Pts',(15.8097188631696,-0.243405062714297,47.7450000238146));
#4142=CARTESIAN_POINT('Ctrl Pts',(15.8361902461528,0.502067837240846,47.6645335861505));
#4143=CARTESIAN_POINT('Ctrl Pts',(15.8626616291359,1.29139267631794,47.9903281440988));
#4144=CARTESIAN_POINT('Ctrl Pts',(15.8891330121191,1.76308081725685,48.573178938902));
#4145=CARTESIAN_POINT('Ctrl Pts',(15.9156043951023,2.23476895819575,49.1560297337052));
#4146=CARTESIAN_POINT('Ctrl Pts',(15.9420757780855,2.38882040099647,49.9959367653633));
#4147=CARTESIAN_POINT('Ctrl Pts',(15.9685471610687,2.15468397786039,50.7082462966352));
#4148=CARTESIAN_POINT('Ctrl Pts',(15.9950185440519,1.9205475547243,51.4205558279071));
#4149=CARTESIAN_POINT('Ctrl Pts',(16.021489927035,1.29822326565139,52.0052678587928));
#4150=CARTESIAN_POINT('Ctrl Pts',(16.0479613100182,0.572718072558018,52.1946007473255));
#4151=CARTESIAN_POINT('Ctrl Pts',(16.0744326930014,-0.152787120535349,52.3839336358582));
#4152=CARTESIAN_POINT('Ctrl Pts',(16.1009040759846,-0.981473217649176,52.1778873820379));
#4153=CARTESIAN_POINT('Ctrl Pts',(16.1273754589678,-1.53382532404813,51.6708253681482));
#4154=CARTESIAN_POINT('Ctrl Pts',(16.1493420846626,-1.99218112588507,51.2500524349684));
#4155=CARTESIAN_POINT('Ctrl Pts',(16.1713087103573,-2.26025052944574,50.6219969859468));
#4156=CARTESIAN_POINT('Ctrl Pts',(16.1932753360521,-2.26580039773648,49.9981306311723));
#4157=CARTESIAN_POINT('Origin',(21.,-1.28587913910472E-15,50.0000008493662));
#4158=CARTESIAN_POINT('',(16.6932753360521,-2.26671550629084,50.0015430918823));
#4159=CARTESIAN_POINT('',(16.5567246639479,-2.26081105797776,49.9996572285325));
#4160=CARTESIAN_POINT('',(21.,-2.26435,50.0000008493662));
#4161=CARTESIAN_POINT('Ctrl Pts',(16.5567246639479,-2.26081105797776,49.9996572285325));
#4162=CARTESIAN_POINT('Ctrl Pts',(16.542817176304,-2.26026647083124,50.3968604567195));
#4163=CARTESIAN_POINT('Ctrl Pts',(16.5289096886602,-2.16057345058489,50.7943193118798));
#4164=CARTESIAN_POINT('Ctrl Pts',(16.5150022010163,-1.96334573144906,51.1353752628842));
#4165=CARTESIAN_POINT('Ctrl Pts',(16.4886978212915,-1.59031266111484,51.7804425440775));
#4166=CARTESIAN_POINT('Ctrl Pts',(16.4623934415666,-0.868365978851552,52.2237381354369));
#4167=CARTESIAN_POINT('Ctrl Pts',(16.4360890618417,-0.124325025871818,52.2645857582417));
#4168=CARTESIAN_POINT('Ctrl Pts',(16.4097846821168,0.619715927107896,52.3054333810465));
#4169=CARTESIAN_POINT('Ctrl Pts',(16.383480302392,1.38585115080405,51.9438330352967));
#4170=CARTESIAN_POINT('Ctrl Pts',(16.3571759226671,1.8272575170743,51.3434782335953));
#4171=CARTESIAN_POINT('Ctrl Pts',(16.3308715429422,2.26866388334455,50.7431234318939));
#4172=CARTESIAN_POINT('Ctrl Pts',(16.3045671632173,2.3853413921889,49.904014174241));
#4173=CARTESIAN_POINT('Ctrl Pts',(16.2782627834925,2.12447108832617,49.2060083320919));
#4174=CARTESIAN_POINT('Ctrl Pts',(16.2519584037676,1.86360078446343,48.5080024899428));
#4175=CARTESIAN_POINT('Ctrl Pts',(16.2256540240427,1.22518266789361,47.9511000632976));
#4176=CARTESIAN_POINT('Ctrl Pts',(16.1993496443179,0.498223390755124,47.7874062223346));
#4177=CARTESIAN_POINT('Ctrl Pts',(16.173045264593,-0.228735886383359,47.6237123813716));
#4178=CARTESIAN_POINT('Ctrl Pts',(16.1467408848681,-1.0442363240905,47.8532271260908));
#4179=CARTESIAN_POINT('Ctrl Pts',(16.1204365051432,-1.57910758134077,48.3720509937077));
#4180=CARTESIAN_POINT('Ctrl Pts',(16.0991992247448,-2.01094482616857,48.7909321104354));
#4181=CARTESIAN_POINT('Ctrl Pts',(16.0779619443463,-2.25985646618224,49.3983967743129));
#4182=CARTESIAN_POINT('Ctrl Pts',(16.0567246639479,-2.26527178878377,50.0019152034193));
#4183=CARTESIAN_POINT('Ctrl Pts',(16.1932753360521,-2.26580039773648,49.9981306311723));
#4184=CARTESIAN_POINT('Ctrl Pts',(16.1977800933405,-2.26693852472875,49.8701926152153));
#4185=CARTESIAN_POINT('Ctrl Pts',(16.2022848506289,-2.25703643190909,49.7424307709907));
#4186=CARTESIAN_POINT('Ctrl Pts',(16.2067896079173,-2.23547115862516,49.6166688943026));
#4187=CARTESIAN_POINT('Ctrl Pts',(16.2332609909005,-2.10874677111915,48.877652208306));
#4188=CARTESIAN_POINT('Ctrl Pts',(16.2597323738837,-1.57927988042305,48.2076966102721));
#4189=CARTESIAN_POINT('Ctrl Pts',(16.2862037568669,-0.889551399510788,47.9136228868474));
#4190=CARTESIAN_POINT('Ctrl Pts',(16.31267513985,-0.199822918598519,47.6195491634228));
#4191=CARTESIAN_POINT('Ctrl Pts',(16.3391465228332,0.650167152529913,47.7013573146074));
#4192=CARTESIAN_POINT('Ctrl Pts',(16.3656179058164,1.27114731096107,48.1215815118538));
#4193=CARTESIAN_POINT('Ctrl Pts',(16.3920892887996,1.89212746939223,48.5418057091003));
#4194=CARTESIAN_POINT('Ctrl Pts',(16.4185606717828,2.28409771512611,49.3004459524085));
#4195=CARTESIAN_POINT('Ctrl Pts',(16.445032054766,2.26754672160021,50.0500663879084));
#4196=CARTESIAN_POINT('Ctrl Pts',(16.4715034377491,2.25099572807431,50.7996868234083));
#4197=CARTESIAN_POINT('Ctrl Pts',(16.4979748207323,1.82592349528862,51.5402874510998));
#4198=CARTESIAN_POINT('Ctrl Pts',(16.5244462037155,1.18700112754517,51.9326940523326));
#4199=CARTESIAN_POINT('Ctrl Pts',(16.5509175866987,0.548078759801707,52.3251006535653));
#4200=CARTESIAN_POINT('Ctrl Pts',(16.5773889696819,-0.304693742899529,52.3693132283393));
#4201=CARTESIAN_POINT('Ctrl Pts',(16.603860352665,-0.980770603893725,52.045083663318));
#4202=CARTESIAN_POINT('Ctrl Pts',(16.6303317356482,-1.6568474648879,51.7208540982968));
#4203=CARTESIAN_POINT('Ctrl Pts',(16.6568031186314,-2.15622868417505,51.0281823934803));
#4204=CARTESIAN_POINT('Ctrl Pts',(16.6832745016146,-2.25021173521731,50.2842926712337));
#4205=CARTESIAN_POINT('Ctrl Pts',(16.6866081130938,-2.26204727014199,50.19061266521));
#4206=CARTESIAN_POINT('Ctrl Pts',(16.6899417245729,-2.2674535821339,50.0961203909572));
#4207=CARTESIAN_POINT('Ctrl Pts',(16.6932753360521,-2.26671550629084,50.0015430918823));
#4208=CARTESIAN_POINT('Origin',(21.,-1.28587913910472E-15,50.0000008493662));
#4209=CARTESIAN_POINT('',(17.1932753360521,-2.26102873347695,50.0009361818255));
#4210=CARTESIAN_POINT('',(17.0567246639479,-2.26647325875848,49.9984309777849));
#4211=CARTESIAN_POINT('',(21.,-2.26435,50.0000008493662));
#4212=CARTESIAN_POINT('Ctrl Pts',(17.0567246639479,-2.26647325875848,49.9984309777849));
#4213=CARTESIAN_POINT('Ctrl Pts',(17.0339767879866,-2.26135271976129,50.6439877036152));
#4214=CARTESIAN_POINT('Ctrl Pts',(17.0112289120253,-1.97123028297792,51.2935690002563));
#4215=CARTESIAN_POINT('Ctrl Pts',(16.9884810360641,-1.4838891187843,51.7151902275549));
#4216=CARTESIAN_POINT('Ctrl Pts',(16.9621766563392,-0.920354876715372,52.202729586474));
#4217=CARTESIAN_POINT('Ctrl Pts',(16.9358722766143,-0.0931130750366787,
52.3854561400163));
#4218=CARTESIAN_POINT('Ctrl Pts',(16.9095678968895,0.623350709407042,52.1806510764814));
#4219=CARTESIAN_POINT('Ctrl Pts',(16.8832635171646,1.33981449385077,51.9758460129464));
#4220=CARTESIAN_POINT('Ctrl Pts',(16.8569591374397,1.94550026105953,51.3835093323343));
#4221=CARTESIAN_POINT('Ctrl Pts',(16.8306547577148,2.16621903337464,50.6717869904002));
#4222=CARTESIAN_POINT('Ctrl Pts',(16.80435037799,2.38693780568974,49.9600646484661));
#4223=CARTESIAN_POINT('Ctrl Pts',(16.7780459982651,2.22268958311121,49.1289566452102));
#4224=CARTESIAN_POINT('Ctrl Pts',(16.7517416185402,1.74782818841619,48.5546987551047));
#4225=CARTESIAN_POINT('Ctrl Pts',(16.7254372388153,1.27296679372118,47.9804408649992));
#4226=CARTESIAN_POINT('Ctrl Pts',(16.6991328590905,0.487492226909699,47.6630330880441));
#4227=CARTESIAN_POINT('Ctrl Pts',(16.6728284793656,-0.25301761961134,47.7461633209911));
#4228=CARTESIAN_POINT('Ctrl Pts',(16.6465240996407,-0.99352746613238,47.8292935539382));
#4229=CARTESIAN_POINT('Ctrl Pts',(16.6202197199158,-1.68907259236298,48.3129617967873));
#4230=CARTESIAN_POINT('Ctrl Pts',(16.593915340191,-2.0247854262757,48.9782154037255));
#4231=CARTESIAN_POINT('Ctrl Pts',(16.5815184481099,-2.18300226376668,49.2917402713706));
#4232=CARTESIAN_POINT('Ctrl Pts',(16.5691215560289,-2.26129649346812,49.6455971940986));
#4233=CARTESIAN_POINT('Ctrl Pts',(16.5567246639479,-2.26081105797776,49.9996572285325));
#4234=CARTESIAN_POINT('Ctrl Pts',(16.6932753360521,-2.26671550629084,50.0015430918823));
#4235=CARTESIAN_POINT('Ctrl Pts',(16.7164131075561,-2.26159270469378,49.3451054868609));
#4236=CARTESIAN_POINT('Ctrl Pts',(16.7395508790601,-1.96046990341573,48.6845718924664));
#4237=CARTESIAN_POINT('Ctrl Pts',(16.7626886505641,-1.45858573203951,48.2631063920994));
#4238=CARTESIAN_POINT('Ctrl Pts',(16.7891600335473,-0.884391795022095,47.7809175748886));
#4239=CARTESIAN_POINT('Ctrl Pts',(16.8156314165305,-0.0474190381899402,
47.6116476801437));
#4240=CARTESIAN_POINT('Ctrl Pts',(16.8421027995137,0.669022600383047,47.832817549888));
#4241=CARTESIAN_POINT('Ctrl Pts',(16.8685741824969,1.385464238956,48.0539874196322));
#4242=CARTESIAN_POINT('Ctrl Pts',(16.89504556548,1.98137475926979,48.6655970538656));
#4243=CARTESIAN_POINT('Ctrl Pts',(16.9215169484632,2.18384393486248,49.3875464743173));
#4244=CARTESIAN_POINT('Ctrl Pts',(16.9479883314464,2.38631311045518,50.109495894769));
#4245=CARTESIAN_POINT('Ctrl Pts',(16.9744597144296,2.19534094132681,50.9417851014391));
#4246=CARTESIAN_POINT('Ctrl Pts',(17.0009310974128,1.69838729963345,51.5032490902795));
#4247=CARTESIAN_POINT('Ctrl Pts',(17.027402480396,1.2014336579401,52.0647130791199));
#4248=CARTESIAN_POINT('Ctrl Pts',(17.0538738633791,0.398498543681769,52.3553518501305));
#4249=CARTESIAN_POINT('Ctrl Pts',(17.0803452463623,-0.342696386264098,52.242061035936));
#4250=CARTESIAN_POINT('Ctrl Pts',(17.1068166293455,-1.08389131620997,52.1287702217416));
#4251=CARTESIAN_POINT('Ctrl Pts',(17.1332880123287,-1.76334606184339,51.611549822342));
#4252=CARTESIAN_POINT('Ctrl Pts',(17.1597593953119,-2.06988949563898,50.9272722061993));
#4253=CARTESIAN_POINT('Ctrl Pts',(17.1709313755586,-2.19926306064348,50.638479738662));
#4254=CARTESIAN_POINT('Ctrl Pts',(17.1821033558054,-2.26221452399468,50.3199314254848));
#4255=CARTESIAN_POINT('Ctrl Pts',(17.1932753360521,-2.26102873347695,50.0009361818255));
#4256=CARTESIAN_POINT('Origin',(21.,-1.28587913910472E-15,50.0000008493662));
#4257=CARTESIAN_POINT('',(17.6932753360521,-2.26328957442487,49.9979912994987));
#4258=CARTESIAN_POINT('',(17.5567246639479,-2.26508965401414,50.0019440156531));
#4259=CARTESIAN_POINT('',(21.,-2.26435,50.0000008493662));
#4260=CARTESIAN_POINT('Ctrl Pts',(17.5567246639479,-2.26508965401414,50.0019440156531));
#4261=CARTESIAN_POINT('Ctrl Pts',(17.5514407793941,-2.2664448830674,50.1521319433801));
#4262=CARTESIAN_POINT('Ctrl Pts',(17.5461568948402,-2.25276683768575,50.3020743771752));
#4263=CARTESIAN_POINT('Ctrl Pts',(17.5408730102864,-2.22314690257741,50.4487985426107));
#4264=CARTESIAN_POINT('Ctrl Pts',(17.5145686305616,-2.07569212521036,51.1792248271221));
#4265=CARTESIAN_POINT('Ctrl Pts',(17.4882642508367,-1.53315348551483,51.8298935725137));
#4266=CARTESIAN_POINT('Ctrl Pts',(17.4619598711118,-0.841133774627082,52.1062523759134));
#4267=CARTESIAN_POINT('Ctrl Pts',(17.4356554913869,-0.149114063739342,52.3826111793132));
#4268=CARTESIAN_POINT('Ctrl Pts',(17.4093511116621,0.69238671834061,52.2846600407209));
#4269=CARTESIAN_POINT('Ctrl Pts',(17.3830467319372,1.30242807134082,51.8567406369738));
#4270=CARTESIAN_POINT('Ctrl Pts',(17.3567423522123,1.91246942434103,51.4288212332268));
#4271=CARTESIAN_POINT('Ctrl Pts',(17.3304379724874,2.29105134826149,50.6709335643249));
#4272=CARTESIAN_POINT('Ctrl Pts',(17.3041335927626,2.2667929120767,49.9261671601772));
#4273=CARTESIAN_POINT('Ctrl Pts',(17.2778292130377,2.24253447589192,49.1814007560294));
#4274=CARTESIAN_POINT('Ctrl Pts',(17.2515248333128,1.81543567960188,48.4497556166359));
#4275=CARTESIAN_POINT('Ctrl Pts',(17.2252204535879,1.17884064431481,48.0624414940917));
#4276=CARTESIAN_POINT('Ctrl Pts',(17.1989160738631,0.542245609027747,47.6751273715475));
#4277=CARTESIAN_POINT('Ctrl Pts',(17.1726116941382,-0.303845665256331,47.6321442658527));
#4278=CARTESIAN_POINT('Ctrl Pts',(17.1463073144133,-0.976414600103564,47.9529502763196));
#4279=CARTESIAN_POINT('Ctrl Pts',(17.1200029346884,-1.6489835349508,48.2737562867864));
#4280=CARTESIAN_POINT('Ctrl Pts',(17.0936985549636,-2.14803013036119,48.958351413415));
#4281=CARTESIAN_POINT('Ctrl Pts',(17.0673941752387,-2.2476400868368,49.6968250588773));
#4282=CARTESIAN_POINT('Ctrl Pts',(17.0638376714751,-2.26110792712817,49.7966709524845));
#4283=CARTESIAN_POINT('Ctrl Pts',(17.0602811677115,-2.26727382652341,49.8975017776721));
#4284=CARTESIAN_POINT('Ctrl Pts',(17.0567246639479,-2.26647325875848,49.9984309777849));
#4285=CARTESIAN_POINT('Ctrl Pts',(17.1932753360521,-2.26102873347695,50.0009361818255));
#4286=CARTESIAN_POINT('Ctrl Pts',(17.2085747387885,-2.25940485961653,49.564090018839));
#4287=CARTESIAN_POINT('Ctrl Pts',(17.223874141525,-2.13749944108202,49.1264056926088));
#4288=CARTESIAN_POINT('Ctrl Pts',(17.2391735442614,-1.90118047951158,48.7631550717183));
#4289=CARTESIAN_POINT('Ctrl Pts',(17.2656449272446,-1.49229590763082,48.1346503862661));
#4290=CARTESIAN_POINT('Ctrl Pts',(17.2921163102278,-0.740894641911544,47.7289758482478));
#4291=CARTESIAN_POINT('Ctrl Pts',(17.318587693211,0.00890271125967172,47.731918964801));
#4292=CARTESIAN_POINT('Ctrl Pts',(17.3450590761942,0.758700064430887,47.7348620813543));
#4293=CARTESIAN_POINT('Ctrl Pts',(17.3715304591773,1.50689350505403,48.1464228524791));
#4294=CARTESIAN_POINT('Ctrl Pts',(17.3980018421605,1.91083152024579,48.7781180421397));
#4295=CARTESIAN_POINT('Ctrl Pts',(17.4244732251437,2.31476953543755,49.4098132318004));
#4296=CARTESIAN_POINT('Ctrl Pts',(17.4509446081269,2.37445212519792,50.2616428399968));
#4297=CARTESIAN_POINT('Ctrl Pts',(17.4774159911101,2.06254634517862,50.9434929094022));
#4298=CARTESIAN_POINT('Ctrl Pts',(17.5038873740933,1.75064056515932,51.6253429788075));
#4299=CARTESIAN_POINT('Ctrl Pts',(17.5303587570764,1.06714641536037,52.1372135094217));
#4300=CARTESIAN_POINT('Ctrl Pts',(17.5568301400596,0.325084956592816,52.2446822219351));
#4301=CARTESIAN_POINT('Ctrl Pts',(17.5833015230428,-0.416976502174737,52.3521509344484));
#4302=CARTESIAN_POINT('Ctrl Pts',(17.609772906026,-1.21760526991088,52.0552178288609));
#4303=CARTESIAN_POINT('Ctrl Pts',(17.6362442890092,-1.71013593145993,51.4898699004207));
#4304=CARTESIAN_POINT('Ctrl Pts',(17.6552546380235,-2.06384543663579,51.0838668804426));
#4305=CARTESIAN_POINT('Ctrl Pts',(17.6742649870378,-2.25865785079149,50.5394328422871));
#4306=CARTESIAN_POINT('Ctrl Pts',(17.6932753360521,-2.26328957442487,49.9979912994987));
#4307=CARTESIAN_POINT('Origin',(21.,-1.28587913910472E-15,50.0000008493662));
#4308=CARTESIAN_POINT('',(18.1932753360521,-2.26807745240737,50.000200525305));
#4309=CARTESIAN_POINT('',(18.0567246639479,-2.26084335157022,49.9995599914545));
#4310=CARTESIAN_POINT('',(21.,-2.26435,50.0000008493662));
#4311=CARTESIAN_POINT('Ctrl Pts',(18.0567246639479,-2.26084335157022,49.9995599914545));
#4312=CARTESIAN_POINT('Ctrl Pts',(18.0426003910767,-2.26013318258898,50.4029402822801));
#4313=CARTESIAN_POINT('Ctrl Pts',(18.0284761182054,-2.15712737732695,50.8066591515366));
#4314=CARTESIAN_POINT('Ctrl Pts',(18.0143518453342,-1.95400129459334,51.1513828279591));
#4315=CARTESIAN_POINT('Ctrl Pts',(17.9880474656093,-1.57570885710207,51.7933799464967));
#4316=CARTESIAN_POINT('Ctrl Pts',(17.9617430858844,-0.850163443405079,52.2307606095987));
#4317=CARTESIAN_POINT('Ctrl Pts',(17.9354387061596,-0.105813509818948,52.2655261794036));
#4318=CARTESIAN_POINT('Ctrl Pts',(17.9091343264347,0.638536423767178,52.3002917492085));
#4319=CARTESIAN_POINT('Ctrl Pts',(17.8828299467098,1.40169087724245,51.9324422257164));
#4320=CARTESIAN_POINT('Ctrl Pts',(17.8565255669849,1.83817609053152,51.3285000703293));
#4321=CARTESIAN_POINT('Ctrl Pts',(17.8302211872601,2.27466130382059,50.7245579149422));
#4322=CARTESIAN_POINT('Ctrl Pts',(17.8039168075352,2.38447727692346,49.8845231276602));
#4323=CARTESIAN_POINT('Ctrl Pts',(17.7776124278103,2.11791121976028,49.1886725649371));
#4324=CARTESIAN_POINT('Ctrl Pts',(17.7513080480854,1.8513451625971,48.492822002214));
#4325=CARTESIAN_POINT('Ctrl Pts',(17.7250036683606,1.20839707516787,47.9411556640498));
#4326=CARTESIAN_POINT('Ctrl Pts',(17.6986992886357,0.480124281826537,47.7834083757929));
#4327=CARTESIAN_POINT('Ctrl Pts',(17.6723949089108,-0.248148511514789,47.625661087536));
#4328=CARTESIAN_POINT('Ctrl Pts',(17.6460905291859,-1.06174601076821,47.8618328491865));
#4329=CARTESIAN_POINT('Ctrl Pts',(17.6197861494611,-1.59235930287563,48.3850106418273));
#4330=CARTESIAN_POINT('Ctrl Pts',(17.59876565429,-2.0163858057282,48.8030952489854));
#4331=CARTESIAN_POINT('Ctrl Pts',(17.5777451591189,-2.25969824444044,49.4044622619574));
#4332=CARTESIAN_POINT('Ctrl Pts',(17.5567246639479,-2.26508965401414,50.0019440156531));
#4333=CARTESIAN_POINT('Ctrl Pts',(17.6932753360521,-2.26328957442487,49.9979912994987));
#4334=CARTESIAN_POINT('Ctrl Pts',(17.700736370021,-2.26510739730318,49.7854905326873));
#4335=CARTESIAN_POINT('Ctrl Pts',(17.7081974039898,-2.23763084266494,49.5734507132452));
#4336=CARTESIAN_POINT('Ctrl Pts',(17.7156584379587,-2.17896868421111,49.3704214925032));
#4337=CARTESIAN_POINT('Ctrl Pts',(17.7421298209419,-1.97083822005128,48.6500837643187));
#4338=CARTESIAN_POINT('Ctrl Pts',(17.7686012039251,-1.37014473636965,48.0431710592423));
#4339=CARTESIAN_POINT('Ctrl Pts',(17.7950725869082,-0.651988922088988,47.8276322943476));
#4340=CARTESIAN_POINT('Ctrl Pts',(17.8215439698914,0.0661668921916675,47.6120935294528));
#4341=CARTESIAN_POINT('Ctrl Pts',(17.8480153528746,0.901785037071348,47.7879287047397));
#4342=CARTESIAN_POINT('Ctrl Pts',(17.8744867358578,1.47217594860879,48.2746102646874));
#4343=CARTESIAN_POINT('Ctrl Pts',(17.900958118841,2.04256686014624,48.761291824635));
#4344=CARTESIAN_POINT('Ctrl Pts',(17.9274295018241,2.34773053834143,49.5588197692434));
#4345=CARTESIAN_POINT('Ctrl Pts',(17.9539008848073,2.24791061761602,50.3019487729728));
#4346=CARTESIAN_POINT('Ctrl Pts',(17.9803722677905,2.14809069689061,51.0450777767022));
#4347=CARTESIAN_POINT('Ctrl Pts',(18.0068436507737,1.64328717724461,51.7338078395525));
#4348=CARTESIAN_POINT('Ctrl Pts',(18.0333150337569,0.964685846102562,52.0527200000755));
#4349=CARTESIAN_POINT('Ctrl Pts',(18.0597864167401,0.286084514960502,52.3716321605986));
#4350=CARTESIAN_POINT('Ctrl Pts',(18.0862577997232,-0.566314627677611,52.3207264187943));
#4351=CARTESIAN_POINT('Ctrl Pts',(18.1127291827064,-1.20213679376099,51.923316169964));
#4352=CARTESIAN_POINT('Ctrl Pts',(18.1392005656896,-1.83795895984437,51.5259059211337));
#4353=CARTESIAN_POINT('Ctrl Pts',(18.1656719486728,-2.25720414937303,50.7819911652774));
#4354=CARTESIAN_POINT('Ctrl Pts',(18.192143331656,-2.26786987921344,50.0322638982237));
#4355=CARTESIAN_POINT('Ctrl Pts',(18.1925206664547,-2.26802191324298,50.0215769542291));
#4356=CARTESIAN_POINT('Ctrl Pts',(18.1928980012534,-2.26809092837065,50.0108888291954));
#4357=CARTESIAN_POINT('Ctrl Pts',(18.1932753360521,-2.26807745240737,50.000200525305));
#4358=CARTESIAN_POINT('Origin',(21.,-1.28587913910472E-15,50.0000008493662));
#4359=CARTESIAN_POINT('',(18.6932753360521,-2.26270274412849,50.001889755222));
#4360=CARTESIAN_POINT('',(18.5567246639479,-2.26662988780792,49.9985000081302));
#4361=CARTESIAN_POINT('',(21.,-2.26435,50.0000008493662));
#4362=CARTESIAN_POINT('Ctrl Pts',(18.5567246639479,-2.26662988780792,49.9985000081302));
#4363=CARTESIAN_POINT('Ctrl Pts',(18.5337600027592,-2.26162714429818,50.6500909991258));
#4364=CARTESIAN_POINT('Ctrl Pts',(18.5107953415706,-1.96526974153324,51.3056557961225));
#4365=CARTESIAN_POINT('Ctrl Pts',(18.4878306803819,-1.46982214468074,51.7272600606324));
#4366=CARTESIAN_POINT('Ctrl Pts',(18.461526300657,-0.902322297227146,52.2101776432691));
#4367=CARTESIAN_POINT('Ctrl Pts',(18.4352219209322,-0.073614785466303,52.3861374447302));
#4368=CARTESIAN_POINT('Ctrl Pts',(18.4089175412073,0.641151298858884,52.1754839064976));
#4369=CARTESIAN_POINT('Ctrl Pts',(18.3826131614824,1.35591738318407,51.964830368265));
#4370=CARTESIAN_POINT('Ctrl Pts',(18.3563087817576,1.95674204007359,51.3675634903387));
#4371=CARTESIAN_POINT('Ctrl Pts',(18.3300044020327,2.17163687658648,50.6540610883011));
#4372=CARTESIAN_POINT('Ctrl Pts',(18.3037000223078,2.38653171309938,49.9405586862636));
#4373=CARTESIAN_POINT('Ctrl Pts',(18.2773956425829,2.21549672923562,49.1108207601149));
#4374=CARTESIAN_POINT('Ctrl Pts',(18.251091262858,1.73595805900159,48.5404628617524));
#4375=CARTESIAN_POINT('Ctrl Pts',(18.2247868831332,1.25641938876755,47.9701049633899));
#4376=CARTESIAN_POINT('Ctrl Pts',(18.1984825034083,0.468377032163236,47.6591270928136));
#4377=CARTESIAN_POINT('Ctrl Pts',(18.1721781236834,-0.271428701174698,47.7483063807317));
#4378=CARTESIAN_POINT('Ctrl Pts',(18.1458737439585,-1.01123443451263,47.8374856686499));
#4379=CARTESIAN_POINT('Ctrl Pts',(18.1195693642337,-1.70280354458416,48.3268221150624));
#4380=CARTESIAN_POINT('Ctrl Pts',(18.0932649845088,-2.03306836897716,48.9947971252553));
#4381=CARTESIAN_POINT('Ctrl Pts',(18.0810848776552,-2.18599578612898,49.3040994956137));
#4382=CARTESIAN_POINT('Ctrl Pts',(18.0689047708015,-2.26145576780958,49.6517038511986));
#4383=CARTESIAN_POINT('Ctrl Pts',(18.0567246639479,-2.26084335157022,49.9995599914545));
#4384=CARTESIAN_POINT('Ctrl Pts',(18.1932753360521,-2.26807745240737,50.000200525305));
#4385=CARTESIAN_POINT('Ctrl Pts',(18.2193693842366,-2.26714554144522,49.2610661606047));
#4386=CARTESIAN_POINT('Ctrl Pts',(18.2454634324211,-1.87172340234577,48.5210764647679));
#4387=CARTESIAN_POINT('Ctrl Pts',(18.2715574806055,-1.25636196536037,48.1116604919761));
#4388=CARTESIAN_POINT('Ctrl Pts',(18.2980288635887,-0.632102051514715,47.6963241310334));
#4389=CARTESIAN_POINT('Ctrl Pts',(18.3245002465719,0.218504046328757,47.6211911873989));
#4390=CARTESIAN_POINT('Ctrl Pts',(18.3509716295551,0.90590270412229,47.9206704321346));
#4391=CARTESIAN_POINT('Ctrl Pts',(18.3774430125383,1.59330136191582,48.2201496768703));
#4392=CARTESIAN_POINT('Ctrl Pts',(18.4039143955214,2.1174925796594,48.8942411099761));
#4393=CARTESIAN_POINT('Ctrl Pts',(18.4303857785046,2.23841155048792,49.6342298499205));
#4394=CARTESIAN_POINT('Ctrl Pts',(18.4568571614878,2.35933052131645,50.3742185898649));
#4395=CARTESIAN_POINT('Ctrl Pts',(18.483328544471,2.07697724522991,51.1801046366479));
#4396=CARTESIAN_POINT('Ctrl Pts',(18.5097999274542,1.52066156645689,51.6828148894762));
#4397=CARTESIAN_POINT('Ctrl Pts',(18.5362713104374,0.964345887683873,52.1855251423045));
#4398=CARTESIAN_POINT('Ctrl Pts',(18.5627426934205,0.134067806224361,52.3850596011781));
#4399=CARTESIAN_POINT('Ctrl Pts',(18.5892140764037,-0.589928712660542,52.1900371064546));
#4400=CARTESIAN_POINT('Ctrl Pts',(18.6156854593869,-1.31392523154544,51.9950146117311));
#4401=CARTESIAN_POINT('Ctrl Pts',(18.6421568423701,-1.93164018785574,51.4054351634105));
#4402=CARTESIAN_POINT('Ctrl Pts',(18.6686282253533,-2.1601775376287,50.6913095354901));
#4403=CARTESIAN_POINT('Ctrl Pts',(18.6768439289195,-2.23110677924604,50.469672287757));
#4404=CARTESIAN_POINT('Ctrl Pts',(18.6850596324858,-2.2645487260269,50.2360382054759));
#4405=CARTESIAN_POINT('Ctrl Pts',(18.6932753360521,-2.26270274412849,50.001889755222));
#4406=CARTESIAN_POINT('Origin',(21.,-1.28587913910472E-15,50.0000008493662));
#4407=CARTESIAN_POINT('',(19.1932753360521,-2.26134068752652,49.9987628940673));
#4408=CARTESIAN_POINT('',(19.0567246639479,-2.26490656190812,50.0019674787164));
#4409=CARTESIAN_POINT('',(21.,-2.26435,50.0000008493662));
#4410=CARTESIAN_POINT('Ctrl Pts',(19.0567246639479,-2.26490656190812,50.0019674787164));
#4411=CARTESIAN_POINT('Ctrl Pts',(19.0512239941667,-2.26632197940774,50.1583498114045));
#4412=CARTESIAN_POINT('Ctrl Pts',(19.0457233243855,-2.25148729516587,50.3144654588068));
#4413=CARTESIAN_POINT('Ctrl Pts',(19.0402226546043,-2.21940485176406,50.4669522660372));
#4414=CARTESIAN_POINT('Ctrl Pts',(19.0139182748794,-2.06598557605562,51.1961490802382));
#4415=CARTESIAN_POINT('Ctrl Pts',(18.9876138951545,-1.51814745086802,51.8423621890039));
#4416=CARTESIAN_POINT('Ctrl Pts',(18.9613095154297,-0.823892302456212,52.1130562187363));
#4417=CARTESIAN_POINT('Ctrl Pts',(18.9350051357048,-0.129637154044405,52.3837502484688));
#4418=CARTESIAN_POINT('Ctrl Pts',(18.9087007559799,0.711035017591612,52.278925199168));
#4419=CARTESIAN_POINT('Ctrl Pts',(18.882396376255,1.31755881809606,51.8460345110958));
#4420=CARTESIAN_POINT('Ctrl Pts',(18.8560919965302,1.9240826186005,51.4131438230236));
#4421=CARTESIAN_POINT('Ctrl Pts',(18.8297876168053,2.29645804797337,50.65218749618));
#4422=CARTESIAN_POINT('Ctrl Pts',(18.8034832370804,2.26611380396391,49.9076442165246));
#4423=CARTESIAN_POINT('Ctrl Pts',(18.7771788573555,2.23576955995445,49.1631009368693));
#4424=CARTESIAN_POINT('Ctrl Pts',(18.7508744776307,1.80270564256266,48.4349707044022));
#4425=CARTESIAN_POINT('Ctrl Pts',(18.7245700979058,1.16296653447818,48.0528721018041));
#4426=CARTESIAN_POINT('Ctrl Pts',(18.6982657181809,0.523227426393699,47.670773499206));
#4427=CARTESIAN_POINT('Ctrl Pts',(18.671961338456,-0.323186872383459,47.6347065264769));
#4428=CARTESIAN_POINT('Ctrl Pts',(18.6456569587312,-0.993111552983103,47.9609984062163));
#4429=CARTESIAN_POINT('Ctrl Pts',(18.6193525790063,-1.66303623358274,48.2872902859556));
#4430=CARTESIAN_POINT('Ctrl Pts',(18.5930481992814,-2.15647129600487,48.9759410181634));
#4431=CARTESIAN_POINT('Ctrl Pts',(18.5667438195565,-2.25004273564277,49.7152040661734));
#4432=CARTESIAN_POINT('Ctrl Pts',(18.5634041010203,-2.26192297287657,49.8090641202939));
#4433=CARTESIAN_POINT('Ctrl Pts',(18.5600643824841,-2.2673574297949,49.9037400422511));
#4434=CARTESIAN_POINT('Ctrl Pts',(18.5567246639479,-2.26662988780792,49.9985000081302));
#4435=CARTESIAN_POINT('Ctrl Pts',(18.6932753360521,-2.26270274412849,50.001889755222));
#4436=CARTESIAN_POINT('Ctrl Pts',(18.711531015469,-2.25860088559928,49.4816008950762));
#4437=CARTESIAN_POINT('Ctrl Pts',(18.7297866948859,-2.08026513167943,48.9587723467447));
#4438=CARTESIAN_POINT('Ctrl Pts',(18.7480423743028,-1.75182547876649,48.5593821681275));
#4439=CARTESIAN_POINT('Ctrl Pts',(18.774513757286,-1.2755763268957,47.9802522362054));
#4440=CARTESIAN_POINT('Ctrl Pts',(18.8009851402692,-0.483718279918502,47.6606641798814));
#4441=CARTESIAN_POINT('Ctrl Pts',(18.8274565232524,0.261099990810029,47.7469803238266));
#4442=CARTESIAN_POINT('Ctrl Pts',(18.8539279062355,1.00591826153855,47.8332964677718));
#4443=CARTESIAN_POINT('Ctrl Pts',(18.8803992892187,1.7036967560184,48.3255168119862));
#4444=CARTESIAN_POINT('Ctrl Pts',(18.9068706722019,2.03487258442877,48.998218308095));
#4445=CARTESIAN_POINT('Ctrl Pts',(18.9333420551851,2.36604841283914,49.6709198042039));
#4446=CARTESIAN_POINT('Ctrl Pts',(18.9598134381683,2.33062157518002,50.5241024522072));
#4447=CARTESIAN_POINT('Ctrl Pts',(18.9862848211514,1.94481656809967,51.1670326421049));
#4448=CARTESIAN_POINT('Ctrl Pts',(19.0127562041346,1.55901156101932,51.8099628320026));
#4449=CARTESIAN_POINT('Ctrl Pts',(19.0392275871178,0.822828384517723,52.2426405637947));
#4450=CARTESIAN_POINT('Ctrl Pts',(19.065698970101,0.0734181824730767,52.2669116256732));
#4451=CARTESIAN_POINT('Ctrl Pts',(19.0921703530842,-0.675992019571573,52.2911826875517));
#4452=CARTESIAN_POINT('Ctrl Pts',(19.1186417360673,-1.43862924715927,51.9070470795167));
#4453=CARTESIAN_POINT('Ctrl Pts',(19.1451131190505,-1.86522712719857,51.2904280912982));
#4454=CARTESIAN_POINT('Ctrl Pts',(19.1611671913844,-2.12394550349094,50.916467809526));
#4455=CARTESIAN_POINT('Ctrl Pts',(19.1772212637183,-2.25906705867674,50.4569990688176));
#4456=CARTESIAN_POINT('Ctrl Pts',(19.1932753360521,-2.26134068752652,49.9987628940673));
#4457=CARTESIAN_POINT('Origin',(21.,-1.28587913910472E-15,50.0000008493662));
#4458=CARTESIAN_POINT('',(19.6932753360521,-2.26722158155383,49.9987426536736));
#4459=CARTESIAN_POINT('',(19.5567246639479,-2.26088359606907,49.9994638228485));
#4460=CARTESIAN_POINT('',(21.,-2.26435,50.0000008493662));
#4461=CARTESIAN_POINT('Ctrl Pts',(19.5567246639479,-2.26088359606907,49.9994638228485));
#4462=CARTESIAN_POINT('Ctrl Pts',(19.5423836058493,-2.26000430618998,50.4090170961906));
#4463=CARTESIAN_POINT('Ctrl Pts',(19.5280425477506,-2.15362372018334,50.8189960646622));
#4464=CARTESIAN_POINT('Ctrl Pts',(19.513701489652,-1.94452637324992,51.1673134760257));
#4465=CARTESIAN_POINT('Ctrl Pts',(19.4873971099271,-1.56099985969861,51.8061975381558));
#4466=CARTESIAN_POINT('Ctrl Pts',(19.4610927302023,-0.831904123526712,52.2376340896441));
#4467=CARTESIAN_POINT('Ctrl Pts',(19.4347883504774,-0.087294913182107,52.266315291221));
#4468=CARTESIAN_POINT('Ctrl Pts',(19.4084839707525,0.657314297162498,52.2949964927979));
#4469=CARTESIAN_POINT('Ctrl Pts',(19.3821795910277,1.41743698167981,51.9209223444634));
#4470=CARTESIAN_POINT('Ctrl Pts',(19.3558752113028,1.84897188290103,51.313433170511));
#4471=CARTESIAN_POINT('Ctrl Pts',(19.3295708315779,2.28050678412225,50.7059439965586));
#4472=CARTESIAN_POINT('Ctrl Pts',(19.303266451853,2.38345390204738,49.8650397969883));
#4473=CARTESIAN_POINT('Ctrl Pts',(19.2769620721282,2.11120989787569,49.1713909907618));
#4474=CARTESIAN_POINT('Ctrl Pts',(19.2506576924033,1.838965893704,48.4777421845352));
#4475=CARTESIAN_POINT('Ctrl Pts',(19.2243533126784,1.19153076743549,47.9313487716525));
#4476=CARTESIAN_POINT('Ctrl Pts',(19.1980489329535,0.461993100784886,47.7795585741767));
#4477=CARTESIAN_POINT('Ctrl Pts',(19.1717445532287,-0.267544565865715,47.627768376701));
#4478=CARTESIAN_POINT('Ctrl Pts',(19.1454401735038,-1.0791847728984,47.8705813946323));
#4479=CARTESIAN_POINT('Ctrl Pts',(19.1191357937789,-1.6055046633001,48.3980781634162));
#4480=CARTESIAN_POINT('Ctrl Pts',(19.0983320838352,-2.02176258126002,48.8152668555193));
#4481=CARTESIAN_POINT('Ctrl Pts',(19.0775283738916,-2.25955340742284,49.4105244692346));
#4482=CARTESIAN_POINT('Ctrl Pts',(19.0567246639479,-2.26490656190812,50.0019674787164));
#4483=CARTESIAN_POINT('Ctrl Pts',(19.1932753360521,-2.26134068752652,49.9987628940673));
#4484=CARTESIAN_POINT('Ctrl Pts',(19.2036926467014,-2.26281602023568,49.7014184892422));
#4485=CARTESIAN_POINT('Ctrl Pts',(19.2141099573508,-2.20835481550095,49.4045930648315));
#4486=CARTESIAN_POINT('Ctrl Pts',(19.2245272680001,-2.09542949384516,49.1319859333944));
#4487=CARTESIAN_POINT('Ctrl Pts',(19.2509986509833,-1.80847544796155,48.439265132111));
#4488=CARTESIAN_POINT('Ctrl Pts',(19.2774700339664,-1.1440088237034,47.902925897946));
#4489=CARTESIAN_POINT('Ctrl Pts',(19.3039414169496,-0.406336561441291,47.768596508778));
#4490=CARTESIAN_POINT('Ctrl Pts',(19.3304127999328,0.331335700820819,47.63426711961));
#4491=CARTESIAN_POINT('Ctrl Pts',(19.356884182916,1.14221360108689,47.9019475754391));
#4492=CARTESIAN_POINT('Ctrl Pts',(19.3833555658992,1.654937811685,48.4490477271704));
#4493=CARTESIAN_POINT('Ctrl Pts',(19.4098269488824,2.16766202228311,48.9961478789017));
#4494=CARTESIAN_POINT('Ctrl Pts',(19.4362983318655,2.38223254321327,49.8226677265352));
#4495=CARTESIAN_POINT('Ctrl Pts',(19.4627697148487,2.20038231703333,50.5500845551431));
#4496=CARTESIAN_POINT('Ctrl Pts',(19.4892410978319,2.0185320908534,51.2775013837511));
#4497=CARTESIAN_POINT('Ctrl Pts',(19.5157124808151,1.44026111756335,51.9058151933334));
#4498=CARTESIAN_POINT('Ctrl Pts',(19.5421838637983,0.730400823061448,52.1472757955429));
#4499=CARTESIAN_POINT('Ctrl Pts',(19.5686552467815,0.0205405285595482,52.3887363977523));
#4500=CARTESIAN_POINT('Ctrl Pts',(19.5951266297646,-0.82090908715422,52.2433437925888));
#4501=CARTESIAN_POINT('Ctrl Pts',(19.6215980127478,-1.40858704984864,51.7776840291658));
#4502=CARTESIAN_POINT('Ctrl Pts',(19.6454904538492,-1.93901121088352,51.3573905946309));
#4503=CARTESIAN_POINT('Ctrl Pts',(19.6693828949507,-2.26270185444907,50.6761934879596));
#4504=CARTESIAN_POINT('Ctrl Pts',(19.6932753360521,-2.26722158155383,49.9987426536736));
#4505=CARTESIAN_POINT('Origin',(21.,-1.28587913910472E-15,50.0000008493662));
#4506=CARTESIAN_POINT('',(20.1932753360521,-2.265157932559,50.0020038773672));
#4507=CARTESIAN_POINT('',(20.0567246639479,-2.26677728203882,49.9985756962307));
#4508=CARTESIAN_POINT('',(21.,-2.26435,50.0000008493662));
#4509=CARTESIAN_POINT('Ctrl Pts',(20.0567246639479,-2.26677728203882,49.9985756962307));
#4510=CARTESIAN_POINT('Ctrl Pts',(20.0335432175319,-2.26191278015016,50.6562032526891));
#4511=CARTESIAN_POINT('Ctrl Pts',(20.0103617711158,-1.95924321069171,51.3177317040742));
#4512=CARTESIAN_POINT('Ctrl Pts',(19.9871803246998,-1.45565851584659,51.7392136550148));
#4513=CARTESIAN_POINT('Ctrl Pts',(19.9608759449749,-0.884232436597485,52.2174763607038));
#4514=CARTESIAN_POINT('Ctrl Pts',(19.93457156525,-0.0541115553699231,52.3866593901931));
#4515=CARTESIAN_POINT('Ctrl Pts',(19.9082671855251,0.658909832266227,52.1701718750867));
#4516=CARTESIAN_POINT('Ctrl Pts',(19.8819628058003,1.37193121990238,51.9536843599803));
#4517=CARTESIAN_POINT('Ctrl Pts',(19.8556584260754,1.96785311394713,51.3515263002784));
#4518=CARTESIAN_POINT('Ctrl Pts',(19.8293540463505,2.17690928542143,50.6362912772729));
#4519=CARTESIAN_POINT('Ctrl Pts',(19.8030496666256,2.38596545689574,49.9210562542673));
#4520=CARTESIAN_POINT('Ctrl Pts',(19.7767452869008,2.20815590579961,49.0927442679582));
#4521=CARTESIAN_POINT('Ctrl Pts',(19.7504409071759,1.72397217927812,48.5263245657577));
#4522=CARTESIAN_POINT('Ctrl Pts',(19.724136527451,1.23978845275664,47.9599048635571));
#4523=CARTESIAN_POINT('Ctrl Pts',(19.6978321477261,0.449230550809791,47.6553774454651));
#4524=CARTESIAN_POINT('Ctrl Pts',(19.6715277680013,-0.289821753084567,47.7505997765822));
#4525=CARTESIAN_POINT('Ctrl Pts',(19.6452233882764,-1.02887405697892,47.8458221076993));
#4526=CARTESIAN_POINT('Ctrl Pts',(19.6189190085515,-1.71642076282079,48.3407941880256));
#4527=CARTESIAN_POINT('Ctrl Pts',(19.5926146288267,-2.04121547027637,49.0114460145747));
#4528=CARTESIAN_POINT('Ctrl Pts',(19.5806513072004,-2.1889332111407,49.3164607529627));
#4529=CARTESIAN_POINT('Ctrl Pts',(19.5686879855742,-2.26161710035822,49.657814169219));
#4530=CARTESIAN_POINT('Ctrl Pts',(19.5567246639479,-2.26088359606907,49.9994638228485));
#4531=CARTESIAN_POINT('Ctrl Pts',(19.6932753360521,-2.26722158155383,49.9987426536736));
#4532=CARTESIAN_POINT('Ctrl Pts',(19.6958542779339,-2.2677094393443,49.9256188434297));
#4533=CARTESIAN_POINT('Ctrl Pts',(19.6984332198156,-2.26447864654987,49.8525386808908));
#4534=CARTESIAN_POINT('Ctrl Pts',(19.7010121616974,-2.25738780171381,49.7798349902596));
#4535=CARTESIAN_POINT('Ctrl Pts',(19.7274835446805,-2.18460428120949,49.0335726364587));
#4536=CARTESIAN_POINT('Ctrl Pts',(19.7539549276637,-1.70513093052578,48.3269748505392));
#4537=CARTESIAN_POINT('Ctrl Pts',(19.7804263106469,-1.03855006205452,47.983644807471));
#4538=CARTESIAN_POINT('Ctrl Pts',(19.8068976936301,-0.371969193583252,47.6403147644029));
#4539=CARTESIAN_POINT('Ctrl Pts',(19.8333690766133,0.481719192675571,47.6602524641861));
#4540=CARTESIAN_POINT('Ctrl Pts',(19.8598404595965,1.13154399976348,48.0343244335848));
#4541=CARTESIAN_POINT('Ctrl Pts',(19.8863118425796,1.78136880685138,48.4083964029836));
#4542=CARTESIAN_POINT('Ctrl Pts',(19.9127832255628,2.22733003476837,49.1366026419979));
#4543=CARTESIAN_POINT('Ctrl Pts',(19.939254608546,2.26520161030366,49.8854502884515));
#4544=CARTESIAN_POINT('Ctrl Pts',(19.9657259915292,2.30307318583896,50.634297934905));
#4545=CARTESIAN_POINT('Ctrl Pts',(19.9921973745124,1.93285510899256,51.4037869887979));
#4546=CARTESIAN_POINT('Ctrl Pts',(20.0186687574955,1.32407389930006,51.8415031168515));
#4547=CARTESIAN_POINT('Ctrl Pts',(20.0451401404787,0.715292689607562,52.279219244905));
#4548=CARTESIAN_POINT('Ctrl Pts',(20.0716115234619,-0.132051652931045,52.3851624471192));
#4549=CARTESIAN_POINT('Ctrl Pts',(20.0980829064451,-0.829853990243327,52.1108335411724));
#4550=CARTESIAN_POINT('Ctrl Pts',(20.1245542894283,-1.52765632755561,51.8365046352255));
#4551=CARTESIAN_POINT('Ctrl Pts',(20.1510256724115,-2.07591665964156,51.1819036211176));
#4552=CARTESIAN_POINT('Ctrl Pts',(20.1774970553946,-2.22363673246696,50.4467801543542));
#4553=CARTESIAN_POINT('Ctrl Pts',(20.1827564822805,-2.25298627280218,50.3007232547977));
#4554=CARTESIAN_POINT('Ctrl Pts',(20.1880159091663,-2.26652443387463,50.1514877208625));
#4555=CARTESIAN_POINT('Ctrl Pts',(20.1932753360521,-2.265157932559,50.0020038773672));
#4556=CARTESIAN_POINT('Origin',(21.,-1.28587913910472E-15,50.0000008493662));
#4557=CARTESIAN_POINT('',(20.6260810402146,-2.26435,50.0000008493662));
#4558=CARTESIAN_POINT('',(20.5567246639479,-2.2647200761518,50.0019891299805));
#4559=CARTESIAN_POINT('',(21.,-2.26435,50.0000008493662));
#4560=CARTESIAN_POINT('',(20.75,-2.03384938354517E-15,47.7356508493662));
#4561=CARTESIAN_POINT('Ctrl Pts',(20.6260810402146,-2.26435,50.0000008493662));
#4562=CARTESIAN_POINT('Ctrl Pts',(20.6260810402146,-2.26435,49.7154399794847));
#4563=CARTESIAN_POINT('Ctrl Pts',(20.6325769236486,-2.20743400480253,49.4120677258267));
#4564=CARTESIAN_POINT('Ctrl Pts',(20.6559995701581,-1.97627859468018,48.8542464073595));
#4565=CARTESIAN_POINT('Ctrl Pts',(20.6725837436878,-1.80205152505041,48.5997778944571));
#4566=CARTESIAN_POINT('Ctrl Pts',(20.703682785965,-1.40022392642654,48.1979502958332));
#4567=CARTESIAN_POINT('Ctrl Pts',(20.7202237695323,-1.1457549889864,48.0237224666577));
#4568=CARTESIAN_POINT('Ctrl Pts',(20.7435475083432,-0.587932242328149,47.7925664940898));
#4569=CARTESIAN_POINT('Ctrl Pts',(20.75,-0.284559493892495,47.7356508493662));
#4570=CARTESIAN_POINT('Ctrl Pts',(20.75,-1.52655665885959E-15,47.7356508493662));
#4571=CARTESIAN_POINT('',(20.7215435315985,1.08281348984134,48.0135050991921));
#4572=CARTESIAN_POINT('Ctrl Pts',(20.75,-1.6306400674182E-15,47.7356508493662));
#4573=CARTESIAN_POINT('Ctrl Pts',(20.75,0.284559493892492,47.7356508493662));
#4574=CARTESIAN_POINT('Ctrl Pts',(20.7435475083432,0.587932242328147,47.7925664940898));
#4575=CARTESIAN_POINT('Ctrl Pts',(20.7287470199418,0.941908470534043,47.939250579289));
#4576=CARTESIAN_POINT('Ctrl Pts',(20.7252674776223,1.01530661843308,47.9744175626973));
#4577=CARTESIAN_POINT('Ctrl Pts',(20.7215435315985,1.08633957309305,48.0132579735939));
#4578=CARTESIAN_POINT('Ctrl Pts',(20.7215435315985,1.082746278828,48.013509809677));
#4579=CARTESIAN_POINT('Ctrl Pts',(20.7134952134895,0.883009851377479,47.9020948582995));
#4580=CARTESIAN_POINT('Ctrl Pts',(20.7054468953804,0.667409848552144,47.8207224281841));
#4581=CARTESIAN_POINT('Ctrl Pts',(20.6973985772714,0.444179287082596,47.7762370340588));
#4582=CARTESIAN_POINT('Ctrl Pts',(20.6710941975465,-0.285406866885569,47.6308450796867));
#4583=CARTESIAN_POINT('Ctrl Pts',(20.6447898178216,-1.09650138894054,47.8794743559081));
#4584=CARTESIAN_POINT('Ctrl Pts',(20.6184854380968,-1.61887162800617,48.4110527495592));
#4585=CARTESIAN_POINT('Ctrl Pts',(20.5978985133805,-2.02770076209536,48.8270885764961));
#4586=CARTESIAN_POINT('Ctrl Pts',(20.5773115886642,-2.25967783181293,49.4164390100586));
#4587=CARTESIAN_POINT('Ctrl Pts',(20.5567246639479,-2.2647200761518,50.0019891299805));
#4588=CARTESIAN_POINT('Origin',(2.70698167824604E-15,22.1041828560753,50.0000008493662));
#4589=CARTESIAN_POINT('',(2.53899408073762,14.8958171439247,49.9997927730161));
#4590=CARTESIAN_POINT('',(2.5472121112753,14.8541828560753,49.9990186030897));
#4591=CARTESIAN_POINT('',(2.54305,22.1041828560753,50.0000008493664));
#4592=CARTESIAN_POINT('',(-0.911830595622124,14.7,52.3739570973597));
#4593=CARTESIAN_POINT('Ctrl Pts',(2.5472121112753,14.8541828560753,49.9990186030897));
#4594=CARTESIAN_POINT('Ctrl Pts',(2.54302861039662,14.8292599537,50.7923636559897));
#4595=CARTESIAN_POINT('Ctrl Pts',(1.71496429619018,14.7778656683416,52.4354362181783));
#4596=CARTESIAN_POINT('Ctrl Pts',(-0.122135926953677,14.7264713829832,52.6772768239554));
#4597=CARTESIAN_POINT('Ctrl Pts',(-0.911830595622158,14.7,52.3739570973597));
#4598=CARTESIAN_POINT('',(-1.97970874999199,14.7,51.6031724083195));
#4599=CARTESIAN_POINT('Origin',(1.80023079474661E-15,14.7,50.0000008493662));
#4600=CARTESIAN_POINT('Ctrl Pts',(2.53899408073762,14.8958171439247,49.9997927730161));
#4601=CARTESIAN_POINT('Ctrl Pts',(2.53852974558944,14.8821264415083,50.4389855584894));
#4602=CARTESIAN_POINT('Ctrl Pts',(2.22205115085851,14.8421313593669,51.7225474160708));
#4603=CARTESIAN_POINT('Ctrl Pts',(0.220974673837163,14.7768589780587,52.973452554322));
#4604=CARTESIAN_POINT('Ctrl Pts',(-1.4716476353799,14.7252772991669,52.2268667503691));
#4605=CARTESIAN_POINT('Ctrl Pts',(-1.97972031868577,14.7,51.603179811556));
#4606=CARTESIAN_POINT('Origin',(2.70698167824604E-15,22.1041828560753,50.0000008493662));
#4607=CARTESIAN_POINT('',(2.54525332238463,15.3958171439247,49.9981651641077));
#4608=CARTESIAN_POINT('',(2.54297079219107,15.3541828560753,50.0023276284672));
#4609=CARTESIAN_POINT('',(2.54305,22.1041828560753,50.0000008493664));
#4610=CARTESIAN_POINT('Ctrl Pts',(2.54297079219107,15.3541828560753,50.0023276284672));
#4611=CARTESIAN_POINT('Ctrl Pts',(2.54481292660641,15.3478929679156,50.2032999639096));
#4612=CARTESIAN_POINT('Ctrl Pts',(2.43117136519711,15.3151316967728,51.2480195715782));
#4613=CARTESIAN_POINT('Ctrl Pts',(0.990337956391621,15.2558990426468,52.8383642867791));
#4614=CARTESIAN_POINT('Ctrl Pts',(-1.84829225188053,15.1764848936973,52.370718507894));
#4615=CARTESIAN_POINT('Ctrl Pts',(-2.99440888558164,15.0970707447477,49.7317573105708));
#4616=CARTESIAN_POINT('Ctrl Pts',(-1.3969897052726,15.0176565957982,47.3382383576057));
#4617=CARTESIAN_POINT('Ctrl Pts',(1.47835971086244,14.9382424468486,47.3832462966131));
#4618=CARTESIAN_POINT('Ctrl Pts',(2.52441828369199,14.8837512002743,49.0580401957736));
#4619=CARTESIAN_POINT('Ctrl Pts',(2.54747203565676,14.8557313366832,49.9497274165606));
#4620=CARTESIAN_POINT('Ctrl Pts',(2.5472121112753,14.8541828560753,49.9990186030897));
#4621=CARTESIAN_POINT('Ctrl Pts',(2.54525332238463,15.3958171439247,49.9981651641077));
#4622=CARTESIAN_POINT('Ctrl Pts',(2.53939241819644,15.3732860531908,50.7164036435127));
#4623=CARTESIAN_POINT('Ctrl Pts',(1.84813848709267,15.3244505827321,52.2830435348335));
#4624=CARTESIAN_POINT('Ctrl Pts',(-0.800877575151869,15.2493107325485,52.8909086461674));
#4625=CARTESIAN_POINT('Ctrl Pts',(-2.85785187267989,15.1703975933738,50.9119612565313));
#4626=CARTESIAN_POINT('Ctrl Pts',(-2.3273061338176,15.0914844541992,48.1072550971485));
#4627=CARTESIAN_POINT('Ctrl Pts',(0.310210294844694,15.0125713150246,47.0163774608088));
#4628=CARTESIAN_POINT('Ctrl Pts',(2.25822819032208,14.9473488782664,48.3471521714211));
#4629=CARTESIAN_POINT('Ctrl Pts',(2.53942188740114,14.9084308212331,49.5951505637542));
#4630=CARTESIAN_POINT('Ctrl Pts',(2.53899408073762,14.8958171439247,49.9997927730161));
#4631=CARTESIAN_POINT('Origin',(2.70698167824604E-15,22.1041828560753,50.0000008493662));
#4632=CARTESIAN_POINT('',(2.54408524409503,15.8958171439247,50.0021508253306));
#4633=CARTESIAN_POINT('',(2.53898310830506,15.8541828560753,49.9995331480605));
#4634=CARTESIAN_POINT('',(2.54305,22.1041828560753,50.0000008493664));
#4635=CARTESIAN_POINT('Ctrl Pts',(2.53898310830506,15.8541828560753,49.9995331480605));
#4636=CARTESIAN_POINT('Ctrl Pts',(2.53823900546435,15.8400545991481,50.452741451962));
#4637=CARTESIAN_POINT('Ctrl Pts',(2.20602652036509,15.7994549592377,51.7561210829331));
#4638=CARTESIAN_POINT('Ctrl Pts',(0.120892687391429,15.7323839363441,53.003744666097));
#4639=CARTESIAN_POINT('Ctrl Pts',(-2.45869708195429,15.6529697873945,51.7297081221968));
#4640=CARTESIAN_POINT('Ctrl Pts',(-2.7862659087639,15.573555638445,48.8713593529322));
#4641=CARTESIAN_POINT('Ctrl Pts',(-0.561758316413888,15.4941414894955,47.0467783280169));
#4642=CARTESIAN_POINT('Ctrl Pts',(1.96032058914549,15.4210172287056,47.8574592348028));
#4643=CARTESIAN_POINT('Ctrl Pts',(2.5370601900907,15.3743643508988,49.3574954717624));
#4644=CARTESIAN_POINT('Ctrl Pts',(2.54297079219107,15.3541828560753,50.0023276284672));
#4645=CARTESIAN_POINT('Ctrl Pts',(2.54408524409503,15.8958171439247,50.0021508253306));
#4646=CARTESIAN_POINT('Ctrl Pts',(2.54553634025392,15.8907500445983,50.1638703273333));
#4647=CARTESIAN_POINT('Ctrl Pts',(2.45813740216064,15.859378565547,51.1635477866508));
#4648=CARTESIAN_POINT('Ctrl Pts',(1.13527175167106,15.8017027067708,52.7766887881101));
#4649=CARTESIAN_POINT('Ctrl Pts',(-1.70255276213616,15.7227895675962,52.4698490289246));
#4650=CARTESIAN_POINT('Ctrl Pts',(-2.99891451662111,15.6438764284216,49.9268499731599));
#4651=CARTESIAN_POINT('Ctrl Pts',(-1.58010713695203,15.5649632892469,47.4500790986596));
#4652=CARTESIAN_POINT('Ctrl Pts',(1.2693010689249,15.4860501500723,47.2819683477358));
#4653=CARTESIAN_POINT('Ctrl Pts',(2.48406995491221,15.4296681016316,48.9200947964586));
#4654=CARTESIAN_POINT('Ctrl Pts',(2.54623484988863,15.3995904329157,49.8778815356204));
#4655=CARTESIAN_POINT('Ctrl Pts',(2.54525332238463,15.3958171439247,49.9981651641077));
#4656=CARTESIAN_POINT('Origin',(2.70698167824604E-15,22.1041828560753,50.0000008493662));
#4657=CARTESIAN_POINT('',(2.53907547905153,16.3958171439247,49.9996149351035));
#4658=CARTESIAN_POINT('',(2.5446789151252,16.3541828560753,49.9979004415767));
#4659=CARTESIAN_POINT('',(2.54305,22.1041828560753,50.0000008493664));
#4660=CARTESIAN_POINT('Ctrl Pts',(2.5446789151252,16.3541828560753,49.9979004415767));
#4661=CARTESIAN_POINT('Ctrl Pts',(2.53844595972663,16.3322162303805,50.6985533148116));
#4662=CARTESIAN_POINT('Ctrl Pts',(1.87457828625985,16.2837782217025,52.2539180980058));
#4663=CARTESIAN_POINT('Ctrl Pts',(-0.759089757496885,16.2088688300414,52.9087588587137));
#4664=CARTESIAN_POINT('Ctrl Pts',(-2.85585277998918,16.1294546810918,50.9387207504568));
#4665=CARTESIAN_POINT('Ctrl Pts',(-2.33681572085819,16.0500405321423,48.1088681523274));
#4666=CARTESIAN_POINT('Ctrl Pts',(0.322613075946612,15.9706263831927,47.011186454811));
#4667=CARTESIAN_POINT('Ctrl Pts',(2.26598806301257,15.9053404911704,48.3593416157185));
#4668=CARTESIAN_POINT('Ctrl Pts',(2.5396331924031,15.8665259821312,49.6035885348293));
#4669=CARTESIAN_POINT('Ctrl Pts',(2.53898310830506,15.8541828560753,49.9995331480605));
#4670=CARTESIAN_POINT('Ctrl Pts',(2.53907547905153,16.3958171439247,49.9996149351035));
#4671=CARTESIAN_POINT('Ctrl Pts',(2.5384638632046,16.3819096562809,50.4457066035473));
#4672=CARTESIAN_POINT('Ctrl Pts',(2.21473482673113,16.3416977889122,51.736358365335));
#4673=CARTESIAN_POINT('Ctrl Pts',(0.164440829460465,16.2751815418186,52.9952966114828));
#4674=CARTESIAN_POINT('Ctrl Pts',(-2.41685647080741,16.1962684026439,51.7769764411129));
#4675=CARTESIAN_POINT('Ctrl Pts',(-2.80997158843492,16.1173552634693,48.9498117390911));
#4676=CARTESIAN_POINT('Ctrl Pts',(-0.65898451751888,16.0384421242947,47.0734710019079));
#4677=CARTESIAN_POINT('Ctrl Pts',(1.91220853597806,15.9645960844465,47.7971085255818));
#4678=CARTESIAN_POINT('Ctrl Pts',(2.53800339449503,15.9170544243232,49.3243503346206));
#4679=CARTESIAN_POINT('Ctrl Pts',(2.54408524409503,15.8958171439247,50.0021508253306));
#4680=CARTESIAN_POINT('Origin',(2.70698167824604E-15,22.1041828560753,50.0000008493662));
#4681=CARTESIAN_POINT('',(2.54543459301157,16.8958171439247,49.9982377553549));
#4682=CARTESIAN_POINT('',(2.54570665677696,16.8541828560753,50.0017329136809));
#4683=CARTESIAN_POINT('',(2.54305,22.1041828560753,50.0000008493664));
#4684=CARTESIAN_POINT('Ctrl Pts',(2.54570665677696,16.8541828560753,50.0017329136809));
#4685=CARTESIAN_POINT('Ctrl Pts',(2.54653557623407,16.8508492445961,50.1079509455276));
#4686=CARTESIAN_POINT('Ctrl Pts',(2.4922497427916,16.8210442501337,51.0567663060475));
#4687=CARTESIAN_POINT('Ctrl Pts',(1.29992913457498,16.7647678726882,52.7105865068955));
#4688=CARTESIAN_POINT('Ctrl Pts',(-1.57327038801784,16.6853537237387,52.5616235087561));
#4689=CARTESIAN_POINT('Ctrl Pts',(-3.00544289878553,16.6059395747891,50.066358519354));
#4690=CARTESIAN_POINT('Ctrl Pts',(-1.68479909361371,16.5265254258396,47.5103136445619));
#4691=CARTESIAN_POINT('Ctrl Pts',(1.17902573521108,16.44711127689,47.2346819371802));
#4692=CARTESIAN_POINT('Ctrl Pts',(2.46948656985951,16.3896637536352,48.8675535584436));
#4693=CARTESIAN_POINT('Ctrl Pts',(2.54595712469868,16.3586876133637,49.854215599799));
#4694=CARTESIAN_POINT('Ctrl Pts',(2.5446789151252,16.3541828560753,49.9979004415767));
#4695=CARTESIAN_POINT('Ctrl Pts',(2.54543459301157,16.8958171439247,49.9982377553549));
#4696=CARTESIAN_POINT('Ctrl Pts',(2.53968380947684,16.8730692679635,50.7232506869347));
#4697=CARTESIAN_POINT('Ctrl Pts',(1.83707952948743,16.8240170122773,52.2963747937126));
#4698=CARTESIAN_POINT('Ctrl Pts',(-0.824486522969974,16.7486603768663,52.8842788270964));
#4699=CARTESIAN_POINT('Ctrl Pts',(-2.86519028824505,16.6697472376917,50.8885514055881));
#4700=CARTESIAN_POINT('Ctrl Pts',(-2.31179777945218,16.590834098517,48.0883448902349));
#4701=CARTESIAN_POINT('Ctrl Pts',(0.334658506629861,16.5119209593424,47.018920312958));
#4702=CARTESIAN_POINT('Ctrl Pts',(2.26511360506673,16.4469153078117,48.3613203818368));
#4703=CARTESIAN_POINT('Ctrl Pts',(2.53962066275715,16.4082140360058,49.6019765971402));
#4704=CARTESIAN_POINT('Ctrl Pts',(2.53907547905153,16.3958171439247,49.9996149351035));
#4705=CARTESIAN_POINT('Origin',(2.70698167824604E-15,22.1041828560753,50.0000008493662));
#4706=CARTESIAN_POINT('',(2.54388069187214,17.3958171439247,50.0021831838225));
#4707=CARTESIAN_POINT('',(2.53931994641666,17.3541828560753,50.001051304115));
#4708=CARTESIAN_POINT('',(2.54305,22.1041828560753,50.0000008493664));
#4709=CARTESIAN_POINT('Ctrl Pts',(2.53931994641666,17.3541828560753,50.001051304115));
#4710=CARTESIAN_POINT('Ctrl Pts',(2.54065168602234,17.3430108758285,50.359309017979));
#4711=CARTESIAN_POINT('Ctrl Pts',(2.30243321554674,17.3053675125986,51.5647471110429));
#4712=CARTESIAN_POINT('Ctrl Pts',(0.454215302759991,17.2412527663855,52.9716634850509));
#4713=CARTESIAN_POINT('Ctrl Pts',(-2.25106984615423,17.1618386174359,51.992430248203));
#4714=CARTESIAN_POINT('Ctrl Pts',(-2.89450187923462,17.0824244684864,49.1882439691088));
#4715=CARTESIAN_POINT('Ctrl Pts',(-0.886733316047849,17.0030103195368,47.12758124426));
#4716=CARTESIAN_POINT('Ctrl Pts',(1.81485771200739,16.9269297820665,47.6739527064489));
#4717=CARTESIAN_POINT('Ctrl Pts',(2.53995333215783,16.8773206275793,49.2644998660293));
#4718=CARTESIAN_POINT('Ctrl Pts',(2.54570665677696,16.8541828560753,50.0017329136809));
#4719=CARTESIAN_POINT('Ctrl Pts',(2.54388069187214,17.3958171439247,50.0021831838225));
#4720=CARTESIAN_POINT('Ctrl Pts',(2.54540272479279,17.3905332593709,50.1708564938701));
#4721=CARTESIAN_POINT('Ctrl Pts',(2.45356781039759,17.3589449950922,51.1775756695677));
#4722=CARTESIAN_POINT('Ctrl Pts',(1.11254138435342,17.3010523510887,52.7858739884871));
#4723=CARTESIAN_POINT('Ctrl Pts',(-1.7226809494754,17.222139211914,52.4558526008965));
#4724=CARTESIAN_POINT('Ctrl Pts',(-2.9982162178207,17.1432260727394,49.9023433336882));
#4725=CARTESIAN_POINT('Ctrl Pts',(-1.5592157180233,17.0643129335648,47.4372515787898));
#4726=CARTESIAN_POINT('Ctrl Pts',(1.29147310888262,16.9853997943902,47.2924309632438));
#4727=CARTESIAN_POINT('Ctrl Pts',(2.48819207212119,16.9292345311768,48.934097247939));
#4728=CARTESIAN_POINT('Ctrl Pts',(2.54633369600122,16.8993736476883,49.884886019825));
#4729=CARTESIAN_POINT('Ctrl Pts',(2.54543459301157,16.8958171439247,49.9982377553549));
#4730=CARTESIAN_POINT('Origin',(2.70698167824604E-15,22.1041828560753,50.0000008493662));
#4731=CARTESIAN_POINT('',(2.53911174739357,17.8958171439247,49.9995057299226));
#4732=CARTESIAN_POINT('',(2.54185905546455,17.8541828560753,49.997743960727));
#4733=CARTESIAN_POINT('',(2.54305,22.1041828560753,50.0000008493664));
#4734=CARTESIAN_POINT('Ctrl Pts',(2.54185905546455,17.8541828560753,49.997743960727));
#4735=CARTESIAN_POINT('Ctrl Pts',(2.53665725150938,17.835172507061,50.6058270377195));
#4736=CARTESIAN_POINT('Ctrl Pts',(2.01320764772166,17.7896907750634,52.0686895703567));
#4737=CARTESIAN_POINT('Ctrl Pts',(-0.430872830585441,17.7177376600828,52.9751376471371));
#4738=CARTESIAN_POINT('Ctrl Pts',(-2.73373210275565,17.6383235111332,51.2505204021725));
#4739=CARTESIAN_POINT('Ctrl Pts',(-2.53264683339777,17.5589093621837,48.3804977222106));
#4740=CARTESIAN_POINT('Ctrl Pts',(-0.0117997967072681,17.4794952132341,
46.9938486365891));
#4741=CARTESIAN_POINT('Ctrl Pts',(2.16370203642183,17.4112530445313,48.1683817940067));
#4742=CARTESIAN_POINT('Ctrl Pts',(2.5374962034349,17.3694822588117,49.5104373818933));
#4743=CARTESIAN_POINT('Ctrl Pts',(2.53931994641666,17.3541828560753,50.001051304115));
#4744=CARTESIAN_POINT('Ctrl Pts',(2.53911174739357,17.8958171439247,49.9995057299226));
#4745=CARTESIAN_POINT('Ctrl Pts',(2.53831416962168,17.8816928710535,50.4525347442464));
#4746=CARTESIAN_POINT('Ctrl Pts',(2.20718593598925,17.8412642184574,51.7503520441637));
#4747=CARTESIAN_POINT('Ctrl Pts',(0.139956226046777,17.7745311861364,52.9965404759966));
#4748=CARTESIAN_POINT('Ctrl Pts',(-2.43129812894728,17.6956180469618,51.7571652945317));
#4749=CARTESIAN_POINT('Ctrl Pts',(-2.80129505133015,17.6167049077872,48.9268822564004));
#4750=CARTESIAN_POINT('Ctrl Pts',(-0.635045398577335,17.5377917686125,47.0681831843465));
#4751=CARTESIAN_POINT('Ctrl Pts',(1.92261739785578,17.4641625139917,47.8106236772139));
#4752=CARTESIAN_POINT('Ctrl Pts',(2.53782569855559,17.4168376390958,49.3311623726688));
#4753=CARTESIAN_POINT('Ctrl Pts',(2.54388069187214,17.3958171439247,50.0021831838225));
#4754=CARTESIAN_POINT('Origin',(2.70698167824604E-15,22.1041828560753,50.0000008493662));
#4755=CARTESIAN_POINT('',(2.54561050022741,18.3958171439247,49.998315282071));
#4756=CARTESIAN_POINT('',(2.54723623350832,18.3541828560753,50.0002251017548));
#4757=CARTESIAN_POINT('',(2.54305,22.1041828560753,50.0000008493664));
#4758=CARTESIAN_POINT('Ctrl Pts',(2.54723623350832,18.3541828560753,50.0002251017548));
#4759=CARTESIAN_POINT('Ctrl Pts',(2.54725136811579,18.3538055212766,50.0122289400344));
#4760=CARTESIAN_POINT('Ctrl Pts',(2.54173628160205,18.3269568034947,50.8663305872972));
#4761=CARTESIAN_POINT('Ctrl Pts',(1.59333144328448,18.2736367027296,52.5491939125582));
#4762=CARTESIAN_POINT('Ctrl Pts',(-1.27861013776857,18.19422255378,52.7207078304976));
#4763=CARTESIAN_POINT('Ctrl Pts',(-2.97941689110053,18.1148084048305,50.4002074842637));
#4764=CARTESIAN_POINT('Ctrl Pts',(-1.95124568280542,18.035394255881,47.7131404148578));
#4765=CARTESIAN_POINT('Ctrl Pts',(0.864156604830765,17.9559801069314,47.1207086231561));
#4766=CARTESIAN_POINT('Ctrl Pts',(2.40355805892359,17.8955763069962,48.6760481200586));
#4767=CARTESIAN_POINT('Ctrl Pts',(2.54390061903499,17.8616438900441,49.7590882427329));
#4768=CARTESIAN_POINT('Ctrl Pts',(2.54185905546455,17.8541828560753,49.997743960727));
#4769=CARTESIAN_POINT('Ctrl Pts',(2.54561050022741,18.3958171439247,49.998315282071));
#4770=CARTESIAN_POINT('Ctrl Pts',(2.5399920106465,18.3728524827361,50.7301051863046));
#4771=CARTESIAN_POINT('Ctrl Pts',(1.82592135145113,18.3235834418225,52.30968302836));
#4772=CARTESIAN_POINT('Ctrl Pts',(-0.848030806899766,18.2480100211841,52.8774443726493));
#4773=CARTESIAN_POINT('Ctrl Pts',(-2.87235630035644,18.1690968820095,50.8651059083077));
#4774=CARTESIAN_POINT('Ctrl Pts',(-2.29609752978463,18.0901837428349,48.0695155184486));
#4775=CARTESIAN_POINT('Ctrl Pts',(0.359010269313509,18.0112706036603,47.0217548713283));
#4776=CARTESIAN_POINT('Ctrl Pts',(2.27202909804826,17.9464817373569,48.375357601613));
#4777=CARTESIAN_POINT('Ctrl Pts',(2.53979954085199,17.9079972507784,49.6088348718495));
#4778=CARTESIAN_POINT('Ctrl Pts',(2.53911174739357,17.8958171439247,49.9995057299226));
#4779=CARTESIAN_POINT('Origin',(2.70698167824604E-15,22.1041828560753,50.0000008493662));
#4780=CARTESIAN_POINT('',(2.54367506448228,18.8958171439247,50.002209534759));
#4781=CARTESIAN_POINT('',(2.54119999710997,18.8541828560753,50.0021222449263));
#4782=CARTESIAN_POINT('',(2.54305,22.1041828560753,50.0000008493664));
#4783=CARTESIAN_POINT('Ctrl Pts',(2.54119999710997,18.8541828560753,50.0021222449263));
#4784=CARTESIAN_POINT('Ctrl Pts',(2.54327318555997,18.845967152509,50.2650900795889));
#4785=CARTESIAN_POINT('Ctrl Pts',(2.38470138519331,18.8112800659595,51.372913655085));
#4786=CARTESIAN_POINT('Ctrl Pts',(0.781901004896098,18.7501215964268,52.9027101321334));
#4787=CARTESIAN_POINT('Ctrl Pts',(-2.01550930056318,18.6707074474773,52.2304296468215));
#4788=CARTESIAN_POINT('Ctrl Pts',(-2.96682667475683,18.5912932985278,49.5152020831435));
#4789=CARTESIAN_POINT('Ctrl Pts',(-1.20069801582661,18.5118791495782,47.2440228675279));
#4790=CARTESIAN_POINT('Ctrl Pts',(1.6515850875401,18.4328423354274,47.4959613690012));
#4791=CARTESIAN_POINT('Ctrl Pts',(2.5461896213802,18.3802769042597,49.1701168383896));
#4792=CARTESIAN_POINT('Ctrl Pts',(2.54723623350832,18.3541828560753,50.0002251017548));
#4793=CARTESIAN_POINT('Ctrl Pts',(2.54367506448228,18.8958171439247,50.002209534759));
#4794=CARTESIAN_POINT('Ctrl Pts',(2.54526469394433,18.8903164741435,50.1778396675311));
#4795=CARTESIAN_POINT('Ctrl Pts',(2.44893278836772,18.8585114246374,51.1916069684983));
#4796=CARTESIAN_POINT('Ctrl Pts',(1.08973662670144,18.8004019954065,52.7948732193674));
#4797=CARTESIAN_POINT('Ctrl Pts',(-1.74269391550134,18.7214888562319,52.4416919422357));
#4798=CARTESIAN_POINT('Ctrl Pts',(-2.99731798289371,18.6425757170573,49.8778436144864));
#4799=CARTESIAN_POINT('Ctrl Pts',(-1.53821952842783,18.5636625778826,47.4245944423063));
#4800=CARTESIAN_POINT('Ctrl Pts',(1.31355764714825,18.484749438708,47.3030759734316));
#4801=CARTESIAN_POINT('Ctrl Pts',(2.4922529697679,18.4288009607221,48.9480936440195));
#4802=CARTESIAN_POINT('Ctrl Pts',(2.54642758930374,18.399156862461,49.8918921004829));
#4803=CARTESIAN_POINT('Ctrl Pts',(2.54561050022741,18.3958171439247,49.998315282071));
#4804=CARTESIAN_POINT('Origin',(2.70698167824604E-15,22.1041828560753,50.0000008493662));
#4805=CARTESIAN_POINT('',(2.53915694525292,19.3958171439247,49.9993977247232));
#4806=CARTESIAN_POINT('',(2.53967029629444,19.3541828560753,49.9986105244505));
#4807=CARTESIAN_POINT('',(2.54305,22.1041828560753,50.0000008493664));
#4808=CARTESIAN_POINT('Ctrl Pts',(2.53967029629444,19.3541828560753,49.9986105244505));
#4809=CARTESIAN_POINT('Ctrl Pts',(2.53711682538826,19.3381287837414,50.5132471769993));
#4810=CARTESIAN_POINT('Ctrl Pts',(2.13514118608356,19.2956033284244,51.8801293190291));
#4811=CARTESIAN_POINT('Ctrl Pts',(-0.0973096457021578,19.2266064901241,
53.0046008589103));
#4812=CARTESIAN_POINT('Ctrl Pts',(-2.57769115960548,19.1471923411746,51.5468035583596));
#4813=CARTESIAN_POINT('Ctrl Pts',(-2.69705285657229,19.067778192225,48.6722221557434));
#4814=CARTESIAN_POINT('Ctrl Pts',(-0.346066126976109,18.9883640432755,47.0138112037865));
#4815=CARTESIAN_POINT('Ctrl Pts',(2.04588640354806,18.9171655978922,47.9791855697702));
#4816=CARTESIAN_POINT('Ctrl Pts',(2.53659327494568,18.8724385354922,49.4177953582729));
#4817=CARTESIAN_POINT('Ctrl Pts',(2.54119999710997,18.8541828560753,50.0021222449263));
#4818=CARTESIAN_POINT('Ctrl Pts',(2.53915694525292,19.3958171439247,49.9993977247232));
#4819=CARTESIAN_POINT('Ctrl Pts',(2.53816943089909,19.3814760858261,50.4593595026164));
#4820=CARTESIAN_POINT('Ctrl Pts',(2.1995558817809,19.3408306480026,51.7643385292342));
#4821=CARTESIAN_POINT('Ctrl Pts',(0.115462216292728,19.2738808304543,52.9975842326555));
#4822=CARTESIAN_POINT('Ctrl Pts',(-2.44557736618576,19.1949676912796,51.7372367648318));
#4823=CARTESIAN_POINT('Ctrl Pts',(-2.79243143234968,19.116054552105,48.904024463663));
#4824=CARTESIAN_POINT('Ctrl Pts',(-0.61106384625586,19.0371414129304,47.0630911689451));
#4825=CARTESIAN_POINT('Ctrl Pts',(1.93293355353376,18.963728943537,47.8241619992219));
#4826=CARTESIAN_POINT('Ctrl Pts',(2.53766303475466,18.9166208538684,49.3379707265965));
#4827=CARTESIAN_POINT('Ctrl Pts',(2.54367506448228,18.8958171439247,50.002209534759));
#4828=CARTESIAN_POINT('Origin',(2.70698167824604E-15,22.1041828560753,50.0000008493662));
#4829=CARTESIAN_POINT('',(2.54577603598773,19.8958171439247,49.9984002859899));
#4830=CARTESIAN_POINT('',(2.54627502063307,19.8541828560753,49.9985877928352));
#4831=CARTESIAN_POINT('',(2.54305,22.1041828560753,50.0000008493664));
#4832=CARTESIAN_POINT('Ctrl Pts',(2.54627502063306,19.8541828560753,49.9985877928352));
#4833=CARTESIAN_POINT('Ctrl Pts',(2.54119899792732,19.8302904149738,50.7594204132918));
#4834=CARTESIAN_POINT('Ctrl Pts',(1.77489752036984,19.7799265908892,52.3720785476144));
#4835=CARTESIAN_POINT('Ctrl Pts',(-0.968085338571575,19.7030913838214,52.8460337510308));
#4836=CARTESIAN_POINT('Ctrl Pts',(-2.91642194548989,19.6236772348719,50.7290905662866));
#4837=CARTESIAN_POINT('Ctrl Pts',(-2.19348128271487,19.5442630859223,47.9443426714943));
#4838=CARTESIAN_POINT('Ctrl Pts',(0.538565058537567,19.4648489369728,47.0424616241349));
#4839=CARTESIAN_POINT('Ctrl Pts',(2.32473828980614,19.4014888603571,48.4842116654019));
#4840=CARTESIAN_POINT('Ctrl Pts',(2.54132721543063,19.3646001667246,49.6646684710177));
#4841=CARTESIAN_POINT('Ctrl Pts',(2.53967029629444,19.3541828560753,49.9986105244505));
#4842=CARTESIAN_POINT('Ctrl Pts',(2.54577603598773,19.8958171439247,49.9984002859899));
#4843=CARTESIAN_POINT('Ctrl Pts',(2.54031280303876,19.8726356975087,50.7369697462992));
#4844=CARTESIAN_POINT('Ctrl Pts',(1.81467417066959,19.8231498713678,52.3229587229754));
#4845=CARTESIAN_POINT('Ctrl Pts',(-0.871521856657522,19.747359665502,52.8704196915913));
#4846=CARTESIAN_POINT('Ctrl Pts',(-2.8793287407308,19.6684465263273,50.841601637326));
#4847=CARTESIAN_POINT('Ctrl Pts',(-2.28024479313203,19.5895333871528,48.050815588195));
#4848=CARTESIAN_POINT('Ctrl Pts',(0.383338494627296,19.5106202479781,47.024788096095));
#4849=CARTESIAN_POINT('Ctrl Pts',(2.27886676656398,19.4460481669021,48.3893987677861));
#4850=CARTESIAN_POINT('Ctrl Pts',(2.5399807304816,19.407780465551,49.6156972580715));
#4851=CARTESIAN_POINT('Ctrl Pts',(2.53915694525292,19.3958171439247,49.9993977247232));
#4852=CARTESIAN_POINT('Origin',(2.70698167824604E-15,22.1041828560753,50.0000008493662));
#4853=CARTESIAN_POINT('',(2.54346562574594,20.3958171439247,50.002233850897));
#4854=CARTESIAN_POINT('',(2.54395737425494,20.3541828560753,50.0022504134168));
#4855=CARTESIAN_POINT('',(2.54305,22.1041828560753,50.0000008493664));
#4856=CARTESIAN_POINT('',(-2.35957831362121,20.6154041964228,49.0515845460539));
#4857=CARTESIAN_POINT('Ctrl Pts',(-2.3595783136212,20.6154041964228,49.0515845460539));
#4858=CARTESIAN_POINT('Ctrl Pts',(-2.04607875030341,20.589099816698,48.2716245555403));
#4859=CARTESIAN_POINT('Ctrl Pts',(-0.590390174433397,20.5364910572482,47.0600144245738));
#4860=CARTESIAN_POINT('Ctrl Pts',(1.94438952412704,20.4632953730822,47.8370144223513));
#4861=CARTESIAN_POINT('Ctrl Pts',(2.5378027735076,20.416404068641,49.3446132390361));
#4862=CARTESIAN_POINT('Ctrl Pts',(2.54346562574594,20.3958171439247,50.002233850897));
#4863=CARTESIAN_POINT('',(-2.52764908212488,20.5954569084217,49.7207390116503));
#4864=CARTESIAN_POINT('Ctrl Pts',(-2.3595783136212,20.6154041964228,49.0515845460539));
#4865=CARTESIAN_POINT('Ctrl Pts',(-2.44648701700548,20.6054568827628,49.2678059364437));
#4866=CARTESIAN_POINT('Ctrl Pts',(-2.50297058931128,20.598501470701,49.4963902841677));
#4867=CARTESIAN_POINT('Ctrl Pts',(-2.52777663834148,20.5954569084217,49.7217050190794));
#4868=CARTESIAN_POINT('Ctrl Pts',(-2.52747277963412,20.5954569084217,49.7194038394387));
#4869=CARTESIAN_POINT('Ctrl Pts',(-2.50727770123134,20.5891869463699,49.5200315100432));
#4870=CARTESIAN_POINT('Ctrl Pts',(-2.2800420146463,20.556445601335,48.4944237713132));
#4871=CARTESIAN_POINT('Ctrl Pts',(-0.676477217450329,20.4972328733168,47.0710183684606));
#4872=CARTESIAN_POINT('Ctrl Pts',(1.91177970860126,20.4230781512532,47.7928937815439));
#4873=CARTESIAN_POINT('Ctrl Pts',(2.53776775842964,20.3753948121726,49.3251580807972));
#4874=CARTESIAN_POINT('Ctrl Pts',(2.54395737425494,20.3541828560753,50.0022504134168));
#4875=CARTESIAN_POINT('Origin',(2.57175827820944E-15,21.,50.0000008493662));
#4876=CARTESIAN_POINT('',(2.26427947279757,15.1932753360521,50.0020726302032));
#4877=CARTESIAN_POINT('',(2.26073858033394,15.0567246639479,49.9998155766883));
#4878=CARTESIAN_POINT('',(2.26435,21.,50.0000008493662));
#4879=CARTESIAN_POINT('',(-0.515459465110044,14.7,47.7951012003281));
#4880=CARTESIAN_POINT('Ctrl Pts',(2.26073858033394,15.0567246639479,49.9998155766883));
#4881=CARTESIAN_POINT('Ctrl Pts',(2.26032513298027,15.0430339615314,50.3908759898876));
#4882=CARTESIAN_POINT('Ctrl Pts',(2.16386404933631,15.029343259115,50.7820991871835));
#4883=CARTESIAN_POINT('Ctrl Pts',(1.97249389327199,15.0156525566985,51.1193731586151));
#4884=CARTESIAN_POINT('Ctrl Pts',(1.60480835749758,14.9893481769736,51.7673883112331));
#4885=CARTESIAN_POINT('Ctrl Pts',(0.886764531584941,14.9630437972487,52.2162490727473));
#4886=CARTESIAN_POINT('Ctrl Pts',(0.142956498763936,14.9367394175239,52.2633351084182));
#4887=CARTESIAN_POINT('Ctrl Pts',(-0.600851534057079,14.910435037799,52.3104211440891));
#4888=CARTESIAN_POINT('Ctrl Pts',(-1.37042377378646,14.8841306580741,51.9557324539168));
#4889=CARTESIAN_POINT('Ctrl Pts',(-1.81646446957752,14.8578262783492,51.3586613082763));
#4890=CARTESIAN_POINT('Ctrl Pts',(-2.26250516536857,14.8315218986244,50.7615901626359));
#4891=CARTESIAN_POINT('Ctrl Pts',(-2.38501431722131,14.8052175188995,49.9221365615273));
#4892=CARTESIAN_POINT('Ctrl Pts',(-2.13046060904189,14.7789131391746,49.2231106778074));
#4893=CARTESIAN_POINT('Ctrl Pts',(-1.87590690086247,14.7526087594498,48.5240847940876));
#4894=CARTESIAN_POINT('Ctrl Pts',(-1.2442903326509,14.7263043797249,47.9654866277566));
#4895=CARTESIAN_POINT('Ctrl Pts',(-0.515459465110046,14.7,47.7951012003281));
#4896=CARTESIAN_POINT('',(2.26037291623785,14.7,49.8088159571573));
#4897=CARTESIAN_POINT('Origin',(1.80023079474661E-15,14.7,50.0000008493662));
#4898=CARTESIAN_POINT('Ctrl Pts',(2.26037776413979,14.7,49.8088158809321));
#4899=CARTESIAN_POINT('Ctrl Pts',(2.19746120079331,14.7257783089418,49.081204772606));
#4900=CARTESIAN_POINT('Ctrl Pts',(1.75172171652398,14.7515566178837,48.3848011363077));
#4901=CARTESIAN_POINT('Ctrl Pts',(1.11587429429559,14.7773349268255,48.0255624634984));
#4902=CARTESIAN_POINT('Ctrl Pts',(0.462931517069213,14.8038063098087,47.6566653216507));
#4903=CARTESIAN_POINT('Ctrl Pts',(-0.390479079186611,14.8302776927919,47.643306857511));
#4904=CARTESIAN_POINT('Ctrl Pts',(-1.05424329743885,14.856749075775,47.9918287055842));
#4905=CARTESIAN_POINT('Ctrl Pts',(-1.71800751569109,14.8832204587582,48.3403505536573));
#4906=CARTESIAN_POINT('Ctrl Pts',(-2.19212535593974,14.9096918417414,49.0507527139434));
#4907=CARTESIAN_POINT('Ctrl Pts',(-2.25909919453326,14.9361632247246,49.797578797341));
#4908=CARTESIAN_POINT('Ctrl Pts',(-2.32607303312679,14.9626346077078,50.5444048807385));
#4909=CARTESIAN_POINT('Ctrl Pts',(-1.98590287006524,14.989105990691,51.3276548872476));
#4910=CARTESIAN_POINT('Ctrl Pts',(-1.39456166484434,15.0155773736741,51.7886790843454));
#4911=CARTESIAN_POINT('Ctrl Pts',(-0.803220459623433,15.0420487566573,52.2497032814432));
#4912=CARTESIAN_POINT('Ctrl Pts',(0.0392917877568293,15.0685201396405,52.3885016691297));
#4913=CARTESIAN_POINT('Ctrl Pts',(0.747221623429083,15.0949915226237,52.1414798110654));
#4914=CARTESIAN_POINT('Ctrl Pts',(1.45515145910134,15.1214629056068,51.8944579530011));
#4915=CARTESIAN_POINT('Ctrl Pts',(2.02849888306559,15.14793428859,51.261615849186));
#4916=CARTESIAN_POINT('Ctrl Pts',(2.20463965846651,15.1744056715732,50.5327918668185));
#4917=CARTESIAN_POINT('Ctrl Pts',(2.24649262014691,15.1806955597329,50.3596153712776));
#4918=CARTESIAN_POINT('Ctrl Pts',(2.26591972252265,15.1869854478925,50.1810198423142));
#4919=CARTESIAN_POINT('Ctrl Pts',(2.26427947279757,15.1932753360521,50.0020726302032));
#4920=CARTESIAN_POINT('Origin',(2.57175827820944E-15,21.,50.0000008493662));
#4921=CARTESIAN_POINT('',(2.26072881040111,15.6932753360521,49.9995844047615));
#4922=CARTESIAN_POINT('',(2.26631185408924,15.5567246639479,49.9983663420166));
#4923=CARTESIAN_POINT('',(2.26435,21.,50.0000008493662));
#4924=CARTESIAN_POINT('Ctrl Pts',(2.26631185408924,15.5567246639479,49.9983663420166));
#4925=CARTESIAN_POINT('Ctrl Pts',(2.26109326287064,15.534193573214,50.6378910469343));
#4926=CARTESIAN_POINT('Ctrl Pts',(1.97712283741185,15.5116624824801,51.2814742172589));
#4927=CARTESIAN_POINT('Ctrl Pts',(1.49785588890568,15.4891313917462,51.7030072011334));
#4928=CARTESIAN_POINT('Ctrl Pts',(0.938325950830798,15.4628270120214,52.1951344490042));
#4929=CARTESIAN_POINT('Ctrl Pts',(0.112609400516129,15.4365226322965,52.3846101905601));
#4930=CARTESIAN_POINT('Ctrl Pts',(-0.605506324724606,15.4102182525716,52.1856698978648));
#4931=CARTESIAN_POINT('Ctrl Pts',(-1.32362204996533,15.3839138728467,51.9867296051696));
#4932=CARTESIAN_POINT('Ctrl Pts',(-1.93413695013214,15.3576094931219,51.3993732782233));
#4933=CARTESIAN_POINT('Ctrl Pts',(-2.16066077695522,15.331305113397,50.6894733605575));
#4934=CARTESIAN_POINT('Ctrl Pts',(-2.38718460377832,15.3050007336721,49.9795734428916));
#4935=CARTESIAN_POINT('Ctrl Pts',(-2.22971735725769,15.2786963539472,49.1471299345063));
#4936=CARTESIAN_POINT('Ctrl Pts',(-1.759573136143,15.2523919742224,48.5690206321695));
#4937=CARTESIAN_POINT('Ctrl Pts',(-1.28942891502832,15.2260875944975,47.9909113298328));
#4938=CARTESIAN_POINT('Ctrl Pts',(-0.506607719319564,15.1997832147726,47.6671362335448));
#4939=CARTESIAN_POINT('Ctrl Pts',(0.234572952523064,15.1734788350477,47.7441916489501));
#4940=CARTESIAN_POINT('Ctrl Pts',(0.975753624365691,15.1471744553229,47.8212470643555));
#4941=CARTESIAN_POINT('Ctrl Pts',(1.6752937723422,15.120870075598,48.2991329914542));
#4942=CARTESIAN_POINT('Ctrl Pts',(2.01640022351238,15.0945656958731,48.9616607268645));
#4943=CARTESIAN_POINT('Ctrl Pts',(2.17997019732971,15.0819520185647,49.2793610927256));
#4944=CARTESIAN_POINT('Ctrl Pts',(2.2611195024623,15.0693383412563,49.6395192449047));
#4945=CARTESIAN_POINT('Ctrl Pts',(2.26073858033394,15.0567246639479,49.9998155766883));
#4946=CARTESIAN_POINT('Ctrl Pts',(2.26427947279757,15.1932753360521,50.0020726302032));
#4947=CARTESIAN_POINT('Ctrl Pts',(2.2590166302007,15.2134568308757,49.4279094426785));
#4948=CARTESIAN_POINT('Ctrl Pts',(2.03686816235951,15.2336383256992,48.8501257233003));
#4949=CARTESIAN_POINT('Ctrl Pts',(1.6427079023706,15.2538198205228,48.4361047806272));
#4950=CARTESIAN_POINT('Ctrl Pts',(1.12570124403618,15.2802912035059,47.8930475377232));
#4951=CARTESIAN_POINT('Ctrl Pts',(0.312753800529766,15.3067625864891,47.6317389128351));
#4952=CARTESIAN_POINT('Ctrl Pts',(-0.423839512969434,15.3332339694723,47.7718546104031));
#4953=CARTESIAN_POINT('Ctrl Pts',(-1.16043282646863,15.3597053524555,47.9119703079711));
#4954=CARTESIAN_POINT('Ctrl Pts',(-1.82067200996061,15.3861767354387,48.4535103279951));
#4955=CARTESIAN_POINT('Ctrl Pts',(-2.10217999536864,15.4126481184218,49.1484627197722));
#4956=CARTESIAN_POINT('Ctrl Pts',(-2.38368798077666,15.439119501405,49.8434151115492));
#4957=CARTESIAN_POINT('Ctrl Pts',(-2.28646476810076,15.4655908843882,50.6917798750791));
#4958=CARTESIAN_POINT('Ctrl Pts',(-1.85503894954927,15.4920622673714,51.3050308063011));
#4959=CARTESIAN_POINT('Ctrl Pts',(-1.42361313099777,15.5185336503546,51.9182817375232));
#4960=CARTESIAN_POINT('Ctrl Pts',(-0.657984706570664,15.5450050333378,52.2964188364372));
#4961=CARTESIAN_POINT('Ctrl Pts',(0.0912116485464118,15.5714764163209,52.2662654852623));
#4962=CARTESIAN_POINT('Ctrl Pts',(0.840408003663467,15.5979477993041,52.2361121340873));
#4963=CARTESIAN_POINT('Ctrl Pts',(1.57317228947048,15.6244191822873,51.7976683328234));
#4964=CARTESIAN_POINT('Ctrl Pts',(1.95391831721704,15.6508905652705,51.1517292316034));
#4965=CARTESIAN_POINT('Ctrl Pts',(2.15712937375438,15.6650188221977,50.8069798247755));
#4966=CARTESIAN_POINT('Ctrl Pts',(2.260066255883,15.6791470791249,50.403124336316));
#4967=CARTESIAN_POINT('Ctrl Pts',(2.26072881040111,15.6932753360521,49.9995844047615));
#4968=CARTESIAN_POINT('Origin',(2.57175827820944E-15,21.,50.0000008493662));
#4969=CARTESIAN_POINT('',(2.26580039773648,16.1932753360521,49.9981306311723));
#4970=CARTESIAN_POINT('',(2.26527178878377,16.0567246639479,50.0019152034193));
#4971=CARTESIAN_POINT('',(2.26435,21.,50.0000008493662));
#4972=CARTESIAN_POINT('Ctrl Pts',(2.26527178878377,16.0567246639479,50.0019152034193));
#4973=CARTESIAN_POINT('Ctrl Pts',(2.26656385523446,16.0516575646215,50.1459114104777));
#4974=CARTESIAN_POINT('Ctrl Pts',(2.25399431952119,16.046590465295,50.2896829688144));
#4975=CARTESIAN_POINT('Ctrl Pts',(2.22674047646314,16.0415233659686,50.4306148316147));
#4976=CARTESIAN_POINT('Ctrl Pts',(2.08526003754182,16.0152189862437,51.1622218113904));
#4977=CARTESIAN_POINT('Ctrl Pts',(1.54805708290578,15.9889146065188,51.8173027804274));
#4978=CARTESIAN_POINT('Ctrl Pts',(0.858319047921484,15.962610226794,52.0993078770775));
#4979=CARTESIAN_POINT('Ctrl Pts',(0.168581012937185,15.9363058470691,52.3813129737277));
#4980=CARTESIAN_POINT('Ctrl Pts',(-0.673692102395368,15.9100014673442,52.290242197991));
#4981=CARTESIAN_POINT('Ctrl Pts',(-1.28721029751589,15.8836970876193,51.8673227036415));
#4982=CARTESIAN_POINT('Ctrl Pts',(-1.9007284926364,15.8573927078945,51.4444032092921));
#4983=CARTESIAN_POINT('Ctrl Pts',(-2.28549176754488,15.8310883281696,50.6896349963298));
#4984=CARTESIAN_POINT('Ctrl Pts',(-2.26732069007323,15.8047839484447,49.944695124811));
#4985=CARTESIAN_POINT('Ctrl Pts',(-2.24914961260159,15.7784795687199,49.1997552532921));
#4986=CARTESIAN_POINT('Ctrl Pts',(-1.82804418274979,15.752175188995,48.4646437232168));
#4987=CARTESIAN_POINT('Ctrl Pts',(-1.19463587637677,15.7258708092701,48.0721401213392));
#4988=CARTESIAN_POINT('Ctrl Pts',(-0.561227570003774,15.6995664295452,47.6796365194616));
#4989=CARTESIAN_POINT('Ctrl Pts',(0.28448361289042,15.6732620498204,47.6297408457818));
#4990=CARTESIAN_POINT('Ctrl Pts',(0.959652151481877,15.6469576700955,47.9450392210734));
#4991=CARTESIAN_POINT('Ctrl Pts',(1.63482069007334,15.6206532903706,48.2603375963649));
#4992=CARTESIAN_POINT('Ctrl Pts',(2.13944658436206,15.5943489106457,48.9408300206279));
#4993=CARTESIAN_POINT('Ctrl Pts',(2.24508786858886,15.5680445309209,49.6784656098523));
#4994=CARTESIAN_POINT('Ctrl Pts',(2.26024181249237,15.5642712419299,49.7842773521285));
#4995=CARTESIAN_POINT('Ctrl Pts',(2.26718581323423,15.5604979529389,49.8912649345865));
#4996=CARTESIAN_POINT('Ctrl Pts',(2.26631185408924,15.5567246639479,49.9983663420166));
#4997=CARTESIAN_POINT('Ctrl Pts',(2.26072881040111,15.6932753360521,49.9995844047615));
#4998=CARTESIAN_POINT('Ctrl Pts',(2.26130764995494,15.7056184621081,49.647032475004));
#4999=CARTESIAN_POINT('Ctrl Pts',(2.18382446804934,15.7179615881641,49.2947213975744));
#5000=CARTESIAN_POINT('Ctrl Pts',(2.02694551907615,15.73030471422,48.9822748119812));
#5001=CARTESIAN_POINT('Ctrl Pts',(1.6904989235026,15.7567760972032,48.312193894755));
#5002=CARTESIAN_POINT('Ctrl Pts',(0.988877962669422,15.7832474801864,47.8254664614786));
#5003=CARTESIAN_POINT('Ctrl Pts',(0.243405062714291,15.8097188631696,47.7450000238145));
#5004=CARTESIAN_POINT('Ctrl Pts',(-0.50206783724083,15.8361902461528,47.6645335861505));
#5005=CARTESIAN_POINT('Ctrl Pts',(-1.2913926763179,15.8626616291359,47.9903281440988));
#5006=CARTESIAN_POINT('Ctrl Pts',(-1.76308081725681,15.8891330121191,48.573178938902));
#5007=CARTESIAN_POINT('Ctrl Pts',(-2.23476895819573,15.9156043951023,49.1560297337052));
#5008=CARTESIAN_POINT('Ctrl Pts',(-2.38882040099647,15.9420757780855,49.9959367653633));
#5009=CARTESIAN_POINT('Ctrl Pts',(-2.15468397786039,15.9685471610687,50.7082462966352));
#5010=CARTESIAN_POINT('Ctrl Pts',(-1.92054755472432,15.9950185440519,51.4205558279071));
#5011=CARTESIAN_POINT('Ctrl Pts',(-1.29822326565143,16.021489927035,52.0052678587928));
#5012=CARTESIAN_POINT('Ctrl Pts',(-0.572718072558071,16.0479613100182,52.1946007473255));
#5013=CARTESIAN_POINT('Ctrl Pts',(0.152787120535289,16.0744326930014,52.3839336358583));
#5014=CARTESIAN_POINT('Ctrl Pts',(0.981473217649126,16.1009040759846,52.177887382038));
#5015=CARTESIAN_POINT('Ctrl Pts',(1.53382532404809,16.1273754589678,51.6708253681482));
#5016=CARTESIAN_POINT('Ctrl Pts',(1.99218112588505,16.1493420846625,51.2500524349685));
#5017=CARTESIAN_POINT('Ctrl Pts',(2.26025052944574,16.1713087103573,50.6219969859468));
#5018=CARTESIAN_POINT('Ctrl Pts',(2.26580039773648,16.1932753360521,49.9981306311723));
#5019=CARTESIAN_POINT('Origin',(2.57175827820944E-15,21.,50.0000008493662));
#5020=CARTESIAN_POINT('',(2.26671550629084,16.6932753360521,50.0015430918823));
#5021=CARTESIAN_POINT('',(2.26081105797776,16.5567246639479,49.9996572285325));
#5022=CARTESIAN_POINT('',(2.26435,21.,50.0000008493662));
#5023=CARTESIAN_POINT('Ctrl Pts',(2.26081105797776,16.5567246639479,49.9996572285325));
#5024=CARTESIAN_POINT('Ctrl Pts',(2.26026647083124,16.542817176304,50.3968604567195));
#5025=CARTESIAN_POINT('Ctrl Pts',(2.16057345058488,16.5289096886602,50.7943193118799));
#5026=CARTESIAN_POINT('Ctrl Pts',(1.96334573144903,16.5150022010163,51.1353752628842));
#5027=CARTESIAN_POINT('Ctrl Pts',(1.59031266111481,16.4886978212915,51.7804425440775));
#5028=CARTESIAN_POINT('Ctrl Pts',(0.868365978851541,16.4623934415666,52.2237381354369));
#5029=CARTESIAN_POINT('Ctrl Pts',(0.124325025871829,16.4360890618417,52.2645857582417));
#5030=CARTESIAN_POINT('Ctrl Pts',(-0.619715927107882,16.4097846821168,52.3054333810465));
#5031=CARTESIAN_POINT('Ctrl Pts',(-1.38585115080404,16.383480302392,51.9438330352967));
#5032=CARTESIAN_POINT('Ctrl Pts',(-1.82725751707429,16.3571759226671,51.3434782335953));
#5033=CARTESIAN_POINT('Ctrl Pts',(-2.26866388334455,16.3308715429422,50.743123431894));
#5034=CARTESIAN_POINT('Ctrl Pts',(-2.38534139218891,16.3045671632173,49.904014174241));
#5035=CARTESIAN_POINT('Ctrl Pts',(-2.12447108832616,16.2782627834925,49.2060083320919));
#5036=CARTESIAN_POINT('Ctrl Pts',(-1.86360078446342,16.2519584037676,48.5080024899428));
#5037=CARTESIAN_POINT('Ctrl Pts',(-1.22518266789358,16.2256540240427,47.9511000632975));
#5038=CARTESIAN_POINT('Ctrl Pts',(-0.498223390755101,16.1993496443178,47.7874062223345));
#5039=CARTESIAN_POINT('Ctrl Pts',(0.228735886383382,16.173045264593,47.6237123813715));
#5040=CARTESIAN_POINT('Ctrl Pts',(1.04423632409052,16.1467408848681,47.8532271260909));
#5041=CARTESIAN_POINT('Ctrl Pts',(1.57910758134079,16.1204365051432,48.3720509937077));
#5042=CARTESIAN_POINT('Ctrl Pts',(2.01094482616857,16.0991992247448,48.7909321104354));
#5043=CARTESIAN_POINT('Ctrl Pts',(2.25985646618223,16.0779619443463,49.3983967743129));
#5044=CARTESIAN_POINT('Ctrl Pts',(2.26527178878377,16.0567246639479,50.0019152034193));
#5045=CARTESIAN_POINT('Ctrl Pts',(2.26580039773648,16.1932753360521,49.9981306311723));
#5046=CARTESIAN_POINT('Ctrl Pts',(2.26693852472875,16.1977800933405,49.8701926152153));
#5047=CARTESIAN_POINT('Ctrl Pts',(2.25703643190909,16.2022848506289,49.7424307709907));
#5048=CARTESIAN_POINT('Ctrl Pts',(2.23547115862516,16.2067896079173,49.6166688943026));
#5049=CARTESIAN_POINT('Ctrl Pts',(2.10874677111916,16.2332609909005,48.877652208306));
#5050=CARTESIAN_POINT('Ctrl Pts',(1.57927988042308,16.2597323738837,48.2076966102721));
#5051=CARTESIAN_POINT('Ctrl Pts',(0.88955139951084,16.2862037568669,47.9136228868474));
#5052=CARTESIAN_POINT('Ctrl Pts',(0.199822918598578,16.31267513985,47.6195491634228));
#5053=CARTESIAN_POINT('Ctrl Pts',(-0.650167152529857,16.3391465228332,47.7013573146074));
#5054=CARTESIAN_POINT('Ctrl Pts',(-1.27114731096103,16.3656179058164,48.1215815118538));
#5055=CARTESIAN_POINT('Ctrl Pts',(-1.8921274693922,16.3920892887996,48.5418057091003));
#5056=CARTESIAN_POINT('Ctrl Pts',(-2.2840977151261,16.4185606717828,49.3004459524085));
#5057=CARTESIAN_POINT('Ctrl Pts',(-2.26754672160021,16.445032054766,50.0500663879084));
#5058=CARTESIAN_POINT('Ctrl Pts',(-2.25099572807432,16.4715034377491,50.7996868234083));
#5059=CARTESIAN_POINT('Ctrl Pts',(-1.82592349528865,16.4979748207323,51.5402874510998));
#5060=CARTESIAN_POINT('Ctrl Pts',(-1.18700112754522,16.5244462037155,51.9326940523326));
#5061=CARTESIAN_POINT('Ctrl Pts',(-0.548078759801762,16.5509175866987,52.3251006535653));
#5062=CARTESIAN_POINT('Ctrl Pts',(0.304693742899473,16.5773889696819,52.3693132283393));
#5063=CARTESIAN_POINT('Ctrl Pts',(0.980770603893677,16.603860352665,52.045083663318));
#5064=CARTESIAN_POINT('Ctrl Pts',(1.65684746488787,16.6303317356482,51.7208540982968));
#5065=CARTESIAN_POINT('Ctrl Pts',(2.15622868417504,16.6568031186314,51.0281823934803));
#5066=CARTESIAN_POINT('Ctrl Pts',(2.2502117352173,16.6832745016146,50.2842926712337));
#5067=CARTESIAN_POINT('Ctrl Pts',(2.26204727014199,16.6866081130938,50.19061266521));
#5068=CARTESIAN_POINT('Ctrl Pts',(2.2674535821339,16.6899417245729,50.0961203909572));
#5069=CARTESIAN_POINT('Ctrl Pts',(2.26671550629084,16.6932753360521,50.0015430918823));
#5070=CARTESIAN_POINT('Origin',(2.57175827820944E-15,21.,50.0000008493662));
#5071=CARTESIAN_POINT('',(2.26102873347695,17.1932753360521,50.0009361818254));
#5072=CARTESIAN_POINT('',(2.26647325875848,17.0567246639479,49.9984309777849));
#5073=CARTESIAN_POINT('',(2.26435,21.,50.0000008493662));
#5074=CARTESIAN_POINT('Ctrl Pts',(2.26647325875848,17.0567246639479,49.9984309777849));
#5075=CARTESIAN_POINT('Ctrl Pts',(2.26135271976129,17.0339767879866,50.6439877036152));
#5076=CARTESIAN_POINT('Ctrl Pts',(1.97123028297792,17.0112289120253,51.2935690002563));
#5077=CARTESIAN_POINT('Ctrl Pts',(1.48388911878429,16.9884810360641,51.7151902275549));
#5078=CARTESIAN_POINT('Ctrl Pts',(0.920354876715351,16.9621766563392,52.2027295864741));
#5079=CARTESIAN_POINT('Ctrl Pts',(0.0931130750366563,16.9358722766143,52.3854561400163));
#5080=CARTESIAN_POINT('Ctrl Pts',(-0.623350709407062,16.9095678968895,52.1806510764814));
#5081=CARTESIAN_POINT('Ctrl Pts',(-1.3398144938508,16.8832635171646,51.9758460129464));
#5082=CARTESIAN_POINT('Ctrl Pts',(-1.94550026105956,16.8569591374397,51.3835093323342));
#5083=CARTESIAN_POINT('Ctrl Pts',(-2.16621903337465,16.8306547577148,50.6717869904001));
#5084=CARTESIAN_POINT('Ctrl Pts',(-2.38693780568973,16.8043503779899,49.9600646484661));
#5085=CARTESIAN_POINT('Ctrl Pts',(-2.22268958311119,16.7780459982651,49.1289566452102));
#5086=CARTESIAN_POINT('Ctrl Pts',(-1.7478281884162,16.7517416185402,48.5546987551047));
#5087=CARTESIAN_POINT('Ctrl Pts',(-1.27296679372118,16.7254372388153,47.9804408649992));
#5088=CARTESIAN_POINT('Ctrl Pts',(-0.487492226909685,16.6991328590905,47.6630330880441));
#5089=CARTESIAN_POINT('Ctrl Pts',(0.253017619611364,16.6728284793656,47.7461633209911));
#5090=CARTESIAN_POINT('Ctrl Pts',(0.993527466132412,16.6465240996407,47.8292935539382));
#5091=CARTESIAN_POINT('Ctrl Pts',(1.68907259236302,16.6202197199158,48.3129617967874));
#5092=CARTESIAN_POINT('Ctrl Pts',(2.02478542627573,16.593915340191,48.9782154037256));
#5093=CARTESIAN_POINT('Ctrl Pts',(2.18300226376669,16.5815184481099,49.2917402713706));
#5094=CARTESIAN_POINT('Ctrl Pts',(2.26129649346812,16.5691215560289,49.6455971940986));
#5095=CARTESIAN_POINT('Ctrl Pts',(2.26081105797776,16.5567246639479,49.9996572285325));
#5096=CARTESIAN_POINT('Ctrl Pts',(2.26671550629084,16.6932753360521,50.0015430918823));
#5097=CARTESIAN_POINT('Ctrl Pts',(2.26159270469378,16.7164131075561,49.3451054868609));
#5098=CARTESIAN_POINT('Ctrl Pts',(1.96046990341574,16.7395508790601,48.6845718924665));
#5099=CARTESIAN_POINT('Ctrl Pts',(1.45858573203956,16.7626886505641,48.2631063920994));
#5100=CARTESIAN_POINT('Ctrl Pts',(0.884391795022158,16.7891600335473,47.7809175748886));
#5101=CARTESIAN_POINT('Ctrl Pts',(0.0474190381899887,16.8156314165305,47.6116476801437));
#5102=CARTESIAN_POINT('Ctrl Pts',(-0.669022600382993,16.8421027995137,47.8328175498879));
#5103=CARTESIAN_POINT('Ctrl Pts',(-1.38546423895596,16.8685741824969,48.0539874196322));
#5104=CARTESIAN_POINT('Ctrl Pts',(-1.98137475926974,16.89504556548,48.6655970538655));
#5105=CARTESIAN_POINT('Ctrl Pts',(-2.18384393486246,16.9215169484632,49.3875464743172));
#5106=CARTESIAN_POINT('Ctrl Pts',(-2.38631311045518,16.9479883314464,50.109495894769));
#5107=CARTESIAN_POINT('Ctrl Pts',(-2.19534094132683,16.9744597144296,50.9417851014391));
#5108=CARTESIAN_POINT('Ctrl Pts',(-1.69838729963349,17.0009310974128,51.5032490902794));
#5109=CARTESIAN_POINT('Ctrl Pts',(-1.20143365794014,17.027402480396,52.0647130791198));
#5110=CARTESIAN_POINT('Ctrl Pts',(-0.398498543681816,17.0538738633791,52.3553518501305));
#5111=CARTESIAN_POINT('Ctrl Pts',(0.34269638626406,17.0803452463623,52.2420610359361));
#5112=CARTESIAN_POINT('Ctrl Pts',(1.08389131620994,17.1068166293455,52.1287702217416));
#5113=CARTESIAN_POINT('Ctrl Pts',(1.76334606184336,17.1332880123287,51.611549822342));
#5114=CARTESIAN_POINT('Ctrl Pts',(2.06988949563896,17.1597593953119,50.9272722061992));
#5115=CARTESIAN_POINT('Ctrl Pts',(2.19926306064348,17.1709313755586,50.638479738662));
#5116=CARTESIAN_POINT('Ctrl Pts',(2.26221452399468,17.1821033558054,50.3199314254847));
#5117=CARTESIAN_POINT('Ctrl Pts',(2.26102873347695,17.1932753360521,50.0009361818254));
#5118=CARTESIAN_POINT('Origin',(2.57175827820944E-15,21.,50.0000008493662));
#5119=CARTESIAN_POINT('',(2.26328957442487,17.6932753360521,49.9979912994988));
#5120=CARTESIAN_POINT('',(2.26508965401414,17.5567246639479,50.0019440156531));
#5121=CARTESIAN_POINT('',(2.26435,21.,50.0000008493662));
#5122=CARTESIAN_POINT('Ctrl Pts',(2.26508965401414,17.5567246639479,50.0019440156531));
#5123=CARTESIAN_POINT('Ctrl Pts',(2.26644488306741,17.5514407793941,50.1521319433802));
#5124=CARTESIAN_POINT('Ctrl Pts',(2.25276683768575,17.5461568948403,50.3020743771752));
#5125=CARTESIAN_POINT('Ctrl Pts',(2.22314690257741,17.5408730102864,50.4487985426107));
#5126=CARTESIAN_POINT('Ctrl Pts',(2.07569212521034,17.5145686305616,51.1792248271221));
#5127=CARTESIAN_POINT('Ctrl Pts',(1.5331534855148,17.4882642508367,51.8298935725138));
#5128=CARTESIAN_POINT('Ctrl Pts',(0.841133774627062,17.4619598711118,52.1062523759135));
#5129=CARTESIAN_POINT('Ctrl Pts',(0.149114063739308,17.4356554913869,52.3826111793131));
#5130=CARTESIAN_POINT('Ctrl Pts',(-0.692386718340654,17.4093511116621,52.2846600407209));
#5131=CARTESIAN_POINT('Ctrl Pts',(-1.30242807134086,17.3830467319372,51.8567406369738));
#5132=CARTESIAN_POINT('Ctrl Pts',(-1.91246942434105,17.3567423522123,51.4288212332267));
#5133=CARTESIAN_POINT('Ctrl Pts',(-2.2910513482615,17.3304379724874,50.6709335643249));
#5134=CARTESIAN_POINT('Ctrl Pts',(-2.2667929120767,17.3041335927626,49.9261671601771));
#5135=CARTESIAN_POINT('Ctrl Pts',(-2.2425344758919,17.2778292130377,49.1814007560294));
#5136=CARTESIAN_POINT('Ctrl Pts',(-1.81543567960185,17.2515248333128,48.4497556166358));
#5137=CARTESIAN_POINT('Ctrl Pts',(-1.17884064431479,17.2252204535879,48.0624414940916));
#5138=CARTESIAN_POINT('Ctrl Pts',(-0.542245609027718,17.1989160738631,47.6751273715475));
#5139=CARTESIAN_POINT('Ctrl Pts',(0.303845665256383,17.1726116941382,47.6321442658527));
#5140=CARTESIAN_POINT('Ctrl Pts',(0.976414600103614,17.1463073144133,47.9529502763196));
#5141=CARTESIAN_POINT('Ctrl Pts',(1.64898353495084,17.1200029346884,48.2737562867865));
#5142=CARTESIAN_POINT('Ctrl Pts',(2.14803013036121,17.0936985549636,48.9583514134151));
#5143=CARTESIAN_POINT('Ctrl Pts',(2.24764008683681,17.0673941752387,49.6968250588774));
#5144=CARTESIAN_POINT('Ctrl Pts',(2.26110792712817,17.0638376714751,49.7966709524845));
#5145=CARTESIAN_POINT('Ctrl Pts',(2.26727382652341,17.0602811677115,49.8975017776721));
#5146=CARTESIAN_POINT('Ctrl Pts',(2.26647325875848,17.0567246639479,49.9984309777849));
#5147=CARTESIAN_POINT('Ctrl Pts',(2.26102873347695,17.1932753360521,50.0009361818254));
#5148=CARTESIAN_POINT('Ctrl Pts',(2.25940485961653,17.2085747387885,49.564090018839));
#5149=CARTESIAN_POINT('Ctrl Pts',(2.13749944108203,17.223874141525,49.1264056926088));
#5150=CARTESIAN_POINT('Ctrl Pts',(1.90118047951161,17.2391735442614,48.7631550717184));
#5151=CARTESIAN_POINT('Ctrl Pts',(1.49229590763087,17.2656449272446,48.1346503862662));
#5152=CARTESIAN_POINT('Ctrl Pts',(0.740894641911598,17.2921163102278,47.7289758482478));
#5153=CARTESIAN_POINT('Ctrl Pts',(-0.00890271125961551,17.318587693211,
47.731918964801));
#5154=CARTESIAN_POINT('Ctrl Pts',(-0.75870006443083,17.3450590761942,47.7348620813542));
#5155=CARTESIAN_POINT('Ctrl Pts',(-1.50689350505399,17.3715304591773,48.146422852479));
#5156=CARTESIAN_POINT('Ctrl Pts',(-1.91083152024576,17.3980018421605,48.7781180421397));
#5157=CARTESIAN_POINT('Ctrl Pts',(-2.31476953543753,17.4244732251437,49.4098132318003));
#5158=CARTESIAN_POINT('Ctrl Pts',(-2.37445212519792,17.4509446081269,50.2616428399968));
#5159=CARTESIAN_POINT('Ctrl Pts',(-2.06254634517864,17.4774159911101,50.9434929094021));
#5160=CARTESIAN_POINT('Ctrl Pts',(-1.75064056515936,17.5038873740932,51.6253429788075));
#5161=CARTESIAN_POINT('Ctrl Pts',(-1.06714641536042,17.5303587570764,52.1372135094217));
#5162=CARTESIAN_POINT('Ctrl Pts',(-0.325084956592869,17.5568301400596,52.244682221935));
#5163=CARTESIAN_POINT('Ctrl Pts',(0.416976502174685,17.5833015230428,52.3521509344484));
#5164=CARTESIAN_POINT('Ctrl Pts',(1.21760526991085,17.609772906026,52.0552178288609));
#5165=CARTESIAN_POINT('Ctrl Pts',(1.71013593145991,17.6362442890092,51.4898699004208));
#5166=CARTESIAN_POINT('Ctrl Pts',(2.06384543663578,17.6552546380235,51.0838668804426));
#5167=CARTESIAN_POINT('Ctrl Pts',(2.2586578507915,17.6742649870378,50.5394328422871));
#5168=CARTESIAN_POINT('Ctrl Pts',(2.26328957442487,17.6932753360521,49.9979912994988));
#5169=CARTESIAN_POINT('Origin',(2.57175827820944E-15,21.,50.0000008493662));
#5170=CARTESIAN_POINT('',(2.26807745240737,18.1932753360521,50.000200525305));
#5171=CARTESIAN_POINT('',(2.26084335157022,18.0567246639479,49.9995599914545));
#5172=CARTESIAN_POINT('',(2.26435,21.,50.0000008493662));
#5173=CARTESIAN_POINT('Ctrl Pts',(2.26084335157022,18.0567246639479,49.9995599914545));
#5174=CARTESIAN_POINT('Ctrl Pts',(2.26013318258899,18.0426003910766,50.4029402822801));
#5175=CARTESIAN_POINT('Ctrl Pts',(2.15712737732694,18.0284761182054,50.8066591515367));
#5176=CARTESIAN_POINT('Ctrl Pts',(1.95400129459332,18.0143518453342,51.1513828279592));
#5177=CARTESIAN_POINT('Ctrl Pts',(1.57570885710203,17.9880474656093,51.7933799464968));
#5178=CARTESIAN_POINT('Ctrl Pts',(0.85016344340503,17.9617430858844,52.2307606095987));
#5179=CARTESIAN_POINT('Ctrl Pts',(0.105813509818893,17.9354387061596,52.2655261794036));
#5180=CARTESIAN_POINT('Ctrl Pts',(-0.638536423767227,17.9091343264347,52.3002917492084));
#5181=CARTESIAN_POINT('Ctrl Pts',(-1.40169087724249,17.8828299467098,51.9324422257163));
#5182=CARTESIAN_POINT('Ctrl Pts',(-1.83817609053155,17.8565255669849,51.3285000703293));
#5183=CARTESIAN_POINT('Ctrl Pts',(-2.27466130382061,17.8302211872601,50.7245579149422));
#5184=CARTESIAN_POINT('Ctrl Pts',(-2.38447727692346,17.8039168075352,49.8845231276602));
#5185=CARTESIAN_POINT('Ctrl Pts',(-2.11791121976027,17.7776124278103,49.188672564937));
#5186=CARTESIAN_POINT('Ctrl Pts',(-1.85134516259707,17.7513080480854,48.4928220022139));
#5187=CARTESIAN_POINT('Ctrl Pts',(-1.20839707516781,17.7250036683606,47.9411556640498));
#5188=CARTESIAN_POINT('Ctrl Pts',(-0.480124281826465,17.6986992886357,47.7834083757929));
#5189=CARTESIAN_POINT('Ctrl Pts',(0.248148511514858,17.6723949089108,47.625661087536));
#5190=CARTESIAN_POINT('Ctrl Pts',(1.06174601076826,17.6460905291859,47.8618328491864));
#5191=CARTESIAN_POINT('Ctrl Pts',(1.59235930287567,17.6197861494611,48.3850106418273));
#5192=CARTESIAN_POINT('Ctrl Pts',(2.0163858057282,17.59876565429,48.8030952489854));
#5193=CARTESIAN_POINT('Ctrl Pts',(2.25969824444044,17.5777451591189,49.4044622619574));
#5194=CARTESIAN_POINT('Ctrl Pts',(2.26508965401414,17.5567246639479,50.0019440156531));
#5195=CARTESIAN_POINT('Ctrl Pts',(2.26328957442487,17.6932753360521,49.9979912994988));
#5196=CARTESIAN_POINT('Ctrl Pts',(2.26510739730318,17.700736370021,49.7854905326873));
#5197=CARTESIAN_POINT('Ctrl Pts',(2.23763084266494,17.7081974039898,49.5734507132453));
#5198=CARTESIAN_POINT('Ctrl Pts',(2.17896868421113,17.7156584379587,49.3704214925033));
#5199=CARTESIAN_POINT('Ctrl Pts',(1.97083822005131,17.7421298209419,48.6500837643187));
#5200=CARTESIAN_POINT('Ctrl Pts',(1.37014473636971,17.7686012039251,48.0431710592423));
#5201=CARTESIAN_POINT('Ctrl Pts',(0.651988922089058,17.7950725869082,47.8276322943476));
#5202=CARTESIAN_POINT('Ctrl Pts',(-0.0661668921915867,17.8215439698914,
47.6120935294528));
#5203=CARTESIAN_POINT('Ctrl Pts',(-0.90178503707128,17.8480153528746,47.7879287047397));
#5204=CARTESIAN_POINT('Ctrl Pts',(-1.47217594860873,17.8744867358578,48.2746102646873));
#5205=CARTESIAN_POINT('Ctrl Pts',(-2.0425668601462,17.900958118841,48.761291824635));
#5206=CARTESIAN_POINT('Ctrl Pts',(-2.34773053834141,17.9274295018242,49.5588197692433));
#5207=CARTESIAN_POINT('Ctrl Pts',(-2.24791061761603,17.9539008848073,50.3019487729727));
#5208=CARTESIAN_POINT('Ctrl Pts',(-2.14809069689064,17.9803722677905,51.0450777767021));
#5209=CARTESIAN_POINT('Ctrl Pts',(-1.64328717724464,18.0068436507737,51.7338078395525));
#5210=CARTESIAN_POINT('Ctrl Pts',(-0.964685846102582,18.0333150337569,52.0527200000755));
#5211=CARTESIAN_POINT('Ctrl Pts',(-0.28608451496054,18.0597864167401,52.3716321605986));
#5212=CARTESIAN_POINT('Ctrl Pts',(0.566314627677552,18.0862577997232,52.3207264187943));
#5213=CARTESIAN_POINT('Ctrl Pts',(1.20213679376093,18.1127291827064,51.923316169964));
#5214=CARTESIAN_POINT('Ctrl Pts',(1.83795895984433,18.1392005656896,51.5259059211337));
#5215=CARTESIAN_POINT('Ctrl Pts',(2.257204149373,18.1656719486728,50.7819911652775));
#5216=CARTESIAN_POINT('Ctrl Pts',(2.26786987921344,18.192143331656,50.0322638982238));
#5217=CARTESIAN_POINT('Ctrl Pts',(2.26802191324298,18.1925206664547,50.0215769542291));
#5218=CARTESIAN_POINT('Ctrl Pts',(2.26809092837065,18.1928980012534,50.0108888291954));
#5219=CARTESIAN_POINT('Ctrl Pts',(2.26807745240737,18.1932753360521,50.000200525305));
#5220=CARTESIAN_POINT('Origin',(2.57175827820944E-15,21.,50.0000008493662));
#5221=CARTESIAN_POINT('',(2.26270274412849,18.6932753360521,50.001889755222));
#5222=CARTESIAN_POINT('',(2.26662988780792,18.5567246639479,49.9985000081302));
#5223=CARTESIAN_POINT('',(2.26435,21.,50.0000008493662));
#5224=CARTESIAN_POINT('Ctrl Pts',(2.26662988780792,18.5567246639479,49.9985000081302));
#5225=CARTESIAN_POINT('Ctrl Pts',(2.26162714429819,18.5337600027592,50.6500909991259));
#5226=CARTESIAN_POINT('Ctrl Pts',(1.96526974153322,18.5107953415706,51.3056557961225));
#5227=CARTESIAN_POINT('Ctrl Pts',(1.46982214468068,18.4878306803819,51.7272600606324));
#5228=CARTESIAN_POINT('Ctrl Pts',(0.902322297227081,18.461526300657,52.2101776432691));
#5229=CARTESIAN_POINT('Ctrl Pts',(0.0736147854662418,18.4352219209322,52.3861374447302));
#5230=CARTESIAN_POINT('Ctrl Pts',(-0.641151298858935,18.4089175412073,52.1754839064976));
#5231=CARTESIAN_POINT('Ctrl Pts',(-1.35591738318411,18.3826131614824,51.9648303682649));
#5232=CARTESIAN_POINT('Ctrl Pts',(-1.95674204007362,18.3563087817575,51.3675634903386));
#5233=CARTESIAN_POINT('Ctrl Pts',(-2.1716368765865,18.3300044020327,50.654061088301));
#5234=CARTESIAN_POINT('Ctrl Pts',(-2.38653171309937,18.3037000223078,49.9405586862635));
#5235=CARTESIAN_POINT('Ctrl Pts',(-2.2154967292356,18.2773956425829,49.1108207601148));
#5236=CARTESIAN_POINT('Ctrl Pts',(-1.73595805900155,18.251091262858,48.5404628617523));
#5237=CARTESIAN_POINT('Ctrl Pts',(-1.2564193887675,18.2247868831332,47.9701049633899));
#5238=CARTESIAN_POINT('Ctrl Pts',(-0.468377032163178,18.1984825034083,47.6591270928136));
#5239=CARTESIAN_POINT('Ctrl Pts',(0.271428701174753,18.1721781236834,47.7483063807317));
#5240=CARTESIAN_POINT('Ctrl Pts',(1.01123443451268,18.1458737439586,47.8374856686499));
#5241=CARTESIAN_POINT('Ctrl Pts',(1.70280354458422,18.1195693642337,48.3268221150624));
#5242=CARTESIAN_POINT('Ctrl Pts',(2.0330683689772,18.0932649845088,48.9947971252554));
#5243=CARTESIAN_POINT('Ctrl Pts',(2.18599578612899,18.0810848776552,49.3040994956138));
#5244=CARTESIAN_POINT('Ctrl Pts',(2.26145576780958,18.0689047708015,49.6517038511986));
#5245=CARTESIAN_POINT('Ctrl Pts',(2.26084335157022,18.0567246639479,49.9995599914545));
#5246=CARTESIAN_POINT('Ctrl Pts',(2.26807745240737,18.1932753360521,50.000200525305));
#5247=CARTESIAN_POINT('Ctrl Pts',(2.26714554144522,18.2193693842366,49.2610661606048));
#5248=CARTESIAN_POINT('Ctrl Pts',(1.8717234023458,18.2454634324211,48.521076464768));
#5249=CARTESIAN_POINT('Ctrl Pts',(1.25636196536044,18.2715574806055,48.1116604919762));
#5250=CARTESIAN_POINT('Ctrl Pts',(0.632102051514809,18.2980288635887,47.6963241310334));
#5251=CARTESIAN_POINT('Ctrl Pts',(-0.218504046328667,18.3245002465719,47.6211911873989));
#5252=CARTESIAN_POINT('Ctrl Pts',(-0.905902704122208,18.3509716295551,47.9206704321346));
#5253=CARTESIAN_POINT('Ctrl Pts',(-1.59330136191576,18.3774430125383,48.2201496768702));
#5254=CARTESIAN_POINT('Ctrl Pts',(-2.11749257965937,18.4039143955214,48.894241109976));
#5255=CARTESIAN_POINT('Ctrl Pts',(-2.23841155048791,18.4303857785046,49.6342298499204));
#5256=CARTESIAN_POINT('Ctrl Pts',(-2.35933052131646,18.4568571614878,50.3742185898648));
#5257=CARTESIAN_POINT('Ctrl Pts',(-2.07697724522995,18.483328544471,51.1801046366478));
#5258=CARTESIAN_POINT('Ctrl Pts',(-1.52066156645695,18.5097999274542,51.6828148894761));
#5259=CARTESIAN_POINT('Ctrl Pts',(-0.964345887683948,18.5362713104373,52.1855251423045));
#5260=CARTESIAN_POINT('Ctrl Pts',(-0.13406780622446,18.5627426934205,52.3850596011781));
#5261=CARTESIAN_POINT('Ctrl Pts',(0.589928712660442,18.5892140764037,52.1900371064547));
#5262=CARTESIAN_POINT('Ctrl Pts',(1.31392523154535,18.6156854593869,51.9950146117312));
#5263=CARTESIAN_POINT('Ctrl Pts',(1.93164018785567,18.6421568423701,51.4054351634106));
#5264=CARTESIAN_POINT('Ctrl Pts',(2.16017753762867,18.6686282253533,50.6913095354902));
#5265=CARTESIAN_POINT('Ctrl Pts',(2.23110677924603,18.6768439289195,50.4696722877571));
#5266=CARTESIAN_POINT('Ctrl Pts',(2.26454872602691,18.6850596324858,50.2360382054759));
#5267=CARTESIAN_POINT('Ctrl Pts',(2.26270274412849,18.6932753360521,50.001889755222));
#5268=CARTESIAN_POINT('Origin',(2.57175827820944E-15,21.,50.0000008493662));
#5269=CARTESIAN_POINT('',(2.26134068752652,19.1932753360521,49.9987628940673));
#5270=CARTESIAN_POINT('',(2.26490656190812,19.0567246639479,50.0019674787163));
#5271=CARTESIAN_POINT('',(2.26435,21.,50.0000008493662));
#5272=CARTESIAN_POINT('Ctrl Pts',(2.26490656190812,19.0567246639479,50.0019674787163));
#5273=CARTESIAN_POINT('Ctrl Pts',(2.26632197940774,19.0512239941667,50.1583498114045));
#5274=CARTESIAN_POINT('Ctrl Pts',(2.25148729516586,19.0457233243855,50.3144654588068));
#5275=CARTESIAN_POINT('Ctrl Pts',(2.21940485176404,19.0402226546043,50.4669522660373));
#5276=CARTESIAN_POINT('Ctrl Pts',(2.06598557605558,19.0139182748794,51.1961490802383));
#5277=CARTESIAN_POINT('Ctrl Pts',(1.51814745086796,18.9876138951545,51.8423621890039));
#5278=CARTESIAN_POINT('Ctrl Pts',(0.823892302456146,18.9613095154297,52.1130562187364));
#5279=CARTESIAN_POINT('Ctrl Pts',(0.129637154044337,18.9350051357048,52.3837502484688));
#5280=CARTESIAN_POINT('Ctrl Pts',(-0.711035017591669,18.9087007559799,52.278925199168));
#5281=CARTESIAN_POINT('Ctrl Pts',(-1.3175588180961,18.882396376255,51.8460345110958));
#5282=CARTESIAN_POINT('Ctrl Pts',(-1.92408261860053,18.8560919965302,51.4131438230235));
#5283=CARTESIAN_POINT('Ctrl Pts',(-2.29645804797338,18.8297876168053,50.6521874961799));
#5284=CARTESIAN_POINT('Ctrl Pts',(-2.26611380396391,18.8034832370804,49.9076442165245));
#5285=CARTESIAN_POINT('Ctrl Pts',(-2.23576955995443,18.7771788573555,49.1631009368692));
#5286=CARTESIAN_POINT('Ctrl Pts',(-1.80270564256261,18.7508744776307,48.4349707044022));
#5287=CARTESIAN_POINT('Ctrl Pts',(-1.16296653447811,18.7245700979058,48.0528721018041));
#5288=CARTESIAN_POINT('Ctrl Pts',(-0.523227426393629,18.6982657181809,47.670773499206));
#5289=CARTESIAN_POINT('Ctrl Pts',(0.323186872383521,18.671961338456,47.6347065264769));
#5290=CARTESIAN_POINT('Ctrl Pts',(0.993111552983152,18.6456569587312,47.9609984062163));
#5291=CARTESIAN_POINT('Ctrl Pts',(1.66303623358278,18.6193525790063,48.2872902859556));
#5292=CARTESIAN_POINT('Ctrl Pts',(2.15647129600489,18.5930481992814,48.9759410181635));
#5293=CARTESIAN_POINT('Ctrl Pts',(2.25004273564277,18.5667438195565,49.7152040661735));
#5294=CARTESIAN_POINT('Ctrl Pts',(2.26192297287657,18.5634041010203,49.8090641202939));
#5295=CARTESIAN_POINT('Ctrl Pts',(2.2673574297949,18.5600643824841,49.9037400422511));
#5296=CARTESIAN_POINT('Ctrl Pts',(2.26662988780792,18.5567246639479,49.9985000081302));
#5297=CARTESIAN_POINT('Ctrl Pts',(2.26270274412849,18.6932753360521,50.001889755222));
#5298=CARTESIAN_POINT('Ctrl Pts',(2.25860088559928,18.711531015469,49.4816008950762));
#5299=CARTESIAN_POINT('Ctrl Pts',(2.08026513167945,18.7297866948859,48.9587723467447));
#5300=CARTESIAN_POINT('Ctrl Pts',(1.75182547876655,18.7480423743028,48.5593821681275));
#5301=CARTESIAN_POINT('Ctrl Pts',(1.27557632689578,18.774513757286,47.9802522362054));
#5302=CARTESIAN_POINT('Ctrl Pts',(0.483718279918591,18.8009851402692,47.6606641798814));
#5303=CARTESIAN_POINT('Ctrl Pts',(-0.26109999080994,18.8274565232523,47.7469803238266));
#5304=CARTESIAN_POINT('Ctrl Pts',(-1.00591826153847,18.8539279062355,47.8332964677717));
#5305=CARTESIAN_POINT('Ctrl Pts',(-1.70369675601834,18.8803992892187,48.3255168119861));
#5306=CARTESIAN_POINT('Ctrl Pts',(-2.03487258442873,18.9068706722019,48.998218308095));
#5307=CARTESIAN_POINT('Ctrl Pts',(-2.36604841283912,18.9333420551851,49.6709198042038));
#5308=CARTESIAN_POINT('Ctrl Pts',(-2.33062157518004,18.9598134381683,50.5241024522071));
#5309=CARTESIAN_POINT('Ctrl Pts',(-1.94481656809972,18.9862848211514,51.1670326421048));
#5310=CARTESIAN_POINT('Ctrl Pts',(-1.55901156101939,19.0127562041346,51.8099628320025));
#5311=CARTESIAN_POINT('Ctrl Pts',(-0.82282838451782,19.0392275871178,52.2426405637946));
#5312=CARTESIAN_POINT('Ctrl Pts',(-0.0734181824731797,19.065698970101,52.2669116256732));
#5313=CARTESIAN_POINT('Ctrl Pts',(0.675992019571471,19.0921703530842,52.2911826875517));
#5314=CARTESIAN_POINT('Ctrl Pts',(1.43862924715919,19.1186417360673,51.9070470795167));
#5315=CARTESIAN_POINT('Ctrl Pts',(1.86522712719852,19.1451131190505,51.2904280912983));
#5316=CARTESIAN_POINT('Ctrl Pts',(2.12394550349093,19.1611671913844,50.916467809526));
#5317=CARTESIAN_POINT('Ctrl Pts',(2.25906705867674,19.1772212637183,50.4569990688176));
#5318=CARTESIAN_POINT('Ctrl Pts',(2.26134068752652,19.1932753360521,49.9987628940673));
#5319=CARTESIAN_POINT('Origin',(2.57175827820944E-15,21.,50.0000008493662));
#5320=CARTESIAN_POINT('',(2.26722158155384,19.6932753360521,49.9987426536736));
#5321=CARTESIAN_POINT('',(2.26088359606907,19.5567246639479,49.9994638228485));
#5322=CARTESIAN_POINT('',(2.26435,21.,50.0000008493662));
#5323=CARTESIAN_POINT('Ctrl Pts',(2.26088359606907,19.5567246639479,49.9994638228485));
#5324=CARTESIAN_POINT('Ctrl Pts',(2.26000430618998,19.5423836058493,50.4090170961906));
#5325=CARTESIAN_POINT('Ctrl Pts',(2.15362372018332,19.5280425477506,50.8189960646623));
#5326=CARTESIAN_POINT('Ctrl Pts',(1.94452637324987,19.513701489652,51.1673134760258));
#5327=CARTESIAN_POINT('Ctrl Pts',(1.56099985969854,19.4873971099272,51.8061975381558));
#5328=CARTESIAN_POINT('Ctrl Pts',(0.831904123526638,19.4610927302023,52.2376340896442));
#5329=CARTESIAN_POINT('Ctrl Pts',(0.0872949131820372,19.4347883504774,52.266315291221));
#5330=CARTESIAN_POINT('Ctrl Pts',(-0.657314297162574,19.4084839707525,52.2949964927979));
#5331=CARTESIAN_POINT('Ctrl Pts',(-1.41743698167988,19.3821795910276,51.9209223444633));
#5332=CARTESIAN_POINT('Ctrl Pts',(-1.84897188290108,19.3558752113028,51.3134331705109));
#5333=CARTESIAN_POINT('Ctrl Pts',(-2.28050678412227,19.3295708315779,50.7059439965585));
#5334=CARTESIAN_POINT('Ctrl Pts',(-2.38345390204737,19.303266451853,49.8650397969882));
#5335=CARTESIAN_POINT('Ctrl Pts',(-2.11120989787566,19.2769620721282,49.1713909907617));
#5336=CARTESIAN_POINT('Ctrl Pts',(-1.83896589370394,19.2506576924033,48.4777421845352));
#5337=CARTESIAN_POINT('Ctrl Pts',(-1.19153076743542,19.2243533126784,47.9313487716524));
#5338=CARTESIAN_POINT('Ctrl Pts',(-0.461993100784816,19.1980489329535,47.7795585741767));
#5339=CARTESIAN_POINT('Ctrl Pts',(0.267544565865784,19.1717445532287,47.6277683767011));
#5340=CARTESIAN_POINT('Ctrl Pts',(1.07918477289846,19.1454401735038,47.8705813946324));
#5341=CARTESIAN_POINT('Ctrl Pts',(1.60550466330014,19.1191357937789,48.3980781634162));
#5342=CARTESIAN_POINT('Ctrl Pts',(2.02176258126003,19.0983320838352,48.8152668555193));
#5343=CARTESIAN_POINT('Ctrl Pts',(2.25955340742283,19.0775283738916,49.4105244692346));
#5344=CARTESIAN_POINT('Ctrl Pts',(2.26490656190812,19.0567246639479,50.0019674787163));
#5345=CARTESIAN_POINT('Ctrl Pts',(2.26134068752652,19.1932753360521,49.9987628940673));
#5346=CARTESIAN_POINT('Ctrl Pts',(2.26281602023568,19.2036926467014,49.7014184892422));
#5347=CARTESIAN_POINT('Ctrl Pts',(2.20835481550096,19.2141099573508,49.4045930648316));
#5348=CARTESIAN_POINT('Ctrl Pts',(2.0954294938452,19.2245272680001,49.1319859333945));
#5349=CARTESIAN_POINT('Ctrl Pts',(1.80847544796161,19.2509986509833,48.4392651321111));
#5350=CARTESIAN_POINT('Ctrl Pts',(1.14400882370349,19.2774700339664,47.902925897946));
#5351=CARTESIAN_POINT('Ctrl Pts',(0.406336561441393,19.3039414169496,47.768596508778));
#5352=CARTESIAN_POINT('Ctrl Pts',(-0.331335700820709,19.3304127999328,47.63426711961));
#5353=CARTESIAN_POINT('Ctrl Pts',(-1.14221360108679,19.356884182916,47.9019475754391));
#5354=CARTESIAN_POINT('Ctrl Pts',(-1.65493781168493,19.3833555658992,48.4490477271704));
#5355=CARTESIAN_POINT('Ctrl Pts',(-2.16766202228307,19.4098269488824,48.9961478789016));
#5356=CARTESIAN_POINT('Ctrl Pts',(-2.38223254321326,19.4362983318655,49.8226677265351));
#5357=CARTESIAN_POINT('Ctrl Pts',(-2.20038231703335,19.4627697148487,50.550084555143));
#5358=CARTESIAN_POINT('Ctrl Pts',(-2.01853209085345,19.4892410978319,51.277501383751));
#5359=CARTESIAN_POINT('Ctrl Pts',(-1.44026111756344,19.5157124808151,51.9058151933334));
#5360=CARTESIAN_POINT('Ctrl Pts',(-0.730400823061546,19.5421838637983,52.1472757955429));
#5361=CARTESIAN_POINT('Ctrl Pts',(-0.020540528559652,19.5686552467814,52.3887363977523));
#5362=CARTESIAN_POINT('Ctrl Pts',(0.820909087154122,19.5951266297646,52.2433437925888));
#5363=CARTESIAN_POINT('Ctrl Pts',(1.40858704984856,19.6215980127478,51.7776840291659));
#5364=CARTESIAN_POINT('Ctrl Pts',(1.93901121088349,19.6454904538492,51.3573905946309));
#5365=CARTESIAN_POINT('Ctrl Pts',(2.26270185444907,19.6693828949507,50.6761934879596));
#5366=CARTESIAN_POINT('Ctrl Pts',(2.26722158155384,19.6932753360521,49.9987426536736));
#5367=CARTESIAN_POINT('Origin',(2.57175827820944E-15,21.,50.0000008493662));
#5368=CARTESIAN_POINT('',(2.265157932559,20.1932753360521,50.0020038773672));
#5369=CARTESIAN_POINT('',(2.26677728203882,20.0567246639479,49.9985756962307));
#5370=CARTESIAN_POINT('',(2.26435,21.,50.0000008493662));
#5371=CARTESIAN_POINT('Ctrl Pts',(2.26677728203882,20.0567246639479,49.9985756962307));
#5372=CARTESIAN_POINT('Ctrl Pts',(2.26191278015016,20.0335432175318,50.6562032526891));
#5373=CARTESIAN_POINT('Ctrl Pts',(1.95924321069168,20.0103617711158,51.3177317040743));
#5374=CARTESIAN_POINT('Ctrl Pts',(1.45565851584653,19.9871803246998,51.7392136550149));
#5375=CARTESIAN_POINT('Ctrl Pts',(0.884232436597401,19.9608759449749,52.2174763607039));
#5376=CARTESIAN_POINT('Ctrl Pts',(0.0541115553698422,19.93457156525,52.3866593901931));
#5377=CARTESIAN_POINT('Ctrl Pts',(-0.6589098322663,19.9082671855251,52.1701718750867));
#5378=CARTESIAN_POINT('Ctrl Pts',(-1.37193121990244,19.8819628058003,51.9536843599803));
#5379=CARTESIAN_POINT('Ctrl Pts',(-1.96785311394717,19.8556584260754,51.3515263002783));
#5380=CARTESIAN_POINT('Ctrl Pts',(-2.17690928542145,19.8293540463505,50.6362912772728));
#5381=CARTESIAN_POINT('Ctrl Pts',(-2.38596545689573,19.8030496666256,49.9210562542672));
#5382=CARTESIAN_POINT('Ctrl Pts',(-2.20815590579957,19.7767452869008,49.0927442679581));
#5383=CARTESIAN_POINT('Ctrl Pts',(-1.72397217927806,19.7504409071759,48.5263245657576));
#5384=CARTESIAN_POINT('Ctrl Pts',(-1.23978845275656,19.724136527451,47.959904863557));
#5385=CARTESIAN_POINT('Ctrl Pts',(-0.449230550809709,19.6978321477261,47.6553774454651));
#5386=CARTESIAN_POINT('Ctrl Pts',(0.289821753084638,19.6715277680013,47.7505997765822));
#5387=CARTESIAN_POINT('Ctrl Pts',(1.02887405697899,19.6452233882764,47.8458221076994));
#5388=CARTESIAN_POINT('Ctrl Pts',(1.71642076282083,19.6189190085515,48.3407941880257));
#5389=CARTESIAN_POINT('Ctrl Pts',(2.04121547027639,19.5926146288266,49.0114460145747));
#5390=CARTESIAN_POINT('Ctrl Pts',(2.18893321114071,19.5806513072004,49.3164607529627));
#5391=CARTESIAN_POINT('Ctrl Pts',(2.26161710035822,19.5686879855741,49.657814169219));
#5392=CARTESIAN_POINT('Ctrl Pts',(2.26088359606907,19.5567246639479,49.9994638228485));
#5393=CARTESIAN_POINT('Ctrl Pts',(2.26722158155384,19.6932753360521,49.9987426536736));
#5394=CARTESIAN_POINT('Ctrl Pts',(2.2677094393443,19.6958542779339,49.9256188434297));
#5395=CARTESIAN_POINT('Ctrl Pts',(2.26447864654988,19.6984332198156,49.8525386808908));
#5396=CARTESIAN_POINT('Ctrl Pts',(2.25738780171382,19.7010121616973,49.7798349902597));
#5397=CARTESIAN_POINT('Ctrl Pts',(2.18460428120954,19.7274835446805,49.0335726364588));
#5398=CARTESIAN_POINT('Ctrl Pts',(1.70513093052586,19.7539549276637,48.3269748505393));
#5399=CARTESIAN_POINT('Ctrl Pts',(1.03855006205461,19.7804263106469,47.9836448074711));
#5400=CARTESIAN_POINT('Ctrl Pts',(0.371969193583361,19.8068976936301,47.6403147644029));
#5401=CARTESIAN_POINT('Ctrl Pts',(-0.481719192675462,19.8333690766133,47.6602524641861));
#5402=CARTESIAN_POINT('Ctrl Pts',(-1.13154399976338,19.8598404595965,48.0343244335848));
#5403=CARTESIAN_POINT('Ctrl Pts',(-1.78136880685131,19.8863118425796,48.4083964029835));
#5404=CARTESIAN_POINT('Ctrl Pts',(-2.22733003476833,19.9127832255628,49.1366026419978));
#5405=CARTESIAN_POINT('Ctrl Pts',(-2.26520161030366,19.939254608546,49.8854502884513));
#5406=CARTESIAN_POINT('Ctrl Pts',(-2.30307318583898,19.9657259915292,50.6342979349049));
#5407=CARTESIAN_POINT('Ctrl Pts',(-1.93285510899262,19.9921973745124,51.4037869887978));
#5408=CARTESIAN_POINT('Ctrl Pts',(-1.32407389930015,20.0186687574955,51.8415031168514));
#5409=CARTESIAN_POINT('Ctrl Pts',(-0.715292689607666,20.0451401404787,52.279219244905));
#5410=CARTESIAN_POINT('Ctrl Pts',(0.132051652930929,20.0716115234619,52.3851624471192));
#5411=CARTESIAN_POINT('Ctrl Pts',(0.829853990243224,20.0980829064451,52.1108335411724));
#5412=CARTESIAN_POINT('Ctrl Pts',(1.52765632755552,20.1245542894283,51.8365046352256));
#5413=CARTESIAN_POINT('Ctrl Pts',(2.07591665964151,20.1510256724115,51.1819036211177));
#5414=CARTESIAN_POINT('Ctrl Pts',(2.22363673246694,20.1774970553946,50.4467801543543));
#5415=CARTESIAN_POINT('Ctrl Pts',(2.25298627280218,20.1827564822805,50.3007232547977));
#5416=CARTESIAN_POINT('Ctrl Pts',(2.26652443387463,20.1880159091663,50.1514877208625));
#5417=CARTESIAN_POINT('Ctrl Pts',(2.265157932559,20.1932753360521,50.0020038773672));
#5418=CARTESIAN_POINT('Origin',(2.57175827820944E-15,21.,50.0000008493662));
#5419=CARTESIAN_POINT('',(2.26435,20.6260810402146,50.0000008493662));
#5420=CARTESIAN_POINT('',(2.2647200761518,20.5567246639479,50.0019891299805));
#5421=CARTESIAN_POINT('',(2.26435,21.,50.0000008493662));
#5422=CARTESIAN_POINT('',(-1.08487083104629,20.7215435315985,48.0133609104025));
#5423=CARTESIAN_POINT('Ctrl Pts',(2.26435,20.6260810402146,50.0000008493662));
#5424=CARTESIAN_POINT('Ctrl Pts',(2.26435,20.6260810402146,49.7154399794847));
#5425=CARTESIAN_POINT('Ctrl Pts',(2.20743400480253,20.6325769236486,49.4120677258267));
#5426=CARTESIAN_POINT('Ctrl Pts',(1.97627859468018,20.6559995701581,48.8542464073595));
#5427=CARTESIAN_POINT('Ctrl Pts',(1.80205152505041,20.6725837436878,48.5997778944571));
#5428=CARTESIAN_POINT('Ctrl Pts',(1.40022392642654,20.703682785965,48.1979502958332));
#5429=CARTESIAN_POINT('Ctrl Pts',(1.1457549889864,20.7202237695323,48.0237224666577));
#5430=CARTESIAN_POINT('Ctrl Pts',(0.58793224232815,20.7435475083432,47.7925664940898));
#5431=CARTESIAN_POINT('Ctrl Pts',(0.284559493892496,20.75,47.7356508493662));
#5432=CARTESIAN_POINT('Ctrl Pts',(-0.28455949389249,20.75,47.7356508493662));
#5433=CARTESIAN_POINT('Ctrl Pts',(-0.587932242328146,20.7435475083432,47.7925664940898));
#5434=CARTESIAN_POINT('Ctrl Pts',(-0.941908470534029,20.7287470199418,47.939250579289));
#5435=CARTESIAN_POINT('Ctrl Pts',(-1.01530661843305,20.7252674776223,47.9744175626973));
#5436=CARTESIAN_POINT('Ctrl Pts',(-1.08633957309301,20.7215435315985,48.0132579735939));
#5437=CARTESIAN_POINT('Ctrl Pts',(-1.08274627882801,20.7215435315985,48.013509809677));
#5438=CARTESIAN_POINT('Ctrl Pts',(-0.883009851377458,20.7134952134895,47.9020948582995));
#5439=CARTESIAN_POINT('Ctrl Pts',(-0.667409848552087,20.7054468953804,47.8207224281841));
#5440=CARTESIAN_POINT('Ctrl Pts',(-0.4441792870825,20.6973985772714,47.7762370340588));
#5441=CARTESIAN_POINT('Ctrl Pts',(0.285406866885668,20.6710941975465,47.6308450796867));
#5442=CARTESIAN_POINT('Ctrl Pts',(1.09650138894063,20.6447898178216,47.8794743559082));
#5443=CARTESIAN_POINT('Ctrl Pts',(1.61887162800624,20.6184854380968,48.4110527495593));
#5444=CARTESIAN_POINT('Ctrl Pts',(2.02770076209538,20.5978985133805,48.8270885764962));
#5445=CARTESIAN_POINT('Ctrl Pts',(2.25967783181291,20.5773115886642,49.4164390100587));
#5446=CARTESIAN_POINT('Ctrl Pts',(2.2647200761518,20.5567246639479,50.0019891299805));
#5447=CARTESIAN_POINT('Origin',(-22.1041828560753,4.06047251736905E-15,
50.0000008493662));
#5448=CARTESIAN_POINT('',(-14.8958171439247,2.53899408073762,49.9997927730161));
#5449=CARTESIAN_POINT('',(-14.8541828560753,2.5472121112753,49.9990186030897));
#5450=CARTESIAN_POINT('',(-22.1041828560753,2.54305,50.0000008493664));
#5451=CARTESIAN_POINT('',(-14.7,-0.911830595622141,52.3739570973597));
#5452=CARTESIAN_POINT('Ctrl Pts',(-14.8541828560753,2.5472121112753,49.9990186030897));
#5453=CARTESIAN_POINT('Ctrl Pts',(-14.8292599537,2.54302861039661,50.7923636559897));
#5454=CARTESIAN_POINT('Ctrl Pts',(-14.7778656683416,1.71496429619015,52.4354362181783));
#5455=CARTESIAN_POINT('Ctrl Pts',(-14.7264713829832,-0.122135926953695,
52.6772768239554));
#5456=CARTESIAN_POINT('Ctrl Pts',(-14.7,-0.911830595622174,52.3739570973597));
#5457=CARTESIAN_POINT('',(-14.7,-1.979708749992,51.6031724083195));
#5458=CARTESIAN_POINT('Origin',(-14.7,2.70034619211991E-15,50.0000008493662));
#5459=CARTESIAN_POINT('Ctrl Pts',(-14.8958171439247,2.53899408073762,49.9997927730161));
#5460=CARTESIAN_POINT('Ctrl Pts',(-14.8821264415083,2.53852974558943,50.4389855584895));
#5461=CARTESIAN_POINT('Ctrl Pts',(-14.8421313593669,2.22205115085849,51.7225474160709));
#5462=CARTESIAN_POINT('Ctrl Pts',(-14.7768589780587,0.220974673837113,52.9734525543219));
#5463=CARTESIAN_POINT('Ctrl Pts',(-14.7252772991669,-1.47164763537993,52.2268667503691));
#5464=CARTESIAN_POINT('Ctrl Pts',(-14.7,-1.97972031868578,51.603179811556));
#5465=CARTESIAN_POINT('Origin',(-22.1041828560753,4.06047251736905E-15,
50.0000008493662));
#5466=CARTESIAN_POINT('',(-15.3958171439247,2.54525332238463,49.9981651641077));
#5467=CARTESIAN_POINT('',(-15.3541828560753,2.54297079219107,50.0023276284672));
#5468=CARTESIAN_POINT('',(-22.1041828560753,2.54305,50.0000008493664));
#5469=CARTESIAN_POINT('Ctrl Pts',(-15.3541828560753,2.54297079219108,50.0023276284672));
#5470=CARTESIAN_POINT('Ctrl Pts',(-15.3478929679156,2.54481292660642,50.2032999639096));
#5471=CARTESIAN_POINT('Ctrl Pts',(-15.3151316967728,2.43117136519712,51.2480195715782));
#5472=CARTESIAN_POINT('Ctrl Pts',(-15.2558990426468,0.990337956391601,52.8383642867791));
#5473=CARTESIAN_POINT('Ctrl Pts',(-15.1764848936973,-1.84829225188054,52.370718507894));
#5474=CARTESIAN_POINT('Ctrl Pts',(-15.0970707447477,-2.99440888558164,49.7317573105707));
#5475=CARTESIAN_POINT('Ctrl Pts',(-15.0176565957982,-1.39698970527258,47.3382383576056));
#5476=CARTESIAN_POINT('Ctrl Pts',(-14.9382424468486,1.47835971086245,47.3832462966131));
#5477=CARTESIAN_POINT('Ctrl Pts',(-14.8837512002743,2.52441828369201,49.0580401957736));
#5478=CARTESIAN_POINT('Ctrl Pts',(-14.8557313366832,2.54747203565676,49.9497274165606));
#5479=CARTESIAN_POINT('Ctrl Pts',(-14.8541828560753,2.5472121112753,49.9990186030897));
#5480=CARTESIAN_POINT('Ctrl Pts',(-15.3958171439247,2.54525332238463,49.9981651641077));
#5481=CARTESIAN_POINT('Ctrl Pts',(-15.3732860531908,2.53939241819644,50.7164036435128));
#5482=CARTESIAN_POINT('Ctrl Pts',(-15.3244505827321,1.84813848709265,52.2830435348336));
#5483=CARTESIAN_POINT('Ctrl Pts',(-15.2493107325484,-0.8008775751519,52.8909086461673));
#5484=CARTESIAN_POINT('Ctrl Pts',(-15.1703975933738,-2.8578518726799,50.9119612565313));
#5485=CARTESIAN_POINT('Ctrl Pts',(-15.0914844541992,-2.32730613381759,48.1072550971484));
#5486=CARTESIAN_POINT('Ctrl Pts',(-15.0125713150246,0.310210294844686,47.0163774608089));
#5487=CARTESIAN_POINT('Ctrl Pts',(-14.9473488782664,2.25822819032208,48.347152171421));
#5488=CARTESIAN_POINT('Ctrl Pts',(-14.9084308212331,2.53942188740115,49.5951505637541));
#5489=CARTESIAN_POINT('Ctrl Pts',(-14.8958171439247,2.53899408073762,49.9997927730161));
#5490=CARTESIAN_POINT('Origin',(-22.1041828560753,4.06047251736905E-15,
50.0000008493662));
#5491=CARTESIAN_POINT('',(-15.8958171439247,2.54408524409503,50.0021508253307));
#5492=CARTESIAN_POINT('',(-15.8541828560753,2.53898310830506,49.9995331480605));
#5493=CARTESIAN_POINT('',(-22.1041828560753,2.54305,50.0000008493664));
#5494=CARTESIAN_POINT('Ctrl Pts',(-15.8541828560753,2.53898310830506,49.9995331480605));
#5495=CARTESIAN_POINT('Ctrl Pts',(-15.8400545991481,2.53823900546434,50.4527414519621));
#5496=CARTESIAN_POINT('Ctrl Pts',(-15.7994549592377,2.20602652036506,51.7561210829332));
#5497=CARTESIAN_POINT('Ctrl Pts',(-15.7323839363441,0.120892687391409,53.003744666097));
#5498=CARTESIAN_POINT('Ctrl Pts',(-15.6529697873945,-2.4586970819543,51.7297081221968));
#5499=CARTESIAN_POINT('Ctrl Pts',(-15.573555638445,-2.78626590876389,48.8713593529322));
#5500=CARTESIAN_POINT('Ctrl Pts',(-15.4941414894955,-0.561758316413866,
47.0467783280169));
#5501=CARTESIAN_POINT('Ctrl Pts',(-15.4210172287056,1.96032058914548,47.8574592348028));
#5502=CARTESIAN_POINT('Ctrl Pts',(-15.3743643508988,2.53706019009069,49.3574954717624));
#5503=CARTESIAN_POINT('Ctrl Pts',(-15.3541828560753,2.54297079219108,50.0023276284672));
#5504=CARTESIAN_POINT('Ctrl Pts',(-15.8958171439247,2.54408524409503,50.0021508253307));
#5505=CARTESIAN_POINT('Ctrl Pts',(-15.8907500445983,2.54553634025392,50.1638703273333));
#5506=CARTESIAN_POINT('Ctrl Pts',(-15.859378565547,2.45813740216065,51.1635477866508));
#5507=CARTESIAN_POINT('Ctrl Pts',(-15.8017027067708,1.13527175167109,52.7766887881101));
#5508=CARTESIAN_POINT('Ctrl Pts',(-15.7227895675962,-1.70255276213617,52.4698490289246));
#5509=CARTESIAN_POINT('Ctrl Pts',(-15.6438764284216,-2.99891451662111,49.9268499731598));
#5510=CARTESIAN_POINT('Ctrl Pts',(-15.564963289247,-1.58010713695203,47.4500790986597));
#5511=CARTESIAN_POINT('Ctrl Pts',(-15.4860501500723,1.26930106892488,47.2819683477358));
#5512=CARTESIAN_POINT('Ctrl Pts',(-15.4296681016316,2.48406995491221,48.9200947964585));
#5513=CARTESIAN_POINT('Ctrl Pts',(-15.3995904329157,2.54623484988864,49.8778815356204));
#5514=CARTESIAN_POINT('Ctrl Pts',(-15.3958171439247,2.54525332238463,49.9981651641077));
#5515=CARTESIAN_POINT('Origin',(-22.1041828560753,4.06047251736905E-15,
50.0000008493662));
#5516=CARTESIAN_POINT('',(-16.3958171439247,2.53907547905153,49.9996149351035));
#5517=CARTESIAN_POINT('',(-16.3541828560753,2.5446789151252,49.9979004415767));
#5518=CARTESIAN_POINT('',(-22.1041828560753,2.54305,50.0000008493664));
#5519=CARTESIAN_POINT('Ctrl Pts',(-16.3541828560753,2.54467891512521,49.9979004415767));
#5520=CARTESIAN_POINT('Ctrl Pts',(-16.3322162303805,2.53844595972663,50.6985533148116));
#5521=CARTESIAN_POINT('Ctrl Pts',(-16.2837782217025,1.87457828625984,52.2539180980058));
#5522=CARTESIAN_POINT('Ctrl Pts',(-16.2088688300414,-0.759089757496906,
52.9087588587138));
#5523=CARTESIAN_POINT('Ctrl Pts',(-16.1294546810918,-2.85585277998918,50.9387207504568));
#5524=CARTESIAN_POINT('Ctrl Pts',(-16.0500405321423,-2.33681572085818,48.1088681523273));
#5525=CARTESIAN_POINT('Ctrl Pts',(-15.9706263831927,0.322613075946636,47.011186454811));
#5526=CARTESIAN_POINT('Ctrl Pts',(-15.9053404911704,2.2659880630126,48.3593416157186));
#5527=CARTESIAN_POINT('Ctrl Pts',(-15.8665259821312,2.53963319240311,49.6035885348294));
#5528=CARTESIAN_POINT('Ctrl Pts',(-15.8541828560753,2.53898310830506,49.9995331480605));
#5529=CARTESIAN_POINT('Ctrl Pts',(-16.3958171439247,2.53907547905153,49.9996149351035));
#5530=CARTESIAN_POINT('Ctrl Pts',(-16.3819096562809,2.5384638632046,50.4457066035473));
#5531=CARTESIAN_POINT('Ctrl Pts',(-16.3416977889121,2.21473482673114,51.7363583653349));
#5532=CARTESIAN_POINT('Ctrl Pts',(-16.2751815418186,0.164440829460487,52.9952966114829));
#5533=CARTESIAN_POINT('Ctrl Pts',(-16.1962684026439,-2.4168564708074,51.7769764411128));
#5534=CARTESIAN_POINT('Ctrl Pts',(-16.1173552634693,-2.80997158843492,48.9498117390912));
#5535=CARTESIAN_POINT('Ctrl Pts',(-16.0384421242947,-0.658984517518899,
47.0734710019079));
#5536=CARTESIAN_POINT('Ctrl Pts',(-15.9645960844465,1.91220853597806,47.7971085255818));
#5537=CARTESIAN_POINT('Ctrl Pts',(-15.9170544243232,2.53800339449503,49.3243503346206));
#5538=CARTESIAN_POINT('Ctrl Pts',(-15.8958171439247,2.54408524409503,50.0021508253307));
#5539=CARTESIAN_POINT('Origin',(-22.1041828560753,4.06047251736905E-15,
50.0000008493662));
#5540=CARTESIAN_POINT('',(-16.8958171439247,2.54543459301157,49.9982377553549));
#5541=CARTESIAN_POINT('',(-16.8541828560753,2.54570665677696,50.0017329136809));
#5542=CARTESIAN_POINT('',(-22.1041828560753,2.54305,50.0000008493664));
#5543=CARTESIAN_POINT('Ctrl Pts',(-16.8541828560753,2.54570665677696,50.0017329136809));
#5544=CARTESIAN_POINT('Ctrl Pts',(-16.8508492445961,2.54653557623407,50.1079509455276));
#5545=CARTESIAN_POINT('Ctrl Pts',(-16.8210442501337,2.49224974279159,51.0567663060476));
#5546=CARTESIAN_POINT('Ctrl Pts',(-16.7647678726882,1.29992913457496,52.7105865068955));
#5547=CARTESIAN_POINT('Ctrl Pts',(-16.6853537237387,-1.57327038801785,52.5616235087561));
#5548=CARTESIAN_POINT('Ctrl Pts',(-16.6059395747891,-3.00544289878553,50.066358519354));
#5549=CARTESIAN_POINT('Ctrl Pts',(-16.5265254258396,-1.6847990936137,47.5103136445619));
#5550=CARTESIAN_POINT('Ctrl Pts',(-16.44711127689,1.1790257352111,47.2346819371802));
#5551=CARTESIAN_POINT('Ctrl Pts',(-16.3896637536352,2.46948656985952,48.8675535584437));
#5552=CARTESIAN_POINT('Ctrl Pts',(-16.3586876133637,2.54595712469868,49.854215599799));
#5553=CARTESIAN_POINT('Ctrl Pts',(-16.3541828560753,2.54467891512521,49.9979004415767));
#5554=CARTESIAN_POINT('Ctrl Pts',(-16.8958171439247,2.54543459301157,49.9982377553549));
#5555=CARTESIAN_POINT('Ctrl Pts',(-16.8730692679635,2.53968380947683,50.7232506869347));
#5556=CARTESIAN_POINT('Ctrl Pts',(-16.8240170122773,1.83707952948745,52.2963747937125));
#5557=CARTESIAN_POINT('Ctrl Pts',(-16.7486603768663,-0.824486522969943,
52.8842788270965));
#5558=CARTESIAN_POINT('Ctrl Pts',(-16.6697472376917,-2.86519028824504,50.8885514055881));
#5559=CARTESIAN_POINT('Ctrl Pts',(-16.5908340985171,-2.31179777945219,48.088344890235));
#5560=CARTESIAN_POINT('Ctrl Pts',(-16.5119209593424,0.334658506629827,47.0189203129579));
#5561=CARTESIAN_POINT('Ctrl Pts',(-16.4469153078117,2.26511360506672,48.3613203818368));
#5562=CARTESIAN_POINT('Ctrl Pts',(-16.4082140360057,2.53962066275715,49.6019765971402));
#5563=CARTESIAN_POINT('Ctrl Pts',(-16.3958171439247,2.53907547905153,49.9996149351035));
#5564=CARTESIAN_POINT('Origin',(-22.1041828560753,4.06047251736905E-15,
50.0000008493662));
#5565=CARTESIAN_POINT('',(-17.3958171439247,2.54388069187214,50.0021831838225));
#5566=CARTESIAN_POINT('',(-17.3541828560753,2.53931994641666,50.001051304115));
#5567=CARTESIAN_POINT('',(-22.1041828560753,2.54305,50.0000008493664));
#5568=CARTESIAN_POINT('Ctrl Pts',(-17.3541828560753,2.53931994641666,50.001051304115));
#5569=CARTESIAN_POINT('Ctrl Pts',(-17.3430108758285,2.54065168602234,50.3593090179789));
#5570=CARTESIAN_POINT('Ctrl Pts',(-17.3053675125986,2.30243321554674,51.564747111043));
#5571=CARTESIAN_POINT('Ctrl Pts',(-17.2412527663855,0.454215302759969,52.9716634850508));
#5572=CARTESIAN_POINT('Ctrl Pts',(-17.1618386174359,-2.25106984615424,51.9924302482031));
#5573=CARTESIAN_POINT('Ctrl Pts',(-17.0824244684864,-2.89450187923461,49.1882439691087));
#5574=CARTESIAN_POINT('Ctrl Pts',(-17.0030103195368,-0.886733316047828,
47.12758124426));
#5575=CARTESIAN_POINT('Ctrl Pts',(-16.9269297820665,1.8148577120074,47.6739527064489));
#5576=CARTESIAN_POINT('Ctrl Pts',(-16.8773206275793,2.53995333215784,49.2644998660293));
#5577=CARTESIAN_POINT('Ctrl Pts',(-16.8541828560753,2.54570665677696,50.0017329136809));
#5578=CARTESIAN_POINT('Ctrl Pts',(-17.3958171439247,2.54388069187214,50.0021831838225));
#5579=CARTESIAN_POINT('Ctrl Pts',(-17.3905332593709,2.54540272479278,50.1708564938701));
#5580=CARTESIAN_POINT('Ctrl Pts',(-17.3589449950922,2.45356781039759,51.1775756695677));
#5581=CARTESIAN_POINT('Ctrl Pts',(-17.3010523510887,1.11254138435347,52.7858739884872));
#5582=CARTESIAN_POINT('Ctrl Pts',(-17.222139211914,-1.72268094947536,52.4558526008964));
#5583=CARTESIAN_POINT('Ctrl Pts',(-17.1432260727394,-2.99821621782071,49.9023433336884));
#5584=CARTESIAN_POINT('Ctrl Pts',(-17.0643129335648,-1.55921571802334,47.4372515787898));
#5585=CARTESIAN_POINT('Ctrl Pts',(-16.9853997943902,1.29147310888257,47.2924309632438));
#5586=CARTESIAN_POINT('Ctrl Pts',(-16.9292345311768,2.48819207212118,48.934097247939));
#5587=CARTESIAN_POINT('Ctrl Pts',(-16.8993736476883,2.54633369600122,49.884886019825));
#5588=CARTESIAN_POINT('Ctrl Pts',(-16.8958171439247,2.54543459301157,49.9982377553549));
#5589=CARTESIAN_POINT('Origin',(-22.1041828560753,4.06047251736905E-15,
50.0000008493662));
#5590=CARTESIAN_POINT('',(-17.8958171439247,2.53911174739357,49.9995057299227));
#5591=CARTESIAN_POINT('',(-17.8541828560753,2.54185905546455,49.997743960727));
#5592=CARTESIAN_POINT('',(-22.1041828560753,2.54305,50.0000008493664));
#5593=CARTESIAN_POINT('Ctrl Pts',(-17.8541828560753,2.54185905546455,49.997743960727));
#5594=CARTESIAN_POINT('Ctrl Pts',(-17.835172507061,2.53665725150937,50.6058270377195));
#5595=CARTESIAN_POINT('Ctrl Pts',(-17.7896907750634,2.01320764772165,52.0686895703567));
#5596=CARTESIAN_POINT('Ctrl Pts',(-17.7177376600828,-0.43087283058546,52.9751376471371));
#5597=CARTESIAN_POINT('Ctrl Pts',(-17.6383235111332,-2.73373210275566,51.2505204021726));
#5598=CARTESIAN_POINT('Ctrl Pts',(-17.5589093621837,-2.53264683339776,48.3804977222105));
#5599=CARTESIAN_POINT('Ctrl Pts',(-17.4794952132341,-0.0117997967072468,
46.9938486365891));
#5600=CARTESIAN_POINT('Ctrl Pts',(-17.4112530445313,2.16370203642183,48.1683817940067));
#5601=CARTESIAN_POINT('Ctrl Pts',(-17.3694822588117,2.5374962034349,49.5104373818933));
#5602=CARTESIAN_POINT('Ctrl Pts',(-17.3541828560753,2.53931994641666,50.001051304115));
#5603=CARTESIAN_POINT('Ctrl Pts',(-17.8958171439247,2.53911174739357,49.9995057299227));
#5604=CARTESIAN_POINT('Ctrl Pts',(-17.8816928710535,2.53831416962168,50.4525347442464));
#5605=CARTESIAN_POINT('Ctrl Pts',(-17.8412642184574,2.20718593598927,51.7503520441636));
#5606=CARTESIAN_POINT('Ctrl Pts',(-17.7745311861364,0.139956226046844,52.9965404759966));
#5607=CARTESIAN_POINT('Ctrl Pts',(-17.6956180469618,-2.43129812894725,51.7571652945317));
#5608=CARTESIAN_POINT('Ctrl Pts',(-17.6167049077872,-2.80129505133016,48.9268822564005));
#5609=CARTESIAN_POINT('Ctrl Pts',(-17.5377917686125,-0.635045398577399,
47.0681831843465));
#5610=CARTESIAN_POINT('Ctrl Pts',(-17.4641625139917,1.92261739785576,47.8106236772139));
#5611=CARTESIAN_POINT('Ctrl Pts',(-17.4168376390958,2.5378256985556,49.3311623726688));
#5612=CARTESIAN_POINT('Ctrl Pts',(-17.3958171439247,2.54388069187214,50.0021831838225));
#5613=CARTESIAN_POINT('Origin',(-22.1041828560753,4.06047251736905E-15,
50.0000008493662));
#5614=CARTESIAN_POINT('',(-18.3958171439247,2.54561050022741,49.998315282071));
#5615=CARTESIAN_POINT('',(-18.3541828560753,2.54723623350832,50.0002251017548));
#5616=CARTESIAN_POINT('',(-22.1041828560753,2.54305,50.0000008493664));
#5617=CARTESIAN_POINT('Ctrl Pts',(-18.3541828560753,2.54723623350832,50.0002251017548));
#5618=CARTESIAN_POINT('Ctrl Pts',(-18.3538055212766,2.54725136811579,50.0122289400344));
#5619=CARTESIAN_POINT('Ctrl Pts',(-18.3269568034947,2.54173628160204,50.8663305872972));
#5620=CARTESIAN_POINT('Ctrl Pts',(-18.2736367027296,1.59333144328447,52.5491939125582));
#5621=CARTESIAN_POINT('Ctrl Pts',(-18.19422255378,-1.27861013776859,52.7207078304976));
#5622=CARTESIAN_POINT('Ctrl Pts',(-18.1148084048305,-2.97941689110053,50.4002074842636));
#5623=CARTESIAN_POINT('Ctrl Pts',(-18.035394255881,-1.9512456828054,47.7131404148578));
#5624=CARTESIAN_POINT('Ctrl Pts',(-17.9559801069314,0.864156604830785,47.120708623156));
#5625=CARTESIAN_POINT('Ctrl Pts',(-17.8955763069962,2.4035580589236,48.6760481200586));
#5626=CARTESIAN_POINT('Ctrl Pts',(-17.8616438900441,2.54390061903499,49.7590882427329));
#5627=CARTESIAN_POINT('Ctrl Pts',(-17.8541828560753,2.54185905546455,49.997743960727));
#5628=CARTESIAN_POINT('Ctrl Pts',(-18.3958171439247,2.54561050022741,49.998315282071));
#5629=CARTESIAN_POINT('Ctrl Pts',(-18.3728524827361,2.5399920106465,50.7301051863046));
#5630=CARTESIAN_POINT('Ctrl Pts',(-18.3235834418225,1.82592135145117,52.30968302836));
#5631=CARTESIAN_POINT('Ctrl Pts',(-18.2480100211841,-0.848030806899685,
52.8774443726494));
#5632=CARTESIAN_POINT('Ctrl Pts',(-18.1690968820095,-2.87235630035642,50.8651059083077));
#5633=CARTESIAN_POINT('Ctrl Pts',(-18.0901837428349,-2.29609752978468,48.0695155184488));
#5634=CARTESIAN_POINT('Ctrl Pts',(-18.0112706036603,0.359010269313433,47.0217548713282));
#5635=CARTESIAN_POINT('Ctrl Pts',(-17.9464817373569,2.27202909804825,48.375357601613));
#5636=CARTESIAN_POINT('Ctrl Pts',(-17.9079972507784,2.53979954085199,49.6088348718496));
#5637=CARTESIAN_POINT('Ctrl Pts',(-17.8958171439247,2.53911174739357,49.9995057299227));
#5638=CARTESIAN_POINT('Origin',(-22.1041828560753,4.06047251736905E-15,
50.0000008493662));
#5639=CARTESIAN_POINT('',(-18.8958171439247,2.54367506448228,50.0022095347591));
#5640=CARTESIAN_POINT('',(-18.8541828560753,2.54119999710997,50.0021222449263));
#5641=CARTESIAN_POINT('',(-22.1041828560753,2.54305,50.0000008493664));
#5642=CARTESIAN_POINT('Ctrl Pts',(-18.8541828560753,2.54119999710997,50.0021222449263));
#5643=CARTESIAN_POINT('Ctrl Pts',(-18.845967152509,2.54327318555997,50.2650900795889));
#5644=CARTESIAN_POINT('Ctrl Pts',(-18.8112800659595,2.38470138519329,51.372913655085));
#5645=CARTESIAN_POINT('Ctrl Pts',(-18.7501215964268,0.781901004896079,52.9027101321334));
#5646=CARTESIAN_POINT('Ctrl Pts',(-18.6707074474773,-2.01550930056319,52.2304296468214));
#5647=CARTESIAN_POINT('Ctrl Pts',(-18.5912932985278,-2.96682667475682,49.5152020831435));
#5648=CARTESIAN_POINT('Ctrl Pts',(-18.5118791495782,-1.20069801582659,47.2440228675279));
#5649=CARTESIAN_POINT('Ctrl Pts',(-18.4328423354274,1.65158508754012,47.4959613690013));
#5650=CARTESIAN_POINT('Ctrl Pts',(-18.3802769042597,2.54618962138021,49.1701168383896));
#5651=CARTESIAN_POINT('Ctrl Pts',(-18.3541828560753,2.54723623350832,50.0002251017548));
#5652=CARTESIAN_POINT('Ctrl Pts',(-18.8958171439247,2.54367506448228,50.0022095347591));
#5653=CARTESIAN_POINT('Ctrl Pts',(-18.8903164741435,2.54526469394433,50.1778396675311));
#5654=CARTESIAN_POINT('Ctrl Pts',(-18.8585114246375,2.44893278836773,51.1916069684983));
#5655=CARTESIAN_POINT('Ctrl Pts',(-18.8004019954065,1.08973662670152,52.7948732193674));
#5656=CARTESIAN_POINT('Ctrl Pts',(-18.7214888562319,-1.74269391550126,52.4416919422357));
#5657=CARTESIAN_POINT('Ctrl Pts',(-18.6425757170573,-2.99731798289371,49.8778436144866));
#5658=CARTESIAN_POINT('Ctrl Pts',(-18.5636625778827,-1.53821952842791,47.4245944423063));
#5659=CARTESIAN_POINT('Ctrl Pts',(-18.484749438708,1.31355764714818,47.3030759734317));
#5660=CARTESIAN_POINT('Ctrl Pts',(-18.4288009607221,2.4922529697679,48.9480936440194));
#5661=CARTESIAN_POINT('Ctrl Pts',(-18.399156862461,2.54642758930374,49.8918921004829));
#5662=CARTESIAN_POINT('Ctrl Pts',(-18.3958171439247,2.54561050022741,49.998315282071));
#5663=CARTESIAN_POINT('Origin',(-22.1041828560753,4.06047251736905E-15,
50.0000008493662));
#5664=CARTESIAN_POINT('',(-19.3958171439247,2.53915694525292,49.9993977247232));
#5665=CARTESIAN_POINT('',(-19.3541828560753,2.53967029629444,49.9986105244505));
#5666=CARTESIAN_POINT('',(-22.1041828560753,2.54305,50.0000008493664));
#5667=CARTESIAN_POINT('Ctrl Pts',(-19.3541828560753,2.53967029629444,49.9986105244505));
#5668=CARTESIAN_POINT('Ctrl Pts',(-19.3381287837414,2.53711682538825,50.5132471769993));
#5669=CARTESIAN_POINT('Ctrl Pts',(-19.2956033284244,2.13514118608354,51.8801293190291));
#5670=CARTESIAN_POINT('Ctrl Pts',(-19.2266064901241,-0.0973096457021769,
53.0046008589104));
#5671=CARTESIAN_POINT('Ctrl Pts',(-19.1471923411746,-2.57769115960549,51.5468035583595));
#5672=CARTESIAN_POINT('Ctrl Pts',(-19.067778192225,-2.69705285657228,48.6722221557434));
#5673=CARTESIAN_POINT('Ctrl Pts',(-18.9883640432755,-0.346066126976086,
47.0138112037865));
#5674=CARTESIAN_POINT('Ctrl Pts',(-18.9171655978922,2.04588640354808,47.9791855697702));
#5675=CARTESIAN_POINT('Ctrl Pts',(-18.8724385354922,2.53659327494569,49.4177953582729));
#5676=CARTESIAN_POINT('Ctrl Pts',(-18.8541828560753,2.54119999710997,50.0021222449263));
#5677=CARTESIAN_POINT('Ctrl Pts',(-19.3958171439247,2.53915694525292,49.9993977247232));
#5678=CARTESIAN_POINT('Ctrl Pts',(-19.3814760858261,2.53816943089909,50.4593595026163));
#5679=CARTESIAN_POINT('Ctrl Pts',(-19.3408306480026,2.19955588178093,51.7643385292341));
#5680=CARTESIAN_POINT('Ctrl Pts',(-19.2738808304543,0.115462216292834,52.9975842326555));
#5681=CARTESIAN_POINT('Ctrl Pts',(-19.1949676912796,-2.44557736618569,51.7372367648319));
#5682=CARTESIAN_POINT('Ctrl Pts',(-19.116054552105,-2.79243143234972,48.9040244636631));
#5683=CARTESIAN_POINT('Ctrl Pts',(-19.0371414129304,-0.611063846255954,
47.0630911689451));
#5684=CARTESIAN_POINT('Ctrl Pts',(-18.963728943537,1.93293355353373,47.8241619992219));
#5685=CARTESIAN_POINT('Ctrl Pts',(-18.9166208538684,2.53766303475467,49.3379707265965));
#5686=CARTESIAN_POINT('Ctrl Pts',(-18.8958171439247,2.54367506448228,50.0022095347591));
#5687=CARTESIAN_POINT('Origin',(-22.1041828560753,4.06047251736905E-15,
50.0000008493662));
#5688=CARTESIAN_POINT('',(-19.8958171439247,2.54577603598773,49.9984002859899));
#5689=CARTESIAN_POINT('',(-19.8541828560753,2.54627502063307,49.9985877928352));
#5690=CARTESIAN_POINT('',(-22.1041828560753,2.54305,50.0000008493664));
#5691=CARTESIAN_POINT('Ctrl Pts',(-19.8541828560753,2.54627502063307,49.9985877928352));
#5692=CARTESIAN_POINT('Ctrl Pts',(-19.8302904149738,2.54119899792731,50.7594204132919));
#5693=CARTESIAN_POINT('Ctrl Pts',(-19.7799265908892,1.77489752036983,52.3720785476144));
#5694=CARTESIAN_POINT('Ctrl Pts',(-19.7030913838214,-0.968085338571593,
52.8460337510308));
#5695=CARTESIAN_POINT('Ctrl Pts',(-19.6236772348719,-2.91642194548989,50.7290905662866));
#5696=CARTESIAN_POINT('Ctrl Pts',(-19.5442630859223,-2.19348128271485,47.9443426714943));
#5697=CARTESIAN_POINT('Ctrl Pts',(-19.4648489369728,0.538565058537587,47.0424616241349));
#5698=CARTESIAN_POINT('Ctrl Pts',(-19.4014888603571,2.32473828980616,48.484211665402));
#5699=CARTESIAN_POINT('Ctrl Pts',(-19.3646001667246,2.54132721543064,49.6646684710178));
#5700=CARTESIAN_POINT('Ctrl Pts',(-19.3541828560753,2.53967029629444,49.9986105244505));
#5701=CARTESIAN_POINT('Ctrl Pts',(-19.8958171439247,2.54577603598773,49.9984002859899));
#5702=CARTESIAN_POINT('Ctrl Pts',(-19.8726356975087,2.54031280303875,50.7369697462992));
#5703=CARTESIAN_POINT('Ctrl Pts',(-19.8231498713678,1.81467417066964,52.3229587229753));
#5704=CARTESIAN_POINT('Ctrl Pts',(-19.747359665502,-0.871521856657413,52.8704196915914));
#5705=CARTESIAN_POINT('Ctrl Pts',(-19.6684465263273,-2.87932874073077,50.8416016373261));
#5706=CARTESIAN_POINT('Ctrl Pts',(-19.5895333871528,-2.2802447931321,48.0508155881951));
#5707=CARTESIAN_POINT('Ctrl Pts',(-19.5106202479781,0.383338494627193,47.0247880960949));
#5708=CARTESIAN_POINT('Ctrl Pts',(-19.4460481669021,2.27886676656396,48.389398767786));
#5709=CARTESIAN_POINT('Ctrl Pts',(-19.407780465551,2.5399807304816,49.6156972580715));
#5710=CARTESIAN_POINT('Ctrl Pts',(-19.3958171439247,2.53915694525292,49.9993977247232));
#5711=CARTESIAN_POINT('Origin',(-22.1041828560753,4.06047251736905E-15,
50.0000008493662));
#5712=CARTESIAN_POINT('',(-20.3958171439247,2.54346562574595,50.0022338508971));
#5713=CARTESIAN_POINT('',(-20.3541828560753,2.54395737425494,50.0022504134168));
#5714=CARTESIAN_POINT('',(-22.1041828560753,2.54305,50.0000008493664));
#5715=CARTESIAN_POINT('',(-20.6154041964228,-2.35957831362122,49.051584546054));
#5716=CARTESIAN_POINT('Ctrl Pts',(-20.6154041964228,-2.35957831362124,49.051584546054));
#5717=CARTESIAN_POINT('Ctrl Pts',(-20.589099816698,-2.04607875030349,48.2716245555404));
#5718=CARTESIAN_POINT('Ctrl Pts',(-20.5364910572482,-0.590390174433529,
47.0600144245739));
#5719=CARTESIAN_POINT('Ctrl Pts',(-20.4632953730822,1.94438952412699,47.8370144223512));
#5720=CARTESIAN_POINT('Ctrl Pts',(-20.416404068641,2.5378027735076,49.3446132390361));
#5721=CARTESIAN_POINT('Ctrl Pts',(-20.3958171439247,2.54346562574595,50.0022338508971));
#5722=CARTESIAN_POINT('',(-20.5954569084217,-2.52764908212487,49.7207390116503));
#5723=CARTESIAN_POINT('Ctrl Pts',(-20.6154041964228,-2.35957831362122,49.051584546054));
#5724=CARTESIAN_POINT('Ctrl Pts',(-20.6054568827628,-2.44648701700548,49.2678059364437));
#5725=CARTESIAN_POINT('Ctrl Pts',(-20.598501470701,-2.50297058931128,49.4963902841677));
#5726=CARTESIAN_POINT('Ctrl Pts',(-20.5954569084217,-2.52777663834148,49.7217050190794));
#5727=CARTESIAN_POINT('Ctrl Pts',(-20.5954569084217,-2.52747277963412,49.7194038394387));
#5728=CARTESIAN_POINT('Ctrl Pts',(-20.5891869463699,-2.50727770123133,49.5200315100431));
#5729=CARTESIAN_POINT('Ctrl Pts',(-20.556445601335,-2.28004201464629,48.4944237713132));
#5730=CARTESIAN_POINT('Ctrl Pts',(-20.4972328733168,-0.676477217450303,
47.0710183684605));
#5731=CARTESIAN_POINT('Ctrl Pts',(-20.4230781512532,1.91177970860127,47.7928937815439));
#5732=CARTESIAN_POINT('Ctrl Pts',(-20.3753948121726,2.53776775842964,49.3251580807973));
#5733=CARTESIAN_POINT('Ctrl Pts',(-20.3541828560753,2.54395737425494,50.0022504134168));
#5734=CARTESIAN_POINT('Origin',(-21.,3.85763741731416E-15,50.0000008493662));
#5735=CARTESIAN_POINT('',(-15.1932753360521,2.26427947279757,50.0020726302032));
#5736=CARTESIAN_POINT('',(-15.0567246639479,2.26073858033393,49.9998155766882));
#5737=CARTESIAN_POINT('',(-21.,2.26435,50.0000008493662));
#5738=CARTESIAN_POINT('',(-14.7,-0.515459465110028,47.795101200328));
#5739=CARTESIAN_POINT('Ctrl Pts',(-15.0567246639479,2.26073858033393,49.9998155766882));
#5740=CARTESIAN_POINT('Ctrl Pts',(-15.0430339615314,2.26032513298027,50.3908759898876));
#5741=CARTESIAN_POINT('Ctrl Pts',(-15.029343259115,2.16386404933631,50.7820991871836));
#5742=CARTESIAN_POINT('Ctrl Pts',(-15.0156525566985,1.97249389327196,51.1193731586151));
#5743=CARTESIAN_POINT('Ctrl Pts',(-14.9893481769736,1.60480835749754,51.7673883112332));
#5744=CARTESIAN_POINT('Ctrl Pts',(-14.9630437972487,0.886764531584892,52.2162490727472));
#5745=CARTESIAN_POINT('Ctrl Pts',(-14.9367394175239,0.142956498763887,52.2633351084181));
#5746=CARTESIAN_POINT('Ctrl Pts',(-14.910435037799,-0.600851534057117,52.310421144089));
#5747=CARTESIAN_POINT('Ctrl Pts',(-14.8841306580741,-1.37042377378648,51.9557324539168));
#5748=CARTESIAN_POINT('Ctrl Pts',(-14.8578262783492,-1.81646446957752,51.3586613082763));
#5749=CARTESIAN_POINT('Ctrl Pts',(-14.8315218986244,-2.26250516536856,50.7615901626359));
#5750=CARTESIAN_POINT('Ctrl Pts',(-14.8052175188995,-2.3850143172213,49.9221365615273));
#5751=CARTESIAN_POINT('Ctrl Pts',(-14.7789131391746,-2.13046060904189,49.2231106778074));
#5752=CARTESIAN_POINT('Ctrl Pts',(-14.7526087594498,-1.87590690086248,48.5240847940876));
#5753=CARTESIAN_POINT('Ctrl Pts',(-14.7263043797249,-1.2442903326509,47.9654866277565));
#5754=CARTESIAN_POINT('Ctrl Pts',(-14.7,-0.515459465110027,47.795101200328));
#5755=CARTESIAN_POINT('',(-14.7,2.26037291623785,49.8088159571574));
#5756=CARTESIAN_POINT('Origin',(-14.7,2.70034619211991E-15,50.0000008493662));
#5757=CARTESIAN_POINT('Ctrl Pts',(-14.7,2.26037776413979,49.8088158809321));
#5758=CARTESIAN_POINT('Ctrl Pts',(-14.7257783089418,2.19746120079332,49.0812047726061));
#5759=CARTESIAN_POINT('Ctrl Pts',(-14.7515566178837,1.751721716524,48.3848011363078));
#5760=CARTESIAN_POINT('Ctrl Pts',(-14.7773349268255,1.11587429429561,48.0255624634984));
#5761=CARTESIAN_POINT('Ctrl Pts',(-14.8038063098087,0.462931517069232,47.6566653216506));
#5762=CARTESIAN_POINT('Ctrl Pts',(-14.8302776927919,-0.390479079186592,
47.643306857511));
#5763=CARTESIAN_POINT('Ctrl Pts',(-14.856749075775,-1.05424329743884,47.9918287055841));
#5764=CARTESIAN_POINT('Ctrl Pts',(-14.8832204587582,-1.71800751569108,48.3403505536573));
#5765=CARTESIAN_POINT('Ctrl Pts',(-14.9096918417414,-2.19212535593973,49.0507527139434));
#5766=CARTESIAN_POINT('Ctrl Pts',(-14.9361632247246,-2.25909919453326,49.797578797341));
#5767=CARTESIAN_POINT('Ctrl Pts',(-14.9626346077078,-2.32607303312679,50.5444048807386));
#5768=CARTESIAN_POINT('Ctrl Pts',(-14.989105990691,-1.98590287006525,51.3276548872476));
#5769=CARTESIAN_POINT('Ctrl Pts',(-15.0155773736741,-1.39456166484435,51.7886790843454));
#5770=CARTESIAN_POINT('Ctrl Pts',(-15.0420487566573,-0.80322045962345,52.2497032814432));
#5771=CARTESIAN_POINT('Ctrl Pts',(-15.0685201396405,0.0392917877568119,
52.3885016691297));
#5772=CARTESIAN_POINT('Ctrl Pts',(-15.0949915226237,0.747221623429069,52.1414798110654));
#5773=CARTESIAN_POINT('Ctrl Pts',(-15.1214629056068,1.45515145910133,51.8944579530011));
#5774=CARTESIAN_POINT('Ctrl Pts',(-15.14793428859,2.02849888306559,51.261615849186));
#5775=CARTESIAN_POINT('Ctrl Pts',(-15.1744056715732,2.2046396584665,50.5327918668185));
#5776=CARTESIAN_POINT('Ctrl Pts',(-15.1806955597329,2.24649262014691,50.3596153712776));
#5777=CARTESIAN_POINT('Ctrl Pts',(-15.1869854478925,2.26591972252265,50.1810198423142));
#5778=CARTESIAN_POINT('Ctrl Pts',(-15.1932753360521,2.26427947279757,50.0020726302032));
#5779=CARTESIAN_POINT('Origin',(-21.,3.85763741731416E-15,50.0000008493662));
#5780=CARTESIAN_POINT('',(-15.6932753360521,2.26072881040112,49.9995844047615));
#5781=CARTESIAN_POINT('',(-15.5567246639479,2.26631185408923,49.9983663420166));
#5782=CARTESIAN_POINT('',(-21.,2.26435,50.0000008493662));
#5783=CARTESIAN_POINT('Ctrl Pts',(-15.5567246639479,2.26631185408923,49.9983663420166));
#5784=CARTESIAN_POINT('Ctrl Pts',(-15.534193573214,2.26109326287063,50.6378910469343));
#5785=CARTESIAN_POINT('Ctrl Pts',(-15.5116624824801,1.97712283741183,51.2814742172589));
#5786=CARTESIAN_POINT('Ctrl Pts',(-15.4891313917462,1.49785588890564,51.7030072011334));
#5787=CARTESIAN_POINT('Ctrl Pts',(-15.4628270120214,0.938325950830757,52.1951344490042));
#5788=CARTESIAN_POINT('Ctrl Pts',(-15.4365226322965,0.112609400516101,52.38461019056));
#5789=CARTESIAN_POINT('Ctrl Pts',(-15.4102182525716,-0.605506324724622,
52.1856698978648));
#5790=CARTESIAN_POINT('Ctrl Pts',(-15.3839138728467,-1.32362204996534,51.9867296051696));
#5791=CARTESIAN_POINT('Ctrl Pts',(-15.3576094931219,-1.93413695013214,51.3993732782233));
#5792=CARTESIAN_POINT('Ctrl Pts',(-15.331305113397,-2.16066077695522,50.6894733605575));
#5793=CARTESIAN_POINT('Ctrl Pts',(-15.3050007336721,-2.38718460377831,49.9795734428916));
#5794=CARTESIAN_POINT('Ctrl Pts',(-15.2786963539472,-2.22971735725768,49.1471299345062));
#5795=CARTESIAN_POINT('Ctrl Pts',(-15.2523919742224,-1.75957313614299,48.5690206321695));
#5796=CARTESIAN_POINT('Ctrl Pts',(-15.2260875944975,-1.2894289150283,47.9909113298328));
#5797=CARTESIAN_POINT('Ctrl Pts',(-15.1997832147726,-0.506607719319545,
47.6671362335448));
#5798=CARTESIAN_POINT('Ctrl Pts',(-15.1734788350477,0.234572952523081,47.7441916489501));
#5799=CARTESIAN_POINT('Ctrl Pts',(-15.1471744553229,0.975753624365707,47.8212470643555));
#5800=CARTESIAN_POINT('Ctrl Pts',(-15.120870075598,1.67529377234222,48.2991329914542));
#5801=CARTESIAN_POINT('Ctrl Pts',(-15.0945656958731,2.01640022351238,48.9616607268645));
#5802=CARTESIAN_POINT('Ctrl Pts',(-15.0819520185647,2.1799701973297,49.2793610927256));
#5803=CARTESIAN_POINT('Ctrl Pts',(-15.0693383412563,2.26111950246229,49.6395192449047));
#5804=CARTESIAN_POINT('Ctrl Pts',(-15.0567246639479,2.26073858033393,49.9998155766882));
#5805=CARTESIAN_POINT('Ctrl Pts',(-15.1932753360521,2.26427947279757,50.0020726302032));
#5806=CARTESIAN_POINT('Ctrl Pts',(-15.2134568308757,2.25901663020071,49.4279094426786));
#5807=CARTESIAN_POINT('Ctrl Pts',(-15.2336383256992,2.03686816235952,48.8501257233003));
#5808=CARTESIAN_POINT('Ctrl Pts',(-15.2538198205228,1.64270790237062,48.4361047806272));
#5809=CARTESIAN_POINT('Ctrl Pts',(-15.2802912035059,1.1257012440362,47.8930475377232));
#5810=CARTESIAN_POINT('Ctrl Pts',(-15.3067625864891,0.312753800529786,47.6317389128351));
#5811=CARTESIAN_POINT('Ctrl Pts',(-15.3332339694723,-0.423839512969416,
47.7718546104031));
#5812=CARTESIAN_POINT('Ctrl Pts',(-15.3597053524555,-1.16043282646862,47.9119703079711));
#5813=CARTESIAN_POINT('Ctrl Pts',(-15.3861767354387,-1.82067200996059,48.4535103279951));
#5814=CARTESIAN_POINT('Ctrl Pts',(-15.4126481184218,-2.10217999536863,49.1484627197722));
#5815=CARTESIAN_POINT('Ctrl Pts',(-15.439119501405,-2.38368798077666,49.8434151115492));
#5816=CARTESIAN_POINT('Ctrl Pts',(-15.4655908843882,-2.28646476810076,50.6917798750791));
#5817=CARTESIAN_POINT('Ctrl Pts',(-15.4920622673714,-1.85503894954928,51.3050308063011));
#5818=CARTESIAN_POINT('Ctrl Pts',(-15.5185336503546,-1.42361313099779,51.9182817375231));
#5819=CARTESIAN_POINT('Ctrl Pts',(-15.5450050333378,-0.657984706570682,
52.2964188364372));
#5820=CARTESIAN_POINT('Ctrl Pts',(-15.5714764163209,0.091211648546395,52.2662654852623));
#5821=CARTESIAN_POINT('Ctrl Pts',(-15.5979477993041,0.84040800366345,52.2361121340873));
#5822=CARTESIAN_POINT('Ctrl Pts',(-15.6244191822873,1.57317228947047,51.7976683328234));
#5823=CARTESIAN_POINT('Ctrl Pts',(-15.6508905652705,1.95391831721704,51.1517292316034));
#5824=CARTESIAN_POINT('Ctrl Pts',(-15.6650188221977,2.15712937375438,50.8069798247756));
#5825=CARTESIAN_POINT('Ctrl Pts',(-15.6791470791249,2.26006625588299,50.403124336316));
#5826=CARTESIAN_POINT('Ctrl Pts',(-15.6932753360521,2.26072881040112,49.9995844047615));
#5827=CARTESIAN_POINT('Origin',(-21.,3.85763741731416E-15,50.0000008493662));
#5828=CARTESIAN_POINT('',(-16.1932753360521,2.26580039773648,49.9981306311722));
#5829=CARTESIAN_POINT('',(-16.0567246639479,2.26527178878377,50.0019152034192));
#5830=CARTESIAN_POINT('',(-21.,2.26435,50.0000008493662));
#5831=CARTESIAN_POINT('Ctrl Pts',(-16.0567246639479,2.26527178878377,50.0019152034192));
#5832=CARTESIAN_POINT('Ctrl Pts',(-16.0516575646215,2.26656385523446,50.1459114104777));
#5833=CARTESIAN_POINT('Ctrl Pts',(-16.046590465295,2.25399431952119,50.2896829688144));
#5834=CARTESIAN_POINT('Ctrl Pts',(-16.0415233659686,2.22674047646315,50.4306148316146));
#5835=CARTESIAN_POINT('Ctrl Pts',(-16.0152189862437,2.08526003754184,51.1622218113904));
#5836=CARTESIAN_POINT('Ctrl Pts',(-15.9889146065188,1.5480570829058,51.8173027804274));
#5837=CARTESIAN_POINT('Ctrl Pts',(-15.962610226794,0.858319047921497,52.0993078770775));
#5838=CARTESIAN_POINT('Ctrl Pts',(-15.9363058470691,0.168581012937192,52.3813129737277));
#5839=CARTESIAN_POINT('Ctrl Pts',(-15.9100014673442,-0.673692102395374,
52.290242197991));
#5840=CARTESIAN_POINT('Ctrl Pts',(-15.8836970876194,-1.2872102975159,51.8673227036415));
#5841=CARTESIAN_POINT('Ctrl Pts',(-15.8573927078945,-1.90072849263641,51.444403209292));
#5842=CARTESIAN_POINT('Ctrl Pts',(-15.8310883281696,-2.28549176754488,50.6896349963298));
#5843=CARTESIAN_POINT('Ctrl Pts',(-15.8047839484447,-2.26732069007323,49.944695124811));
#5844=CARTESIAN_POINT('Ctrl Pts',(-15.7784795687199,-2.24914961260157,49.1997552532922));
#5845=CARTESIAN_POINT('Ctrl Pts',(-15.752175188995,-1.82804418274979,48.4646437232168));
#5846=CARTESIAN_POINT('Ctrl Pts',(-15.7258708092701,-1.19463587637681,48.0721401213393));
#5847=CARTESIAN_POINT('Ctrl Pts',(-15.6995664295452,-0.561227570003811,
47.6796365194617));
#5848=CARTESIAN_POINT('Ctrl Pts',(-15.6732620498204,0.284483612890395,47.6297408457818));
#5849=CARTESIAN_POINT('Ctrl Pts',(-15.6469576700955,0.959652151481862,47.9450392210734));
#5850=CARTESIAN_POINT('Ctrl Pts',(-15.6206532903706,1.63482069007333,48.2603375963649));
#5851=CARTESIAN_POINT('Ctrl Pts',(-15.5943489106457,2.13944658436205,48.9408300206279));
#5852=CARTESIAN_POINT('Ctrl Pts',(-15.5680445309209,2.24508786858886,49.6784656098523));
#5853=CARTESIAN_POINT('Ctrl Pts',(-15.5642712419299,2.26024181249237,49.7842773521285));
#5854=CARTESIAN_POINT('Ctrl Pts',(-15.5604979529389,2.26718581323423,49.8912649345865));
#5855=CARTESIAN_POINT('Ctrl Pts',(-15.5567246639479,2.26631185408923,49.9983663420166));
#5856=CARTESIAN_POINT('Ctrl Pts',(-15.6932753360521,2.26072881040112,49.9995844047615));
#5857=CARTESIAN_POINT('Ctrl Pts',(-15.7056184621081,2.26130764995494,49.647032475004));
#5858=CARTESIAN_POINT('Ctrl Pts',(-15.7179615881641,2.18382446804935,49.2947213975745));
#5859=CARTESIAN_POINT('Ctrl Pts',(-15.73030471422,2.02694551907616,48.9822748119812));
#5860=CARTESIAN_POINT('Ctrl Pts',(-15.7567760972032,1.69049892350262,48.312193894755));
#5861=CARTESIAN_POINT('Ctrl Pts',(-15.7832474801864,0.988877962669444,47.8254664614786));
#5862=CARTESIAN_POINT('Ctrl Pts',(-15.8097188631696,0.24340506271431,47.7450000238145));
#5863=CARTESIAN_POINT('Ctrl Pts',(-15.8361902461528,-0.502067837240814,
47.6645335861505));
#5864=CARTESIAN_POINT('Ctrl Pts',(-15.8626616291359,-1.29139267631789,47.9903281440988));
#5865=CARTESIAN_POINT('Ctrl Pts',(-15.8891330121191,-1.7630808172568,48.5731789389019));
#5866=CARTESIAN_POINT('Ctrl Pts',(-15.9156043951023,-2.23476895819573,49.1560297337051));
#5867=CARTESIAN_POINT('Ctrl Pts',(-15.9420757780855,-2.38882040099647,49.9959367653633));
#5868=CARTESIAN_POINT('Ctrl Pts',(-15.9685471610687,-2.1546839778604,50.7082462966352));
#5869=CARTESIAN_POINT('Ctrl Pts',(-15.9950185440519,-1.92054755472433,51.4205558279071));
#5870=CARTESIAN_POINT('Ctrl Pts',(-16.021489927035,-1.29822326565145,52.0052678587928));
#5871=CARTESIAN_POINT('Ctrl Pts',(-16.0479613100182,-0.572718072558088,
52.1946007473255));
#5872=CARTESIAN_POINT('Ctrl Pts',(-16.0744326930014,0.152787120535268,52.3839336358582));
#5873=CARTESIAN_POINT('Ctrl Pts',(-16.1009040759846,0.981473217649113,52.177887382038));
#5874=CARTESIAN_POINT('Ctrl Pts',(-16.1273754589678,1.53382532404808,51.6708253681482));
#5875=CARTESIAN_POINT('Ctrl Pts',(-16.1493420846625,1.99218112588506,51.2500524349685));
#5876=CARTESIAN_POINT('Ctrl Pts',(-16.1713087103573,2.26025052944575,50.6219969859468));
#5877=CARTESIAN_POINT('Ctrl Pts',(-16.1932753360521,2.26580039773648,49.9981306311722));
#5878=CARTESIAN_POINT('Origin',(-21.,3.85763741731416E-15,50.0000008493662));
#5879=CARTESIAN_POINT('',(-16.6932753360521,2.26671550629084,50.0015430918823));
#5880=CARTESIAN_POINT('',(-16.5567246639479,2.26081105797775,49.9996572285325));
#5881=CARTESIAN_POINT('',(-21.,2.26435,50.0000008493662));
#5882=CARTESIAN_POINT('Ctrl Pts',(-16.5567246639479,2.26081105797775,49.9996572285325));
#5883=CARTESIAN_POINT('Ctrl Pts',(-16.542817176304,2.26026647083124,50.3968604567195));
#5884=CARTESIAN_POINT('Ctrl Pts',(-16.5289096886602,2.16057345058488,50.7943193118799));
#5885=CARTESIAN_POINT('Ctrl Pts',(-16.5150022010163,1.96334573144905,51.1353752628842));
#5886=CARTESIAN_POINT('Ctrl Pts',(-16.4886978212915,1.59031266111484,51.7804425440775));
#5887=CARTESIAN_POINT('Ctrl Pts',(-16.4623934415666,0.868365978851563,52.2237381354369));
#5888=CARTESIAN_POINT('Ctrl Pts',(-16.4360890618417,0.124325025871843,52.2645857582417));
#5889=CARTESIAN_POINT('Ctrl Pts',(-16.4097846821168,-0.619715927107877,
52.3054333810465));
#5890=CARTESIAN_POINT('Ctrl Pts',(-16.383480302392,-1.38585115080404,51.9438330352967));
#5891=CARTESIAN_POINT('Ctrl Pts',(-16.3571759226671,-1.8272575170743,51.3434782335953));
#5892=CARTESIAN_POINT('Ctrl Pts',(-16.3308715429422,-2.26866388334455,50.743123431894));
#5893=CARTESIAN_POINT('Ctrl Pts',(-16.3045671632173,-2.3853413921889,49.904014174241));
#5894=CARTESIAN_POINT('Ctrl Pts',(-16.2782627834925,-2.12447108832616,49.2060083320919));
#5895=CARTESIAN_POINT('Ctrl Pts',(-16.2519584037676,-1.86360078446342,48.5080024899428));
#5896=CARTESIAN_POINT('Ctrl Pts',(-16.2256540240427,-1.22518266789359,47.9511000632976));
#5897=CARTESIAN_POINT('Ctrl Pts',(-16.1993496443179,-0.498223390755113,
47.7874062223346));
#5898=CARTESIAN_POINT('Ctrl Pts',(-16.173045264593,0.228735886383368,47.6237123813716));
#5899=CARTESIAN_POINT('Ctrl Pts',(-16.1467408848681,1.0442363240905,47.8532271260909));
#5900=CARTESIAN_POINT('Ctrl Pts',(-16.1204365051432,1.57910758134078,48.3720509937077));
#5901=CARTESIAN_POINT('Ctrl Pts',(-16.0991992247448,2.01094482616855,48.7909321104354));
#5902=CARTESIAN_POINT('Ctrl Pts',(-16.0779619443463,2.25985646618221,49.3983967743128));
#5903=CARTESIAN_POINT('Ctrl Pts',(-16.0567246639479,2.26527178878377,50.0019152034192));
#5904=CARTESIAN_POINT('Ctrl Pts',(-16.1932753360521,2.26580039773648,49.9981306311722));
#5905=CARTESIAN_POINT('Ctrl Pts',(-16.1977800933405,2.26693852472875,49.8701926152153));
#5906=CARTESIAN_POINT('Ctrl Pts',(-16.2022848506289,2.2570364319091,49.7424307709907));
#5907=CARTESIAN_POINT('Ctrl Pts',(-16.2067896079173,2.23547115862517,49.6166688943026));
#5908=CARTESIAN_POINT('Ctrl Pts',(-16.2332609909005,2.10874677111918,48.877652208306));
#5909=CARTESIAN_POINT('Ctrl Pts',(-16.2597323738837,1.5792798804231,48.2076966102721));
#5910=CARTESIAN_POINT('Ctrl Pts',(-16.2862037568669,0.889551399510858,47.9136228868475));
#5911=CARTESIAN_POINT('Ctrl Pts',(-16.31267513985,0.199822918598594,47.6195491634228));
#5912=CARTESIAN_POINT('Ctrl Pts',(-16.3391465228332,-0.650167152529835,
47.7013573146074));
#5913=CARTESIAN_POINT('Ctrl Pts',(-16.3656179058164,-1.27114731096101,48.1215815118538));
#5914=CARTESIAN_POINT('Ctrl Pts',(-16.3920892887996,-1.89212746939218,48.5418057091002));
#5915=CARTESIAN_POINT('Ctrl Pts',(-16.4185606717828,-2.2840977151261,49.3004459524085));
#5916=CARTESIAN_POINT('Ctrl Pts',(-16.445032054766,-2.26754672160021,50.0500663879084));
#5917=CARTESIAN_POINT('Ctrl Pts',(-16.4715034377491,-2.25099572807433,50.7996868234083));
#5918=CARTESIAN_POINT('Ctrl Pts',(-16.4979748207323,-1.82592349528866,51.5402874510998));
#5919=CARTESIAN_POINT('Ctrl Pts',(-16.5244462037155,-1.18700112754523,51.9326940523325));
#5920=CARTESIAN_POINT('Ctrl Pts',(-16.5509175866987,-0.548078759801777,
52.3251006535653));
#5921=CARTESIAN_POINT('Ctrl Pts',(-16.5773889696819,0.304693742899453,52.3693132283393));
#5922=CARTESIAN_POINT('Ctrl Pts',(-16.603860352665,0.980770603893662,52.045083663318));
#5923=CARTESIAN_POINT('Ctrl Pts',(-16.6303317356482,1.65684746488786,51.7208540982968));
#5924=CARTESIAN_POINT('Ctrl Pts',(-16.6568031186314,2.15622868417503,51.0281823934803));
#5925=CARTESIAN_POINT('Ctrl Pts',(-16.6832745016146,2.25021173521731,50.2842926712337));
#5926=CARTESIAN_POINT('Ctrl Pts',(-16.6866081130938,2.26204727014199,50.19061266521));
#5927=CARTESIAN_POINT('Ctrl Pts',(-16.6899417245729,2.26745358213391,50.0961203909572));
#5928=CARTESIAN_POINT('Ctrl Pts',(-16.6932753360521,2.26671550629084,50.0015430918823));
#5929=CARTESIAN_POINT('Origin',(-21.,3.85763741731416E-15,50.0000008493662));
#5930=CARTESIAN_POINT('',(-17.1932753360521,2.26102873347695,50.0009361818254));
#5931=CARTESIAN_POINT('',(-17.0567246639479,2.26647325875848,49.9984309777849));
#5932=CARTESIAN_POINT('',(-21.,2.26435,50.0000008493662));
#5933=CARTESIAN_POINT('Ctrl Pts',(-17.0567246639479,2.26647325875848,49.9984309777849));
#5934=CARTESIAN_POINT('Ctrl Pts',(-17.0339767879866,2.2613527197613,50.6439877036152));
#5935=CARTESIAN_POINT('Ctrl Pts',(-17.0112289120253,1.97123028297794,51.2935690002563));
#5936=CARTESIAN_POINT('Ctrl Pts',(-16.9884810360641,1.48388911878432,51.7151902275549));
#5937=CARTESIAN_POINT('Ctrl Pts',(-16.9621766563392,0.920354876715387,52.202729586474));
#5938=CARTESIAN_POINT('Ctrl Pts',(-16.9358722766143,0.0931130750366826,
52.3854561400163));
#5939=CARTESIAN_POINT('Ctrl Pts',(-16.9095678968895,-0.623350709407046,
52.1806510764814));
#5940=CARTESIAN_POINT('Ctrl Pts',(-16.8832635171646,-1.33981449385077,51.9758460129464));
#5941=CARTESIAN_POINT('Ctrl Pts',(-16.8569591374397,-1.94550026105953,51.3835093323342));
#5942=CARTESIAN_POINT('Ctrl Pts',(-16.8306547577148,-2.16621903337463,50.6717869904002));
#5943=CARTESIAN_POINT('Ctrl Pts',(-16.80435037799,-2.38693780568973,49.9600646484661));
#5944=CARTESIAN_POINT('Ctrl Pts',(-16.7780459982651,-2.22268958311119,49.1289566452102));
#5945=CARTESIAN_POINT('Ctrl Pts',(-16.7517416185402,-1.74782818841618,48.5546987551047));
#5946=CARTESIAN_POINT('Ctrl Pts',(-16.7254372388153,-1.27296679372117,47.9804408649992));
#5947=CARTESIAN_POINT('Ctrl Pts',(-16.6991328590905,-0.487492226909687,
47.6630330880441));
#5948=CARTESIAN_POINT('Ctrl Pts',(-16.6728284793656,0.25301761961135,47.7461633209911));
#5949=CARTESIAN_POINT('Ctrl Pts',(-16.6465240996407,0.993527466132386,47.8292935539382));
#5950=CARTESIAN_POINT('Ctrl Pts',(-16.6202197199158,1.68907259236298,48.3129617967873));
#5951=CARTESIAN_POINT('Ctrl Pts',(-16.593915340191,2.0247854262757,48.9782154037255));
#5952=CARTESIAN_POINT('Ctrl Pts',(-16.5815184481099,2.18300226376668,49.2917402713706));
#5953=CARTESIAN_POINT('Ctrl Pts',(-16.5691215560289,2.26129649346812,49.6455971940986));
#5954=CARTESIAN_POINT('Ctrl Pts',(-16.5567246639479,2.26081105797775,49.9996572285325));
#5955=CARTESIAN_POINT('Ctrl Pts',(-16.6932753360521,2.26671550629084,50.0015430918823));
#5956=CARTESIAN_POINT('Ctrl Pts',(-16.7164131075561,2.26159270469379,49.3451054868609));
#5957=CARTESIAN_POINT('Ctrl Pts',(-16.7395508790601,1.96046990341576,48.6845718924665));
#5958=CARTESIAN_POINT('Ctrl Pts',(-16.7626886505641,1.45858573203957,48.2631063920995));
#5959=CARTESIAN_POINT('Ctrl Pts',(-16.7891600335473,0.884391795022176,47.7809175748886));
#5960=CARTESIAN_POINT('Ctrl Pts',(-16.8156314165305,0.0474190381900094,
47.6116476801437));
#5961=CARTESIAN_POINT('Ctrl Pts',(-16.8421027995137,-0.669022600382975,
47.8328175498879));
#5962=CARTESIAN_POINT('Ctrl Pts',(-16.8685741824969,-1.38546423895594,48.0539874196321));
#5963=CARTESIAN_POINT('Ctrl Pts',(-16.89504556548,-1.98137475926973,48.6655970538655));
#5964=CARTESIAN_POINT('Ctrl Pts',(-16.9215169484632,-2.18384393486246,49.3875464743172));
#5965=CARTESIAN_POINT('Ctrl Pts',(-16.9479883314464,-2.38631311045518,50.1094958947689));
#5966=CARTESIAN_POINT('Ctrl Pts',(-16.9744597144296,-2.19534094132684,50.941785101439));
#5967=CARTESIAN_POINT('Ctrl Pts',(-17.0009310974128,-1.6983872996335,51.5032490902794));
#5968=CARTESIAN_POINT('Ctrl Pts',(-17.027402480396,-1.20143365794016,52.0647130791198));
#5969=CARTESIAN_POINT('Ctrl Pts',(-17.0538738633791,-0.398498543681823,
52.3553518501305));
#5970=CARTESIAN_POINT('Ctrl Pts',(-17.0803452463623,0.34269638626406,52.2420610359361));
#5971=CARTESIAN_POINT('Ctrl Pts',(-17.1068166293455,1.08389131620993,52.1287702217416));
#5972=CARTESIAN_POINT('Ctrl Pts',(-17.1332880123287,1.76334606184334,51.611549822342));
#5973=CARTESIAN_POINT('Ctrl Pts',(-17.1597593953119,2.06988949563895,50.9272722061993));
#5974=CARTESIAN_POINT('Ctrl Pts',(-17.1709313755586,2.19926306064348,50.638479738662));
#5975=CARTESIAN_POINT('Ctrl Pts',(-17.1821033558054,2.26221452399469,50.3199314254847));
#5976=CARTESIAN_POINT('Ctrl Pts',(-17.1932753360521,2.26102873347695,50.0009361818254));
#5977=CARTESIAN_POINT('Origin',(-21.,3.85763741731416E-15,50.0000008493662));
#5978=CARTESIAN_POINT('',(-17.6932753360521,2.26328957442487,49.9979912994988));
#5979=CARTESIAN_POINT('',(-17.5567246639479,2.26508965401414,50.001944015653));
#5980=CARTESIAN_POINT('',(-21.,2.26435,50.0000008493662));
#5981=CARTESIAN_POINT('Ctrl Pts',(-17.5567246639479,2.26508965401414,50.001944015653));
#5982=CARTESIAN_POINT('Ctrl Pts',(-17.5514407793941,2.2664448830674,50.1521319433801));
#5983=CARTESIAN_POINT('Ctrl Pts',(-17.5461568948402,2.25276683768575,50.3020743771752));
#5984=CARTESIAN_POINT('Ctrl Pts',(-17.5408730102864,2.22314690257741,50.4487985426107));
#5985=CARTESIAN_POINT('Ctrl Pts',(-17.5145686305616,2.07569212521036,51.1792248271221));
#5986=CARTESIAN_POINT('Ctrl Pts',(-17.4882642508367,1.53315348551483,51.8298935725138));
#5987=CARTESIAN_POINT('Ctrl Pts',(-17.4619598711118,0.84113377462709,52.1062523759135));
#5988=CARTESIAN_POINT('Ctrl Pts',(-17.435655491387,0.149114063739351,52.3826111793132));
#5989=CARTESIAN_POINT('Ctrl Pts',(-17.4093511116621,-0.692386718340614,
52.2846600407209));
#5990=CARTESIAN_POINT('Ctrl Pts',(-17.3830467319372,-1.30242807134082,51.8567406369738));
#5991=CARTESIAN_POINT('Ctrl Pts',(-17.3567423522123,-1.91246942434103,51.4288212332267));
#5992=CARTESIAN_POINT('Ctrl Pts',(-17.3304379724874,-2.29105134826149,50.6709335643249));
#5993=CARTESIAN_POINT('Ctrl Pts',(-17.3041335927626,-2.26679291207669,49.9261671601772));
#5994=CARTESIAN_POINT('Ctrl Pts',(-17.2778292130377,-2.2425344758919,49.1814007560294));
#5995=CARTESIAN_POINT('Ctrl Pts',(-17.2515248333128,-1.81543567960186,48.4497556166359));
#5996=CARTESIAN_POINT('Ctrl Pts',(-17.2252204535879,-1.17884064431479,48.0624414940917));
#5997=CARTESIAN_POINT('Ctrl Pts',(-17.1989160738631,-0.542245609027734,
47.6751273715475));
#5998=CARTESIAN_POINT('Ctrl Pts',(-17.1726116941382,0.303845665256341,47.6321442658527));
#5999=CARTESIAN_POINT('Ctrl Pts',(-17.1463073144133,0.976414600103571,47.9529502763196));
#6000=CARTESIAN_POINT('Ctrl Pts',(-17.1200029346885,1.64898353495079,48.2737562867865));
#6001=CARTESIAN_POINT('Ctrl Pts',(-17.0936985549636,2.14803013036117,48.958351413415));
#6002=CARTESIAN_POINT('Ctrl Pts',(-17.0673941752387,2.24764008683679,49.6968250588773));
#6003=CARTESIAN_POINT('Ctrl Pts',(-17.0638376714751,2.26110792712816,49.7966709524844));
#6004=CARTESIAN_POINT('Ctrl Pts',(-17.0602811677115,2.26727382652341,49.897501777672));
#6005=CARTESIAN_POINT('Ctrl Pts',(-17.0567246639479,2.26647325875848,49.9984309777849));
#6006=CARTESIAN_POINT('Ctrl Pts',(-17.1932753360521,2.26102873347695,50.0009361818254));
#6007=CARTESIAN_POINT('Ctrl Pts',(-17.2085747387885,2.25940485961653,49.564090018839));
#6008=CARTESIAN_POINT('Ctrl Pts',(-17.223874141525,2.13749944108204,49.1264056926088));
#6009=CARTESIAN_POINT('Ctrl Pts',(-17.2391735442614,1.90118047951162,48.7631550717184));
#6010=CARTESIAN_POINT('Ctrl Pts',(-17.2656449272446,1.49229590763089,48.1346503862662));
#6011=CARTESIAN_POINT('Ctrl Pts',(-17.2921163102278,0.740894641911617,47.7289758482478));
#6012=CARTESIAN_POINT('Ctrl Pts',(-17.318587693211,-0.00890271125959672,
47.731918964801));
#6013=CARTESIAN_POINT('Ctrl Pts',(-17.3450590761942,-0.758700064430811,
47.7348620813542));
#6014=CARTESIAN_POINT('Ctrl Pts',(-17.3715304591773,-1.50689350505397,48.146422852479));
#6015=CARTESIAN_POINT('Ctrl Pts',(-17.3980018421605,-1.91083152024575,48.7781180421397));
#6016=CARTESIAN_POINT('Ctrl Pts',(-17.4244732251437,-2.31476953543753,49.4098132318003));
#6017=CARTESIAN_POINT('Ctrl Pts',(-17.4509446081269,-2.37445212519793,50.2616428399968));
#6018=CARTESIAN_POINT('Ctrl Pts',(-17.4774159911101,-2.06254634517866,50.9434929094021));
#6019=CARTESIAN_POINT('Ctrl Pts',(-17.5038873740932,-1.75064056515939,51.6253429788074));
#6020=CARTESIAN_POINT('Ctrl Pts',(-17.5303587570764,-1.06714641536044,52.1372135094217));
#6021=CARTESIAN_POINT('Ctrl Pts',(-17.5568301400596,-0.325084956592887,
52.244682221935));
#6022=CARTESIAN_POINT('Ctrl Pts',(-17.5833015230428,0.416976502174667,52.3521509344484));
#6023=CARTESIAN_POINT('Ctrl Pts',(-17.609772906026,1.21760526991083,52.0552178288609));
#6024=CARTESIAN_POINT('Ctrl Pts',(-17.6362442890092,1.7101359314599,51.4898699004208));
#6025=CARTESIAN_POINT('Ctrl Pts',(-17.6552546380235,2.06384543663578,51.0838668804426));
#6026=CARTESIAN_POINT('Ctrl Pts',(-17.6742649870378,2.2586578507915,50.5394328422872));
#6027=CARTESIAN_POINT('Ctrl Pts',(-17.6932753360521,2.26328957442487,49.9979912994988));
#6028=CARTESIAN_POINT('Origin',(-21.,3.85763741731416E-15,50.0000008493662));
#6029=CARTESIAN_POINT('',(-18.1932753360521,2.26807745240737,50.000200525305));
#6030=CARTESIAN_POINT('',(-18.0567246639479,2.26084335157021,49.9995599914544));
#6031=CARTESIAN_POINT('',(-21.,2.26435,50.0000008493662));
#6032=CARTESIAN_POINT('Ctrl Pts',(-18.0567246639479,2.26084335157021,49.9995599914544));
#6033=CARTESIAN_POINT('Ctrl Pts',(-18.0426003910767,2.26013318258899,50.4029402822801));
#6034=CARTESIAN_POINT('Ctrl Pts',(-18.0284761182054,2.15712737732695,50.8066591515366));
#6035=CARTESIAN_POINT('Ctrl Pts',(-18.0143518453342,1.95400129459333,51.1513828279591));
#6036=CARTESIAN_POINT('Ctrl Pts',(-17.9880474656093,1.57570885710206,51.7933799464967));
#6037=CARTESIAN_POINT('Ctrl Pts',(-17.9617430858844,0.850163443405082,52.2307606095986));
#6038=CARTESIAN_POINT('Ctrl Pts',(-17.9354387061596,0.105813509818957,52.2655261794036));
#6039=CARTESIAN_POINT('Ctrl Pts',(-17.9091343264347,-0.638536423767173,
52.3002917492085));
#6040=CARTESIAN_POINT('Ctrl Pts',(-17.8828299467098,-1.40169087724245,51.9324422257164));
#6041=CARTESIAN_POINT('Ctrl Pts',(-17.8565255669849,-1.83817609053152,51.3285000703293));
#6042=CARTESIAN_POINT('Ctrl Pts',(-17.8302211872601,-2.27466130382059,50.7245579149422));
#6043=CARTESIAN_POINT('Ctrl Pts',(-17.8039168075352,-2.38447727692345,49.8845231276601));
#6044=CARTESIAN_POINT('Ctrl Pts',(-17.7776124278103,-2.11791121976027,49.1886725649371));
#6045=CARTESIAN_POINT('Ctrl Pts',(-17.7513080480854,-1.85134516259709,48.492822002214));
#6046=CARTESIAN_POINT('Ctrl Pts',(-17.7250036683606,-1.20839707516786,47.9411556640498));
#6047=CARTESIAN_POINT('Ctrl Pts',(-17.6986992886357,-0.480124281826541,
47.7834083757929));
#6048=CARTESIAN_POINT('Ctrl Pts',(-17.6723949089108,0.248148511514787,47.625661087536));
#6049=CARTESIAN_POINT('Ctrl Pts',(-17.6460905291859,1.06174601076821,47.8618328491864));
#6050=CARTESIAN_POINT('Ctrl Pts',(-17.6197861494611,1.59235930287563,48.3850106418272));
#6051=CARTESIAN_POINT('Ctrl Pts',(-17.59876565429,2.01638580572819,48.8030952489853));
#6052=CARTESIAN_POINT('Ctrl Pts',(-17.5777451591189,2.25969824444044,49.4044622619573));
#6053=CARTESIAN_POINT('Ctrl Pts',(-17.5567246639479,2.26508965401414,50.001944015653));
#6054=CARTESIAN_POINT('Ctrl Pts',(-17.6932753360521,2.26328957442487,49.9979912994988));
#6055=CARTESIAN_POINT('Ctrl Pts',(-17.700736370021,2.26510739730319,49.7854905326873));
#6056=CARTESIAN_POINT('Ctrl Pts',(-17.7081974039898,2.23763084266495,49.5734507132453));
#6057=CARTESIAN_POINT('Ctrl Pts',(-17.7156584379587,2.17896868421114,49.3704214925033));
#6058=CARTESIAN_POINT('Ctrl Pts',(-17.7421298209419,1.97083822005133,48.6500837643187));
#6059=CARTESIAN_POINT('Ctrl Pts',(-17.7686012039251,1.37014473636973,48.0431710592423));
#6060=CARTESIAN_POINT('Ctrl Pts',(-17.7950725869082,0.651988922089077,47.8276322943476));
#6061=CARTESIAN_POINT('Ctrl Pts',(-17.8215439698914,-0.0661668921915665,
47.6120935294528));
#6062=CARTESIAN_POINT('Ctrl Pts',(-17.8480153528746,-0.901785037071263,
47.7879287047397));
#6063=CARTESIAN_POINT('Ctrl Pts',(-17.8744867358578,-1.47217594860872,48.2746102646873));
#6064=CARTESIAN_POINT('Ctrl Pts',(-17.900958118841,-2.04256686014619,48.761291824635));
#6065=CARTESIAN_POINT('Ctrl Pts',(-17.9274295018242,-2.34773053834141,49.5588197692434));
#6066=CARTESIAN_POINT('Ctrl Pts',(-17.9539008848073,-2.24791061761603,50.3019487729728));
#6067=CARTESIAN_POINT('Ctrl Pts',(-17.9803722677905,-2.14809069689065,51.0450777767021));
#6068=CARTESIAN_POINT('Ctrl Pts',(-18.0068436507737,-1.64328717724465,51.7338078395525));
#6069=CARTESIAN_POINT('Ctrl Pts',(-18.0333150337569,-0.964685846102598,
52.0527200000755));
#6070=CARTESIAN_POINT('Ctrl Pts',(-18.0597864167401,-0.286084514960558,
52.3716321605986));
#6071=CARTESIAN_POINT('Ctrl Pts',(-18.0862577997232,0.566314627677535,52.3207264187943));
#6072=CARTESIAN_POINT('Ctrl Pts',(-18.1127291827064,1.20213679376092,51.923316169964));
#6073=CARTESIAN_POINT('Ctrl Pts',(-18.1392005656896,1.83795895984432,51.5259059211338));
#6074=CARTESIAN_POINT('Ctrl Pts',(-18.1656719486728,2.257204149373,50.7819911652775));
#6075=CARTESIAN_POINT('Ctrl Pts',(-18.192143331656,2.26786987921344,50.0322638982238));
#6076=CARTESIAN_POINT('Ctrl Pts',(-18.1925206664547,2.26802191324298,50.0215769542291));
#6077=CARTESIAN_POINT('Ctrl Pts',(-18.1928980012534,2.26809092837066,50.0108888291954));
#6078=CARTESIAN_POINT('Ctrl Pts',(-18.1932753360521,2.26807745240737,50.000200525305));
#6079=CARTESIAN_POINT('Origin',(-21.,3.85763741731416E-15,50.0000008493662));
#6080=CARTESIAN_POINT('',(-18.6932753360521,2.26270274412849,50.001889755222));
#6081=CARTESIAN_POINT('',(-18.5567246639479,2.26662988780792,49.9985000081302));
#6082=CARTESIAN_POINT('',(-21.,2.26435,50.0000008493662));
#6083=CARTESIAN_POINT('Ctrl Pts',(-18.5567246639479,2.26662988780792,49.9985000081302));
#6084=CARTESIAN_POINT('Ctrl Pts',(-18.5337600027592,2.26162714429817,50.6500909991258));
#6085=CARTESIAN_POINT('Ctrl Pts',(-18.5107953415706,1.96526974153324,51.3056557961224));
#6086=CARTESIAN_POINT('Ctrl Pts',(-18.4878306803819,1.46982214468074,51.7272600606324));
#6087=CARTESIAN_POINT('Ctrl Pts',(-18.461526300657,0.902322297227155,52.210177643269));
#6088=CARTESIAN_POINT('Ctrl Pts',(-18.4352219209322,0.0736147854663122,
52.3861374447302));
#6089=CARTESIAN_POINT('Ctrl Pts',(-18.4089175412073,-0.641151298858873,
52.1754839064976));
#6090=CARTESIAN_POINT('Ctrl Pts',(-18.3826131614824,-1.35591738318406,51.964830368265));
#6091=CARTESIAN_POINT('Ctrl Pts',(-18.3563087817576,-1.95674204007359,51.3675634903387));
#6092=CARTESIAN_POINT('Ctrl Pts',(-18.3300044020327,-2.17163687658648,50.6540610883011));
#6093=CARTESIAN_POINT('Ctrl Pts',(-18.3037000223078,-2.38653171309937,49.9405586862636));
#6094=CARTESIAN_POINT('Ctrl Pts',(-18.2773956425829,-2.21549672923562,49.1108207601149));
#6095=CARTESIAN_POINT('Ctrl Pts',(-18.251091262858,-1.73595805900159,48.5404628617524));
#6096=CARTESIAN_POINT('Ctrl Pts',(-18.2247868831332,-1.25641938876756,47.9701049633898));
#6097=CARTESIAN_POINT('Ctrl Pts',(-18.1984825034083,-0.468377032163239,
47.6591270928136));
#6098=CARTESIAN_POINT('Ctrl Pts',(-18.1721781236834,0.271428701174693,47.7483063807317));
#6099=CARTESIAN_POINT('Ctrl Pts',(-18.1458737439586,1.01123443451262,47.8374856686498));
#6100=CARTESIAN_POINT('Ctrl Pts',(-18.1195693642337,1.70280354458418,48.3268221150624));
#6101=CARTESIAN_POINT('Ctrl Pts',(-18.0932649845088,2.03306836897717,48.9947971252553));
#6102=CARTESIAN_POINT('Ctrl Pts',(-18.0810848776552,2.18599578612897,49.3040994956137));
#6103=CARTESIAN_POINT('Ctrl Pts',(-18.0689047708015,2.26145576780957,49.6517038511986));
#6104=CARTESIAN_POINT('Ctrl Pts',(-18.0567246639479,2.26084335157021,49.9995599914544));
#6105=CARTESIAN_POINT('Ctrl Pts',(-18.1932753360521,2.26807745240737,50.000200525305));
#6106=CARTESIAN_POINT('Ctrl Pts',(-18.2193693842366,2.26714554144523,49.2610661606048));
#6107=CARTESIAN_POINT('Ctrl Pts',(-18.2454634324211,1.87172340234581,48.521076464768));
#6108=CARTESIAN_POINT('Ctrl Pts',(-18.2715574806055,1.25636196536046,48.1116604919762));
#6109=CARTESIAN_POINT('Ctrl Pts',(-18.2980288635887,0.632102051514828,47.6963241310334));
#6110=CARTESIAN_POINT('Ctrl Pts',(-18.3245002465719,-0.218504046328648,
47.6211911873989));
#6111=CARTESIAN_POINT('Ctrl Pts',(-18.3509716295551,-0.905902704122192,
47.9206704321346));
#6112=CARTESIAN_POINT('Ctrl Pts',(-18.3774430125383,-1.59330136191574,48.2201496768702));
#6113=CARTESIAN_POINT('Ctrl Pts',(-18.4039143955214,-2.11749257965935,48.894241109976));
#6114=CARTESIAN_POINT('Ctrl Pts',(-18.4303857785046,-2.23841155048791,49.6342298499204));
#6115=CARTESIAN_POINT('Ctrl Pts',(-18.4568571614878,-2.35933052131646,50.3742185898648));
#6116=CARTESIAN_POINT('Ctrl Pts',(-18.483328544471,-2.07697724522996,51.1801046366478));
#6117=CARTESIAN_POINT('Ctrl Pts',(-18.5097999274542,-1.52066156645696,51.6828148894761));
#6118=CARTESIAN_POINT('Ctrl Pts',(-18.5362713104373,-0.964345887683961,
52.1855251423045));
#6119=CARTESIAN_POINT('Ctrl Pts',(-18.5627426934205,-0.134067806224466,
52.3850596011781));
#6120=CARTESIAN_POINT('Ctrl Pts',(-18.5892140764037,0.589928712660442,52.1900371064546));
#6121=CARTESIAN_POINT('Ctrl Pts',(-18.6156854593869,1.31392523154535,51.9950146117312));
#6122=CARTESIAN_POINT('Ctrl Pts',(-18.6421568423701,1.93164018785568,51.4054351634106));
#6123=CARTESIAN_POINT('Ctrl Pts',(-18.6686282253533,2.16017753762867,50.6913095354902));
#6124=CARTESIAN_POINT('Ctrl Pts',(-18.6768439289195,2.23110677924603,50.4696722877571));
#6125=CARTESIAN_POINT('Ctrl Pts',(-18.6850596324858,2.26454872602691,50.2360382054759));
#6126=CARTESIAN_POINT('Ctrl Pts',(-18.6932753360521,2.26270274412849,50.001889755222));
#6127=CARTESIAN_POINT('Origin',(-21.,3.85763741731416E-15,50.0000008493662));
#6128=CARTESIAN_POINT('',(-19.1932753360521,2.26134068752653,49.9987628940673));
#6129=CARTESIAN_POINT('',(-19.0567246639479,2.26490656190812,50.0019674787164));
#6130=CARTESIAN_POINT('',(-21.,2.26435,50.0000008493662));
#6131=CARTESIAN_POINT('Ctrl Pts',(-19.0567246639479,2.26490656190812,50.0019674787164));
#6132=CARTESIAN_POINT('Ctrl Pts',(-19.0512239941667,2.26632197940774,50.1583498114045));
#6133=CARTESIAN_POINT('Ctrl Pts',(-19.0457233243855,2.25148729516587,50.3144654588068));
#6134=CARTESIAN_POINT('Ctrl Pts',(-19.0402226546043,2.21940485176405,50.4669522660373));
#6135=CARTESIAN_POINT('Ctrl Pts',(-19.0139182748794,2.0659855760556,51.1961490802383));
#6136=CARTESIAN_POINT('Ctrl Pts',(-18.9876138951545,1.51814745086801,51.8423621890039));
#6137=CARTESIAN_POINT('Ctrl Pts',(-18.9613095154297,0.823892302456219,52.1130562187363));
#6138=CARTESIAN_POINT('Ctrl Pts',(-18.9350051357048,0.129637154044414,52.3837502484688));
#6139=CARTESIAN_POINT('Ctrl Pts',(-18.9087007559799,-0.711035017591599,
52.278925199168));
#6140=CARTESIAN_POINT('Ctrl Pts',(-18.882396376255,-1.31755881809604,51.8460345110958));
#6141=CARTESIAN_POINT('Ctrl Pts',(-18.8560919965302,-1.92408261860049,51.4131438230236));
#6142=CARTESIAN_POINT('Ctrl Pts',(-18.8297876168053,-2.29645804797337,50.65218749618));
#6143=CARTESIAN_POINT('Ctrl Pts',(-18.8034832370804,-2.2661138039639,49.9076442165246));
#6144=CARTESIAN_POINT('Ctrl Pts',(-18.7771788573555,-2.23576955995444,49.1631009368693));
#6145=CARTESIAN_POINT('Ctrl Pts',(-18.7508744776307,-1.80270564256265,48.4349707044022));
#6146=CARTESIAN_POINT('Ctrl Pts',(-18.7245700979058,-1.16296653447818,48.0528721018041));
#6147=CARTESIAN_POINT('Ctrl Pts',(-18.6982657181809,-0.523227426393703,
47.670773499206));
#6148=CARTESIAN_POINT('Ctrl Pts',(-18.671961338456,0.323186872383452,47.6347065264769));
#6149=CARTESIAN_POINT('Ctrl Pts',(-18.6456569587312,0.993111552983095,47.9609984062163));
#6150=CARTESIAN_POINT('Ctrl Pts',(-18.6193525790063,1.66303623358274,48.2872902859556));
#6151=CARTESIAN_POINT('Ctrl Pts',(-18.5930481992814,2.15647129600487,48.9759410181634));
#6152=CARTESIAN_POINT('Ctrl Pts',(-18.5667438195566,2.25004273564277,49.7152040661734));
#6153=CARTESIAN_POINT('Ctrl Pts',(-18.5634041010203,2.26192297287656,49.8090641202939));
#6154=CARTESIAN_POINT('Ctrl Pts',(-18.5600643824841,2.2673574297949,49.9037400422511));
#6155=CARTESIAN_POINT('Ctrl Pts',(-18.5567246639479,2.26662988780792,49.9985000081302));
#6156=CARTESIAN_POINT('Ctrl Pts',(-18.6932753360521,2.26270274412849,50.001889755222));
#6157=CARTESIAN_POINT('Ctrl Pts',(-18.711531015469,2.25860088559928,49.4816008950762));
#6158=CARTESIAN_POINT('Ctrl Pts',(-18.7297866948859,2.08026513167946,48.9587723467448));
#6159=CARTESIAN_POINT('Ctrl Pts',(-18.7480423743028,1.75182547876656,48.5593821681275));
#6160=CARTESIAN_POINT('Ctrl Pts',(-18.774513757286,1.2755763268958,47.9802522362054));
#6161=CARTESIAN_POINT('Ctrl Pts',(-18.8009851402692,0.483718279918611,47.6606641798814));
#6162=CARTESIAN_POINT('Ctrl Pts',(-18.8274565232523,-0.261099990809922,
47.7469803238266));
#6163=CARTESIAN_POINT('Ctrl Pts',(-18.8539279062355,-1.00591826153845,47.8332964677717));
#6164=CARTESIAN_POINT('Ctrl Pts',(-18.8803992892187,-1.70369675601832,48.3255168119861));
#6165=CARTESIAN_POINT('Ctrl Pts',(-18.9068706722019,-2.03487258442872,48.9982183080949));
#6166=CARTESIAN_POINT('Ctrl Pts',(-18.9333420551851,-2.36604841283912,49.6709198042038));
#6167=CARTESIAN_POINT('Ctrl Pts',(-18.9598134381683,-2.33062157518005,50.5241024522071));
#6168=CARTESIAN_POINT('Ctrl Pts',(-18.9862848211514,-1.94481656809973,51.1670326421048));
#6169=CARTESIAN_POINT('Ctrl Pts',(-19.0127562041346,-1.5590115610194,51.8099628320025));
#6170=CARTESIAN_POINT('Ctrl Pts',(-19.0392275871178,-0.822828384517827,
52.2426405637946));
#6171=CARTESIAN_POINT('Ctrl Pts',(-19.065698970101,-0.0734181824731808,
52.2669116256732));
#6172=CARTESIAN_POINT('Ctrl Pts',(-19.0921703530842,0.675992019571466,52.2911826875517));
#6173=CARTESIAN_POINT('Ctrl Pts',(-19.1186417360673,1.43862924715918,51.9070470795167));
#6174=CARTESIAN_POINT('Ctrl Pts',(-19.1451131190505,1.86522712719852,51.2904280912983));
#6175=CARTESIAN_POINT('Ctrl Pts',(-19.1611671913844,2.12394550349093,50.9164678095261));
#6176=CARTESIAN_POINT('Ctrl Pts',(-19.1772212637183,2.25906705867675,50.4569990688177));
#6177=CARTESIAN_POINT('Ctrl Pts',(-19.1932753360521,2.26134068752653,49.9987628940673));
#6178=CARTESIAN_POINT('Origin',(-21.,3.85763741731416E-15,50.0000008493662));
#6179=CARTESIAN_POINT('',(-19.6932753360521,2.26722158155384,49.9987426536736));
#6180=CARTESIAN_POINT('',(-19.5567246639479,2.26088359606906,49.9994638228486));
#6181=CARTESIAN_POINT('',(-21.,2.26435,50.0000008493662));
#6182=CARTESIAN_POINT('Ctrl Pts',(-19.5567246639479,2.26088359606906,49.9994638228486));
#6183=CARTESIAN_POINT('Ctrl Pts',(-19.5423836058493,2.26000430618997,50.4090170961906));
#6184=CARTESIAN_POINT('Ctrl Pts',(-19.5280425477507,2.15362372018333,50.8189960646622));
#6185=CARTESIAN_POINT('Ctrl Pts',(-19.513701489652,1.94452637324991,51.1673134760257));
#6186=CARTESIAN_POINT('Ctrl Pts',(-19.4873971099272,1.56099985969861,51.8061975381558));
#6187=CARTESIAN_POINT('Ctrl Pts',(-19.4610927302023,0.831904123526717,52.2376340896441));
#6188=CARTESIAN_POINT('Ctrl Pts',(-19.4347883504774,0.0872949131821174,
52.266315291221));
#6189=CARTESIAN_POINT('Ctrl Pts',(-19.4084839707525,-0.657314297162487,
52.2949964927979));
#6190=CARTESIAN_POINT('Ctrl Pts',(-19.3821795910276,-1.4174369816798,51.9209223444634));
#6191=CARTESIAN_POINT('Ctrl Pts',(-19.3558752113028,-1.84897188290102,51.313433170511));
#6192=CARTESIAN_POINT('Ctrl Pts',(-19.3295708315779,-2.28050678412224,50.7059439965586));
#6193=CARTESIAN_POINT('Ctrl Pts',(-19.303266451853,-2.38345390204737,49.8650397969882));
#6194=CARTESIAN_POINT('Ctrl Pts',(-19.2769620721281,-2.11120989787568,49.1713909907617));
#6195=CARTESIAN_POINT('Ctrl Pts',(-19.2506576924033,-1.83896589370399,48.4777421845352));
#6196=CARTESIAN_POINT('Ctrl Pts',(-19.2243533126784,-1.19153076743548,47.9313487716525));
#6197=CARTESIAN_POINT('Ctrl Pts',(-19.1980489329535,-0.461993100784891,
47.7795585741767));
#6198=CARTESIAN_POINT('Ctrl Pts',(-19.1717445532287,0.267544565865713,47.627768376701));
#6199=CARTESIAN_POINT('Ctrl Pts',(-19.1454401735038,1.07918477289841,47.8705813946323));
#6200=CARTESIAN_POINT('Ctrl Pts',(-19.1191357937789,1.6055046633001,48.3980781634161));
#6201=CARTESIAN_POINT('Ctrl Pts',(-19.0983320838352,2.02176258126002,48.8152668555192));
#6202=CARTESIAN_POINT('Ctrl Pts',(-19.0775283738916,2.25955340742283,49.4105244692346));
#6203=CARTESIAN_POINT('Ctrl Pts',(-19.0567246639479,2.26490656190812,50.0019674787164));
#6204=CARTESIAN_POINT('Ctrl Pts',(-19.1932753360521,2.26134068752653,49.9987628940673));
#6205=CARTESIAN_POINT('Ctrl Pts',(-19.2036926467014,2.26281602023569,49.7014184892422));
#6206=CARTESIAN_POINT('Ctrl Pts',(-19.2141099573508,2.20835481550097,49.4045930648316));
#6207=CARTESIAN_POINT('Ctrl Pts',(-19.2245272680001,2.0954294938452,49.1319859333946));
#6208=CARTESIAN_POINT('Ctrl Pts',(-19.2509986509833,1.80847544796161,48.4392651321111));
#6209=CARTESIAN_POINT('Ctrl Pts',(-19.2774700339664,1.14400882370351,47.902925897946));
#6210=CARTESIAN_POINT('Ctrl Pts',(-19.3039414169496,0.406336561441412,47.768596508778));
#6211=CARTESIAN_POINT('Ctrl Pts',(-19.3304127999328,-0.331335700820687,
47.63426711961));
#6212=CARTESIAN_POINT('Ctrl Pts',(-19.356884182916,-1.14221360108677,47.9019475754391));
#6213=CARTESIAN_POINT('Ctrl Pts',(-19.3833555658992,-1.65493781168492,48.4490477271704));
#6214=CARTESIAN_POINT('Ctrl Pts',(-19.4098269488824,-2.16766202228306,48.9961478789016));
#6215=CARTESIAN_POINT('Ctrl Pts',(-19.4362983318655,-2.38223254321326,49.822667726535));
#6216=CARTESIAN_POINT('Ctrl Pts',(-19.4627697148487,-2.20038231703336,50.550084555143));
#6217=CARTESIAN_POINT('Ctrl Pts',(-19.4892410978319,-2.01853209085346,51.2775013837509));
#6218=CARTESIAN_POINT('Ctrl Pts',(-19.5157124808151,-1.44026111756345,51.9058151933334));
#6219=CARTESIAN_POINT('Ctrl Pts',(-19.5421838637983,-0.730400823061562,
52.1472757955429));
#6220=CARTESIAN_POINT('Ctrl Pts',(-19.5686552467814,-0.0205405285596684,
52.3887363977523));
#6221=CARTESIAN_POINT('Ctrl Pts',(-19.5951266297646,0.820909087154105,52.2433437925888));
#6222=CARTESIAN_POINT('Ctrl Pts',(-19.6215980127478,1.40858704984855,51.7776840291659));
#6223=CARTESIAN_POINT('Ctrl Pts',(-19.6454904538493,1.93901121088348,51.357390594631));
#6224=CARTESIAN_POINT('Ctrl Pts',(-19.6693828949507,2.26270185444907,50.6761934879596));
#6225=CARTESIAN_POINT('Ctrl Pts',(-19.6932753360521,2.26722158155384,49.9987426536736));
#6226=CARTESIAN_POINT('Origin',(-21.,3.85763741731416E-15,50.0000008493662));
#6227=CARTESIAN_POINT('',(-20.1932753360521,2.265157932559,50.0020038773672));
#6228=CARTESIAN_POINT('',(-20.0567246639479,2.26677728203881,49.9985756962307));
#6229=CARTESIAN_POINT('',(-21.,2.26435,50.0000008493662));
#6230=CARTESIAN_POINT('Ctrl Pts',(-20.0567246639479,2.26677728203881,49.9985756962307));
#6231=CARTESIAN_POINT('Ctrl Pts',(-20.0335432175319,2.26191278015015,50.656203252689));
#6232=CARTESIAN_POINT('Ctrl Pts',(-20.0103617711158,1.95924321069171,51.3177317040742));
#6233=CARTESIAN_POINT('Ctrl Pts',(-19.9871803246998,1.45565851584659,51.7392136550147));
#6234=CARTESIAN_POINT('Ctrl Pts',(-19.9608759449749,0.884232436597486,52.2174763607038));
#6235=CARTESIAN_POINT('Ctrl Pts',(-19.93457156525,0.0541115553699338,52.3866593901931));
#6236=CARTESIAN_POINT('Ctrl Pts',(-19.9082671855251,-0.658909832266215,
52.1701718750868));
#6237=CARTESIAN_POINT('Ctrl Pts',(-19.8819628058003,-1.37193121990237,51.9536843599804));
#6238=CARTESIAN_POINT('Ctrl Pts',(-19.8556584260754,-1.96785311394711,51.3515263002784));
#6239=CARTESIAN_POINT('Ctrl Pts',(-19.8293540463505,-2.17690928542142,50.6362912772728));
#6240=CARTESIAN_POINT('Ctrl Pts',(-19.8030496666256,-2.38596545689573,49.9210562542672));
#6241=CARTESIAN_POINT('Ctrl Pts',(-19.7767452869008,-2.2081559057996,49.0927442679582));
#6242=CARTESIAN_POINT('Ctrl Pts',(-19.7504409071759,-1.72397217927811,48.5263245657577));
#6243=CARTESIAN_POINT('Ctrl Pts',(-19.724136527451,-1.23978845275663,47.9599048635571));
#6244=CARTESIAN_POINT('Ctrl Pts',(-19.6978321477261,-0.449230550809787,
47.6553774454651));
#6245=CARTESIAN_POINT('Ctrl Pts',(-19.6715277680013,0.289821753084561,47.7505997765822));
#6246=CARTESIAN_POINT('Ctrl Pts',(-19.6452233882764,1.02887405697891,47.8458221076993));
#6247=CARTESIAN_POINT('Ctrl Pts',(-19.6189190085515,1.71642076282077,48.3407941880256));
#6248=CARTESIAN_POINT('Ctrl Pts',(-19.5926146288267,2.04121547027635,49.0114460145747));
#6249=CARTESIAN_POINT('Ctrl Pts',(-19.5806513072004,2.1889332111407,49.3164607529627));
#6250=CARTESIAN_POINT('Ctrl Pts',(-19.5686879855741,2.26161710035821,49.657814169219));
#6251=CARTESIAN_POINT('Ctrl Pts',(-19.5567246639479,2.26088359606906,49.9994638228486));
#6252=CARTESIAN_POINT('Ctrl Pts',(-19.6932753360521,2.26722158155384,49.9987426536736));
#6253=CARTESIAN_POINT('Ctrl Pts',(-19.6958542779339,2.2677094393443,49.9256188434298));
#6254=CARTESIAN_POINT('Ctrl Pts',(-19.6984332198156,2.26447864654988,49.8525386808909));
#6255=CARTESIAN_POINT('Ctrl Pts',(-19.7010121616974,2.25738780171383,49.7798349902597));
#6256=CARTESIAN_POINT('Ctrl Pts',(-19.7274835446805,2.18460428120955,49.0335726364588));
#6257=CARTESIAN_POINT('Ctrl Pts',(-19.7539549276637,1.70513093052587,48.3269748505393));
#6258=CARTESIAN_POINT('Ctrl Pts',(-19.7804263106469,1.03855006205462,47.9836448074711));
#6259=CARTESIAN_POINT('Ctrl Pts',(-19.8068976936301,0.371969193583373,47.6403147644029));
#6260=CARTESIAN_POINT('Ctrl Pts',(-19.8333690766133,-0.481719192675444,
47.6602524641861));
#6261=CARTESIAN_POINT('Ctrl Pts',(-19.8598404595965,-1.13154399976337,48.0343244335848));
#6262=CARTESIAN_POINT('Ctrl Pts',(-19.8863118425796,-1.78136880685129,48.4083964029835));
#6263=CARTESIAN_POINT('Ctrl Pts',(-19.9127832255628,-2.22733003476832,49.1366026419977));
#6264=CARTESIAN_POINT('Ctrl Pts',(-19.939254608546,-2.26520161030366,49.8854502884513));
#6265=CARTESIAN_POINT('Ctrl Pts',(-19.9657259915292,-2.30307318583899,50.6342979349049));
#6266=CARTESIAN_POINT('Ctrl Pts',(-19.9921973745124,-1.93285510899264,51.4037869887978));
#6267=CARTESIAN_POINT('Ctrl Pts',(-20.0186687574955,-1.32407389930016,51.8415031168514));
#6268=CARTESIAN_POINT('Ctrl Pts',(-20.0451401404787,-0.715292689607684,
52.279219244905));
#6269=CARTESIAN_POINT('Ctrl Pts',(-20.0716115234619,0.132051652930914,52.3851624471192));
#6270=CARTESIAN_POINT('Ctrl Pts',(-20.0980829064451,0.829853990243209,52.1108335411724));
#6271=CARTESIAN_POINT('Ctrl Pts',(-20.1245542894283,1.52765632755551,51.8365046352256));
#6272=CARTESIAN_POINT('Ctrl Pts',(-20.1510256724115,2.0759166596415,51.1819036211177));
#6273=CARTESIAN_POINT('Ctrl Pts',(-20.1774970553946,2.22363673246694,50.4467801543543));
#6274=CARTESIAN_POINT('Ctrl Pts',(-20.1827564822805,2.25298627280218,50.3007232547978));
#6275=CARTESIAN_POINT('Ctrl Pts',(-20.1880159091663,2.26652443387463,50.1514877208626));
#6276=CARTESIAN_POINT('Ctrl Pts',(-20.1932753360521,2.265157932559,50.0020038773672));
#6277=CARTESIAN_POINT('Origin',(-21.,3.85763741731416E-15,50.0000008493662));
#6278=CARTESIAN_POINT('',(-20.6260810402146,2.26435,50.0000008493662));
#6279=CARTESIAN_POINT('',(-20.5567246639479,2.2647200761518,50.0019891299805));
#6280=CARTESIAN_POINT('',(-21.,2.26435,50.0000008493662));
#6281=CARTESIAN_POINT('',(-20.7215435315985,-1.0848708310463,48.0133609104025));
#6282=CARTESIAN_POINT('Ctrl Pts',(-20.6260810402146,2.26435,50.0000008493662));
#6283=CARTESIAN_POINT('Ctrl Pts',(-20.6260810402146,2.26435,49.7154399794847));
#6284=CARTESIAN_POINT('Ctrl Pts',(-20.6325769236486,2.20743400480253,49.4120677258267));
#6285=CARTESIAN_POINT('Ctrl Pts',(-20.6559995701581,1.97627859468019,48.8542464073595));
#6286=CARTESIAN_POINT('Ctrl Pts',(-20.6725837436878,1.80205152505041,48.5997778944571));
#6287=CARTESIAN_POINT('Ctrl Pts',(-20.703682785965,1.40022392642654,48.1979502958332));
#6288=CARTESIAN_POINT('Ctrl Pts',(-20.7202237695323,1.1457549889864,48.0237224666577));
#6289=CARTESIAN_POINT('Ctrl Pts',(-20.7435475083432,0.587932242328152,47.7925664940898));
#6290=CARTESIAN_POINT('Ctrl Pts',(-20.75,0.284559493892497,47.7356508493662));
#6291=CARTESIAN_POINT('Ctrl Pts',(-20.75,-0.284559493892488,47.7356508493662));
#6292=CARTESIAN_POINT('Ctrl Pts',(-20.7435475083432,-0.587932242328143,
47.7925664940898));
#6293=CARTESIAN_POINT('Ctrl Pts',(-20.7287470199418,-0.941908470534038,
47.939250579289));
#6294=CARTESIAN_POINT('Ctrl Pts',(-20.7252674776223,-1.01530661843307,47.9744175626973));
#6295=CARTESIAN_POINT('Ctrl Pts',(-20.7215435315985,-1.08633957309304,48.0132579735939));
#6296=CARTESIAN_POINT('Ctrl Pts',(-20.7215435315985,-1.082746278828,48.013509809677));
#6297=CARTESIAN_POINT('Ctrl Pts',(-20.7134952134895,-0.883009851377476,
47.9020948582995));
#6298=CARTESIAN_POINT('Ctrl Pts',(-20.7054468953804,-0.667409848552145,
47.8207224281841));
#6299=CARTESIAN_POINT('Ctrl Pts',(-20.6973985772714,-0.444179287082599,
47.7762370340588));
#6300=CARTESIAN_POINT('Ctrl Pts',(-20.6710941975465,0.285406866885562,47.6308450796866));
#6301=CARTESIAN_POINT('Ctrl Pts',(-20.6447898178216,1.09650138894053,47.8794743559081));
#6302=CARTESIAN_POINT('Ctrl Pts',(-20.6184854380968,1.61887162800616,48.4110527495592));
#6303=CARTESIAN_POINT('Ctrl Pts',(-20.5978985133805,2.02770076209536,48.8270885764961));
#6304=CARTESIAN_POINT('Ctrl Pts',(-20.5773115886642,2.25967783181293,49.4164390100587));
#6305=CARTESIAN_POINT('Ctrl Pts',(-20.5567246639479,2.2647200761518,50.0019891299805));
#6306=CARTESIAN_POINT('Origin',(0.,0.,57.));
#6307=CARTESIAN_POINT('',(20.75,2.54114210823076E-15,5.00000007450581));
#6308=CARTESIAN_POINT('Origin',(0.,0.,5.00000007450581));
#6309=CARTESIAN_POINT('',(20.75,-2.54114210823076E-15,2.5));
#6310=CARTESIAN_POINT('',(20.75,-2.54114210823076E-15,57.));
#6311=CARTESIAN_POINT('Origin',(0.,0.,2.5));
#6312=CARTESIAN_POINT('Origin',(0.,0.,57.));
#6313=CARTESIAN_POINT('',(20.75,2.54114210823076E-15,57.));
#6314=CARTESIAN_POINT('Origin',(0.,0.,57.));
#6315=CARTESIAN_POINT('',(20.75,-1.5828212797912E-15,52.5430508493662));
#6316=CARTESIAN_POINT('',(20.75,-2.54114210823076E-15,57.));
#6317=CARTESIAN_POINT('',(20.6612104426537,1.91752002450486,51.6703960894584));
#6318=CARTESIAN_POINT('Ctrl Pts',(20.6612104426537,1.91752002450486,51.6703960894584));
#6319=CARTESIAN_POINT('Ctrl Pts',(20.6648007891792,1.8788341676809,51.7148052827707));
#6320=CARTESIAN_POINT('Ctrl Pts',(20.6683907839999,1.83896606778102,51.7574505813781));
#6321=CARTESIAN_POINT('Ctrl Pts',(20.6915610521601,1.57260403792637,52.0238126112327));
#6322=CARTESIAN_POINT('Ctrl Pts',(20.71243159595,1.2868594545808,52.2194740050707));
#6323=CARTESIAN_POINT('Ctrl Pts',(20.741858737903,0.660398339503934,52.4791019767157));
#6324=CARTESIAN_POINT('Ctrl Pts',(20.75,0.319655029536557,52.5430508493662));
#6325=CARTESIAN_POINT('Ctrl Pts',(20.75,-9.0205620750794E-16,52.5430508493662));
#6326=CARTESIAN_POINT('Ctrl Pts',(20.5954569084217,2.52777663834148,49.7217050190794));
#6327=CARTESIAN_POINT('Ctrl Pts',(20.5942047795679,2.53797855470604,49.9443462040953));
#6328=CARTESIAN_POINT('Ctrl Pts',(20.5959594703591,2.52397513767248,50.1677090221615));
#6329=CARTESIAN_POINT('Ctrl Pts',(20.6020557293106,2.47344872788022,50.4563769653465));
#6330=CARTESIAN_POINT('Ctrl Pts',(20.6037988012832,2.45891566284431,50.5251442711954));
#6331=CARTESIAN_POINT('Ctrl Pts',(20.6063545986065,2.43734933518201,50.6118914528853));
#6332=CARTESIAN_POINT('Ctrl Pts',(20.6069215143701,2.43255232290666,50.6304212046668));
#6333=CARTESIAN_POINT('Ctrl Pts',(20.6076797815373,2.42611545184862,50.6543287433325));
#6334=CARTESIAN_POINT('Ctrl Pts',(20.6078535439445,2.42463905923632,50.659750836926));
#6335=CARTESIAN_POINT('Ctrl Pts',(20.6081370440773,2.42222798870549,50.6685071655188));
#6336=CARTESIAN_POINT('Ctrl Pts',(20.6082457596765,2.42130286982649,50.6718440577793));
#6337=CARTESIAN_POINT('Ctrl Pts',(20.6084545404058,2.41952519780743,50.6782126594846));
#6338=CARTESIAN_POINT('Ctrl Pts',(20.6085544977894,2.41867365618506,50.681244652177));
#6339=CARTESIAN_POINT('Ctrl Pts',(20.6087842622403,2.41671522188271,50.6881752932294));
#6340=CARTESIAN_POINT('Ctrl Pts',(20.6089144059541,2.41560515716018,50.6920730305516));
#6341=CARTESIAN_POINT('Ctrl Pts',(20.6092552915335,2.41269550134891,50.7022104061268));
#6342=CARTESIAN_POINT('Ctrl Pts',(20.6094673588746,2.41088336260932,50.7084463860306));
#6343=CARTESIAN_POINT('Ctrl Pts',(20.610787824297,2.39958664222581,50.7468474815502));
#6344=CARTESIAN_POINT('Ctrl Pts',(20.6119514750986,2.38957513756414,50.7788543078682));
#6345=CARTESIAN_POINT('Ctrl Pts',(20.6243081026885,2.2825102391227,51.1015901664054));
#6346=CARTESIAN_POINT('Ctrl Pts',(20.6401029518361,2.14077762870748,51.3761049725789));
#6347=CARTESIAN_POINT('Ctrl Pts',(20.6587700259001,1.94367841527617,51.6370258033472));
#6348=CARTESIAN_POINT('Ctrl Pts',(20.6599873509171,1.93069879470642,51.6537898993356));
#6349=CARTESIAN_POINT('Ctrl Pts',(20.6612104426537,1.91752002450484,51.6703960894585));
#6350=CARTESIAN_POINT('Ctrl Pts',(20.7215435315985,1.08274627882798,48.013509809677));
#6351=CARTESIAN_POINT('Ctrl Pts',(20.7175774995606,1.15796046325719,48.0420486915001));
#6352=CARTESIAN_POINT('Ctrl Pts',(20.7132570967898,1.23188563489884,48.0739425389162));
#6353=CARTESIAN_POINT('Ctrl Pts',(20.7086604401709,1.30428151339932,48.1090682744768));
#6354=CARTESIAN_POINT('Ctrl Pts',(20.7039354339382,1.3786988574605,48.145174804334));
#6355=CARTESIAN_POINT('Ctrl Pts',(20.6989185311409,1.45150024393141,48.1846973677991));
#6356=CARTESIAN_POINT('Ctrl Pts',(20.6936945767072,1.52237002800562,48.2275163398524));
#6357=CARTESIAN_POINT('Ctrl Pts',(20.6883117519958,1.5953950954795,48.2716375173642));
#6358=CARTESIAN_POINT('Ctrl Pts',(20.6827090904903,1.66636908167969,48.3192597566548));
#6359=CARTESIAN_POINT('Ctrl Pts',(20.6769794158014,1.73489146742101,48.3702494240039));
#6360=CARTESIAN_POINT('Ctrl Pts',(20.6741056934504,1.76925891795383,48.3958233273546));
#6361=CARTESIAN_POINT('Ctrl Pts',(20.6712000205389,1.80300882680259,48.4222441669014));
#6362=CARTESIAN_POINT('Ctrl Pts',(20.6682741083094,1.83608599472324,48.4494935816293));
#6363=CARTESIAN_POINT('Ctrl Pts',(20.6628306506146,1.89762378195553,48.500189236401));
#6364=CARTESIAN_POINT('Ctrl Pts',(20.6573365356525,1.95669229269983,48.553650259569));
#6365=CARTESIAN_POINT('Ctrl Pts',(20.6518907999342,2.0129557853796,48.6097974884739));
#6366=CARTESIAN_POINT('Ctrl Pts',(20.6464529008081,2.06913831304938,48.6658639196761));
#6367=CARTESIAN_POINT('Ctrl Pts',(20.6410632417873,2.12252370975947,48.7246096120327));
#6368=CARTESIAN_POINT('Ctrl Pts',(20.6358204324476,2.17272692279556,48.785945303606));
#6369=CARTESIAN_POINT('Ctrl Pts',(20.6306317396127,2.22241193609466,48.8466478855172));
#6370=CARTESIAN_POINT('Ctrl Pts',(20.6255868805273,2.26897986855515,48.9098879125657));
#6371=CARTESIAN_POINT('Ctrl Pts',(20.6207814426207,2.31201102801315,48.97555816139));
#6372=CARTESIAN_POINT('Ctrl Pts',(20.6189525929695,2.32838779169038,49.0005508912901));
#6373=CARTESIAN_POINT('Ctrl Pts',(20.6171584212059,2.3442518238224,49.0258953514236));
#6374=CARTESIAN_POINT('Ctrl Pts',(20.6154041964228,2.35957831362123,49.051584546054));
#6375=CARTESIAN_POINT('',(20.75,-2.54114210823076E-15,7.50000010430813));
#6376=CARTESIAN_POINT('',(20.75,-2.54114210823076E-15,57.));
#6377=CARTESIAN_POINT('Origin',(0.,0.,7.50000010430813));
#6378=CARTESIAN_POINT('',(20.6539819490919,-1.99387302669593,51.073197604819));
#6379=CARTESIAN_POINT('Ctrl Pts',(20.6539819490919,-1.99387302669594,51.073197604819));
#6380=CARTESIAN_POINT('Ctrl Pts',(20.650504182954,-2.02989824900095,51.0062669896548));
#6381=CARTESIAN_POINT('Ctrl Pts',(20.6472462098945,-2.06266450247503,50.9372899088945));
#6382=CARTESIAN_POINT('Ctrl Pts',(20.6325769236486,-2.20743400480253,50.5879339729057));
#6383=CARTESIAN_POINT('Ctrl Pts',(20.6260810402146,-2.26435,50.2845617192477));
#6384=CARTESIAN_POINT('Ctrl Pts',(20.6260810402146,-2.26435,50.0000008493662));
#6385=CARTESIAN_POINT('',(20.7443826785197,-0.482791142349781,52.49680200592));
#6386=CARTESIAN_POINT('Ctrl Pts',(20.7443826785197,-0.482791142349816,52.49680200592));
#6387=CARTESIAN_POINT('Ctrl Pts',(20.7392097799609,-0.705058242652906,52.4319716729843));
#6388=CARTESIAN_POINT('Ctrl Pts',(20.7307069662514,-0.914866297620277,52.3318285997344));
#6389=CARTESIAN_POINT('Ctrl Pts',(20.7121046296012,-1.26332854456176,52.094526870804));
#6390=CARTESIAN_POINT('Ctrl Pts',(20.7026674271785,-1.40648679433836,51.9681856598128));
#6391=CARTESIAN_POINT('Ctrl Pts',(20.6786581653059,-1.7305353326663,51.6055326912823));
#6392=CARTESIAN_POINT('Ctrl Pts',(20.6643958525723,-1.88599826655609,51.349485388824));
#6393=CARTESIAN_POINT('Ctrl Pts',(20.6539819490919,-1.99387302669591,51.073197604819));
#6394=CARTESIAN_POINT('Ctrl Pts',(20.75,-8.67361737988404E-16,52.5430508493662));
#6395=CARTESIAN_POINT('Ctrl Pts',(20.75,-0.157698513659929,52.5430508493662));
#6396=CARTESIAN_POINT('Ctrl Pts',(20.7481559782586,-0.320661461668521,52.5281520289443));
#6397=CARTESIAN_POINT('Ctrl Pts',(20.7443826785197,-0.482791142349782,52.49680200592));
#6398=CARTESIAN_POINT('',(-20.6612104426537,-1.91752002450484,51.6703960894585));
#6399=CARTESIAN_POINT('Ctrl Pts',(-20.5954569084217,-2.52777663834148,49.7217050190795));
#6400=CARTESIAN_POINT('Ctrl Pts',(-20.5942047795679,-2.53797855470618,49.9443462040987));
#6401=CARTESIAN_POINT('Ctrl Pts',(-20.5959594703591,-2.52397513767205,50.1677090221681));
#6402=CARTESIAN_POINT('Ctrl Pts',(-20.6020557293108,-2.47344872787824,50.4563769653565));
#6403=CARTESIAN_POINT('Ctrl Pts',(-20.6037988012835,-2.45891566284194,50.5251442712061));
#6404=CARTESIAN_POINT('Ctrl Pts',(-20.6063545986068,-2.4373493351797,50.6118914528943));
#6405=CARTESIAN_POINT('Ctrl Pts',(-20.6069215143703,-2.43255232290519,50.6304212046722));
#6406=CARTESIAN_POINT('Ctrl Pts',(-20.6076797815374,-2.42611545184773,50.6543287433358));
#6407=CARTESIAN_POINT('Ctrl Pts',(-20.6078535439446,-2.42463905923572,50.6597508369281));
#6408=CARTESIAN_POINT('Ctrl Pts',(-20.6081370440772,-2.42222798870613,50.6685071655164));
#6409=CARTESIAN_POINT('Ctrl Pts',(-20.6082457596765,-2.42130286982671,50.6718440577785));
#6410=CARTESIAN_POINT('Ctrl Pts',(-20.6084545404058,-2.41952519780736,50.6782126594848));
#6411=CARTESIAN_POINT('Ctrl Pts',(-20.6085544977894,-2.41867365618491,50.6812446521776));
#6412=CARTESIAN_POINT('Ctrl Pts',(-20.6087842622404,-2.41671522188238,50.6881752932306));
#6413=CARTESIAN_POINT('Ctrl Pts',(-20.6089144059542,-2.41560515715984,50.6920730305528));
#6414=CARTESIAN_POINT('Ctrl Pts',(-20.6092552915335,-2.4126955013492,50.7022104061257));
#6415=CARTESIAN_POINT('Ctrl Pts',(-20.6094673588746,-2.41088336260982,50.7084463860289));
#6416=CARTESIAN_POINT('Ctrl Pts',(-20.610787824297,-2.39958664222609,50.7468474815493));
#6417=CARTESIAN_POINT('Ctrl Pts',(-20.6119514750987,-2.38957513756406,50.7788543078685));
#6418=CARTESIAN_POINT('Ctrl Pts',(-20.6243081026885,-2.28251023912224,51.1015901664063));
#6419=CARTESIAN_POINT('Ctrl Pts',(-20.6401029518361,-2.14077762870719,51.3761049725793));
#6420=CARTESIAN_POINT('Ctrl Pts',(-20.6587700259001,-1.94367841527588,51.6370258033476));
#6421=CARTESIAN_POINT('Ctrl Pts',(-20.6599873509172,-1.93069879470628,51.6537898993358));
#6422=CARTESIAN_POINT('Ctrl Pts',(-20.6612104426537,-1.91752002450485,51.6703960894584));
#6423=CARTESIAN_POINT('Ctrl Pts',(-20.7215435315985,-1.08633957309303,48.0132579735939));
#6424=CARTESIAN_POINT('Ctrl Pts',(-20.7071930791703,-1.36006938286443,48.114568977977));
#6425=CARTESIAN_POINT('Ctrl Pts',(-20.6882030688628,-1.61594327721977,48.2608895544577));
#6426=CARTESIAN_POINT('Ctrl Pts',(-20.6499681761573,-2.045468088407,48.6182903688848));
#6427=CARTESIAN_POINT('Ctrl Pts',(-20.6310893480572,-2.22253868287126,48.82188826252));
#6428=CARTESIAN_POINT('Ctrl Pts',(-20.6154041964228,-2.35957831362122,49.051584546054));
#6429=CARTESIAN_POINT('',(-20.6539819490919,1.99387302669591,51.073197604819));
#6430=CARTESIAN_POINT('Ctrl Pts',(-20.6539819490919,1.99387302669591,51.073197604819));
#6431=CARTESIAN_POINT('Ctrl Pts',(-20.650504182954,2.02989824900093,51.0062669896548));
#6432=CARTESIAN_POINT('Ctrl Pts',(-20.6472462098945,2.06266450247503,50.9372899088945));
#6433=CARTESIAN_POINT('Ctrl Pts',(-20.6325769236486,2.20743400480253,50.5879339729057));
#6434=CARTESIAN_POINT('Ctrl Pts',(-20.6260810402146,2.26435,50.2845617192477));
#6435=CARTESIAN_POINT('Ctrl Pts',(-20.6260810402146,2.26435,50.0000008493662));
#6436=CARTESIAN_POINT('',(-20.7443826785197,0.482791142349774,52.49680200592));
#6437=CARTESIAN_POINT('Ctrl Pts',(-20.7443826785197,0.482791142349786,52.49680200592));
#6438=CARTESIAN_POINT('Ctrl Pts',(-20.7392097799609,0.705058242652861,52.4319716729843));
#6439=CARTESIAN_POINT('Ctrl Pts',(-20.7307069662514,0.914866297620221,52.3318285997344));
#6440=CARTESIAN_POINT('Ctrl Pts',(-20.7121046296012,1.26332854456174,52.094526870804));
#6441=CARTESIAN_POINT('Ctrl Pts',(-20.7026674271785,1.40648679433833,51.9681856598128));
#6442=CARTESIAN_POINT('Ctrl Pts',(-20.6786581653059,1.73053533266632,51.6055326912823));
#6443=CARTESIAN_POINT('Ctrl Pts',(-20.6643958525723,1.8859982665561,51.349485388824));
#6444=CARTESIAN_POINT('Ctrl Pts',(-20.6539819490919,1.9938730266959,51.0731976048191));
#6445=CARTESIAN_POINT('Ctrl Pts',(-20.6612104426537,-1.91752002450484,51.6703960894585));
#6446=CARTESIAN_POINT('Ctrl Pts',(-20.6648007891792,-1.87883416768089,51.7148052827707));
#6447=CARTESIAN_POINT('Ctrl Pts',(-20.6683907839999,-1.83896606778101,51.7574505813781));
#6448=CARTESIAN_POINT('Ctrl Pts',(-20.6915610521601,-1.57260403792637,52.0238126112327));
#6449=CARTESIAN_POINT('Ctrl Pts',(-20.71243159595,-1.2868594545808,52.2194740050707));
#6450=CARTESIAN_POINT('Ctrl Pts',(-20.741858737903,-0.660398339503933,52.4791019767157));
#6451=CARTESIAN_POINT('Ctrl Pts',(-20.75,-0.319655029536555,52.5430508493662));
#6452=CARTESIAN_POINT('Ctrl Pts',(-20.75,0.157698513659928,52.5430508493662));
#6453=CARTESIAN_POINT('Ctrl Pts',(-20.7481559782586,0.320661461668518,52.5281520289443));
#6454=CARTESIAN_POINT('Ctrl Pts',(-20.7443826785197,0.482791142349774,52.49680200592));
#6455=CARTESIAN_POINT('',(-1.91752002450483,20.6612104426537,51.6703960894585));
#6456=CARTESIAN_POINT('Ctrl Pts',(-2.52777663834148,20.5954569084217,49.7217050190794));
#6457=CARTESIAN_POINT('Ctrl Pts',(-2.53797855470667,20.5942047795678,49.944346204109));
#6458=CARTESIAN_POINT('Ctrl Pts',(-2.52397513767076,20.5959594703593,50.167709022189));
#6459=CARTESIAN_POINT('Ctrl Pts',(-2.47344872787184,20.6020557293116,50.4563769653889));
#6460=CARTESIAN_POINT('Ctrl Pts',(-2.45891566283446,20.6037988012844,50.5251442712397));
#6461=CARTESIAN_POINT('Ctrl Pts',(-2.43734933517335,20.6063545986075,50.6118914529189));
#6462=CARTESIAN_POINT('Ctrl Pts',(-2.43255232290112,20.6069215143708,50.6304212046875));
#6463=CARTESIAN_POINT('Ctrl Pts',(-2.42611545184672,20.6076797815375,50.6543287433395));
#6464=CARTESIAN_POINT('Ctrl Pts',(-2.42463905923481,20.6078535439447,50.6597508369315));
#6465=CARTESIAN_POINT('Ctrl Pts',(-2.42222798870453,20.6081370440774,50.6685071655223));
#6466=CARTESIAN_POINT('Ctrl Pts',(-2.42130286982558,20.6082457596767,50.6718440577825));
#6467=CARTESIAN_POINT('Ctrl Pts',(-2.41952519780663,20.6084545404059,50.6782126594874));
#6468=CARTESIAN_POINT('Ctrl Pts',(-2.4186736561842,20.6085544977895,50.6812446521801));
#6469=CARTESIAN_POINT('Ctrl Pts',(-2.41671522188085,20.6087842622405,50.688175293236));
#6470=CARTESIAN_POINT('Ctrl Pts',(-2.41560515715852,20.6089144059543,50.6920730305574));
#6471=CARTESIAN_POINT('Ctrl Pts',(-2.41269550134854,20.6092552915335,50.702210406128));
#6472=CARTESIAN_POINT('Ctrl Pts',(-2.41088336260907,20.6094673588747,50.7084463860315));
#6473=CARTESIAN_POINT('Ctrl Pts',(-2.39958664222557,20.6107878242971,50.746847481551));
#6474=CARTESIAN_POINT('Ctrl Pts',(-2.38957513756393,20.6119514750987,50.7788543078689));
#6475=CARTESIAN_POINT('Ctrl Pts',(-2.28251023912255,20.6243081026885,51.1015901664057));
#6476=CARTESIAN_POINT('Ctrl Pts',(-2.14077762870738,20.6401029518361,51.376104972579));
#6477=CARTESIAN_POINT('Ctrl Pts',(-1.94367841527616,20.6587700259001,51.6370258033472));
#6478=CARTESIAN_POINT('Ctrl Pts',(-1.93069879470642,20.6599873509171,51.6537898993356));
#6479=CARTESIAN_POINT('Ctrl Pts',(-1.91752002450484,20.6612104426537,51.6703960894585));
#6480=CARTESIAN_POINT('Ctrl Pts',(-1.08633957309299,20.7215435315985,48.0132579735939));
#6481=CARTESIAN_POINT('Ctrl Pts',(-1.3600693828644,20.7071930791703,48.114568977977));
#6482=CARTESIAN_POINT('Ctrl Pts',(-1.61594327721975,20.6882030688628,48.2608895544577));
#6483=CARTESIAN_POINT('Ctrl Pts',(-2.04546808840694,20.6499681761573,48.6182903688847));
#6484=CARTESIAN_POINT('Ctrl Pts',(-2.22253868287121,20.6310893480572,48.8218882625199));
#6485=CARTESIAN_POINT('Ctrl Pts',(-2.35957831362119,20.6154041964228,49.0515845460539));
#6486=CARTESIAN_POINT('',(1.99387302669591,20.6539819490919,51.073197604819));
#6487=CARTESIAN_POINT('Ctrl Pts',(1.99387302669591,20.6539819490919,51.073197604819));
#6488=CARTESIAN_POINT('Ctrl Pts',(2.02989824900094,20.650504182954,51.0062669896548));
#6489=CARTESIAN_POINT('Ctrl Pts',(2.06266450247503,20.6472462098945,50.9372899088945));
#6490=CARTESIAN_POINT('Ctrl Pts',(2.20743400480253,20.6325769236486,50.5879339729057));
#6491=CARTESIAN_POINT('Ctrl Pts',(2.26435,20.6260810402146,50.2845617192477));
#6492=CARTESIAN_POINT('Ctrl Pts',(2.26435,20.6260810402146,50.0000008493662));
#6493=CARTESIAN_POINT('',(0.482791142349784,20.7443826785197,52.49680200592));
#6494=CARTESIAN_POINT('Ctrl Pts',(0.482791142349897,20.7443826785197,52.49680200592));
#6495=CARTESIAN_POINT('Ctrl Pts',(0.705058242652974,20.7392097799609,52.4319716729843));
#6496=CARTESIAN_POINT('Ctrl Pts',(0.914866297620325,20.7307069662514,52.3318285997343));
#6497=CARTESIAN_POINT('Ctrl Pts',(1.26332854456173,20.7121046296012,52.094526870804));
#6498=CARTESIAN_POINT('Ctrl Pts',(1.40648679433833,20.7026674271785,51.9681856598128));
#6499=CARTESIAN_POINT('Ctrl Pts',(1.73053533266631,20.6786581653059,51.6055326912823));
#6500=CARTESIAN_POINT('Ctrl Pts',(1.8859982665561,20.6643958525723,51.349485388824));
#6501=CARTESIAN_POINT('Ctrl Pts',(1.99387302669591,20.6539819490919,51.073197604819));
#6502=CARTESIAN_POINT('Ctrl Pts',(-1.91752002450483,20.6612104426537,51.6703960894585));
#6503=CARTESIAN_POINT('Ctrl Pts',(-1.87883416768088,20.6648007891792,51.7148052827707));
#6504=CARTESIAN_POINT('Ctrl Pts',(-1.83896606778101,20.6683907839999,51.7574505813781));
#6505=CARTESIAN_POINT('Ctrl Pts',(-1.57260403792637,20.6915610521601,52.0238126112327));
#6506=CARTESIAN_POINT('Ctrl Pts',(-1.2868594545808,20.71243159595,52.2194740050707));
#6507=CARTESIAN_POINT('Ctrl Pts',(-0.660398339503934,20.741858737903,52.4791019767157));
#6508=CARTESIAN_POINT('Ctrl Pts',(-0.319655029536556,20.75,52.5430508493662));
#6509=CARTESIAN_POINT('Ctrl Pts',(0.157698513659931,20.75,52.5430508493662));
#6510=CARTESIAN_POINT('Ctrl Pts',(0.320661461668523,20.7481559782586,52.5281520289443));
#6511=CARTESIAN_POINT('Ctrl Pts',(0.482791142349785,20.7443826785197,52.49680200592));
#6512=CARTESIAN_POINT('',(1.91752002450483,-20.6612104426537,51.6703960894585));
#6513=CARTESIAN_POINT('Ctrl Pts',(2.52777663834149,-20.5954569084217,49.7217050190795));
#6514=CARTESIAN_POINT('Ctrl Pts',(2.53797855470601,-20.5942047795679,49.9443462040948));
#6515=CARTESIAN_POINT('Ctrl Pts',(2.52397513767255,-20.5959594703591,50.1677090221603));
#6516=CARTESIAN_POINT('Ctrl Pts',(2.47344872788062,-20.6020557293105,50.4563769653445));
#6517=CARTESIAN_POINT('Ctrl Pts',(2.45891566284476,-20.6037988012832,50.5251442711934));
#6518=CARTESIAN_POINT('Ctrl Pts',(2.43734933518227,-20.6063545986065,50.6118914528843));
#6519=CARTESIAN_POINT('Ctrl Pts',(2.43255232290683,-20.6069215143701,50.6304212046661));
#6520=CARTESIAN_POINT('Ctrl Pts',(2.42611545184875,-20.6076797815373,50.6543287433321));
#6521=CARTESIAN_POINT('Ctrl Pts',(2.4246390592364,-20.6078535439445,50.6597508369257));
#6522=CARTESIAN_POINT('Ctrl Pts',(2.42222798870567,-20.6081370440773,50.6685071655182));
#6523=CARTESIAN_POINT('Ctrl Pts',(2.4213028698266,-20.6082457596765,50.6718440577789));
#6524=CARTESIAN_POINT('Ctrl Pts',(2.41952519780744,-20.6084545404058,50.6782126594846));
#6525=CARTESIAN_POINT('Ctrl Pts',(2.41867365618508,-20.6085544977894,50.681244652177));
#6526=CARTESIAN_POINT('Ctrl Pts',(2.41671522188255,-20.6087842622403,50.68817529323));
#6527=CARTESIAN_POINT('Ctrl Pts',(2.41560515716013,-20.6089144059541,50.6920730305518));
#6528=CARTESIAN_POINT('Ctrl Pts',(2.4126955013493,-20.6092552915334,50.7022104061254));
#6529=CARTESIAN_POINT('Ctrl Pts',(2.41088336260946,-20.6094673588746,50.7084463860302));
#6530=CARTESIAN_POINT('Ctrl Pts',(2.39958664222549,-20.6107878242971,50.7468474815512));
#6531=CARTESIAN_POINT('Ctrl Pts',(2.38957513756373,-20.6119514750987,50.7788543078695));
#6532=CARTESIAN_POINT('Ctrl Pts',(2.28251023912225,-20.6243081026885,51.1015901664063));
#6533=CARTESIAN_POINT('Ctrl Pts',(2.14077762870721,-20.6401029518361,51.3761049725792));
#6534=CARTESIAN_POINT('Ctrl Pts',(1.94367841527593,-20.6587700259001,51.6370258033475));
#6535=CARTESIAN_POINT('Ctrl Pts',(1.93069879470633,-20.6599873509172,51.6537898993358));
#6536=CARTESIAN_POINT('Ctrl Pts',(1.91752002450491,-20.6612104426537,51.6703960894584));
#6537=CARTESIAN_POINT('Ctrl Pts',(1.086339573093,-20.7215435315985,48.0132579735939));
#6538=CARTESIAN_POINT('Ctrl Pts',(1.36006938286442,-20.7071930791703,48.114568977977));
#6539=CARTESIAN_POINT('Ctrl Pts',(1.61594327721976,-20.6882030688628,48.2608895544577));
#6540=CARTESIAN_POINT('Ctrl Pts',(2.04546808840694,-20.6499681761573,48.6182903688847));
#6541=CARTESIAN_POINT('Ctrl Pts',(2.22253868287122,-20.6310893480572,48.82188826252));
#6542=CARTESIAN_POINT('Ctrl Pts',(2.3595783136212,-20.6154041964228,49.0515845460539));
#6543=CARTESIAN_POINT('',(-1.9938730266959,-20.6539819490919,51.073197604819));
#6544=CARTESIAN_POINT('Ctrl Pts',(-1.9938730266959,-20.6539819490919,51.073197604819));
#6545=CARTESIAN_POINT('Ctrl Pts',(-2.02989824900093,-20.650504182954,51.0062669896548));
#6546=CARTESIAN_POINT('Ctrl Pts',(-2.06266450247502,-20.6472462098945,50.9372899088945));
#6547=CARTESIAN_POINT('Ctrl Pts',(-2.20743400480252,-20.6325769236486,50.5879339729057));
#6548=CARTESIAN_POINT('Ctrl Pts',(-2.26435,-20.6260810402146,50.2845617192477));
#6549=CARTESIAN_POINT('Ctrl Pts',(-2.26435,-20.6260810402146,50.0000008493662));
#6550=CARTESIAN_POINT('',(-0.482791142349801,-20.7443826785197,52.49680200592));
#6551=CARTESIAN_POINT('Ctrl Pts',(-0.48279114234977,-20.7443826785197,52.49680200592));
#6552=CARTESIAN_POINT('Ctrl Pts',(-0.705058242652863,-20.7392097799609,
52.4319716729843));
#6553=CARTESIAN_POINT('Ctrl Pts',(-0.914866297620236,-20.7307069662514,
52.3318285997344));
#6554=CARTESIAN_POINT('Ctrl Pts',(-1.26332854456171,-20.7121046296011,52.094526870804));
#6555=CARTESIAN_POINT('Ctrl Pts',(-1.40648679433831,-20.7026674271785,51.9681856598128));
#6556=CARTESIAN_POINT('Ctrl Pts',(-1.73053533266633,-20.6786581653059,51.6055326912823));
#6557=CARTESIAN_POINT('Ctrl Pts',(-1.88599826655611,-20.6643958525723,51.349485388824));
#6558=CARTESIAN_POINT('Ctrl Pts',(-1.99387302669592,-20.6539819490919,51.073197604819));
#6559=CARTESIAN_POINT('Ctrl Pts',(1.91752002450483,-20.6612104426537,51.6703960894585));
#6560=CARTESIAN_POINT('Ctrl Pts',(1.87883416768088,-20.6648007891792,51.7148052827707));
#6561=CARTESIAN_POINT('Ctrl Pts',(1.83896606778101,-20.6683907839999,51.7574505813781));
#6562=CARTESIAN_POINT('Ctrl Pts',(1.57260403792637,-20.6915610521601,52.0238126112327));
#6563=CARTESIAN_POINT('Ctrl Pts',(1.2868594545808,-20.71243159595,52.2194740050707));
#6564=CARTESIAN_POINT('Ctrl Pts',(0.660398339503938,-20.741858737903,52.4791019767157));
#6565=CARTESIAN_POINT('Ctrl Pts',(0.319655029536559,-20.75,52.5430508493662));
#6566=CARTESIAN_POINT('Ctrl Pts',(-0.157698513659934,-20.75,52.5430508493662));
#6567=CARTESIAN_POINT('Ctrl Pts',(-0.320661461668533,-20.7481559782586,
52.5281520289443));
#6568=CARTESIAN_POINT('Ctrl Pts',(-0.4827911423498,-20.7443826785197,52.49680200592));
#6569=CARTESIAN_POINT('Origin',(-21.,3.85763741731416E-15,50.0000008493662));
#6570=CARTESIAN_POINT('Ctrl Pts',(-20.5567246639479,2.2647200761518,50.0019891299805));
#6571=CARTESIAN_POINT('Ctrl Pts',(-20.5510072089393,2.26612042154321,50.1646096530583));
#6572=CARTESIAN_POINT('Ctrl Pts',(-20.5452897539307,2.25001731498948,50.3269370584663));
#6573=CARTESIAN_POINT('Ctrl Pts',(-20.5395722989221,2.21533794824893,50.4851774190656));
#6574=CARTESIAN_POINT('Ctrl Pts',(-20.5132679191973,2.05578807334976,51.2131961838402));
#6575=CARTESIAN_POINT('Ctrl Pts',(-20.4869635394724,1.50304236747513,51.8547062023087));
#6576=CARTESIAN_POINT('Ctrl Pts',(-20.4606591597475,0.806686048744052,52.119666894872));
#6577=CARTESIAN_POINT('Ctrl Pts',(-20.4343547800226,0.110329730012972,52.3846275874353));
#6578=CARTESIAN_POINT('Ctrl Pts',(-20.4080504002978,-0.729637201574553,
52.2730389540935));
#6579=CARTESIAN_POINT('Ctrl Pts',(-20.3817460205729,-1.33264729727388,51.8352314213778));
#6580=CARTESIAN_POINT('Ctrl Pts',(-20.355441640848,-1.9356573929732,51.3974238886621));
#6581=CARTESIAN_POINT('Ctrl Pts',(-20.3291372611231,-2.30171065278433,50.6333974565725));
#6582=CARTESIAN_POINT('Ctrl Pts',(-20.3028328813983,-2.2652601950623,49.8891141170517));
#6583=CARTESIAN_POINT('Ctrl Pts',(-20.2765285016734,-2.22880973734027,49.1448307775309));
#6584=CARTESIAN_POINT('Ctrl Pts',(-20.2502241219485,-1.78985556208509,48.4202905305789));
#6585=CARTESIAN_POINT('Ctrl Pts',(-20.2239197422236,-1.14702645864001,48.0434395018424));
#6586=CARTESIAN_POINT('Ctrl Pts',(-20.1976153624988,-0.504197355194931,
47.6665884731059));
#6587=CARTESIAN_POINT('Ctrl Pts',(-20.1713109827739,0.342506676440037,47.6374266625848));
#6588=CARTESIAN_POINT('Ctrl Pts',(-20.145006603049,1.00974809918452,47.969179312905));
#6589=CARTESIAN_POINT('Ctrl Pts',(-20.1187022233241,1.67698952192901,48.3009319632252));
#6590=CARTESIAN_POINT('Ctrl Pts',(-20.0923978435993,2.16476833578302,48.9935990743867));
#6591=CARTESIAN_POINT('Ctrl Pts',(-20.0660934638744,2.25229210407469,49.7336038209118));
#6592=CARTESIAN_POINT('Ctrl Pts',(-20.0629705305656,2.26268318320948,49.8214593603995));
#6593=CARTESIAN_POINT('Ctrl Pts',(-20.0598475972567,2.26743261280232,49.909982130324));
#6594=CARTESIAN_POINT('Ctrl Pts',(-20.0567246639479,2.26677728203881,49.9985756962307));
#6595=CARTESIAN_POINT('Ctrl Pts',(-20.1932753360521,2.265157932559,50.0020038773672));
#6596=CARTESIAN_POINT('Ctrl Pts',(-20.2144872921495,2.25964665413585,49.3991159973149));
#6597=CARTESIAN_POINT('Ctrl Pts',(-20.2356992482468,2.01169400095038,48.7921890783659));
#6598=CARTESIAN_POINT('Ctrl Pts',(-20.2569112043442,1.58078375738867,48.3734626327038));
#6599=CARTESIAN_POINT('Ctrl Pts',(-20.2833825873274,1.04303089592007,47.8509144972357));
#6600=CARTESIAN_POINT('Ctrl Pts',(-20.3098539703105,0.220345359418012,47.6214641457182));
#6601=CARTESIAN_POINT('Ctrl Pts',(-20.3363253532937,-0.510156144998971,
47.790040443165));
#6602=CARTESIAN_POINT('Ctrl Pts',(-20.3627967362769,-1.24065764941595,47.9586167406118));
#6603=CARTESIAN_POINT('Ctrl Pts',(-20.3892681192601,-1.87897512174786,48.525219687023));
#6604=CARTESIAN_POINT('Ctrl Pts',(-20.4157395022433,-2.13347186765712,49.2306633615407));
#6605=CARTESIAN_POINT('Ctrl Pts',(-20.4422108852265,-2.38796861356638,49.9361070360585));
#6606=CARTESIAN_POINT('Ctrl Pts',(-20.4686822682096,-2.25864463305301,50.7803914386829));
#6607=CARTESIAN_POINT('Ctrl Pts',(-20.4951536511928,-1.80331574549621,51.3762598175324));
#6608=CARTESIAN_POINT('Ctrl Pts',(-20.521625034176,-1.34798685793941,51.9721281963819));
#6609=CARTESIAN_POINT('Ctrl Pts',(-20.5480964171592,-0.566653063339187,
52.3195805514565));
#6610=CARTESIAN_POINT('Ctrl Pts',(-20.5745678001424,0.179562394804208,52.2606629749803));
#6611=CARTESIAN_POINT('Ctrl Pts',(-20.6010391831255,0.925777852947604,52.201745398504));
#6612=CARTESIAN_POINT('Ctrl Pts',(-20.6275105661087,1.63687497463417,51.736457890477));
#6613=CARTESIAN_POINT('Ctrl Pts',(-20.6539819490919,1.9938730266959,51.073197604819));
#6614=CARTESIAN_POINT('Ctrl Pts',(-20.6154041964228,-2.35957831362124,49.051584546054));
#6615=CARTESIAN_POINT('Ctrl Pts',(-20.589099816698,-2.04607875030349,48.2716245555404));
#6616=CARTESIAN_POINT('Ctrl Pts',(-20.5364910572482,-0.590390174433529,
47.0600144245739));
#6617=CARTESIAN_POINT('Ctrl Pts',(-20.4575779180736,2.14238601870608,47.8977073795874));
#6618=CARTESIAN_POINT('Ctrl Pts',(-20.378664778899,2.92959649667967,50.6420501539649));
#6619=CARTESIAN_POINT('Ctrl Pts',(-20.2997516397243,1.067260770324,52.8034546000083));
#6620=CARTESIAN_POINT('Ctrl Pts',(-20.2208385005498,-1.76279364534538,52.4274851509128));
#6621=CARTESIAN_POINT('Ctrl Pts',(-20.1419253613751,-2.99611677431753,49.8532928862997));
#6622=CARTESIAN_POINT('Ctrl Pts',(-20.0630122222005,-1.51717259777764,47.4121392549999));
#6623=CARTESIAN_POINT('Ctrl Pts',(-19.9840990830258,1.33558075879177,47.313885969626));
#6624=CARTESIAN_POINT('Ctrl Pts',(-19.9051859438513,2.97902710662417,49.6476511963432));
#6625=CARTESIAN_POINT('Ctrl Pts',(-19.8262728046766,1.92535880270054,52.300400609105));
#6626=CARTESIAN_POINT('Ctrl Pts',(-19.747359665502,-0.871521856657413,52.8704196915914));
#6627=CARTESIAN_POINT('Ctrl Pts',(-19.6684465263273,-2.87932874073077,50.8416016373261));
#6628=CARTESIAN_POINT('Ctrl Pts',(-19.5895333871528,-2.2802447931321,48.0508155881951));
#6629=CARTESIAN_POINT('Ctrl Pts',(-19.5106202479781,0.383338494627193,47.0247880960949));
#6630=CARTESIAN_POINT('Ctrl Pts',(-19.4317071088035,2.69985182113302,48.6924703212904));
#6631=CARTESIAN_POINT('Ctrl Pts',(-19.3527939696289,2.57196440703888,51.5439687726837));
#6632=CARTESIAN_POINT('Ctrl Pts',(-19.2738808304543,0.115462216292834,52.9975842326555));
#6633=CARTESIAN_POINT('Ctrl Pts',(-19.1949676912796,-2.44557736618569,51.7372367648319));
#6634=CARTESIAN_POINT('Ctrl Pts',(-19.116054552105,-2.79243143234972,48.9040244636631));
#6635=CARTESIAN_POINT('Ctrl Pts',(-19.0371414129304,-0.611063846255954,
47.0630911689451));
#6636=CARTESIAN_POINT('Ctrl Pts',(-18.9582282737558,2.1235508932867,47.8811877245796));
#6637=CARTESIAN_POINT('Ctrl Pts',(-18.8793151345811,2.9355375111827,50.6176229096804));
#6638=CARTESIAN_POINT('Ctrl Pts',(-18.8004019954065,1.08973662670152,52.7948732193674));
#6639=CARTESIAN_POINT('Ctrl Pts',(-18.7214888562319,-1.74269391550126,52.4416919422357));
#6640=CARTESIAN_POINT('Ctrl Pts',(-18.6425757170573,-2.99731798289371,49.8778436144866));
#6641=CARTESIAN_POINT('Ctrl Pts',(-18.5636625778827,-1.53821952842791,47.4245944423063));
#6642=CARTESIAN_POINT('Ctrl Pts',(-18.484749438708,1.31355764714818,47.3030759734317));
#6643=CARTESIAN_POINT('Ctrl Pts',(-18.4058362995334,2.97606128239794,49.6233090352918));
#6644=CARTESIAN_POINT('Ctrl Pts',(-18.3269231603588,1.94408786439681,52.2845926848285));
#6645=CARTESIAN_POINT('Ctrl Pts',(-18.2480100211841,-0.848030806899685,
52.8774443726494));
#6646=CARTESIAN_POINT('Ctrl Pts',(-18.1690968820095,-2.87235630035642,50.8651059083077));
#6647=CARTESIAN_POINT('Ctrl Pts',(-18.0901837428349,-2.29609752978468,48.0695155184488));
#6648=CARTESIAN_POINT('Ctrl Pts',(-18.0112706036603,0.359010269313433,47.0217548713282));
#6649=CARTESIAN_POINT('Ctrl Pts',(-17.9323574644856,2.68907606130777,48.6704492649284));
#6650=CARTESIAN_POINT('Ctrl Pts',(-17.853444325311,2.58449651041382,51.52289784747));
#6651=CARTESIAN_POINT('Ctrl Pts',(-17.7745311861364,0.139956226046844,52.9965404759966));
#6652=CARTESIAN_POINT('Ctrl Pts',(-17.6956180469618,-2.43129812894725,51.7571652945317));
#6653=CARTESIAN_POINT('Ctrl Pts',(-17.6167049077872,-2.80129505133016,48.9268822564005));
#6654=CARTESIAN_POINT('Ctrl Pts',(-17.5377917686125,-0.635045398577399,
47.0681831843465));
#6655=CARTESIAN_POINT('Ctrl Pts',(-17.4588786294379,2.10616393806635,47.8639037202157));
#6656=CARTESIAN_POINT('Ctrl Pts',(-17.3799654902633,2.94048700364074,50.5936115472105));
#6657=CARTESIAN_POINT('Ctrl Pts',(-17.3010523510887,1.11254138435347,52.7858739884872));
#6658=CARTESIAN_POINT('Ctrl Pts',(-17.222139211914,-1.72268094947536,52.4558526008964));
#6659=CARTESIAN_POINT('Ctrl Pts',(-17.1432260727394,-2.99821621782071,49.9023433336884));
#6660=CARTESIAN_POINT('Ctrl Pts',(-17.0643129335648,-1.55921571802334,47.4372515787898));
#6661=CARTESIAN_POINT('Ctrl Pts',(-16.9853997943902,1.29147310888257,47.2924309632438));
#6662=CARTESIAN_POINT('Ctrl Pts',(-16.9064866552155,2.97288337380414,49.5989996961334));
#6663=CARTESIAN_POINT('Ctrl Pts',(-16.8275735160409,1.96269381190632,52.2686282934081));
#6664=CARTESIAN_POINT('Ctrl Pts',(-16.7486603768663,-0.824486522969943,
52.8842788270965));
#6665=CARTESIAN_POINT('Ctrl Pts',(-16.6697472376917,-2.86519028824504,50.8885514055881));
#6666=CARTESIAN_POINT('Ctrl Pts',(-16.5908340985171,-2.31179777945219,48.088344890235));
#6667=CARTESIAN_POINT('Ctrl Pts',(-16.5119209593424,0.334658506629827,47.0189203129579));
#6668=CARTESIAN_POINT('Ctrl Pts',(-16.4330078201678,2.67812047133588,48.6485171398324));
#6669=CARTESIAN_POINT('Ctrl Pts',(-16.3540946809932,2.59685610580418,51.5017251402792));
#6670=CARTESIAN_POINT('Ctrl Pts',(-16.2751815418186,0.164440829460487,52.9952966114829));
#6671=CARTESIAN_POINT('Ctrl Pts',(-16.1962684026439,-2.4168564708074,51.7769764411128));
#6672=CARTESIAN_POINT('Ctrl Pts',(-16.1173552634693,-2.80997158843492,48.9498117390912));
#6673=CARTESIAN_POINT('Ctrl Pts',(-16.0384421242947,-0.658984517518899,
47.0734710019079));
#6674=CARTESIAN_POINT('Ctrl Pts',(-15.9595289851201,2.08863628506613,47.8467624165192));
#6675=CARTESIAN_POINT('Ctrl Pts',(-15.8806158459454,2.94524014055157,50.5695604842133));
#6676=CARTESIAN_POINT('Ctrl Pts',(-15.8017027067708,1.13527175167109,52.7766887881101));
#6677=CARTESIAN_POINT('Ctrl Pts',(-15.7227895675962,-1.70255276213617,52.4698490289246));
#6678=CARTESIAN_POINT('Ctrl Pts',(-15.6438764284216,-2.99891451662111,49.9268499731598));
#6679=CARTESIAN_POINT('Ctrl Pts',(-15.564963289247,-1.58010713695203,47.4500790986597));
#6680=CARTESIAN_POINT('Ctrl Pts',(-15.4860501500723,1.26930106892488,47.2819683477358));
#6681=CARTESIAN_POINT('Ctrl Pts',(-15.4071370108977,2.96950935890339,49.5747140710408));
#6682=CARTESIAN_POINT('Ctrl Pts',(-15.3282238717231,1.98116381413558,52.2525184442592));
#6683=CARTESIAN_POINT('Ctrl Pts',(-15.2493107325484,-0.8008775751519,52.8909086461673));
#6684=CARTESIAN_POINT('Ctrl Pts',(-15.1703975933738,-2.8578518726799,50.9119612565313));
#6685=CARTESIAN_POINT('Ctrl Pts',(-15.0914844541992,-2.32730613381759,48.1072550971484));
#6686=CARTESIAN_POINT('Ctrl Pts',(-15.0125713150246,0.310210294844686,47.0163774608089));
#6687=CARTESIAN_POINT('Ctrl Pts',(-14.93365817585,2.66713246674171,48.6264922490371));
#6688=CARTESIAN_POINT('Ctrl Pts',(-14.8547450366754,2.60875273037355,51.4808140298961));
#6689=CARTESIAN_POINT('Ctrl Pts',(-14.7758318975007,0.189487133420096,52.9931359230241));
#6690=CARTESIAN_POINT('Ctrl Pts',(-14.6969187583261,-2.40339031606044,51.7981028139079));
#6691=CARTESIAN_POINT('Ctrl Pts',(-14.6180056191515,-2.81615366795271,48.9697779344068));
#6692=CARTESIAN_POINT('Ctrl Pts',(-14.5653968597017,-1.39743967604294,47.715075201271));
#6693=CARTESIAN_POINT('Ctrl Pts',(-14.5390924799768,-0.578903081567804,
47.5237184493457));
#6694=CARTESIAN_POINT('Ctrl Pts',(-20.6690400364306,-2.2733807062854,49.086231082527));
#6695=CARTESIAN_POINT('Ctrl Pts',(-20.6427356567057,-1.97133357584636,48.3347637614925));
#6696=CARTESIAN_POINT('Ctrl Pts',(-20.5901268972559,-0.568822668012155,
47.1674148842043));
#6697=CARTESIAN_POINT('Ctrl Pts',(-20.5112137580813,2.06412264946922,47.9745061304348));
#6698=CARTESIAN_POINT('Ctrl Pts',(-20.4323006189067,2.82257559086124,50.6185954911005));
#6699=CARTESIAN_POINT('Ctrl Pts',(-20.3533874797321,1.02827273408283,52.7010418069313));
#6700=CARTESIAN_POINT('Ctrl Pts',(-20.2744743405574,-1.69839714128428,52.3388068741924));
#6701=CARTESIAN_POINT('Ctrl Pts',(-20.1955612013828,-2.88666582041017,49.8586522656941));
#6702=CARTESIAN_POINT('Ctrl Pts',(-20.1166480622082,-1.46174886079506,47.5066762645422));
#6703=CARTESIAN_POINT('Ctrl Pts',(-20.0377349230336,1.28679074188618,47.412012263772));
#6704=CARTESIAN_POINT('Ctrl Pts',(-19.9588217838589,2.87020045429513,49.6605228594114));
#6705=CARTESIAN_POINT('Ctrl Pts',(-19.8799086446843,1.85502364107538,52.2163648498082));
#6706=CARTESIAN_POINT('Ctrl Pts',(-19.8009955055097,-0.839684346390814,
52.765560600955));
#6707=CARTESIAN_POINT('Ctrl Pts',(-19.7220823663351,-2.77414416315114,50.8108571717429));
#6708=CARTESIAN_POINT('Ctrl Pts',(-19.6431692271605,-2.19694531365589,48.1220211526797));
#6709=CARTESIAN_POINT('Ctrl Pts',(-19.5642560879858,0.36933478013048,47.1334754065211));
#6710=CARTESIAN_POINT('Ctrl Pts',(-19.4853429488112,2.6012237036429,48.7402356369775));
#6711=CARTESIAN_POINT('Ctrl Pts',(-19.4064298096366,2.47800813664942,51.487566177345));
#6712=CARTESIAN_POINT('Ctrl Pts',(-19.327516670462,0.111244273313497,52.8880797021477));
#6713=CARTESIAN_POINT('Ctrl Pts',(-19.2486035312873,-2.35623813285617,51.6737739085976));
#6714=CARTESIAN_POINT('Ctrl Pts',(-19.1696903921128,-2.69042129489065,48.944061508248));
#6715=CARTESIAN_POINT('Ctrl Pts',(-19.0907772529381,-0.588741111226295,
47.17037923222));
#6716=CARTESIAN_POINT('Ctrl Pts',(-19.0118641137635,2.04597558883483,47.9585899539076));
#6717=CARTESIAN_POINT('Ctrl Pts',(-18.9329509745888,2.8282995745362,50.5950605969445));
#6718=CARTESIAN_POINT('Ctrl Pts',(-18.8540378354142,1.04992752636116,52.6927739121681));
#6719=CARTESIAN_POINT('Ctrl Pts',(-18.7751246962396,-1.67903167341005,52.3524946781129));
#6720=CARTESIAN_POINT('Ctrl Pts',(-18.696211557065,-2.88782314771122,49.8823061327698));
#6721=CARTESIAN_POINT('Ctrl Pts',(-18.6172984178904,-1.48202692734223,47.5186764521826));
#6722=CARTESIAN_POINT('Ctrl Pts',(-18.5383852787157,1.26557215515232,47.4015971668704));
#6723=CARTESIAN_POINT('Ctrl Pts',(-18.4594721395411,2.86734297440763,49.6370699403183));
#6724=CARTESIAN_POINT('Ctrl Pts',(-18.3805590003665,1.87306851259387,52.2011344038217));
#6725=CARTESIAN_POINT('Ctrl Pts',(-18.3016458611918,-0.817051446697965,
52.77232866383));
#6726=CARTESIAN_POINT('Ctrl Pts',(-18.2227327220172,-2.76742643255865,50.833502809676));
#6727=CARTESIAN_POINT('Ctrl Pts',(-18.1438195828426,-2.21221893498041,48.1400379569545));
#6728=CARTESIAN_POINT('Ctrl Pts',(-18.064906443668,0.345895287689312,47.1305529882979));
#6729=CARTESIAN_POINT('Ctrl Pts',(-17.9859933044934,2.59084159242376,48.7190190304439));
#6730=CARTESIAN_POINT('Ctrl Pts',(-17.9070801653187,2.49008243054223,51.4672649927783));
#6731=CARTESIAN_POINT('Ctrl Pts',(-17.8281670261441,0.134843493933929,52.8870740748979));
#6732=CARTESIAN_POINT('Ctrl Pts',(-17.7492538869695,-2.34248052953741,51.6929744304293));
#6733=CARTESIAN_POINT('Ctrl Pts',(-17.6703407477949,-2.69896111756222,48.966084284393));
#6734=CARTESIAN_POINT('Ctrl Pts',(-17.5914276086203,-0.611846594964477,
47.1752852315262));
#6735=CARTESIAN_POINT('Ctrl Pts',(-17.5125144694456,2.02922379538478,47.9419373504227));
#6736=CARTESIAN_POINT('Ctrl Pts',(-17.433601330271,2.83306825739579,50.5719263920506));
#6737=CARTESIAN_POINT('Ctrl Pts',(-17.3546881910964,1.07189920484208,52.6841034316265));
#6738=CARTESIAN_POINT('Ctrl Pts',(-17.2757750519218,-1.65974979979043,52.3661380346406));
#6739=CARTESIAN_POINT('Ctrl Pts',(-17.1968619127471,-2.88868856927445,49.9059108542665));
#6740=CARTESIAN_POINT('Ctrl Pts',(-17.1179487735725,-1.50225610645283,47.5308712116073));
#6741=CARTESIAN_POINT('Ctrl Pts',(-17.0390356343979,1.24429438576852,47.3913410288818));
#6742=CARTESIAN_POINT('Ctrl Pts',(-16.9601224952233,2.86428115779328,49.6136486441034));
#6743=CARTESIAN_POINT('Ctrl Pts',(-16.8812093560487,1.89099476740224,52.1857532065827));
#6744=CARTESIAN_POINT('Ctrl Pts',(-16.802296216874,-0.794367257527303,52.7789134492505));
#6745=CARTESIAN_POINT('Ctrl Pts',(-16.7233830776994,-2.76052220158612,50.8560918209661));
#6746=CARTESIAN_POINT('Ctrl Pts',(-16.6444699385248,-2.22734563981235,48.1581794741414));
#6747=CARTESIAN_POINT('Ctrl Pts',(-16.5655567993501,0.322433117720483,47.1278219790016));
#6748=CARTESIAN_POINT('Ctrl Pts',(-16.4866436601755,2.58028622042178,48.6978881064338));
#6749=CARTESIAN_POINT('Ctrl Pts',(-16.4077305210009,2.50199051832882,51.4468657444255));
#6750=CARTESIAN_POINT('Ctrl Pts',(-16.3288173818263,0.158433651836422,52.8858756499207));
#6751=CARTESIAN_POINT('Ctrl Pts',(-16.2499042426517,-2.328566438705,51.7120618572575));
#6752=CARTESIAN_POINT('Ctrl Pts',(-16.170991103477,-2.70732069263436,48.9881761315902));
#6753=CARTESIAN_POINT('Ctrl Pts',(-16.0920779643024,-0.634911195453854,
47.180379880156));
#6754=CARTESIAN_POINT('Ctrl Pts',(-16.0131648251278,2.01233644397663,47.9254222346162));
#6755=CARTESIAN_POINT('Ctrl Pts',(-15.9342516859532,2.83764775776033,50.5487539369266));
#6756=CARTESIAN_POINT('Ctrl Pts',(-15.8553385467785,1.09379921053732,52.6752537752282));
#6757=CARTESIAN_POINT('Ctrl Pts',(-15.7764254076039,-1.64035691400009,52.3796231600345));
#6758=CARTESIAN_POINT('Ctrl Pts',(-15.6975122684293,-2.88936135856519,49.9295222432291));
#6759=CARTESIAN_POINT('Ctrl Pts',(-15.6185991292547,-1.52238434226736,47.5432301301536));
#6760=CARTESIAN_POINT('Ctrl Pts',(-15.5396859900801,1.22293231121145,47.3812606225246));
#6761=CARTESIAN_POINT('Ctrl Pts',(-15.4607728509054,2.86103039881919,49.5902501956574));
#6762=CARTESIAN_POINT('Ctrl Pts',(-15.3818597117308,1.90879004313886,52.1702318653223));
#6763=CARTESIAN_POINT('Ctrl Pts',(-15.3029465725562,-0.771620766700782,
52.7853010748168));
#6764=CARTESIAN_POINT('Ctrl Pts',(-15.2240334333816,-2.75345186521958,50.8786464881132));
#6765=CARTESIAN_POINT('Ctrl Pts',(-15.1451202942069,-2.24228745945741,48.1763988734726));
#6766=CARTESIAN_POINT('Ctrl Pts',(-15.0662071550323,0.298878022026191,47.1253720196248));
#6767=CARTESIAN_POINT('Ctrl Pts',(-14.9872940158577,2.56969961793405,48.6766678055424));
#6768=CARTESIAN_POINT('Ctrl Pts',(-14.9083808766831,2.51345254805244,51.4267185365038));
#6769=CARTESIAN_POINT('Ctrl Pts',(-14.8294677375084,0.182564990837479,52.8837938934365));
#6770=CARTESIAN_POINT('Ctrl Pts',(-14.7505545983338,-2.31559221521224,51.7324164638534));
#6771=CARTESIAN_POINT('Ctrl Pts',(-14.6716414591592,-2.71327693499315,49.0074129430774));
#6772=CARTESIAN_POINT('Ctrl Pts',(-14.6190326997094,-1.34638989491226,47.7985456767662));
#6773=CARTESIAN_POINT('Ctrl Pts',(-14.5927283199846,-0.557755209415212,
47.6141793663398));
#6774=CARTESIAN_POINT('Ctrl Pts',(-20.7226758764383,-2.18718309894955,49.120877619));
#6775=CARTESIAN_POINT('Ctrl Pts',(-20.6963714967134,-1.89658840138924,48.3979029674446));
#6776=CARTESIAN_POINT('Ctrl Pts',(-20.6437627372637,-0.547255161590782,
47.2748153438348));
#6777=CARTESIAN_POINT('Ctrl Pts',(-20.564849598089,1.98585928023236,48.0513048812821));
#6778=CARTESIAN_POINT('Ctrl Pts',(-20.4859364589144,2.71555468504282,50.5951408282362));
#6779=CARTESIAN_POINT('Ctrl Pts',(-20.4070233197398,0.989284697841665,52.5986290138541));
#6780=CARTESIAN_POINT('Ctrl Pts',(-20.3281101805652,-1.63400063722318,52.2501285974722));
#6781=CARTESIAN_POINT('Ctrl Pts',(-20.2491970413905,-2.77721486650282,49.8640116450884));
#6782=CARTESIAN_POINT('Ctrl Pts',(-20.1702839022159,-1.40632512381248,47.6012132740847));
#6783=CARTESIAN_POINT('Ctrl Pts',(-20.0913707630413,1.23800072498059,47.5101385579178));
#6784=CARTESIAN_POINT('Ctrl Pts',(-20.0124576238667,2.76137380196608,49.6733945224799));
#6785=CARTESIAN_POINT('Ctrl Pts',(-19.933544484692,1.78468847945021,52.1323290905112));
#6786=CARTESIAN_POINT('Ctrl Pts',(-19.8546313455174,-0.807846836124215,
52.6607015103188));
#6787=CARTESIAN_POINT('Ctrl Pts',(-19.7757182063428,-2.6689595855715,50.7801127061595));
#6788=CARTESIAN_POINT('Ctrl Pts',(-19.6968050671682,-2.11364583417968,48.1932267171645));
#6789=CARTESIAN_POINT('Ctrl Pts',(-19.6178919279935,0.355331065633767,47.242162716947));
#6790=CARTESIAN_POINT('Ctrl Pts',(-19.5389787888189,2.50259558615278,48.7880009526647));
#6791=CARTESIAN_POINT('Ctrl Pts',(-19.4600656496443,2.38405186625996,51.4311635820062));
#6792=CARTESIAN_POINT('Ctrl Pts',(-19.3811525104697,0.107026330334161,52.7785751716401));
#6793=CARTESIAN_POINT('Ctrl Pts',(-19.302239371295,-2.26689889952664,51.6103110523633));
#6794=CARTESIAN_POINT('Ctrl Pts',(-19.2233262321204,-2.58841115743158,48.984098552833));
#6795=CARTESIAN_POINT('Ctrl Pts',(-19.1444130929458,-0.566418376196634,
47.2776672954949));
#6796=CARTESIAN_POINT('Ctrl Pts',(-19.0654999537712,1.96840028438296,48.0359921832356));
#6797=CARTESIAN_POINT('Ctrl Pts',(-18.9865868145966,2.72106163788971,50.5724982842085));
#6798=CARTESIAN_POINT('Ctrl Pts',(-18.907673675422,1.01011842602079,52.5906746049689));
#6799=CARTESIAN_POINT('Ctrl Pts',(-18.8287605362473,-1.61536943131883,52.26329741399));
#6800=CARTESIAN_POINT('Ctrl Pts',(-18.7498473970727,-2.77832831252873,49.8867686510531));
#6801=CARTESIAN_POINT('Ctrl Pts',(-18.6709342578981,-1.42583432625654,47.6127584620588));
#6802=CARTESIAN_POINT('Ctrl Pts',(-18.5920211187235,1.21758666315647,47.5001183603091));
#6803=CARTESIAN_POINT('Ctrl Pts',(-18.5131079795488,2.75862466641731,49.6508308453448));
#6804=CARTESIAN_POINT('Ctrl Pts',(-18.4341948403742,1.80204916079093,52.1176761228147));
#6805=CARTESIAN_POINT('Ctrl Pts',(-18.3552817011996,-0.786072086496247,
52.6672129550107));
#6806=CARTESIAN_POINT('Ctrl Pts',(-18.276368562025,-2.66249656476089,50.8018997110441));
#6807=CARTESIAN_POINT('Ctrl Pts',(-18.1974554228503,-2.12834034017614,48.2105603954603));
#6808=CARTESIAN_POINT('Ctrl Pts',(-18.1185422836757,0.332780306065194,47.2393511052676));
#6809=CARTESIAN_POINT('Ctrl Pts',(-18.0396291445011,2.49260712353975,48.7675887959595));
#6810=CARTESIAN_POINT('Ctrl Pts',(-17.9607160053265,2.39566835067064,51.4116321380865));
#6811=CARTESIAN_POINT('Ctrl Pts',(-17.8818028661518,0.12973076182101,52.7776076737992));
#6812=CARTESIAN_POINT('Ctrl Pts',(-17.8028897269772,-2.25366293012756,51.6287835663268));
#6813=CARTESIAN_POINT('Ctrl Pts',(-17.7239765878026,-2.59662718379427,49.0052863123856));
#6814=CARTESIAN_POINT('Ctrl Pts',(-17.645063448628,-0.588647791351555,47.282387278706));
#6815=CARTESIAN_POINT('Ctrl Pts',(-17.5661503094533,1.95228365270321,48.0199709806297));
#6816=CARTESIAN_POINT('Ctrl Pts',(-17.4872371702787,2.72564951115084,50.5502412368905));
#6817=CARTESIAN_POINT('Ctrl Pts',(-17.4083240311041,1.03125702533069,52.582332874766));
#6818=CARTESIAN_POINT('Ctrl Pts',(-17.3294108919295,-1.5968186501055,52.2764234683846));
#6819=CARTESIAN_POINT('Ctrl Pts',(-17.2504977527548,-2.7791609207282,49.9094783748447));
#6820=CARTESIAN_POINT('Ctrl Pts',(-17.1715846135802,-1.44529649488233,47.6244908444248));
#6821=CARTESIAN_POINT('Ctrl Pts',(-17.0926714744056,1.19711566265447,47.4902510945199));
#6822=CARTESIAN_POINT('Ctrl Pts',(-17.013758335231,2.75567894178243,49.6282975920735));
#6823=CARTESIAN_POINT('Ctrl Pts',(-16.9348451960564,1.81929572289816,52.1028781197573));
#6824=CARTESIAN_POINT('Ctrl Pts',(-16.8559320568817,-0.764247992084662,
52.6735480714045));
#6825=CARTESIAN_POINT('Ctrl Pts',(-16.7770189177071,-2.6558541149272,50.8236322363441));
#6826=CARTESIAN_POINT('Ctrl Pts',(-16.6981057785325,-2.1428935001725,48.2280140580478));
#6827=CARTESIAN_POINT('Ctrl Pts',(-16.6191926393579,0.310207728811137,47.2367236450453));
#6828=CARTESIAN_POINT('Ctrl Pts',(-16.5402795001833,2.48245196950768,48.7472590730351));
#6829=CARTESIAN_POINT('Ctrl Pts',(-16.4613663610086,2.40712493085346,51.3920063485718));
#6830=CARTESIAN_POINT('Ctrl Pts',(-16.382453221834,0.152426474212357,52.7764546883585));
#6831=CARTESIAN_POINT('Ctrl Pts',(-16.3035400826594,-2.2402764066026,51.6471472734022));
#6832=CARTESIAN_POINT('Ctrl Pts',(-16.2246269434848,-2.6046697968338,49.0265405240891));
#6833=CARTESIAN_POINT('Ctrl Pts',(-16.1457138043101,-0.610837873388814,
47.2872887584042));
#6834=CARTESIAN_POINT('Ctrl Pts',(-16.0668006651355,1.93603660288714,48.0040820527131));
#6835=CARTESIAN_POINT('Ctrl Pts',(-15.9878875259609,2.7300553749691,50.52794738964));
#6836=CARTESIAN_POINT('Ctrl Pts',(-15.9089743867863,1.05232666940354,52.5738187623463));
#6837=CARTESIAN_POINT('Ctrl Pts',(-15.8300612476116,-1.57816106586402,52.2893972911444));
#6838=CARTESIAN_POINT('Ctrl Pts',(-15.751148108437,-2.77980820050927,49.9321945132983));
#6839=CARTESIAN_POINT('Ctrl Pts',(-15.6722349692624,-1.4646615475827,47.6363811616475));
#6840=CARTESIAN_POINT('Ctrl Pts',(-15.5933218300878,1.17656355349803,47.4805528973133));
#6841=CARTESIAN_POINT('Ctrl Pts',(-15.5144086909131,2.75255143873499,49.6057863202741));
#6842=CARTESIAN_POINT('Ctrl Pts',(-15.4354955517385,1.83641627214215,52.0879452863853));
#6843=CARTESIAN_POINT('Ctrl Pts',(-15.3565824125639,-0.742363958249668,
52.6796935034663));
#6844=CARTESIAN_POINT('Ctrl Pts',(-15.2776692733893,-2.64905185775926,50.8453317196951));
#6845=CARTESIAN_POINT('Ctrl Pts',(-15.1987561342146,-2.15726878509723,48.2455426497966));
#6846=CARTESIAN_POINT('Ctrl Pts',(-15.11984299504,0.287545749207698,47.2343665784409));
#6847=CARTESIAN_POINT('Ctrl Pts',(-15.0409298558654,2.4722667691264,48.7268433620476));
#6848=CARTESIAN_POINT('Ctrl Pts',(-14.9620167166908,2.41815236573133,51.3726230431115));
#6849=CARTESIAN_POINT('Ctrl Pts',(-14.8831035775161,0.175642848254861,52.7744518638489));
#6850=CARTESIAN_POINT('Ctrl Pts',(-14.8041904383415,-2.22779411436404,51.666730113799));
#6851=CARTESIAN_POINT('Ctrl Pts',(-14.7252772991669,-2.61040020203359,49.045047951748));
#6852=CARTESIAN_POINT('Ctrl Pts',(-14.6726685397172,-1.29534011378157,47.8820161522614));
#6853=CARTESIAN_POINT('Ctrl Pts',(-14.6463641599923,-0.536607337262619,
47.7046402833339));
#6854=CARTESIAN_POINT('Ctrl Pts',(-20.776311716446,-2.10098549161371,49.1555241554731));
#6855=CARTESIAN_POINT('Ctrl Pts',(-20.7500073367211,-1.82184322693211,48.4610421733966));
#6856=CARTESIAN_POINT('Ctrl Pts',(-20.6973985772714,-0.525687655169406,
47.3822158034652));
#6857=CARTESIAN_POINT('Ctrl Pts',(-20.6184854380968,1.9075959109955,48.1281036321296));
#6858=CARTESIAN_POINT('Ctrl Pts',(-20.5395722989221,2.6085337792244,50.5716861653718));
#6859=CARTESIAN_POINT('Ctrl Pts',(-20.4606591597475,0.950296661600496,52.4962162207771));
#6860=CARTESIAN_POINT('Ctrl Pts',(-20.3817460205729,-1.56960413316208,52.1614503207517));
#6861=CARTESIAN_POINT('Ctrl Pts',(-20.3028328813983,-2.66776391259546,49.8693710244829));
#6862=CARTESIAN_POINT('Ctrl Pts',(-20.2239197422236,-1.3509013868299,47.6957502836269));
#6863=CARTESIAN_POINT('Ctrl Pts',(-20.145006603049,1.18921070807501,47.6082648520638));
#6864=CARTESIAN_POINT('Ctrl Pts',(-20.0660934638744,2.65254714963703,49.6862661855481));
#6865=CARTESIAN_POINT('Ctrl Pts',(-19.9871803246998,1.71435331782504,52.0482933312144));
#6866=CARTESIAN_POINT('Ctrl Pts',(-19.9082671855251,-0.776009325857617,
52.5558424196825));
#6867=CARTESIAN_POINT('Ctrl Pts',(-19.8293540463505,-2.56377500799187,50.7493682405763));
#6868=CARTESIAN_POINT('Ctrl Pts',(-19.7504409071759,-2.03034635470347,48.2644322816492));
#6869=CARTESIAN_POINT('Ctrl Pts',(-19.6715277680013,0.341327351137054,47.350850027373));
#6870=CARTESIAN_POINT('Ctrl Pts',(-19.5926146288267,2.40396746866265,48.8357662683519));
#6871=CARTESIAN_POINT('Ctrl Pts',(-19.513701489652,2.2900955958705,51.3747609866675));
#6872=CARTESIAN_POINT('Ctrl Pts',(-19.4347883504774,0.102808387354822,52.6690706411324));
#6873=CARTESIAN_POINT('Ctrl Pts',(-19.3558752113028,-2.17755966619712,51.5468481961289));
#6874=CARTESIAN_POINT('Ctrl Pts',(-19.2769620721281,-2.4864010199725,49.0241355974179));
#6875=CARTESIAN_POINT('Ctrl Pts',(-19.1980489329535,-0.544095641166974,
47.3849553587697));
#6876=CARTESIAN_POINT('Ctrl Pts',(-19.1191357937789,1.89082497993109,48.1133944125636));
#6877=CARTESIAN_POINT('Ctrl Pts',(-19.0402226546043,2.61382370124321,50.5499359714726));
#6878=CARTESIAN_POINT('Ctrl Pts',(-18.9613095154297,0.970309325680425,52.4885752977695));
#6879=CARTESIAN_POINT('Ctrl Pts',(-18.882396376255,-1.55170718922762,52.1741001498672));
#6880=CARTESIAN_POINT('Ctrl Pts',(-18.8034832370804,-2.66883347734624,49.8912311693363));
#6881=CARTESIAN_POINT('Ctrl Pts',(-18.7245700979058,-1.36964172517086,47.7068404719352));
#6882=CARTESIAN_POINT('Ctrl Pts',(-18.6456569587312,1.16960117116061,47.5986395537478));
#6883=CARTESIAN_POINT('Ctrl Pts',(-18.5667438195566,2.649906358427,49.6645917503712));
#6884=CARTESIAN_POINT('Ctrl Pts',(-18.4878306803819,1.73102980898799,52.0342178418079));
#6885=CARTESIAN_POINT('Ctrl Pts',(-18.4089175412073,-0.755092726294529,
52.5620972461913));
#6886=CARTESIAN_POINT('Ctrl Pts',(-18.3300044020327,-2.55756669696312,50.7702966124123));
#6887=CARTESIAN_POINT('Ctrl Pts',(-18.251091262858,-2.04446174537187,48.2810828339661));
#6888=CARTESIAN_POINT('Ctrl Pts',(-18.1721781236834,0.319665324441076,47.3481492222373));
#6889=CARTESIAN_POINT('Ctrl Pts',(-18.0932649845088,2.39437265465573,48.816158561475));
#6890=CARTESIAN_POINT('Ctrl Pts',(-18.0143518453342,2.30125427079905,51.3559992833948));
#6891=CARTESIAN_POINT('Ctrl Pts',(-17.9354387061596,0.124618029708095,52.6681412727006));
#6892=CARTESIAN_POINT('Ctrl Pts',(-17.8565255669849,-2.16484533071772,51.5645927022243));
#6893=CARTESIAN_POINT('Ctrl Pts',(-17.7776124278103,-2.49429325002633,49.0444883403781));
#6894=CARTESIAN_POINT('Ctrl Pts',(-17.6986992886357,-0.565448987738634,
47.3894893258857));
#6895=CARTESIAN_POINT('Ctrl Pts',(-17.6197861494611,1.87534351002164,48.0980046108368));
#6896=CARTESIAN_POINT('Ctrl Pts',(-17.5408730102864,2.61823076490588,50.5285560817304));
#6897=CARTESIAN_POINT('Ctrl Pts',(-17.4619598711118,0.9906148458193,52.4805623179054));
#6898=CARTESIAN_POINT('Ctrl Pts',(-17.3830467319372,-1.53388750042057,52.1867089021286));
#6899=CARTESIAN_POINT('Ctrl Pts',(-17.3041335927626,-2.66963327218195,49.913045895423));
#6900=CARTESIAN_POINT('Ctrl Pts',(-17.2252204535879,-1.38833688331183,47.7181104772423));
#6901=CARTESIAN_POINT('Ctrl Pts',(-17.1463073144133,1.14993693954042,47.5891611601579));
#6902=CARTESIAN_POINT('Ctrl Pts',(-17.0673941752387,2.64707672577157,49.6429465400436));
#6903=CARTESIAN_POINT('Ctrl Pts',(-16.9884810360641,1.74759667839408,52.0200030329318));
#6904=CARTESIAN_POINT('Ctrl Pts',(-16.9095678968895,-0.734128726642021,
52.5681826935586));
#6905=CARTESIAN_POINT('Ctrl Pts',(-16.8306547577148,-2.55118602826828,50.7911726517221));
#6906=CARTESIAN_POINT('Ctrl Pts',(-16.7517416185402,-2.05844136053265,48.2978486419543));
#6907=CARTESIAN_POINT('Ctrl Pts',(-16.6728284793656,0.297982339901793,47.345625311089));
#6908=CARTESIAN_POINT('Ctrl Pts',(-16.5939153401909,2.38461771859358,48.7966300396365));
#6909=CARTESIAN_POINT('Ctrl Pts',(-16.5150022010164,2.31225934337811,51.3371469527181));
#6910=CARTESIAN_POINT('Ctrl Pts',(-16.4360890618417,0.146419296588289,52.6670337267963));
#6911=CARTESIAN_POINT('Ctrl Pts',(-16.3571759226671,-2.1519863745002,51.5822326895469));
#6912=CARTESIAN_POINT('Ctrl Pts',(-16.2782627834925,-2.50201890103325,49.0649049165881));
#6913=CARTESIAN_POINT('Ctrl Pts',(-16.1993496443179,-0.586764551323768,
47.3941976366523));
#6914=CARTESIAN_POINT('Ctrl Pts',(-16.1204365051432,1.85973676179764,48.0827418708101));
#6915=CARTESIAN_POINT('Ctrl Pts',(-16.0415233659686,2.62246299217787,50.5071408423534));
#6916=CARTESIAN_POINT('Ctrl Pts',(-15.962610226794,1.01085412826977,52.4723837494644));
#6917=CARTESIAN_POINT('Ctrl Pts',(-15.8836970876194,-1.51596521772794,52.1991714222543));
#6918=CARTESIAN_POINT('Ctrl Pts',(-15.8047839484447,-2.67025504245335,49.9348667833675));
#6919=CARTESIAN_POINT('Ctrl Pts',(-15.7258708092701,-1.40693875289803,47.7295321931415));
#6920=CARTESIAN_POINT('Ctrl Pts',(-15.6469576700955,1.13019479578461,47.579845172102));
#6921=CARTESIAN_POINT('Ctrl Pts',(-15.5680445309209,2.64407247865079,49.6213224448908));
#6922=CARTESIAN_POINT('Ctrl Pts',(-15.4891313917462,1.76404250114544,52.0056587074484));
#6923=CARTESIAN_POINT('Ctrl Pts',(-15.4102182525716,-0.713107149798551,
52.5740859321159));
#6924=CARTESIAN_POINT('Ctrl Pts',(-15.331305113397,-2.54465185029894,50.812016951277));
#6925=CARTESIAN_POINT('Ctrl Pts',(-15.2523919742224,-2.07225011073705,48.3146864261208));
#6926=CARTESIAN_POINT('Ctrl Pts',(-15.1734788350477,0.276213476389204,47.3433611372568));
#6927=CARTESIAN_POINT('Ctrl Pts',(-15.0945656958731,2.37483392031875,48.7770189185529));
#6928=CARTESIAN_POINT('Ctrl Pts',(-15.0156525566985,2.32285218341022,51.3185275497191));
#6929=CARTESIAN_POINT('Ctrl Pts',(-14.9367394175239,0.168720705672241,52.6651098342613));
#6930=CARTESIAN_POINT('Ctrl Pts',(-14.8578262783492,-2.13999601351584,51.6010437637445));
#6931=CARTESIAN_POINT('Ctrl Pts',(-14.7789131391746,-2.50752346907403,49.0826829604186));
#6932=CARTESIAN_POINT('Ctrl Pts',(-14.7263043797249,-1.24429033265089,47.9654866277565));
#6933=CARTESIAN_POINT('Ctrl Pts',(-14.7,-0.515459465110027,47.795101200328));
#6934=CARTESIAN_POINT('Ctrl Pts',(-20.3958171439247,2.54346562574595,50.0022338508971));
#6935=CARTESIAN_POINT('Ctrl Pts',(-20.3900996889162,2.5450383279994,50.1848699810063));
#6936=CARTESIAN_POINT('Ctrl Pts',(-20.3580778541827,2.44374881914525,51.2059191253118));
#6937=CARTESIAN_POINT('Ctrl Pts',(-20.2997516397243,1.067260770324,52.8034546000083));
#6938=CARTESIAN_POINT('Ctrl Pts',(-20.2208385005498,-1.76279364534538,52.4274851509128));
#6939=CARTESIAN_POINT('Ctrl Pts',(-20.1419253613751,-2.99611677431753,49.8532928862997));
#6940=CARTESIAN_POINT('Ctrl Pts',(-20.0630122222005,-1.51717259777764,47.4121392549999));
#6941=CARTESIAN_POINT('Ctrl Pts',(-19.9840990830258,1.33558075879177,47.313885969626));
#6942=CARTESIAN_POINT('Ctrl Pts',(-19.9283673902673,2.49624991833354,48.9620866108178));
#6943=CARTESIAN_POINT('Ctrl Pts',(-19.8989400772336,2.54651202596196,49.8989024752367));
#6944=CARTESIAN_POINT('Ctrl Pts',(-19.8958171439247,2.54577603598773,49.9984002859899));
#6945=CARTESIAN_POINT('Ctrl Pts',(-14.7,-0.515459465110058,47.7951012003281));
#6946=CARTESIAN_POINT('Ctrl Pts',(-14.7,-0.593717937981209,47.8084429040063));
#6947=CARTESIAN_POINT('Ctrl Pts',(-14.7,-0.671013152052857,47.8261840768157));
#6948=CARTESIAN_POINT('Ctrl Pts',(-14.7,-0.747120662914334,47.8480345375401));
#6949=CARTESIAN_POINT('Ctrl Pts',(-14.7,-0.825162774591957,47.8704404220154));
#6950=CARTESIAN_POINT('Ctrl Pts',(-14.7,-0.901956757313928,47.897167412765));
#6951=CARTESIAN_POINT('Ctrl Pts',(-14.7,-0.977254941455217,47.9279566804464));
#6952=CARTESIAN_POINT('Ctrl Pts',(-14.7,-0.99331395025503,47.9345231750607));
#6953=CARTESIAN_POINT('Ctrl Pts',(-14.7,-1.00930487931439,47.941274625253));
#6954=CARTESIAN_POINT('Ctrl Pts',(-14.7,-1.02522524343573,47.948208809476));
#6955=CARTESIAN_POINT('Ctrl Pts',(-14.7,-1.04108804081667,47.9551179202534));
#6956=CARTESIAN_POINT('Ctrl Pts',(-14.7,-1.05687186138106,47.9622045823732));
#6957=CARTESIAN_POINT('Ctrl Pts',(-14.7,-1.07257194439299,47.9694648596377));
#6958=CARTESIAN_POINT('Ctrl Pts',(-14.7,-1.14793115441885,48.0043136409344));
#6959=CARTESIAN_POINT('Ctrl Pts',(-14.7,-1.2213807819673,48.0431663200143));
#6960=CARTESIAN_POINT('Ctrl Pts',(-14.7,-1.29266411427528,48.0857403483179));
#6961=CARTESIAN_POINT('Ctrl Pts',(-14.7,-1.34581861920464,48.1174869196981));
#6962=CARTESIAN_POINT('Ctrl Pts',(-14.7,-1.39776850823111,48.1513039042711));
#6963=CARTESIAN_POINT('Ctrl Pts',(-14.7,-1.44840096274997,48.187091826845));
#6964=CARTESIAN_POINT('Ctrl Pts',(-14.7,-1.46459976945439,48.1985414325502));
#6965=CARTESIAN_POINT('Ctrl Pts',(-14.7,-1.48066367542222,48.2101928796895));
#6966=CARTESIAN_POINT('Ctrl Pts',(-14.7,-1.49658881569645,48.2220432013235));
#6967=CARTESIAN_POINT('Ctrl Pts',(-14.7,-1.50817034553874,48.2306613265821));
#6968=CARTESIAN_POINT('Ctrl Pts',(-14.7,-1.51967024845499,48.2393785117126));
#6969=CARTESIAN_POINT('Ctrl Pts',(-14.7,-1.53108722091911,48.2481931323124));
#6970=CARTESIAN_POINT('Ctrl Pts',(-14.7,-1.59790754111529,48.2997826209218));
#6971=CARTESIAN_POINT('Ctrl Pts',(-14.7,-1.66188925257889,48.3547062077007));
#6972=CARTESIAN_POINT('Ctrl Pts',(-14.7,-1.72277593426673,48.4126785056362));
#6973=CARTESIAN_POINT('Ctrl Pts',(-14.7,-1.78400671019992,48.4709784275045));
#6974=CARTESIAN_POINT('Ctrl Pts',(-14.7,-1.84210820505573,48.532362154477));
#6975=CARTESIAN_POINT('Ctrl Pts',(-14.7,-1.89679555042203,48.5965854622771));
#6976=CARTESIAN_POINT('Ctrl Pts',(-14.7,-1.95073643070593,48.6599321421035));
#6977=CARTESIAN_POINT('Ctrl Pts',(-14.7,-2.00135644760131,48.7260420467907));
#6978=CARTESIAN_POINT('Ctrl Pts',(-14.7,-2.04834750652184,48.794716543969));
#6979=CARTESIAN_POINT('Ctrl Pts',(-14.7,-2.06564264166539,48.8199923035901));
#6980=CARTESIAN_POINT('Ctrl Pts',(-14.7,-2.08244579471579,48.8456157733414));
#6981=CARTESIAN_POINT('Ctrl Pts',(-14.7,-2.0987400977621,48.8715780349398));
#6982=CARTESIAN_POINT('Ctrl Pts',(-14.7,-2.1079494341643,48.8862515806656));
#6983=CARTESIAN_POINT('Ctrl Pts',(-14.7,-2.11699822521424,48.9010369673713));
#6984=CARTESIAN_POINT('Ctrl Pts',(-14.7,-2.12586927939671,48.9159084639222));
#6985=CARTESIAN_POINT('Ctrl Pts',(-14.7,-2.16977691263915,48.9895155237928));
#6986=CARTESIAN_POINT('Ctrl Pts',(-14.7,-2.20940155413226,49.0653337505905));
#6987=CARTESIAN_POINT('Ctrl Pts',(-14.7,-2.24446256930277,49.1431079756536));
#6988=CARTESIAN_POINT('Ctrl Pts',(-14.7,-2.24942006030455,49.1541049481898));
#6989=CARTESIAN_POINT('Ctrl Pts',(-14.7,-2.254286252788,49.1651410885368));
#6990=CARTESIAN_POINT('Ctrl Pts',(-14.7,-2.25906029251497,49.1762157341826));
#6991=CARTESIAN_POINT('Ctrl Pts',(-14.7,-2.29177172471949,49.252098538045));
#6992=CARTESIAN_POINT('Ctrl Pts',(-14.7,-2.32016043009361,49.3297868979545));
#6993=CARTESIAN_POINT('Ctrl Pts',(-14.7,-2.34433027022173,49.4089203744891));
#6994=CARTESIAN_POINT('Ctrl Pts',(-14.7,-2.36905447172747,49.4898688627423));
#6995=CARTESIAN_POINT('Ctrl Pts',(-14.7,-2.38936423463185,49.5723303264766));
#6996=CARTESIAN_POINT('Ctrl Pts',(-14.7,-2.40532116101587,49.6559405574896));
#6997=CARTESIAN_POINT('Ctrl Pts',(-14.7,-2.41155158958128,49.6885864166687));
#6998=CARTESIAN_POINT('Ctrl Pts',(-14.7,-2.41711787398065,49.7214075714243));
#6999=CARTESIAN_POINT('Ctrl Pts',(-14.7,-2.42202160860567,49.7543827808021));
#7000=CARTESIAN_POINT('Ctrl Pts',(-14.7,-2.42394161118988,49.767293856148));
#7001=CARTESIAN_POINT('Ctrl Pts',(-14.7,-2.42575973079336,49.780226965397));
#7002=CARTESIAN_POINT('Ctrl Pts',(-14.7,-2.42747469959778,49.7931688815363));
#7003=CARTESIAN_POINT('Ctrl Pts',(-14.7,-2.43878686828571,49.8785355296851));
#7004=CARTESIAN_POINT('Ctrl Pts',(-14.7,-2.44563648268478,49.9644242086485));
#7005=CARTESIAN_POINT('Ctrl Pts',(-14.7,-2.44814562077861,50.0504462057727));
#7006=CARTESIAN_POINT('Ctrl Pts',(-14.7,-2.45069861931016,50.1379718915372));
#7007=CARTESIAN_POINT('Ctrl Pts',(-14.7,-2.4487581741143,50.2256365182355));
#7008=CARTESIAN_POINT('Ctrl Pts',(-14.7,-2.44240127454671,50.3130486644256));
#7009=CARTESIAN_POINT('Ctrl Pts',(-14.7,-2.43603098932057,50.4006448734801));
#7010=CARTESIAN_POINT('Ctrl Pts',(-14.7,-2.4252256229275,50.4879885507201));
#7011=CARTESIAN_POINT('Ctrl Pts',(-14.7,-2.41001074715457,50.5746890582858));
#7012=CARTESIAN_POINT('Ctrl Pts',(-14.7,-2.40556749436075,50.6000085073707));
#7013=CARTESIAN_POINT('Ctrl Pts',(-14.7,-2.40074784643783,50.6252730710351));
#7014=CARTESIAN_POINT('Ctrl Pts',(-14.7,-2.39555160793418,50.6504728779588));
#7015=CARTESIAN_POINT('Ctrl Pts',(-14.7,-2.39175417471205,50.6688890041501));
#7016=CARTESIAN_POINT('Ctrl Pts',(-14.7,-2.38775560613153,50.687270543701));
#7017=CARTESIAN_POINT('Ctrl Pts',(-14.7,-2.3835556989415,50.7056136035738));
#7018=CARTESIAN_POINT('Ctrl Pts',(-14.7,-2.38053820940335,50.7187924641436));
#7019=CARTESIAN_POINT('Ctrl Pts',(-14.7,-2.37741672780531,50.7319513884094));
#7020=CARTESIAN_POINT('Ctrl Pts',(-14.7,-2.37419478380458,50.7450750504064));
#7021=CARTESIAN_POINT('Ctrl Pts',(-14.7,-2.3528331853873,50.8320853762472));
#7022=CARTESIAN_POINT('Ctrl Pts',(-14.7,-2.32702539833794,50.9176990863871));
#7023=CARTESIAN_POINT('Ctrl Pts',(-14.7,-2.29685621555949,51.0015163572462));
#7024=CARTESIAN_POINT('Ctrl Pts',(-14.7,-2.26680811411941,51.0849972349251));
#7025=CARTESIAN_POINT('Ctrl Pts',(-14.7,-2.23243346523858,51.166697092045));
#7026=CARTESIAN_POINT('Ctrl Pts',(-14.7,-2.19376481872355,51.2462172692857));
#7027=CARTESIAN_POINT('Ctrl Pts',(-14.7,-2.15606813076538,51.323738661369));
#7028=CARTESIAN_POINT('Ctrl Pts',(-14.7,-2.11429036478833,51.3991894490368));
#7029=CARTESIAN_POINT('Ctrl Pts',(-14.7,-2.06841553147408,51.4721829097432));
#7030=CARTESIAN_POINT('Ctrl Pts',(-14.7,-2.05775105246846,51.4891516303469));
#7031=CARTESIAN_POINT('Ctrl Pts',(-14.7,-2.04686496730885,51.5059874452365));
#7032=CARTESIAN_POINT('Ctrl Pts',(-14.7,-2.03575672481698,51.5226852796389));
#7033=CARTESIAN_POINT('Ctrl Pts',(-14.7,-2.01766182513807,51.5498854095053));
#7034=CARTESIAN_POINT('Ctrl Pts',(-14.7,-1.99897746411615,51.5767194387332));
#7035=CARTESIAN_POINT('Ctrl Pts',(-14.7,-1.9797203186858,51.603179811556));
#7036=CARTESIAN_POINT('Origin',(-22.1041828560753,4.06047251736905E-15,
50.0000008493662));
#7037=CARTESIAN_POINT('Ctrl Pts',(-20.3541828560753,2.54395737425494,50.0022504134168));
#7038=CARTESIAN_POINT('Ctrl Pts',(-20.3489234291894,2.54549206684694,50.1701329793632));
#7039=CARTESIAN_POINT('Ctrl Pts',(-20.3171926193204,2.45376156823669,51.1813079731442));
#7040=CARTESIAN_POINT('Ctrl Pts',(-20.2589904264683,1.0999416990654,52.7977150108504));
#7041=CARTESIAN_POINT('Ctrl Pts',(-20.1795762775187,-1.75496902183832,52.4407664025642));
#7042=CARTESIAN_POINT('Ctrl Pts',(-20.1001621285692,-3.00232443993727,49.8481692265503));
#7043=CARTESIAN_POINT('Ctrl Pts',(-20.0207479796196,-1.49977178599103,47.3946639696883));
#7044=CARTESIAN_POINT('Ctrl Pts',(-19.9413338306701,1.37651357273289,47.3274889736405));
#7045=CARTESIAN_POINT('Ctrl Pts',(-19.8858121228219,2.50595054863085,48.9919353195474));
#7046=CARTESIAN_POINT('Ctrl Pts',(-19.856761797957,2.54682292477953,49.9164637812466));
#7047=CARTESIAN_POINT('Ctrl Pts',(-19.8541828560753,2.54627502063307,49.9985877928352));
#7048=CARTESIAN_POINT('Origin',(2.57175827820944E-15,21.,50.0000008493662));
#7049=CARTESIAN_POINT('Ctrl Pts',(2.2647200761518,20.5567246639479,50.0019891299805));
#7050=CARTESIAN_POINT('Ctrl Pts',(2.26612042154321,20.5510072089393,50.1646096530583));
#7051=CARTESIAN_POINT('Ctrl Pts',(2.25001731498947,20.5452897539307,50.3269370584664));
#7052=CARTESIAN_POINT('Ctrl Pts',(2.21533794824891,20.5395722989221,50.4851774190657));
#7053=CARTESIAN_POINT('Ctrl Pts',(2.05578807334971,20.5132679191972,51.2131961838403));
#7054=CARTESIAN_POINT('Ctrl Pts',(1.50304236747505,20.4869635394724,51.8547062023087));
#7055=CARTESIAN_POINT('Ctrl Pts',(0.806686048743956,20.4606591597475,52.119666894872));
#7056=CARTESIAN_POINT('Ctrl Pts',(0.110329730012865,20.4343547800226,52.3846275874353));
#7057=CARTESIAN_POINT('Ctrl Pts',(-0.729637201574653,20.4080504002977,52.2730389540935));
#7058=CARTESIAN_POINT('Ctrl Pts',(-1.33264729727396,20.3817460205729,51.8352314213778));
#7059=CARTESIAN_POINT('Ctrl Pts',(-1.93565739297327,20.355441640848,51.397423888662));
#7060=CARTESIAN_POINT('Ctrl Pts',(-2.30171065278436,20.3291372611231,50.6333974565724));
#7061=CARTESIAN_POINT('Ctrl Pts',(-2.2652601950623,20.3028328813983,49.8891141170516));
#7062=CARTESIAN_POINT('Ctrl Pts',(-2.22880973734024,20.2765285016734,49.1448307775308));
#7063=CARTESIAN_POINT('Ctrl Pts',(-1.78985556208503,20.2502241219485,48.4202905305788));
#7064=CARTESIAN_POINT('Ctrl Pts',(-1.14702645863993,20.2239197422236,48.0434395018423));
#7065=CARTESIAN_POINT('Ctrl Pts',(-0.504197355194837,20.1976153624988,47.6665884731058));
#7066=CARTESIAN_POINT('Ctrl Pts',(0.342506676440128,20.1713109827739,47.6374266625849));
#7067=CARTESIAN_POINT('Ctrl Pts',(1.0097480991846,20.145006603049,47.9691793129051));
#7068=CARTESIAN_POINT('Ctrl Pts',(1.67698952192908,20.1187022233241,48.3009319632253));
#7069=CARTESIAN_POINT('Ctrl Pts',(2.16476833578306,20.0923978435992,48.9935990743868));
#7070=CARTESIAN_POINT('Ctrl Pts',(2.25229210407471,20.0660934638744,49.7336038209119));
#7071=CARTESIAN_POINT('Ctrl Pts',(2.26268318320949,20.0629705305655,49.8214593603996));
#7072=CARTESIAN_POINT('Ctrl Pts',(2.26743261280233,20.0598475972567,49.909982130324));
#7073=CARTESIAN_POINT('Ctrl Pts',(2.26677728203882,20.0567246639479,49.9985756962307));
#7074=CARTESIAN_POINT('Ctrl Pts',(2.265157932559,20.1932753360521,50.0020038773672));
#7075=CARTESIAN_POINT('Ctrl Pts',(2.25964665413584,20.2144872921495,49.3991159973149));
#7076=CARTESIAN_POINT('Ctrl Pts',(2.01169400095037,20.2356992482468,48.7921890783659));
#7077=CARTESIAN_POINT('Ctrl Pts',(1.58078375738865,20.2569112043442,48.3734626327038));
#7078=CARTESIAN_POINT('Ctrl Pts',(1.04303089592005,20.2833825873274,47.8509144972357));
#7079=CARTESIAN_POINT('Ctrl Pts',(0.220345359417992,20.3098539703105,47.6214641457182));
#7080=CARTESIAN_POINT('Ctrl Pts',(-0.510156144998989,20.3363253532937,47.790040443165));
#7081=CARTESIAN_POINT('Ctrl Pts',(-1.24065764941597,20.3627967362769,47.9586167406118));
#7082=CARTESIAN_POINT('Ctrl Pts',(-1.87897512174787,20.3892681192601,48.525219687023));
#7083=CARTESIAN_POINT('Ctrl Pts',(-2.13347186765713,20.4157395022433,49.2306633615408));
#7084=CARTESIAN_POINT('Ctrl Pts',(-2.38796861356639,20.4422108852265,49.9361070360585));
#7085=CARTESIAN_POINT('Ctrl Pts',(-2.258644633053,20.4686822682096,50.7803914386829));
#7086=CARTESIAN_POINT('Ctrl Pts',(-1.8033157454962,20.4951536511928,51.3762598175324));
#7087=CARTESIAN_POINT('Ctrl Pts',(-1.34798685793939,20.521625034176,51.9721281963819));
#7088=CARTESIAN_POINT('Ctrl Pts',(-0.56665306333917,20.5480964171592,52.3195805514565));
#7089=CARTESIAN_POINT('Ctrl Pts',(0.179562394804224,20.5745678001424,52.2606629749802));
#7090=CARTESIAN_POINT('Ctrl Pts',(0.925777852947615,20.6010391831255,52.201745398504));
#7091=CARTESIAN_POINT('Ctrl Pts',(1.63687497463418,20.6275105661087,51.736457890477));
#7092=CARTESIAN_POINT('Ctrl Pts',(1.9938730266959,20.6539819490919,51.073197604819));
#7093=CARTESIAN_POINT('Ctrl Pts',(-2.3595783136212,20.6154041964228,49.0515845460539));
#7094=CARTESIAN_POINT('Ctrl Pts',(-2.04607875030341,20.589099816698,48.2716245555403));
#7095=CARTESIAN_POINT('Ctrl Pts',(-0.590390174433397,20.5364910572482,47.0600144245738));
#7096=CARTESIAN_POINT('Ctrl Pts',(2.14238601870617,20.4575779180736,47.8977073795875));
#7097=CARTESIAN_POINT('Ctrl Pts',(2.92959649667964,20.378664778899,50.6420501539649));
#7098=CARTESIAN_POINT('Ctrl Pts',(1.06726077032387,20.2997516397243,52.8034546000084));
#7099=CARTESIAN_POINT('Ctrl Pts',(-1.76279364534549,20.2208385005497,52.4274851509127));
#7100=CARTESIAN_POINT('Ctrl Pts',(-2.99611677431752,20.1419253613751,49.8532928862996));
#7101=CARTESIAN_POINT('Ctrl Pts',(-1.51717259777753,20.0630122222005,47.4121392549998));
#7102=CARTESIAN_POINT('Ctrl Pts',(1.33558075879187,19.9840990830258,47.313885969626));
#7103=CARTESIAN_POINT('Ctrl Pts',(2.97902710662419,19.9051859438512,49.6476511963433));
#7104=CARTESIAN_POINT('Ctrl Pts',(1.92535880270045,19.8262728046766,52.300400609105));
#7105=CARTESIAN_POINT('Ctrl Pts',(-0.871521856657522,19.747359665502,52.8704196915913));
#7106=CARTESIAN_POINT('Ctrl Pts',(-2.8793287407308,19.6684465263273,50.841601637326));
#7107=CARTESIAN_POINT('Ctrl Pts',(-2.28024479313203,19.5895333871528,48.050815588195));
#7108=CARTESIAN_POINT('Ctrl Pts',(0.383338494627296,19.5106202479781,47.024788096095));
#7109=CARTESIAN_POINT('Ctrl Pts',(2.69985182113307,19.4317071088035,48.6924703212905));
#7110=CARTESIAN_POINT('Ctrl Pts',(2.57196440703882,19.3527939696288,51.5439687726838));
#7111=CARTESIAN_POINT('Ctrl Pts',(0.115462216292728,19.2738808304543,52.9975842326555));
#7112=CARTESIAN_POINT('Ctrl Pts',(-2.44557736618576,19.1949676912796,51.7372367648318));
#7113=CARTESIAN_POINT('Ctrl Pts',(-2.79243143234968,19.116054552105,48.904024463663));
#7114=CARTESIAN_POINT('Ctrl Pts',(-0.61106384625586,19.0371414129304,47.0630911689451));
#7115=CARTESIAN_POINT('Ctrl Pts',(2.12355089328676,18.9582282737558,47.8811877245796));
#7116=CARTESIAN_POINT('Ctrl Pts',(2.93553751118268,18.8793151345811,50.6176229096805));
#7117=CARTESIAN_POINT('Ctrl Pts',(1.08973662670144,18.8004019954065,52.7948732193674));
#7118=CARTESIAN_POINT('Ctrl Pts',(-1.74269391550134,18.7214888562319,52.4416919422357));
#7119=CARTESIAN_POINT('Ctrl Pts',(-2.99731798289371,18.6425757170573,49.8778436144864));
#7120=CARTESIAN_POINT('Ctrl Pts',(-1.53821952842783,18.5636625778826,47.4245944423063));
#7121=CARTESIAN_POINT('Ctrl Pts',(1.31355764714825,18.484749438708,47.3030759734316));
#7122=CARTESIAN_POINT('Ctrl Pts',(2.97606128239796,18.4058362995334,49.623309035292));
#7123=CARTESIAN_POINT('Ctrl Pts',(1.94408786439674,18.3269231603588,52.2845926848285));
#7124=CARTESIAN_POINT('Ctrl Pts',(-0.848030806899766,18.2480100211841,52.8774443726493));
#7125=CARTESIAN_POINT('Ctrl Pts',(-2.87235630035644,18.1690968820095,50.8651059083077));
#7126=CARTESIAN_POINT('Ctrl Pts',(-2.29609752978463,18.0901837428349,48.0695155184486));
#7127=CARTESIAN_POINT('Ctrl Pts',(0.359010269313509,18.0112706036603,47.0217548713283));
#7128=CARTESIAN_POINT('Ctrl Pts',(2.6890760613078,17.9323574644856,48.6704492649284));
#7129=CARTESIAN_POINT('Ctrl Pts',(2.58449651041379,17.853444325311,51.5228978474702));
#7130=CARTESIAN_POINT('Ctrl Pts',(0.139956226046777,17.7745311861364,52.9965404759966));
#7131=CARTESIAN_POINT('Ctrl Pts',(-2.43129812894728,17.6956180469618,51.7571652945317));
#7132=CARTESIAN_POINT('Ctrl Pts',(-2.80129505133015,17.6167049077872,48.9268822564004));
#7133=CARTESIAN_POINT('Ctrl Pts',(-0.635045398577335,17.5377917686125,47.0681831843465));
#7134=CARTESIAN_POINT('Ctrl Pts',(2.10616393806639,17.4588786294379,47.8639037202157));
#7135=CARTESIAN_POINT('Ctrl Pts',(2.94048700364073,17.3799654902633,50.5936115472106));
#7136=CARTESIAN_POINT('Ctrl Pts',(1.11254138435342,17.3010523510887,52.7858739884871));
#7137=CARTESIAN_POINT('Ctrl Pts',(-1.7226809494754,17.222139211914,52.4558526008965));
#7138=CARTESIAN_POINT('Ctrl Pts',(-2.9982162178207,17.1432260727394,49.9023433336882));
#7139=CARTESIAN_POINT('Ctrl Pts',(-1.5592157180233,17.0643129335648,47.4372515787898));
#7140=CARTESIAN_POINT('Ctrl Pts',(1.29147310888262,16.9853997943902,47.2924309632438));
#7141=CARTESIAN_POINT('Ctrl Pts',(2.97288337380415,16.9064866552156,49.5989996961334));
#7142=CARTESIAN_POINT('Ctrl Pts',(1.96269381190627,16.8275735160409,52.2686282934082));
#7143=CARTESIAN_POINT('Ctrl Pts',(-0.824486522969974,16.7486603768663,52.8842788270964));
#7144=CARTESIAN_POINT('Ctrl Pts',(-2.86519028824505,16.6697472376917,50.8885514055881));
#7145=CARTESIAN_POINT('Ctrl Pts',(-2.31179777945218,16.590834098517,48.0883448902349));
#7146=CARTESIAN_POINT('Ctrl Pts',(0.334658506629861,16.5119209593424,47.018920312958));
#7147=CARTESIAN_POINT('Ctrl Pts',(2.67812047133591,16.4330078201678,48.6485171398324));
#7148=CARTESIAN_POINT('Ctrl Pts',(2.59685610580415,16.3540946809932,51.5017251402793));
#7149=CARTESIAN_POINT('Ctrl Pts',(0.164440829460465,16.2751815418186,52.9952966114828));
#7150=CARTESIAN_POINT('Ctrl Pts',(-2.41685647080741,16.1962684026439,51.7769764411129));
#7151=CARTESIAN_POINT('Ctrl Pts',(-2.80997158843492,16.1173552634693,48.9498117390911));
#7152=CARTESIAN_POINT('Ctrl Pts',(-0.65898451751888,16.0384421242947,47.0734710019079));
#7153=CARTESIAN_POINT('Ctrl Pts',(2.08863628506616,15.9595289851201,47.8467624165193));
#7154=CARTESIAN_POINT('Ctrl Pts',(2.94524014055156,15.8806158459455,50.5695604842133));
#7155=CARTESIAN_POINT('Ctrl Pts',(1.13527175167106,15.8017027067708,52.7766887881101));
#7156=CARTESIAN_POINT('Ctrl Pts',(-1.70255276213616,15.7227895675962,52.4698490289246));
#7157=CARTESIAN_POINT('Ctrl Pts',(-2.99891451662111,15.6438764284216,49.9268499731599));
#7158=CARTESIAN_POINT('Ctrl Pts',(-1.58010713695203,15.5649632892469,47.4500790986596));
#7159=CARTESIAN_POINT('Ctrl Pts',(1.2693010689249,15.4860501500723,47.2819683477358));
#7160=CARTESIAN_POINT('Ctrl Pts',(2.96950935890337,15.4071370108977,49.5747140710408));
#7161=CARTESIAN_POINT('Ctrl Pts',(1.98116381413559,15.3282238717231,52.2525184442591));
#7162=CARTESIAN_POINT('Ctrl Pts',(-0.800877575151869,15.2493107325485,52.8909086461674));
#7163=CARTESIAN_POINT('Ctrl Pts',(-2.85785187267989,15.1703975933738,50.9119612565313));
#7164=CARTESIAN_POINT('Ctrl Pts',(-2.3273061338176,15.0914844541992,48.1072550971485));
#7165=CARTESIAN_POINT('Ctrl Pts',(0.310210294844694,15.0125713150246,47.0163774608088));
#7166=CARTESIAN_POINT('Ctrl Pts',(2.66713246674169,14.93365817585,48.6264922490373));
#7167=CARTESIAN_POINT('Ctrl Pts',(2.60875273037356,14.8547450366753,51.4808140298959));
#7168=CARTESIAN_POINT('Ctrl Pts',(0.189487133420147,14.7758318975007,52.9931359230242));
#7169=CARTESIAN_POINT('Ctrl Pts',(-2.40339031606042,14.6969187583261,51.7981028139078));
#7170=CARTESIAN_POINT('Ctrl Pts',(-2.81615366795272,14.6180056191515,48.9697779344069));
#7171=CARTESIAN_POINT('Ctrl Pts',(-1.39743967604296,14.5653968597017,47.715075201271));
#7172=CARTESIAN_POINT('Ctrl Pts',(-0.578903081567822,14.5390924799768,47.5237184493457));
#7173=CARTESIAN_POINT('Ctrl Pts',(-2.27338070628536,20.6690400364306,49.0862310825269));
#7174=CARTESIAN_POINT('Ctrl Pts',(-1.97133357584629,20.6427356567057,48.3347637614924));
#7175=CARTESIAN_POINT('Ctrl Pts',(-0.568822668012029,20.5901268972559,47.1674148842042));
#7176=CARTESIAN_POINT('Ctrl Pts',(2.06412264946931,20.5112137580813,47.9745061304349));
#7177=CARTESIAN_POINT('Ctrl Pts',(2.82257559086122,20.4323006189067,50.6185954911005));
#7178=CARTESIAN_POINT('Ctrl Pts',(1.02827273408271,20.3533874797321,52.7010418069314));
#7179=CARTESIAN_POINT('Ctrl Pts',(-1.69839714128439,20.2744743405574,52.3388068741923));
#7180=CARTESIAN_POINT('Ctrl Pts',(-2.88666582041017,20.1955612013828,49.858652265694));
#7181=CARTESIAN_POINT('Ctrl Pts',(-1.46174886079496,20.1166480622082,47.5066762645422));
#7182=CARTESIAN_POINT('Ctrl Pts',(1.28679074188628,20.0377349230336,47.4120122637719));
#7183=CARTESIAN_POINT('Ctrl Pts',(2.87020045429514,19.9588217838589,49.6605228594116));
#7184=CARTESIAN_POINT('Ctrl Pts',(1.85502364107529,19.8799086446843,52.2163648498082));
#7185=CARTESIAN_POINT('Ctrl Pts',(-0.839684346390921,19.8009955055097,52.765560600955));
#7186=CARTESIAN_POINT('Ctrl Pts',(-2.77414416315117,19.7220823663351,50.8108571717427));
#7187=CARTESIAN_POINT('Ctrl Pts',(-2.19694531365582,19.6431692271605,48.1220211526797));
#7188=CARTESIAN_POINT('Ctrl Pts',(0.369334780130579,19.5642560879858,47.133475406521));
#7189=CARTESIAN_POINT('Ctrl Pts',(2.60122370364295,19.4853429488112,48.7402356369776));
#7190=CARTESIAN_POINT('Ctrl Pts',(2.47800813664937,19.4064298096366,51.4875661773451));
#7191=CARTESIAN_POINT('Ctrl Pts',(0.111244273313396,19.327516670462,52.8880797021477));
#7192=CARTESIAN_POINT('Ctrl Pts',(-2.35623813285623,19.2486035312873,51.6737739085976));
#7193=CARTESIAN_POINT('Ctrl Pts',(-2.69042129489061,19.1696903921127,48.9440615082479));
#7194=CARTESIAN_POINT('Ctrl Pts',(-0.588741111226204,19.0907772529381,47.17037923222));
#7195=CARTESIAN_POINT('Ctrl Pts',(2.04597558883489,19.0118641137635,47.9585899539077));
#7196=CARTESIAN_POINT('Ctrl Pts',(2.82829957453619,18.9329509745889,50.5950605969446));
#7197=CARTESIAN_POINT('Ctrl Pts',(1.04992752636108,18.8540378354142,52.6927739121681));
#7198=CARTESIAN_POINT('Ctrl Pts',(-1.67903167341012,18.7751246962396,52.3524946781129));
#7199=CARTESIAN_POINT('Ctrl Pts',(-2.88782314771122,18.6962115570649,49.8823061327696));
#7200=CARTESIAN_POINT('Ctrl Pts',(-1.48202692734215,18.6172984178904,47.5186764521826));
#7201=CARTESIAN_POINT('Ctrl Pts',(1.26557215515239,18.5383852787157,47.4015971668703));
#7202=CARTESIAN_POINT('Ctrl Pts',(2.86734297440764,18.4594721395411,49.6370699403185));
#7203=CARTESIAN_POINT('Ctrl Pts',(1.87306851259381,18.3805590003665,52.2011344038216));
#7204=CARTESIAN_POINT('Ctrl Pts',(-0.817051446698042,18.3016458611919,52.77232866383));
#7205=CARTESIAN_POINT('Ctrl Pts',(-2.76742643255868,18.2227327220172,50.8335028096759));
#7206=CARTESIAN_POINT('Ctrl Pts',(-2.21221893498036,18.1438195828426,48.1400379569545));
#7207=CARTESIAN_POINT('Ctrl Pts',(0.345895287689385,18.064906443668,47.130552988298));
#7208=CARTESIAN_POINT('Ctrl Pts',(2.59084159242378,17.9859933044934,48.719019030444));
#7209=CARTESIAN_POINT('Ctrl Pts',(2.4900824305422,17.9070801653187,51.4672649927783));
#7210=CARTESIAN_POINT('Ctrl Pts',(0.134843493933864,17.8281670261441,52.887074074898));
#7211=CARTESIAN_POINT('Ctrl Pts',(-2.34248052953744,17.7492538869695,51.6929744304291));
#7212=CARTESIAN_POINT('Ctrl Pts',(-2.6989611175622,17.6703407477949,48.966084284393));
#7213=CARTESIAN_POINT('Ctrl Pts',(-0.611846594964415,17.5914276086203,47.1752852315261));
#7214=CARTESIAN_POINT('Ctrl Pts',(2.02922379538481,17.5125144694456,47.9419373504228));
#7215=CARTESIAN_POINT('Ctrl Pts',(2.83306825739578,17.433601330271,50.5719263920506));
#7216=CARTESIAN_POINT('Ctrl Pts',(1.07189920484203,17.3546881910964,52.6841034316266));
#7217=CARTESIAN_POINT('Ctrl Pts',(-1.65974979979047,17.2757750519218,52.3661380346405));
#7218=CARTESIAN_POINT('Ctrl Pts',(-2.88868856927445,17.1968619127471,49.9059108542664));
#7219=CARTESIAN_POINT('Ctrl Pts',(-1.50225610645279,17.1179487735725,47.5308712116073));
#7220=CARTESIAN_POINT('Ctrl Pts',(1.24429438576857,17.0390356343979,47.3913410288818));
#7221=CARTESIAN_POINT('Ctrl Pts',(2.86428115779329,16.9601224952233,49.6136486441035));
#7222=CARTESIAN_POINT('Ctrl Pts',(1.8909947674022,16.8812093560487,52.1857532065827));
#7223=CARTESIAN_POINT('Ctrl Pts',(-0.794367257527333,16.802296216874,52.7789134492505));
#7224=CARTESIAN_POINT('Ctrl Pts',(-2.76052220158613,16.7233830776994,50.856091820966));
#7225=CARTESIAN_POINT('Ctrl Pts',(-2.22734563981233,16.6444699385248,48.1581794741414));
#7226=CARTESIAN_POINT('Ctrl Pts',(0.322433117720514,16.5655567993501,47.1278219790016));
#7227=CARTESIAN_POINT('Ctrl Pts',(2.58028622042181,16.4866436601755,48.6978881064339));
#7228=CARTESIAN_POINT('Ctrl Pts',(2.50199051832879,16.4077305210009,51.4468657444256));
#7229=CARTESIAN_POINT('Ctrl Pts',(0.1584336518364,16.3288173818263,52.8858756499206));
#7230=CARTESIAN_POINT('Ctrl Pts',(-2.328566438705,16.2499042426517,51.7120618572575));
#7231=CARTESIAN_POINT('Ctrl Pts',(-2.70732069263437,16.170991103477,48.9881761315901));
#7232=CARTESIAN_POINT('Ctrl Pts',(-0.634911195453838,16.0920779643024,47.180379880156));
#7233=CARTESIAN_POINT('Ctrl Pts',(2.01233644397666,16.0131648251278,47.9254222346163));
#7234=CARTESIAN_POINT('Ctrl Pts',(2.83764775776033,15.9342516859532,50.5487539369266));
#7235=CARTESIAN_POINT('Ctrl Pts',(1.09379921053729,15.8553385467785,52.6752537752282));
#7236=CARTESIAN_POINT('Ctrl Pts',(-1.64035691400008,15.7764254076039,52.3796231600345));
#7237=CARTESIAN_POINT('Ctrl Pts',(-2.8893613585652,15.6975122684293,49.929522243229));
#7238=CARTESIAN_POINT('Ctrl Pts',(-1.52238434226736,15.6185991292547,47.5432301301536));
#7239=CARTESIAN_POINT('Ctrl Pts',(1.22293231121147,15.5396859900801,47.3812606225246));
#7240=CARTESIAN_POINT('Ctrl Pts',(2.86103039881917,15.4607728509054,49.5902501956575));
#7241=CARTESIAN_POINT('Ctrl Pts',(1.90879004313888,15.3818597117308,52.1702318653222));
#7242=CARTESIAN_POINT('Ctrl Pts',(-0.771620766700753,15.3029465725562,52.7853010748169));
#7243=CARTESIAN_POINT('Ctrl Pts',(-2.75345186521957,15.2240334333815,50.8786464881132));
#7244=CARTESIAN_POINT('Ctrl Pts',(-2.24228745945742,15.1451202942069,48.1763988734726));
#7245=CARTESIAN_POINT('Ctrl Pts',(0.298878022026199,15.0662071550323,47.1253720196248));
#7246=CARTESIAN_POINT('Ctrl Pts',(2.56969961793404,14.9872940158577,48.6766678055425));
#7247=CARTESIAN_POINT('Ctrl Pts',(2.51345254805245,14.9083808766831,51.4267185365036));
#7248=CARTESIAN_POINT('Ctrl Pts',(0.182564990837529,14.8294677375084,52.8837938934366));
#7249=CARTESIAN_POINT('Ctrl Pts',(-2.31559221521222,14.7505545983338,51.7324164638534));
#7250=CARTESIAN_POINT('Ctrl Pts',(-2.71327693499316,14.6716414591592,49.0074129430774));
#7251=CARTESIAN_POINT('Ctrl Pts',(-1.34638989491228,14.6190326997094,47.7985456767662));
#7252=CARTESIAN_POINT('Ctrl Pts',(-0.55775520941523,14.5927283199846,47.6141793663398));
#7253=CARTESIAN_POINT('Ctrl Pts',(-2.18718309894951,20.7226758764383,49.1208776189999));
#7254=CARTESIAN_POINT('Ctrl Pts',(-1.89658840138916,20.6963714967134,48.3979029674445));
#7255=CARTESIAN_POINT('Ctrl Pts',(-0.547255161590661,20.6437627372636,47.2748153438348));
#7256=CARTESIAN_POINT('Ctrl Pts',(1.98585928023244,20.564849598089,48.0513048812822));
#7257=CARTESIAN_POINT('Ctrl Pts',(2.71555468504279,20.4859364589144,50.5951408282363));
#7258=CARTESIAN_POINT('Ctrl Pts',(0.989284697841551,20.4070233197398,52.5986290138542));
#7259=CARTESIAN_POINT('Ctrl Pts',(-1.63400063722328,20.3281101805652,52.250128597472));
#7260=CARTESIAN_POINT('Ctrl Pts',(-2.77721486650281,20.2491970413905,49.8640116450884));
#7261=CARTESIAN_POINT('Ctrl Pts',(-1.40632512381239,20.1702839022159,47.6012132740845));
#7262=CARTESIAN_POINT('Ctrl Pts',(1.23800072498069,20.0913707630413,47.5101385579179));
#7263=CARTESIAN_POINT('Ctrl Pts',(2.76137380196609,20.0124576238667,49.6733945224799));
#7264=CARTESIAN_POINT('Ctrl Pts',(1.78468847945012,19.933544484692,52.1323290905114));
#7265=CARTESIAN_POINT('Ctrl Pts',(-0.807846836124315,19.8546313455174,52.6607015103187));
#7266=CARTESIAN_POINT('Ctrl Pts',(-2.66895958557154,19.7757182063428,50.7801127061595));
#7267=CARTESIAN_POINT('Ctrl Pts',(-2.11364583417961,19.6968050671682,48.1932267171644));
#7268=CARTESIAN_POINT('Ctrl Pts',(0.355331065633859,19.6178919279935,47.2421627169471));
#7269=CARTESIAN_POINT('Ctrl Pts',(2.50259558615282,19.5389787888189,48.7880009526648));
#7270=CARTESIAN_POINT('Ctrl Pts',(2.38405186625991,19.4600656496443,51.4311635820063));
#7271=CARTESIAN_POINT('Ctrl Pts',(0.107026330334062,19.3811525104697,52.7785751716401));
#7272=CARTESIAN_POINT('Ctrl Pts',(-2.2668988995267,19.302239371295,51.6103110523632));
#7273=CARTESIAN_POINT('Ctrl Pts',(-2.58841115743154,19.2233262321205,48.9840985528329));
#7274=CARTESIAN_POINT('Ctrl Pts',(-0.566418376196546,19.1444130929458,47.2776672954949));
#7275=CARTESIAN_POINT('Ctrl Pts',(1.96840028438301,19.0654999537712,48.0359921832356));
#7276=CARTESIAN_POINT('Ctrl Pts',(2.72106163788969,18.9865868145966,50.5724982842087));
#7277=CARTESIAN_POINT('Ctrl Pts',(1.01011842602071,18.9076736754219,52.5906746049688));
#7278=CARTESIAN_POINT('Ctrl Pts',(-1.6153694313189,18.8287605362473,52.26329741399));
#7279=CARTESIAN_POINT('Ctrl Pts',(-2.77832831252873,18.7498473970727,49.886768651053));
#7280=CARTESIAN_POINT('Ctrl Pts',(-1.42583432625647,18.6709342578981,47.6127584620588));
#7281=CARTESIAN_POINT('Ctrl Pts',(1.21758666315653,18.5920211187234,47.5001183603091));
#7282=CARTESIAN_POINT('Ctrl Pts',(2.75862466641732,18.5131079795488,49.6508308453449));
#7283=CARTESIAN_POINT('Ctrl Pts',(1.80204916079087,18.4341948403742,52.1176761228148));
#7284=CARTESIAN_POINT('Ctrl Pts',(-0.786072086496322,18.3552817011996,52.6672129550107));
#7285=CARTESIAN_POINT('Ctrl Pts',(-2.66249656476091,18.2763685620249,50.8018997110441));
#7286=CARTESIAN_POINT('Ctrl Pts',(-2.1283403401761,18.1974554228503,48.2105603954603));
#7287=CARTESIAN_POINT('Ctrl Pts',(0.332780306065264,18.1185422836757,47.2393511052676));
#7288=CARTESIAN_POINT('Ctrl Pts',(2.49260712353977,18.0396291445011,48.7675887959595));
#7289=CARTESIAN_POINT('Ctrl Pts',(2.39566835067061,17.9607160053265,51.4116321380865));
#7290=CARTESIAN_POINT('Ctrl Pts',(0.129730761820951,17.8818028661518,52.7776076737993));
#7291=CARTESIAN_POINT('Ctrl Pts',(-2.25366293012759,17.8028897269772,51.6287835663266));
#7292=CARTESIAN_POINT('Ctrl Pts',(-2.59662718379426,17.7239765878026,49.0052863123856));
#7293=CARTESIAN_POINT('Ctrl Pts',(-0.588647791351498,17.645063448628,47.2823872787059));
#7294=CARTESIAN_POINT('Ctrl Pts',(1.95228365270324,17.5661503094533,48.0199709806298));
#7295=CARTESIAN_POINT('Ctrl Pts',(2.72564951115082,17.4872371702787,50.5502412368905));
#7296=CARTESIAN_POINT('Ctrl Pts',(1.03125702533065,17.4083240311041,52.582332874766));
#7297=CARTESIAN_POINT('Ctrl Pts',(-1.59681865010554,17.3294108919295,52.2764234683845));
#7298=CARTESIAN_POINT('Ctrl Pts',(-2.7791609207282,17.2504977527549,49.9094783748448));
#7299=CARTESIAN_POINT('Ctrl Pts',(-1.4452964948823,17.1715846135802,47.6244908444247));
#7300=CARTESIAN_POINT('Ctrl Pts',(1.19711566265452,17.0926714744056,47.4902510945199));
#7301=CARTESIAN_POINT('Ctrl Pts',(2.75567894178244,17.013758335231,49.6282975920736));
#7302=CARTESIAN_POINT('Ctrl Pts',(1.81929572289812,16.9348451960564,52.1028781197573));
#7303=CARTESIAN_POINT('Ctrl Pts',(-0.76424799208469,16.8559320568817,52.6735480714045));
#7304=CARTESIAN_POINT('Ctrl Pts',(-2.65585411492721,16.7770189177071,50.8236322363441));
#7305=CARTESIAN_POINT('Ctrl Pts',(-2.14289350017249,16.6981057785325,48.2280140580478));
#7306=CARTESIAN_POINT('Ctrl Pts',(0.310207728811168,16.6191926393579,47.2367236450453));
#7307=CARTESIAN_POINT('Ctrl Pts',(2.48245196950771,16.5402795001832,48.7472590730352));
#7308=CARTESIAN_POINT('Ctrl Pts',(2.40712493085343,16.4613663610086,51.3920063485719));
#7309=CARTESIAN_POINT('Ctrl Pts',(0.152426474212337,16.382453221834,52.7764546883585));
#7310=CARTESIAN_POINT('Ctrl Pts',(-2.24027640660261,16.3035400826594,51.6471472734022));
#7311=CARTESIAN_POINT('Ctrl Pts',(-2.60466979683381,16.2246269434847,49.0265405240891));
#7312=CARTESIAN_POINT('Ctrl Pts',(-0.610837873388797,16.1457138043101,47.2872887584042));
#7313=CARTESIAN_POINT('Ctrl Pts',(1.93603660288717,16.0668006651355,48.0040820527132));
#7314=CARTESIAN_POINT('Ctrl Pts',(2.7300553749691,15.9878875259609,50.5279473896401));
#7315=CARTESIAN_POINT('Ctrl Pts',(1.05232666940352,15.9089743867863,52.5738187623462));
#7316=CARTESIAN_POINT('Ctrl Pts',(-1.578161065864,15.8300612476116,52.2893972911444));
#7317=CARTESIAN_POINT('Ctrl Pts',(-2.77980820050928,15.751148108437,49.9321945132983));
#7318=CARTESIAN_POINT('Ctrl Pts',(-1.46466154758269,15.6722349692624,47.6363811616475));
#7319=CARTESIAN_POINT('Ctrl Pts',(1.17656355349805,15.5933218300878,47.4805528973133));
#7320=CARTESIAN_POINT('Ctrl Pts',(2.75255143873498,15.5144086909131,49.6057863202741));
#7321=CARTESIAN_POINT('Ctrl Pts',(1.83641627214216,15.4354955517385,52.0879452863853));
#7322=CARTESIAN_POINT('Ctrl Pts',(-0.742363958249636,15.3565824125639,52.6796935034664));
#7323=CARTESIAN_POINT('Ctrl Pts',(-2.64905185775926,15.2776692733893,50.8453317196951));
#7324=CARTESIAN_POINT('Ctrl Pts',(-2.15726878509724,15.1987561342146,48.2455426497967));
#7325=CARTESIAN_POINT('Ctrl Pts',(0.287545749207704,15.11984299504,47.2343665784408));
#7326=CARTESIAN_POINT('Ctrl Pts',(2.47226676912639,15.0409298558654,48.7268433620477));
#7327=CARTESIAN_POINT('Ctrl Pts',(2.41815236573133,14.9620167166908,51.3726230431113));
#7328=CARTESIAN_POINT('Ctrl Pts',(0.175642848254909,14.8831035775162,52.774451863849));
#7329=CARTESIAN_POINT('Ctrl Pts',(-2.22779411436402,14.8041904383415,51.6667301137989));
#7330=CARTESIAN_POINT('Ctrl Pts',(-2.6104002020336,14.7252772991669,49.0450479517481));
#7331=CARTESIAN_POINT('Ctrl Pts',(-1.29534011378159,14.6726685397172,47.8820161522614));
#7332=CARTESIAN_POINT('Ctrl Pts',(-0.536607337262637,14.6463641599923,47.7046402833339));
#7333=CARTESIAN_POINT('Ctrl Pts',(-2.10098549161367,20.776311716446,49.155524155473));
#7334=CARTESIAN_POINT('Ctrl Pts',(-1.82184322693204,20.7500073367211,48.4610421733966));
#7335=CARTESIAN_POINT('Ctrl Pts',(-0.525687655169291,20.6973985772714,47.3822158034652));
#7336=CARTESIAN_POINT('Ctrl Pts',(1.90759591099558,20.6184854380968,48.1281036321297));
#7337=CARTESIAN_POINT('Ctrl Pts',(2.60853377922437,20.5395722989221,50.5716861653719));
#7338=CARTESIAN_POINT('Ctrl Pts',(0.950296661600388,20.4606591597475,52.4962162207771));
#7339=CARTESIAN_POINT('Ctrl Pts',(-1.56960413316217,20.3817460205729,52.1614503207517));
#7340=CARTESIAN_POINT('Ctrl Pts',(-2.66776391259546,20.3028328813983,49.8693710244828));
#7341=CARTESIAN_POINT('Ctrl Pts',(-1.35090138682981,20.2239197422236,47.6957502836269));
#7342=CARTESIAN_POINT('Ctrl Pts',(1.1892107080751,20.145006603049,47.6082648520639));
#7343=CARTESIAN_POINT('Ctrl Pts',(2.65254714963704,20.0660934638744,49.6862661855482));
#7344=CARTESIAN_POINT('Ctrl Pts',(1.71435331782496,19.9871803246998,52.0482933312146));
#7345=CARTESIAN_POINT('Ctrl Pts',(-0.776009325857713,19.9082671855251,52.5558424196823));
#7346=CARTESIAN_POINT('Ctrl Pts',(-2.5637750079919,19.8293540463505,50.7493682405763));
#7347=CARTESIAN_POINT('Ctrl Pts',(-2.03034635470341,19.7504409071759,48.264432281649));
#7348=CARTESIAN_POINT('Ctrl Pts',(0.341327351137145,19.6715277680013,47.3508500273731));
#7349=CARTESIAN_POINT('Ctrl Pts',(2.40396746866269,19.5926146288266,48.8357662683519));
#7350=CARTESIAN_POINT('Ctrl Pts',(2.29009559587046,19.513701489652,51.3747609866675));
#7351=CARTESIAN_POINT('Ctrl Pts',(0.102808387354728,19.4347883504774,52.6690706411325));
#7352=CARTESIAN_POINT('Ctrl Pts',(-2.17755966619717,19.3558752113028,51.5468481961288));
#7353=CARTESIAN_POINT('Ctrl Pts',(-2.48640101997247,19.2769620721282,49.0241355974179));
#7354=CARTESIAN_POINT('Ctrl Pts',(-0.544095641166891,19.1980489329535,47.3849553587697));
#7355=CARTESIAN_POINT('Ctrl Pts',(1.89082497993114,19.1191357937789,48.1133944125637));
#7356=CARTESIAN_POINT('Ctrl Pts',(2.61382370124319,19.0402226546043,50.5499359714726));
#7357=CARTESIAN_POINT('Ctrl Pts',(0.97030932568035,18.9613095154297,52.4885752977696));
#7358=CARTESIAN_POINT('Ctrl Pts',(-1.55170718922768,18.882396376255,52.1741001498672));
#7359=CARTESIAN_POINT('Ctrl Pts',(-2.66883347734624,18.8034832370804,49.8912311693362));
#7360=CARTESIAN_POINT('Ctrl Pts',(-1.36964172517079,18.7245700979058,47.7068404719352));
#7361=CARTESIAN_POINT('Ctrl Pts',(1.16960117116067,18.6456569587312,47.5986395537477));
#7362=CARTESIAN_POINT('Ctrl Pts',(2.64990635842701,18.5667438195565,49.6645917503714));
#7363=CARTESIAN_POINT('Ctrl Pts',(1.73102980898793,18.4878306803819,52.0342178418079));
#7364=CARTESIAN_POINT('Ctrl Pts',(-0.755092726294597,18.4089175412073,52.5620972461913));
#7365=CARTESIAN_POINT('Ctrl Pts',(-2.55756669696314,18.3300044020327,50.7702966124122));
#7366=CARTESIAN_POINT('Ctrl Pts',(-2.04446174537183,18.251091262858,48.2810828339661));
#7367=CARTESIAN_POINT('Ctrl Pts',(0.31966532444114,18.1721781236834,47.3481492222373));
#7368=CARTESIAN_POINT('Ctrl Pts',(2.39437265465575,18.0932649845088,48.816158561475));
#7369=CARTESIAN_POINT('Ctrl Pts',(2.30125427079903,18.0143518453342,51.3559992833949));
#7370=CARTESIAN_POINT('Ctrl Pts',(0.124618029708037,17.9354387061596,52.6681412727005));
#7371=CARTESIAN_POINT('Ctrl Pts',(-2.16484533071775,17.8565255669849,51.5645927022242));
#7372=CARTESIAN_POINT('Ctrl Pts',(-2.49429325002631,17.7776124278103,49.0444883403781));
#7373=CARTESIAN_POINT('Ctrl Pts',(-0.565448987738578,17.6986992886357,47.3894893258856));
#7374=CARTESIAN_POINT('Ctrl Pts',(1.87534351002167,17.6197861494611,48.0980046108369));
#7375=CARTESIAN_POINT('Ctrl Pts',(2.61823076490587,17.5408730102864,50.5285560817305));
#7376=CARTESIAN_POINT('Ctrl Pts',(0.990614845819262,17.4619598711118,52.4805623179054));
#7377=CARTESIAN_POINT('Ctrl Pts',(-1.53388750042061,17.3830467319372,52.1867089021286));
#7378=CARTESIAN_POINT('Ctrl Pts',(-2.66963327218195,17.3041335927626,49.913045895423));
#7379=CARTESIAN_POINT('Ctrl Pts',(-1.38833688331179,17.225220453588,47.7181104772422));
#7380=CARTESIAN_POINT('Ctrl Pts',(1.14993693954046,17.1463073144133,47.5891611601579));
#7381=CARTESIAN_POINT('Ctrl Pts',(2.64707672577158,17.0673941752387,49.6429465400437));
#7382=CARTESIAN_POINT('Ctrl Pts',(1.74759667839404,16.9884810360641,52.0200030329318));
#7383=CARTESIAN_POINT('Ctrl Pts',(-0.734128726642047,16.9095678968895,52.5681826935586));
#7384=CARTESIAN_POINT('Ctrl Pts',(-2.55118602826829,16.8306547577148,50.7911726517221));
#7385=CARTESIAN_POINT('Ctrl Pts',(-2.05844136053264,16.7517416185402,48.2978486419543));
#7386=CARTESIAN_POINT('Ctrl Pts',(0.29798233990182,16.6728284793656,47.345625311089));
#7387=CARTESIAN_POINT('Ctrl Pts',(2.38461771859361,16.593915340191,48.7966300396366));
#7388=CARTESIAN_POINT('Ctrl Pts',(2.31225934337808,16.5150022010163,51.3371469527181));
#7389=CARTESIAN_POINT('Ctrl Pts',(0.146419296588273,16.4360890618417,52.6670337267964));
#7390=CARTESIAN_POINT('Ctrl Pts',(-2.1519863745002,16.3571759226671,51.5822326895469));
#7391=CARTESIAN_POINT('Ctrl Pts',(-2.50201890103326,16.2782627834925,49.0649049165881));
#7392=CARTESIAN_POINT('Ctrl Pts',(-0.586764551323753,16.1993496443178,47.3941976366522));
#7393=CARTESIAN_POINT('Ctrl Pts',(1.85973676179766,16.1204365051432,48.0827418708102));
#7394=CARTESIAN_POINT('Ctrl Pts',(2.62246299217787,16.0415233659686,50.5071408423534));
#7395=CARTESIAN_POINT('Ctrl Pts',(1.01085412826974,15.962610226794,52.4723837494644));
#7396=CARTESIAN_POINT('Ctrl Pts',(-1.51596521772793,15.8836970876193,52.1991714222543));
#7397=CARTESIAN_POINT('Ctrl Pts',(-2.67025504245336,15.8047839484447,49.9348667833675));
#7398=CARTESIAN_POINT('Ctrl Pts',(-1.40693875289803,15.7258708092701,47.7295321931415));
#7399=CARTESIAN_POINT('Ctrl Pts',(1.13019479578463,15.6469576700955,47.579845172102));
#7400=CARTESIAN_POINT('Ctrl Pts',(2.64407247865077,15.5680445309209,49.6213224448908));
#7401=CARTESIAN_POINT('Ctrl Pts',(1.76404250114545,15.4891313917462,52.0056587074484));
#7402=CARTESIAN_POINT('Ctrl Pts',(-0.713107149798522,15.4102182525716,52.5740859321159));
#7403=CARTESIAN_POINT('Ctrl Pts',(-2.54465185029894,15.331305113397,50.812016951277));
#7404=CARTESIAN_POINT('Ctrl Pts',(-2.07225011073706,15.2523919742224,48.3146864261209));
#7405=CARTESIAN_POINT('Ctrl Pts',(0.276213476389211,15.1734788350477,47.3433611372567));
#7406=CARTESIAN_POINT('Ctrl Pts',(2.37483392031873,15.0945656958731,48.7770189185529));
#7407=CARTESIAN_POINT('Ctrl Pts',(2.32285218341022,15.0156525566985,51.318527549719));
#7408=CARTESIAN_POINT('Ctrl Pts',(0.168720705672289,14.9367394175239,52.6651098342614));
#7409=CARTESIAN_POINT('Ctrl Pts',(-2.13999601351583,14.8578262783492,51.6010437637445));
#7410=CARTESIAN_POINT('Ctrl Pts',(-2.50752346907404,14.7789131391746,49.0826829604187));
#7411=CARTESIAN_POINT('Ctrl Pts',(-1.2442903326509,14.7263043797249,47.9654866277566));
#7412=CARTESIAN_POINT('Ctrl Pts',(-0.515459465110045,14.7,47.7951012003281));
#7413=CARTESIAN_POINT('Ctrl Pts',(2.54346562574594,20.3958171439247,50.002233850897));
#7414=CARTESIAN_POINT('Ctrl Pts',(2.5450383279994,20.3900996889161,50.1848699810063));
#7415=CARTESIAN_POINT('Ctrl Pts',(2.44374881914523,20.3580778541827,51.2059191253118));
#7416=CARTESIAN_POINT('Ctrl Pts',(1.06726077032387,20.2997516397243,52.8034546000084));
#7417=CARTESIAN_POINT('Ctrl Pts',(-1.76279364534549,20.2208385005497,52.4274851509127));
#7418=CARTESIAN_POINT('Ctrl Pts',(-2.99611677431752,20.1419253613751,49.8532928862996));
#7419=CARTESIAN_POINT('Ctrl Pts',(-1.51717259777753,20.0630122222005,47.4121392549998));
#7420=CARTESIAN_POINT('Ctrl Pts',(1.33558075879187,19.9840990830258,47.313885969626));
#7421=CARTESIAN_POINT('Ctrl Pts',(2.49624991833356,19.9283673902673,48.9620866108178));
#7422=CARTESIAN_POINT('Ctrl Pts',(2.54651202596196,19.8989400772336,49.8989024752367));
#7423=CARTESIAN_POINT('Ctrl Pts',(2.54577603598773,19.8958171439247,49.9984002859899));
#7424=CARTESIAN_POINT('Ctrl Pts',(-0.515459465110076,14.7,47.7951012003281));
#7425=CARTESIAN_POINT('Ctrl Pts',(-0.593717937977283,14.7,47.8084429040056));
#7426=CARTESIAN_POINT('Ctrl Pts',(-0.671013152045037,14.7,47.8261840768139));
#7427=CARTESIAN_POINT('Ctrl Pts',(-0.747120662902795,14.7,47.8480345375368));
#7428=CARTESIAN_POINT('Ctrl Pts',(-0.825162774574915,14.7,47.8704404220101));
#7429=CARTESIAN_POINT('Ctrl Pts',(-0.901956757291573,14.7,47.897167412757));
#7430=CARTESIAN_POINT('Ctrl Pts',(-0.977254941427767,14.7,47.9279566804352));
#7431=CARTESIAN_POINT('Ctrl Pts',(-0.993313950654051,14.7,47.9345231752237));
#7432=CARTESIAN_POINT('Ctrl Pts',(-1.00930488013629,14.7,47.9412746255999));
#7433=CARTESIAN_POINT('Ctrl Pts',(-1.02522524467667,14.7,47.9482088100165));
#7434=CARTESIAN_POINT('Ctrl Pts',(-1.0410880417517,14.7,47.9551179206717));
#7435=CARTESIAN_POINT('Ctrl Pts',(-1.0568718620121,14.7,47.962204582662));
#7436=CARTESIAN_POINT('Ctrl Pts',(-1.07257194472371,14.7,47.9694648597906));
#7437=CARTESIAN_POINT('Ctrl Pts',(-1.14793115474621,14.7,48.0043136411001));
#7438=CARTESIAN_POINT('Ctrl Pts',(-1.22138078229086,14.7,48.0431663201925));
#7439=CARTESIAN_POINT('Ctrl Pts',(-1.29266411459445,14.7,48.0857403485086));
#7440=CARTESIAN_POINT('Ctrl Pts',(-1.34581861950567,14.7,48.117486919889));
#7441=CARTESIAN_POINT('Ctrl Pts',(-1.39776850851446,14.7,48.1513039044612));
#7442=CARTESIAN_POINT('Ctrl Pts',(-1.44840096301604,14.7,48.1870918270331));
#7443=CARTESIAN_POINT('Ctrl Pts',(-1.46459976992249,14.7,48.1985414328843));
#7444=CARTESIAN_POINT('Ctrl Pts',(-1.48066367608892,14.7,48.2101928801747));
#7445=CARTESIAN_POINT('Ctrl Pts',(-1.49658881655822,14.7,48.2220432019648));
#7446=CARTESIAN_POINT('Ctrl Pts',(-1.50817034618055,14.7,48.2306613270677));
#7447=CARTESIAN_POINT('Ctrl Pts',(-1.51967024887899,14.7,48.239378512038));
#7448=CARTESIAN_POINT('Ctrl Pts',(-1.53108722112885,14.7,48.2481931324744));
#7449=CARTESIAN_POINT('Ctrl Pts',(-1.5979075413272,14.7,48.299782621097));
#7450=CARTESIAN_POINT('Ctrl Pts',(-1.66188925279209,14.7,48.3547062078896));
#7451=CARTESIAN_POINT('Ctrl Pts',(-1.72277593448008,14.7,48.4126785058394));
#7452=CARTESIAN_POINT('Ctrl Pts',(-1.78400671040536,14.7,48.4709784277143));
#7453=CARTESIAN_POINT('Ctrl Pts',(-1.84210820525299,14.7,48.5323621546929));
#7454=CARTESIAN_POINT('Ctrl Pts',(-1.89679555061086,14.7,48.5965854624989));
#7455=CARTESIAN_POINT('Ctrl Pts',(-1.95073643088565,14.7,48.6599321423302));
#7456=CARTESIAN_POINT('Ctrl Pts',(-2.00135644777179,14.7,48.7260420470218));
#7457=CARTESIAN_POINT('Ctrl Pts',(-2.04834750668284,14.7,48.7947165442044));
#7458=CARTESIAN_POINT('Ctrl Pts',(-2.06564264194306,14.7,48.8199923040026));
#7459=CARTESIAN_POINT('Ctrl Pts',(-2.08244579510324,14.7,48.8456157739357));
#7460=CARTESIAN_POINT('Ctrl Pts',(-2.09874009825212,14.7,48.8715780357205));
#7461=CARTESIAN_POINT('Ctrl Pts',(-2.10794943450624,14.7,48.8862515812235));
#7462=CARTESIAN_POINT('Ctrl Pts',(-2.1169982254129,14.7,48.9010369677026));
#7463=CARTESIAN_POINT('Ctrl Pts',(-2.12586927945746,14.7,48.9159084640241));
#7464=CARTESIAN_POINT('Ctrl Pts',(-2.16977691268697,14.7,48.9895155238816));
#7465=CARTESIAN_POINT('Ctrl Pts',(-2.20940155416875,14.7,49.0653337506653));
#7466=CARTESIAN_POINT('Ctrl Pts',(-2.24446256932976,14.7,49.1431079757135));
#7467=CARTESIAN_POINT('Ctrl Pts',(-2.2494200603222,14.7,49.1541049482298));
#7468=CARTESIAN_POINT('Ctrl Pts',(-2.25428625279669,14.7,49.1651410885569));
#7469=CARTESIAN_POINT('Ctrl Pts',(-2.25906029251499,14.7,49.1762157341827));
#7470=CARTESIAN_POINT('Ctrl Pts',(-2.29177172472209,14.7,49.252098538051));
#7471=CARTESIAN_POINT('Ctrl Pts',(-2.32016043009813,14.7,49.3297868979669));
#7472=CARTESIAN_POINT('Ctrl Pts',(-2.3443302702275,14.7,49.408920374508));
#7473=CARTESIAN_POINT('Ctrl Pts',(-2.36905447173154,14.7,49.4898688627581));
#7474=CARTESIAN_POINT('Ctrl Pts',(-2.3893642346346,14.7,49.5723303264893));
#7475=CARTESIAN_POINT('Ctrl Pts',(-2.40532116101764,14.7,49.6559405574989));
#7476=CARTESIAN_POINT('Ctrl Pts',(-2.41155158958169,14.7,49.6885864166715));
#7477=CARTESIAN_POINT('Ctrl Pts',(-2.41711787397996,14.7,49.7214075714206));
#7478=CARTESIAN_POINT('Ctrl Pts',(-2.42202160860415,14.7,49.7543827807918));
#7479=CARTESIAN_POINT('Ctrl Pts',(-2.42394161124345,14.7,49.7672938565078));
#7480=CARTESIAN_POINT('Ctrl Pts',(-2.42575973089615,14.7,49.780226966128));
#7481=CARTESIAN_POINT('Ctrl Pts',(-2.4274746997439,14.7,49.793168882639));
#7482=CARTESIAN_POINT('Ctrl Pts',(-2.43878686839355,14.7,49.8785355307937));
#7483=CARTESIAN_POINT('Ctrl Pts',(-2.44563648275483,14.7,49.9644242097612));
#7484=CARTESIAN_POINT('Ctrl Pts',(-2.44814562081114,14.7,50.0504462068879));
#7485=CARTESIAN_POINT('Ctrl Pts',(-2.45069861930455,14.7,50.1379718926556));
#7486=CARTESIAN_POINT('Ctrl Pts',(-2.44875817407076,14.7,50.2256365193555));
#7487=CARTESIAN_POINT('Ctrl Pts',(-2.44240127446529,14.7,50.3130486655453));
#7488=CARTESIAN_POINT('Ctrl Pts',(-2.43603098920106,14.7,50.400644874601));
#7489=CARTESIAN_POINT('Ctrl Pts',(-2.4252256227698,14.7,50.4879885518406));
#7490=CARTESIAN_POINT('Ctrl Pts',(-2.41001074695832,14.7,50.5746890594041));
#7491=CARTESIAN_POINT('Ctrl Pts',(-2.4055674941055,14.7,50.6000085087605));
#7492=CARTESIAN_POINT('Ctrl Pts',(-2.40074784611543,14.7,50.6252730726951));
#7493=CARTESIAN_POINT('Ctrl Pts',(-2.39555160753653,14.7,50.6504728798872));
#7494=CARTESIAN_POINT('Ctrl Pts',(-2.39175417389805,14.7,50.6688890080272));
#7495=CARTESIAN_POINT('Ctrl Pts',(-2.38775560485859,14.7,50.6872705495191));
#7496=CARTESIAN_POINT('Ctrl Pts',(-2.3835556971669,14.7,50.7056136113243));
#7497=CARTESIAN_POINT('Ctrl Pts',(-2.3805382079833,14.7,50.7187924701599));
#7498=CARTESIAN_POINT('Ctrl Pts',(-2.37741672676775,14.7,50.7319513926934));
#7499=CARTESIAN_POINT('Ctrl Pts',(-2.37419478317593,14.7,50.745075052967));
#7500=CARTESIAN_POINT('Ctrl Pts',(-2.3528331846702,14.7,50.832085378785));
#7501=CARTESIAN_POINT('Ctrl Pts',(-2.327025397533,14.7,50.9176990888981));
#7502=CARTESIAN_POINT('Ctrl Pts',(-2.2968562146668,14.7,51.0015163597263));
#7503=CARTESIAN_POINT('Ctrl Pts',(-2.26680811314785,14.7,51.0849972373508));
#7504=CARTESIAN_POINT('Ctrl Pts',(-2.23243346419072,14.7,51.166697094413));
#7505=CARTESIAN_POINT('Ctrl Pts',(-2.19376481760142,14.7,51.2462172715933));
#7506=CARTESIAN_POINT('Ctrl Pts',(-2.15606812956752,14.7,51.3237386636245));
#7507=CARTESIAN_POINT('Ctrl Pts',(-2.11429036351596,14.7,51.3991894512371));
#7508=CARTESIAN_POINT('Ctrl Pts',(-2.06841553012797,14.7,51.472182911885));
#7509=CARTESIAN_POINT('Ctrl Pts',(-2.05775105155241,14.7,51.4891516317636));
#7510=CARTESIAN_POINT('Ctrl Pts',(-2.04686496684146,14.7,51.5059874459391));
#7511=CARTESIAN_POINT('Ctrl Pts',(-2.03575672481697,14.7,51.5226852796389));
#7512=CARTESIAN_POINT('Ctrl Pts',(-2.01766182513806,14.7,51.5498854095053));
#7513=CARTESIAN_POINT('Ctrl Pts',(-1.99897746411614,14.7,51.5767194387332));
#7514=CARTESIAN_POINT('Ctrl Pts',(-1.97972031868579,14.7,51.603179811556));
#7515=CARTESIAN_POINT('Origin',(2.70698167824604E-15,22.1041828560753,50.0000008493662));
#7516=CARTESIAN_POINT('Ctrl Pts',(2.54395737425494,20.3541828560753,50.0022504134168));
#7517=CARTESIAN_POINT('Ctrl Pts',(2.54549206684694,20.3489234291894,50.1701329793632));
#7518=CARTESIAN_POINT('Ctrl Pts',(2.4537615682367,20.3171926193204,51.1813079731442));
#7519=CARTESIAN_POINT('Ctrl Pts',(1.09994169906542,20.2589904264683,52.7977150108504));
#7520=CARTESIAN_POINT('Ctrl Pts',(-1.7549690218383,20.1795762775187,52.4407664025642));
#7521=CARTESIAN_POINT('Ctrl Pts',(-3.00232443993728,20.1001621285692,49.8481692265504));
#7522=CARTESIAN_POINT('Ctrl Pts',(-1.49977178599105,20.0207479796196,47.3946639696883));
#7523=CARTESIAN_POINT('Ctrl Pts',(1.37651357273287,19.9413338306701,47.3274889736405));
#7524=CARTESIAN_POINT('Ctrl Pts',(2.50595054863084,19.8858121228219,48.9919353195473));
#7525=CARTESIAN_POINT('Ctrl Pts',(2.54682292477953,19.856761797957,49.9164637812466));
#7526=CARTESIAN_POINT('Ctrl Pts',(2.54627502063306,19.8541828560753,49.9985877928352));
#7527=CARTESIAN_POINT('Origin',(21.,-1.28587913910472E-15,50.0000008493662));
#7528=CARTESIAN_POINT('Ctrl Pts',(20.5567246639479,-2.2647200761518,50.0019891299805));
#7529=CARTESIAN_POINT('Ctrl Pts',(20.5510072089393,-2.26612042154321,50.1646096530582));
#7530=CARTESIAN_POINT('Ctrl Pts',(20.5452897539307,-2.25001731498948,50.3269370584663));
#7531=CARTESIAN_POINT('Ctrl Pts',(20.5395722989221,-2.21533794824893,50.4851774190656));
#7532=CARTESIAN_POINT('Ctrl Pts',(20.5132679191972,-2.05578807334976,51.2131961838402));
#7533=CARTESIAN_POINT('Ctrl Pts',(20.4869635394724,-1.50304236747512,51.8547062023087));
#7534=CARTESIAN_POINT('Ctrl Pts',(20.4606591597475,-0.806686048744044,52.119666894872));
#7535=CARTESIAN_POINT('Ctrl Pts',(20.4343547800226,-0.110329730012964,52.3846275874353));
#7536=CARTESIAN_POINT('Ctrl Pts',(20.4080504002978,0.729637201574561,52.2730389540935));
#7537=CARTESIAN_POINT('Ctrl Pts',(20.3817460205729,1.33264729727389,51.8352314213778));
#7538=CARTESIAN_POINT('Ctrl Pts',(20.355441640848,1.93565739297321,51.3974238886621));
#7539=CARTESIAN_POINT('Ctrl Pts',(20.3291372611231,2.30171065278434,50.6333974565725));
#7540=CARTESIAN_POINT('Ctrl Pts',(20.3028328813982,2.26526019506231,49.8891141170517));
#7541=CARTESIAN_POINT('Ctrl Pts',(20.2765285016734,2.22880973734028,49.1448307775309));
#7542=CARTESIAN_POINT('Ctrl Pts',(20.2502241219485,1.78985556208509,48.4202905305789));
#7543=CARTESIAN_POINT('Ctrl Pts',(20.2239197422236,1.14702645864001,48.0434395018424));
#7544=CARTESIAN_POINT('Ctrl Pts',(20.1976153624988,0.504197355194936,47.6665884731059));
#7545=CARTESIAN_POINT('Ctrl Pts',(20.1713109827739,-0.342506676440028,47.6374266625848));
#7546=CARTESIAN_POINT('Ctrl Pts',(20.145006603049,-1.00974809918452,47.969179312905));
#7547=CARTESIAN_POINT('Ctrl Pts',(20.1187022233241,-1.67698952192901,48.3009319632252));
#7548=CARTESIAN_POINT('Ctrl Pts',(20.0923978435993,-2.16476833578302,48.9935990743866));
#7549=CARTESIAN_POINT('Ctrl Pts',(20.0660934638744,-2.2522921040747,49.7336038209118));
#7550=CARTESIAN_POINT('Ctrl Pts',(20.0629705305656,-2.26268318320949,49.8214593603995));
#7551=CARTESIAN_POINT('Ctrl Pts',(20.0598475972567,-2.26743261280233,49.909982130324));
#7552=CARTESIAN_POINT('Ctrl Pts',(20.0567246639479,-2.26677728203882,49.9985756962307));
#7553=CARTESIAN_POINT('Ctrl Pts',(20.1932753360521,-2.265157932559,50.0020038773672));
#7554=CARTESIAN_POINT('Ctrl Pts',(20.2144872921495,-2.25964665413584,49.3991159973149));
#7555=CARTESIAN_POINT('Ctrl Pts',(20.2356992482468,-2.01169400095033,48.7921890783658));
#7556=CARTESIAN_POINT('Ctrl Pts',(20.2569112043442,-1.58078375738857,48.3734626327038));
#7557=CARTESIAN_POINT('Ctrl Pts',(20.2833825873274,-1.04303089591995,47.8509144972356));
#7558=CARTESIAN_POINT('Ctrl Pts',(20.3098539703106,-0.220345359417873,47.6214641457182));
#7559=CARTESIAN_POINT('Ctrl Pts',(20.3363253532937,0.5101561449991,47.7900404431651));
#7560=CARTESIAN_POINT('Ctrl Pts',(20.3627967362769,1.24065764941607,47.9586167406119));
#7561=CARTESIAN_POINT('Ctrl Pts',(20.3892681192601,1.87897512174794,48.5252196870231));
#7562=CARTESIAN_POINT('Ctrl Pts',(20.4157395022433,2.13347186765717,49.2306633615408));
#7563=CARTESIAN_POINT('Ctrl Pts',(20.4422108852265,2.38796861356639,49.9361070360586));
#7564=CARTESIAN_POINT('Ctrl Pts',(20.4686822682096,2.25864463305296,50.780391438683));
#7565=CARTESIAN_POINT('Ctrl Pts',(20.4951536511928,1.80331574549613,51.3762598175325));
#7566=CARTESIAN_POINT('Ctrl Pts',(20.521625034176,1.34798685793929,51.972128196382));
#7567=CARTESIAN_POINT('Ctrl Pts',(20.5480964171592,0.566653063339049,52.3195805514565));
#7568=CARTESIAN_POINT('Ctrl Pts',(20.5745678001424,-0.179562394804343,52.2606629749803));
#7569=CARTESIAN_POINT('Ctrl Pts',(20.6010391831255,-0.925777852947734,52.201745398504));
#7570=CARTESIAN_POINT('Ctrl Pts',(20.6275105661087,-1.63687497463427,51.7364578904769));
#7571=CARTESIAN_POINT('Ctrl Pts',(20.6539819490919,-1.99387302669596,51.0731976048189));
#7572=CARTESIAN_POINT('Ctrl Pts',(20.6154041964228,2.35957831362124,49.051584546054));
#7573=CARTESIAN_POINT('Ctrl Pts',(20.589099816698,2.04607875030349,48.2716245555404));
#7574=CARTESIAN_POINT('Ctrl Pts',(20.5364910572482,0.590390174433521,47.0600144245739));
#7575=CARTESIAN_POINT('Ctrl Pts',(20.4575779180736,-2.14238601870608,47.8977073795874));
#7576=CARTESIAN_POINT('Ctrl Pts',(20.378664778899,-2.92959649667966,50.6420501539648));
#7577=CARTESIAN_POINT('Ctrl Pts',(20.2997516397243,-1.06726077032399,52.8034546000084));
#7578=CARTESIAN_POINT('Ctrl Pts',(20.2208385005497,1.76279364534539,52.4274851509128));
#7579=CARTESIAN_POINT('Ctrl Pts',(20.1419253613751,2.99611677431753,49.8532928862997));
#7580=CARTESIAN_POINT('Ctrl Pts',(20.0630122222005,1.51717259777764,47.412139255));
#7581=CARTESIAN_POINT('Ctrl Pts',(19.9840990830258,-1.33558075879177,47.3138859696259));
#7582=CARTESIAN_POINT('Ctrl Pts',(19.9051859438512,-2.97902710662417,49.6476511963432));
#7583=CARTESIAN_POINT('Ctrl Pts',(19.8262728046766,-1.92535880270054,52.3004006091049));
#7584=CARTESIAN_POINT('Ctrl Pts',(19.747359665502,0.871521856657418,52.8704196915914));
#7585=CARTESIAN_POINT('Ctrl Pts',(19.6684465263274,2.87932874073077,50.8416016373261));
#7586=CARTESIAN_POINT('Ctrl Pts',(19.5895333871528,2.2802447931321,48.0508155881951));
#7587=CARTESIAN_POINT('Ctrl Pts',(19.5106202479781,-0.383338494627193,47.024788096095));
#7588=CARTESIAN_POINT('Ctrl Pts',(19.4317071088035,-2.69985182113302,48.6924703212904));
#7589=CARTESIAN_POINT('Ctrl Pts',(19.3527939696289,-2.57196440703887,51.5439687726837));
#7590=CARTESIAN_POINT('Ctrl Pts',(19.2738808304542,-0.115462216292829,52.9975842326555));
#7591=CARTESIAN_POINT('Ctrl Pts',(19.1949676912796,2.4455773661857,51.737236764832));
#7592=CARTESIAN_POINT('Ctrl Pts',(19.116054552105,2.79243143234972,48.904024463663));
#7593=CARTESIAN_POINT('Ctrl Pts',(19.0371414129304,0.611063846255957,47.0630911689452));
#7594=CARTESIAN_POINT('Ctrl Pts',(18.9582282737558,-2.1235508932867,47.8811877245795));
#7595=CARTESIAN_POINT('Ctrl Pts',(18.8793151345811,-2.93553751118269,50.6176229096804));
#7596=CARTESIAN_POINT('Ctrl Pts',(18.8004019954065,-1.08973662670152,52.7948732193674));
#7597=CARTESIAN_POINT('Ctrl Pts',(18.7214888562319,1.74269391550127,52.4416919422357));
#7598=CARTESIAN_POINT('Ctrl Pts',(18.6425757170573,2.99731798289371,49.8778436144865));
#7599=CARTESIAN_POINT('Ctrl Pts',(18.5636625778826,1.53821952842791,47.4245944423063));
#7600=CARTESIAN_POINT('Ctrl Pts',(18.484749438708,-1.31355764714818,47.3030759734316));
#7601=CARTESIAN_POINT('Ctrl Pts',(18.4058362995334,-2.97606128239794,49.6233090352919));
#7602=CARTESIAN_POINT('Ctrl Pts',(18.3269231603588,-1.94408786439681,52.2845926848284));
#7603=CARTESIAN_POINT('Ctrl Pts',(18.2480100211841,0.848030806899689,52.8774443726494));
#7604=CARTESIAN_POINT('Ctrl Pts',(18.1690968820095,2.87235630035642,50.8651059083077));
#7605=CARTESIAN_POINT('Ctrl Pts',(18.0901837428349,2.29609752978468,48.0695155184488));
#7606=CARTESIAN_POINT('Ctrl Pts',(18.0112706036603,-0.359010269313433,47.0217548713282));
#7607=CARTESIAN_POINT('Ctrl Pts',(17.9323574644857,-2.68907606130777,48.6704492649284));
#7608=CARTESIAN_POINT('Ctrl Pts',(17.853444325311,-2.58449651041382,51.52289784747));
#7609=CARTESIAN_POINT('Ctrl Pts',(17.7745311861364,-0.139956226046847,52.9965404759966));
#7610=CARTESIAN_POINT('Ctrl Pts',(17.6956180469618,2.43129812894725,51.7571652945317));
#7611=CARTESIAN_POINT('Ctrl Pts',(17.6167049077872,2.80129505133017,48.9268822564005));
#7612=CARTESIAN_POINT('Ctrl Pts',(17.5377917686125,0.635045398577405,47.0681831843465));
#7613=CARTESIAN_POINT('Ctrl Pts',(17.4588786294379,-2.10616393806634,47.8639037202157));
#7614=CARTESIAN_POINT('Ctrl Pts',(17.3799654902633,-2.94048700364074,50.5936115472105));
#7615=CARTESIAN_POINT('Ctrl Pts',(17.3010523510887,-1.11254138435347,52.7858739884872));
#7616=CARTESIAN_POINT('Ctrl Pts',(17.222139211914,1.72268094947535,52.4558526008964));
#7617=CARTESIAN_POINT('Ctrl Pts',(17.1432260727394,2.99821621782071,49.9023433336883));
#7618=CARTESIAN_POINT('Ctrl Pts',(17.0643129335648,1.55921571802334,47.4372515787898));
#7619=CARTESIAN_POINT('Ctrl Pts',(16.9853997943901,-1.29147310888256,47.2924309632438));
#7620=CARTESIAN_POINT('Ctrl Pts',(16.9064866552156,-2.97288337380414,49.5989996961333));
#7621=CARTESIAN_POINT('Ctrl Pts',(16.8275735160409,-1.96269381190631,52.2686282934082));
#7622=CARTESIAN_POINT('Ctrl Pts',(16.7486603768663,0.824486522969941,52.8842788270964));
#7623=CARTESIAN_POINT('Ctrl Pts',(16.6697472376917,2.86519028824504,50.8885514055881));
#7624=CARTESIAN_POINT('Ctrl Pts',(16.5908340985171,2.3117977794522,48.088344890235));
#7625=CARTESIAN_POINT('Ctrl Pts',(16.5119209593424,-0.334658506629813,47.0189203129579));
#7626=CARTESIAN_POINT('Ctrl Pts',(16.4330078201678,-2.67812047133588,48.6485171398324));
#7627=CARTESIAN_POINT('Ctrl Pts',(16.3540946809932,-2.59685610580418,51.5017251402792));
#7628=CARTESIAN_POINT('Ctrl Pts',(16.2751815418186,-0.164440829460496,52.9952966114829));
#7629=CARTESIAN_POINT('Ctrl Pts',(16.1962684026439,2.4168564708074,51.7769764411128));
#7630=CARTESIAN_POINT('Ctrl Pts',(16.1173552634693,2.80997158843492,48.9498117390912));
#7631=CARTESIAN_POINT('Ctrl Pts',(16.0384421242947,0.65898451751891,47.073471001908));
#7632=CARTESIAN_POINT('Ctrl Pts',(15.9595289851201,-2.08863628506612,47.8467624165192));
#7633=CARTESIAN_POINT('Ctrl Pts',(15.8806158459454,-2.94524014055157,50.5695604842133));
#7634=CARTESIAN_POINT('Ctrl Pts',(15.8017027067708,-1.1352717516711,52.7766887881101));
#7635=CARTESIAN_POINT('Ctrl Pts',(15.7227895675962,1.70255276213616,52.4698490289246));
#7636=CARTESIAN_POINT('Ctrl Pts',(15.6438764284216,2.99891451662111,49.9268499731598));
#7637=CARTESIAN_POINT('Ctrl Pts',(15.5649632892469,1.58010713695204,47.4500790986597));
#7638=CARTESIAN_POINT('Ctrl Pts',(15.4860501500723,-1.26930106892488,47.2819683477357));
#7639=CARTESIAN_POINT('Ctrl Pts',(15.4071370108977,-2.96950935890338,49.5747140710409));
#7640=CARTESIAN_POINT('Ctrl Pts',(15.3282238717231,-1.98116381413559,52.2525184442591));
#7641=CARTESIAN_POINT('Ctrl Pts',(15.2493107325484,0.800877575151864,52.8909086461674));
#7642=CARTESIAN_POINT('Ctrl Pts',(15.1703975933739,2.8578518726799,50.9119612565313));
#7643=CARTESIAN_POINT('Ctrl Pts',(15.0914844541992,2.3273061338176,48.1072550971485));
#7644=CARTESIAN_POINT('Ctrl Pts',(15.0125713150246,-0.310210294844684,47.0163774608088));
#7645=CARTESIAN_POINT('Ctrl Pts',(14.93365817585,-2.6671324667417,48.6264922490373));
#7646=CARTESIAN_POINT('Ctrl Pts',(14.8547450366754,-2.60875273037355,51.4808140298959));
#7647=CARTESIAN_POINT('Ctrl Pts',(14.7758318975007,-0.189487133420136,52.9931359230242));
#7648=CARTESIAN_POINT('Ctrl Pts',(14.6969187583261,2.40339031606043,51.7981028139079));
#7649=CARTESIAN_POINT('Ctrl Pts',(14.6180056191515,2.81615366795272,48.9697779344068));
#7650=CARTESIAN_POINT('Ctrl Pts',(14.5653968597017,1.39743967604295,47.715075201271));
#7651=CARTESIAN_POINT('Ctrl Pts',(14.5390924799768,0.578903081567814,47.5237184493457));
#7652=CARTESIAN_POINT('Ctrl Pts',(20.6690400364306,2.27338070628539,49.086231082527));
#7653=CARTESIAN_POINT('Ctrl Pts',(20.6427356567057,1.97133357584636,48.3347637614925));
#7654=CARTESIAN_POINT('Ctrl Pts',(20.5901268972559,0.568822668012148,47.1674148842043));
#7655=CARTESIAN_POINT('Ctrl Pts',(20.5112137580813,-2.06412264946922,47.9745061304348));
#7656=CARTESIAN_POINT('Ctrl Pts',(20.4323006189067,-2.82257559086124,50.6185954911005));
#7657=CARTESIAN_POINT('Ctrl Pts',(20.3533874797321,-1.02827273408282,52.7010418069313));
#7658=CARTESIAN_POINT('Ctrl Pts',(20.2744743405574,1.69839714128429,52.3388068741925));
#7659=CARTESIAN_POINT('Ctrl Pts',(20.1955612013828,2.88666582041018,49.8586522656941));
#7660=CARTESIAN_POINT('Ctrl Pts',(20.1166480622082,1.46174886079506,47.5066762645423));
#7661=CARTESIAN_POINT('Ctrl Pts',(20.0377349230336,-1.28679074188618,47.4120122637719));
#7662=CARTESIAN_POINT('Ctrl Pts',(19.9588217838589,-2.87020045429513,49.6605228594115));
#7663=CARTESIAN_POINT('Ctrl Pts',(19.8799086446843,-1.85502364107537,52.2163648498081));
#7664=CARTESIAN_POINT('Ctrl Pts',(19.8009955055097,0.839684346390819,52.7655606009551));
#7665=CARTESIAN_POINT('Ctrl Pts',(19.7220823663351,2.77414416315114,50.8108571717428));
#7666=CARTESIAN_POINT('Ctrl Pts',(19.6431692271605,2.19694531365589,48.1220211526798));
#7667=CARTESIAN_POINT('Ctrl Pts',(19.5642560879858,-0.369334780130482,47.133475406521));
#7668=CARTESIAN_POINT('Ctrl Pts',(19.4853429488112,-2.6012237036429,48.7402356369775));
#7669=CARTESIAN_POINT('Ctrl Pts',(19.4064298096366,-2.47800813664942,51.4875661773451));
#7670=CARTESIAN_POINT('Ctrl Pts',(19.3275166704619,-0.111244273313491,52.8880797021477));
#7671=CARTESIAN_POINT('Ctrl Pts',(19.2486035312874,2.35623813285617,51.6737739085976));
#7672=CARTESIAN_POINT('Ctrl Pts',(19.1696903921127,2.69042129489065,48.9440615082479));
#7673=CARTESIAN_POINT('Ctrl Pts',(19.0907772529381,0.588741111226294,47.1703792322201));
#7674=CARTESIAN_POINT('Ctrl Pts',(19.0118641137635,-2.04597558883483,47.9585899539075));
#7675=CARTESIAN_POINT('Ctrl Pts',(18.9329509745888,-2.8282995745362,50.5950605969446));
#7676=CARTESIAN_POINT('Ctrl Pts',(18.8540378354142,-1.04992752636115,52.692773912168));
#7677=CARTESIAN_POINT('Ctrl Pts',(18.7751246962396,1.67903167341005,52.3524946781129));
#7678=CARTESIAN_POINT('Ctrl Pts',(18.696211557065,2.88782314771122,49.8823061327698));
#7679=CARTESIAN_POINT('Ctrl Pts',(18.6172984178903,1.48202692734223,47.5186764521825));
#7680=CARTESIAN_POINT('Ctrl Pts',(18.5383852787157,-1.26557215515232,47.4015971668704));
#7681=CARTESIAN_POINT('Ctrl Pts',(18.4594721395411,-2.86734297440763,49.6370699403183));
#7682=CARTESIAN_POINT('Ctrl Pts',(18.3805590003665,-1.87306851259386,52.2011344038216));
#7683=CARTESIAN_POINT('Ctrl Pts',(18.3016458611919,0.81705144669797,52.7723286638299));
#7684=CARTESIAN_POINT('Ctrl Pts',(18.2227327220172,2.76742643255866,50.833502809676));
#7685=CARTESIAN_POINT('Ctrl Pts',(18.1438195828426,2.21221893498041,48.1400379569544));
#7686=CARTESIAN_POINT('Ctrl Pts',(18.064906443668,-0.345895287689313,47.130552988298));
#7687=CARTESIAN_POINT('Ctrl Pts',(17.9859933044934,-2.59084159242375,48.7190190304439));
#7688=CARTESIAN_POINT('Ctrl Pts',(17.9070801653187,-2.49008243054223,51.4672649927783));
#7689=CARTESIAN_POINT('Ctrl Pts',(17.8281670261441,-0.134843493933929,52.8870740748978));
#7690=CARTESIAN_POINT('Ctrl Pts',(17.7492538869695,2.3424805295374,51.6929744304293));
#7691=CARTESIAN_POINT('Ctrl Pts',(17.6703407477949,2.69896111756223,48.966084284393));
#7692=CARTESIAN_POINT('Ctrl Pts',(17.5914276086202,0.61184659496448,47.1752852315263));
#7693=CARTESIAN_POINT('Ctrl Pts',(17.5125144694456,-2.02922379538477,47.9419373504226));
#7694=CARTESIAN_POINT('Ctrl Pts',(17.433601330271,-2.83306825739579,50.5719263920506));
#7695=CARTESIAN_POINT('Ctrl Pts',(17.3546881910964,-1.07189920484208,52.6841034316265));
#7696=CARTESIAN_POINT('Ctrl Pts',(17.2757750519218,1.65974979979043,52.3661380346406));
#7697=CARTESIAN_POINT('Ctrl Pts',(17.1968619127471,2.88868856927446,49.9059108542665));
#7698=CARTESIAN_POINT('Ctrl Pts',(17.1179487735725,1.50225610645283,47.5308712116074));
#7699=CARTESIAN_POINT('Ctrl Pts',(17.0390356343979,-1.24429438576851,47.3913410288818));
#7700=CARTESIAN_POINT('Ctrl Pts',(16.9601224952233,-2.86428115779329,49.6136486441034));
#7701=CARTESIAN_POINT('Ctrl Pts',(16.8812093560487,-1.89099476740223,52.1857532065827));
#7702=CARTESIAN_POINT('Ctrl Pts',(16.802296216874,0.794367257527303,52.7789134492504));
#7703=CARTESIAN_POINT('Ctrl Pts',(16.7233830776994,2.76052220158612,50.8560918209661));
#7704=CARTESIAN_POINT('Ctrl Pts',(16.6444699385248,2.22734563981235,48.1581794741414));
#7705=CARTESIAN_POINT('Ctrl Pts',(16.5655567993501,-0.322433117720469,47.1278219790016));
#7706=CARTESIAN_POINT('Ctrl Pts',(16.4866436601755,-2.58028622042178,48.6978881064339));
#7707=CARTESIAN_POINT('Ctrl Pts',(16.4077305210009,-2.50199051832882,51.4468657444254));
#7708=CARTESIAN_POINT('Ctrl Pts',(16.3288173818263,-0.15843365183643,52.8858756499207));
#7709=CARTESIAN_POINT('Ctrl Pts',(16.2499042426517,2.328566438705,51.7120618572575));
#7710=CARTESIAN_POINT('Ctrl Pts',(16.170991103477,2.70732069263437,48.9881761315902));
#7711=CARTESIAN_POINT('Ctrl Pts',(16.0920779643024,0.634911195453866,47.180379880156));
#7712=CARTESIAN_POINT('Ctrl Pts',(16.0131648251278,-2.01233644397662,47.9254222346162));
#7713=CARTESIAN_POINT('Ctrl Pts',(15.9342516859532,-2.83764775776034,50.5487539369266));
#7714=CARTESIAN_POINT('Ctrl Pts',(15.8553385467785,-1.09379921053732,52.6752537752282));
#7715=CARTESIAN_POINT('Ctrl Pts',(15.7764254076039,1.64035691400008,52.3796231600345));
#7716=CARTESIAN_POINT('Ctrl Pts',(15.6975122684293,2.88936135856519,49.9295222432291));
#7717=CARTESIAN_POINT('Ctrl Pts',(15.6185991292547,1.52238434226737,47.5432301301536));
#7718=CARTESIAN_POINT('Ctrl Pts',(15.53968599008,-1.22293231121146,47.3812606225245));
#7719=CARTESIAN_POINT('Ctrl Pts',(15.4607728509054,-2.86103039881918,49.5902501956574));
#7720=CARTESIAN_POINT('Ctrl Pts',(15.3818597117308,-1.90879004313888,52.1702318653222));
#7721=CARTESIAN_POINT('Ctrl Pts',(15.3029465725562,0.771620766700749,52.7853010748169));
#7722=CARTESIAN_POINT('Ctrl Pts',(15.2240334333815,2.75345186521958,50.8786464881132));
#7723=CARTESIAN_POINT('Ctrl Pts',(15.1451202942069,2.24228745945742,48.1763988734726));
#7724=CARTESIAN_POINT('Ctrl Pts',(15.0662071550323,-0.298878022026192,47.1253720196248));
#7725=CARTESIAN_POINT('Ctrl Pts',(14.9872940158577,-2.56969961793404,48.6766678055425));
#7726=CARTESIAN_POINT('Ctrl Pts',(14.9083808766831,-2.51345254805244,51.4267185365036));
#7727=CARTESIAN_POINT('Ctrl Pts',(14.8294677375084,-0.182564990837517,52.8837938934366));
#7728=CARTESIAN_POINT('Ctrl Pts',(14.7505545983338,2.31559221521223,51.7324164638534));
#7729=CARTESIAN_POINT('Ctrl Pts',(14.6716414591592,2.71327693499316,49.0074129430775));
#7730=CARTESIAN_POINT('Ctrl Pts',(14.6190326997094,1.34638989491227,47.7985456767662));
#7731=CARTESIAN_POINT('Ctrl Pts',(14.5927283199846,0.557755209415222,47.6141793663398));
#7732=CARTESIAN_POINT('Ctrl Pts',(20.7226758764383,2.18718309894955,49.120877619));
#7733=CARTESIAN_POINT('Ctrl Pts',(20.6963714967134,1.89658840138923,48.3979029674446));
#7734=CARTESIAN_POINT('Ctrl Pts',(20.6437627372637,0.547255161590773,47.2748153438347));
#7735=CARTESIAN_POINT('Ctrl Pts',(20.564849598089,-1.98585928023236,48.0513048812822));
#7736=CARTESIAN_POINT('Ctrl Pts',(20.4859364589144,-2.71555468504282,50.5951408282361));
#7737=CARTESIAN_POINT('Ctrl Pts',(20.4070233197398,-0.989284697841653,52.5986290138542));
#7738=CARTESIAN_POINT('Ctrl Pts',(20.3281101805652,1.63400063722319,52.2501285974721));
#7739=CARTESIAN_POINT('Ctrl Pts',(20.2491970413905,2.77721486650282,49.8640116450884));
#7740=CARTESIAN_POINT('Ctrl Pts',(20.1702839022159,1.40632512381248,47.6012132740846));
#7741=CARTESIAN_POINT('Ctrl Pts',(20.0913707630413,-1.23800072498059,47.5101385579179));
#7742=CARTESIAN_POINT('Ctrl Pts',(20.0124576238667,-2.76137380196608,49.6733945224798));
#7743=CARTESIAN_POINT('Ctrl Pts',(19.933544484692,-1.7846884794502,52.1323290905114));
#7744=CARTESIAN_POINT('Ctrl Pts',(19.8546313455174,0.807846836124221,52.6607015103187));
#7745=CARTESIAN_POINT('Ctrl Pts',(19.7757182063428,2.66895958557151,50.7801127061597));
#7746=CARTESIAN_POINT('Ctrl Pts',(19.6968050671682,2.11364583417968,48.1932267171644));
#7747=CARTESIAN_POINT('Ctrl Pts',(19.6178919279935,-0.355331065633768,47.2421627169471));
#7748=CARTESIAN_POINT('Ctrl Pts',(19.5389787888189,-2.50259558615277,48.7880009526646));
#7749=CARTESIAN_POINT('Ctrl Pts',(19.4600656496443,-2.38405186625996,51.4311635820063));
#7750=CARTESIAN_POINT('Ctrl Pts',(19.3811525104697,-0.107026330334155,52.7785751716401));
#7751=CARTESIAN_POINT('Ctrl Pts',(19.3022393712951,2.26689889952665,51.6103110523633));
#7752=CARTESIAN_POINT('Ctrl Pts',(19.2233262321204,2.58841115743158,48.9840985528329));
#7753=CARTESIAN_POINT('Ctrl Pts',(19.1444130929458,0.566418376196634,47.2776672954949));
#7754=CARTESIAN_POINT('Ctrl Pts',(19.0654999537712,-1.96840028438296,48.0359921832356));
#7755=CARTESIAN_POINT('Ctrl Pts',(18.9865868145966,-2.7210616378897,50.5724982842085));
#7756=CARTESIAN_POINT('Ctrl Pts',(18.9076736754219,-1.01011842602079,52.5906746049688));
#7757=CARTESIAN_POINT('Ctrl Pts',(18.8287605362473,1.61536943131884,52.2632974139901));
#7758=CARTESIAN_POINT('Ctrl Pts',(18.7498473970727,2.77832831252873,49.8867686510531));
#7759=CARTESIAN_POINT('Ctrl Pts',(18.6709342578981,1.42583432625654,47.6127584620589));
#7760=CARTESIAN_POINT('Ctrl Pts',(18.5920211187235,-1.21758666315647,47.500118360309));
#7761=CARTESIAN_POINT('Ctrl Pts',(18.5131079795488,-2.75862466641731,49.6508308453448));
#7762=CARTESIAN_POINT('Ctrl Pts',(18.4341948403742,-1.80204916079093,52.1176761228147));
#7763=CARTESIAN_POINT('Ctrl Pts',(18.3552817011996,0.786072086496253,52.6672129550107));
#7764=CARTESIAN_POINT('Ctrl Pts',(18.276368562025,2.66249656476089,50.8018997110441));
#7765=CARTESIAN_POINT('Ctrl Pts',(18.1974554228503,2.12834034017614,48.2105603954603));
#7766=CARTESIAN_POINT('Ctrl Pts',(18.1185422836757,-0.332780306065194,47.2393511052676));
#7767=CARTESIAN_POINT('Ctrl Pts',(18.0396291445011,-2.49260712353974,48.7675887959595));
#7768=CARTESIAN_POINT('Ctrl Pts',(17.9607160053265,-2.39566835067064,51.4116321380865));
#7769=CARTESIAN_POINT('Ctrl Pts',(17.8818028661518,-0.129730761821014,52.7776076737993));
#7770=CARTESIAN_POINT('Ctrl Pts',(17.8028897269772,2.25366293012756,51.6287835663267));
#7771=CARTESIAN_POINT('Ctrl Pts',(17.7239765878026,2.59662718379428,49.0052863123856));
#7772=CARTESIAN_POINT('Ctrl Pts',(17.645063448628,0.588647791351561,47.2823872787059));
#7773=CARTESIAN_POINT('Ctrl Pts',(17.5661503094534,-1.9522836527032,48.0199709806297));
#7774=CARTESIAN_POINT('Ctrl Pts',(17.4872371702787,-2.72564951115084,50.5502412368905));
#7775=CARTESIAN_POINT('Ctrl Pts',(17.4083240311041,-1.03125702533069,52.5823328747659));
#7776=CARTESIAN_POINT('Ctrl Pts',(17.3294108919295,1.5968186501055,52.2764234683847));
#7777=CARTESIAN_POINT('Ctrl Pts',(17.2504977527548,2.77916092072821,49.9094783748447));
#7778=CARTESIAN_POINT('Ctrl Pts',(17.1715846135802,1.44529649488233,47.6244908444248));
#7779=CARTESIAN_POINT('Ctrl Pts',(17.0926714744056,-1.19711566265446,47.4902510945199));
#7780=CARTESIAN_POINT('Ctrl Pts',(17.013758335231,-2.75567894178243,49.6282975920735));
#7781=CARTESIAN_POINT('Ctrl Pts',(16.9348451960564,-1.81929572289815,52.1028781197573));
#7782=CARTESIAN_POINT('Ctrl Pts',(16.8559320568817,0.764247992084664,52.6735480714045));
#7783=CARTESIAN_POINT('Ctrl Pts',(16.7770189177071,2.6558541149272,50.8236322363441));
#7784=CARTESIAN_POINT('Ctrl Pts',(16.6981057785325,2.14289350017251,48.2280140580478));
#7785=CARTESIAN_POINT('Ctrl Pts',(16.6191926393579,-0.310207728811127,47.2367236450453));
#7786=CARTESIAN_POINT('Ctrl Pts',(16.5402795001833,-2.48245196950767,48.7472590730351));
#7787=CARTESIAN_POINT('Ctrl Pts',(16.4613663610086,-2.40712493085347,51.3920063485718));
#7788=CARTESIAN_POINT('Ctrl Pts',(16.382453221834,-0.152426474212361,52.7764546883585));
#7789=CARTESIAN_POINT('Ctrl Pts',(16.3035400826594,2.2402764066026,51.6471472734022));
#7790=CARTESIAN_POINT('Ctrl Pts',(16.2246269434848,2.60466979683381,49.0265405240892));
#7791=CARTESIAN_POINT('Ctrl Pts',(16.1457138043101,0.610837873388823,47.2872887584041));
#7792=CARTESIAN_POINT('Ctrl Pts',(16.0668006651355,-1.93603660288713,48.0040820527132));
#7793=CARTESIAN_POINT('Ctrl Pts',(15.9878875259609,-2.7300553749691,50.52794738964));
#7794=CARTESIAN_POINT('Ctrl Pts',(15.9089743867863,-1.05232666940355,52.5738187623463));
#7795=CARTESIAN_POINT('Ctrl Pts',(15.8300612476116,1.57816106586401,52.2893972911444));
#7796=CARTESIAN_POINT('Ctrl Pts',(15.751148108437,2.77980820050927,49.9321945132983));
#7797=CARTESIAN_POINT('Ctrl Pts',(15.6722349692624,1.46466154758271,47.6363811616476));
#7798=CARTESIAN_POINT('Ctrl Pts',(15.5933218300878,-1.17656355349804,47.4805528973132));
#7799=CARTESIAN_POINT('Ctrl Pts',(15.5144086909131,-2.75255143873498,49.6057863202742));
#7800=CARTESIAN_POINT('Ctrl Pts',(15.4354955517385,-1.83641627214216,52.0879452863853));
#7801=CARTESIAN_POINT('Ctrl Pts',(15.3565824125639,0.742363958249634,52.6796935034664));
#7802=CARTESIAN_POINT('Ctrl Pts',(15.2776692733893,2.64905185775926,50.8453317196951));
#7803=CARTESIAN_POINT('Ctrl Pts',(15.1987561342146,2.15726878509724,48.2455426497966));
#7804=CARTESIAN_POINT('Ctrl Pts',(15.11984299504,-0.287545749207697,47.2343665784409));
#7805=CARTESIAN_POINT('Ctrl Pts',(15.0409298558654,-2.47226676912639,48.7268433620476));
#7806=CARTESIAN_POINT('Ctrl Pts',(14.9620167166908,-2.41815236573132,51.3726230431114));
#7807=CARTESIAN_POINT('Ctrl Pts',(14.8831035775161,-0.175642848254899,52.7744518638489));
#7808=CARTESIAN_POINT('Ctrl Pts',(14.8041904383415,2.22779411436403,51.666730113799));
#7809=CARTESIAN_POINT('Ctrl Pts',(14.7252772991669,2.6104002020336,49.0450479517481));
#7810=CARTESIAN_POINT('Ctrl Pts',(14.6726685397172,1.29534011378158,47.8820161522614));
#7811=CARTESIAN_POINT('Ctrl Pts',(14.6463641599923,0.536607337262629,47.7046402833339));
#7812=CARTESIAN_POINT('Ctrl Pts',(20.776311716446,2.10098549161371,49.155524155473));
#7813=CARTESIAN_POINT('Ctrl Pts',(20.7500073367211,1.82184322693211,48.4610421733966));
#7814=CARTESIAN_POINT('Ctrl Pts',(20.6973985772714,0.525687655169398,47.3822158034652));
#7815=CARTESIAN_POINT('Ctrl Pts',(20.6184854380968,-1.9075959109955,48.1281036321296));
#7816=CARTESIAN_POINT('Ctrl Pts',(20.5395722989221,-2.60853377922439,50.5716861653718));
#7817=CARTESIAN_POINT('Ctrl Pts',(20.4606591597475,-0.950296661600487,52.4962162207771));
#7818=CARTESIAN_POINT('Ctrl Pts',(20.3817460205729,1.56960413316209,52.1614503207517));
#7819=CARTESIAN_POINT('Ctrl Pts',(20.3028328813982,2.66776391259546,49.8693710244829));
#7820=CARTESIAN_POINT('Ctrl Pts',(20.2239197422236,1.3509013868299,47.6957502836269));
#7821=CARTESIAN_POINT('Ctrl Pts',(20.145006603049,-1.18921070807501,47.6082648520638));
#7822=CARTESIAN_POINT('Ctrl Pts',(20.0660934638744,-2.65254714963703,49.6862661855481));
#7823=CARTESIAN_POINT('Ctrl Pts',(19.9871803246998,-1.71435331782504,52.0482933312146));
#7824=CARTESIAN_POINT('Ctrl Pts',(19.9082671855251,0.776009325857623,52.5558424196823));
#7825=CARTESIAN_POINT('Ctrl Pts',(19.8293540463505,2.56377500799187,50.7493682405764));
#7826=CARTESIAN_POINT('Ctrl Pts',(19.7504409071759,2.03034635470347,48.2644322816491));
#7827=CARTESIAN_POINT('Ctrl Pts',(19.6715277680012,-0.341327351137054,47.3508500273731));
#7828=CARTESIAN_POINT('Ctrl Pts',(19.5926146288267,-2.40396746866265,48.8357662683519));
#7829=CARTESIAN_POINT('Ctrl Pts',(19.513701489652,-2.2900955958705,51.3747609866675));
#7830=CARTESIAN_POINT('Ctrl Pts',(19.4347883504774,-0.102808387354816,52.6690706411324));
#7831=CARTESIAN_POINT('Ctrl Pts',(19.3558752113028,2.17755966619712,51.5468481961289));
#7832=CARTESIAN_POINT('Ctrl Pts',(19.2769620721282,2.48640101997251,49.024135597418));
#7833=CARTESIAN_POINT('Ctrl Pts',(19.1980489329535,0.544095641166974,47.3849553587697));
#7834=CARTESIAN_POINT('Ctrl Pts',(19.1191357937789,-1.89082497993108,48.1133944125637));
#7835=CARTESIAN_POINT('Ctrl Pts',(19.0402226546043,-2.61382370124321,50.5499359714726));
#7836=CARTESIAN_POINT('Ctrl Pts',(18.9613095154297,-0.97030932568042,52.4885752977695));
#7837=CARTESIAN_POINT('Ctrl Pts',(18.882396376255,1.55170718922762,52.1741001498673));
#7838=CARTESIAN_POINT('Ctrl Pts',(18.8034832370804,2.66883347734625,49.8912311693363));
#7839=CARTESIAN_POINT('Ctrl Pts',(18.7245700979058,1.36964172517086,47.7068404719351));
#7840=CARTESIAN_POINT('Ctrl Pts',(18.6456569587312,-1.16960117116061,47.5986395537478));
#7841=CARTESIAN_POINT('Ctrl Pts',(18.5667438195565,-2.649906358427,49.6645917503712));
#7842=CARTESIAN_POINT('Ctrl Pts',(18.4878306803819,-1.73102980898799,52.034217841808));
#7843=CARTESIAN_POINT('Ctrl Pts',(18.4089175412073,0.755092726294533,52.5620972461913));
#7844=CARTESIAN_POINT('Ctrl Pts',(18.3300044020327,2.55756669696312,50.7702966124123));
#7845=CARTESIAN_POINT('Ctrl Pts',(18.251091262858,2.04446174537187,48.2810828339661));
#7846=CARTESIAN_POINT('Ctrl Pts',(18.1721781236834,-0.319665324441075,47.3481492222373));
#7847=CARTESIAN_POINT('Ctrl Pts',(18.0932649845088,-2.39437265465573,48.816158561475));
#7848=CARTESIAN_POINT('Ctrl Pts',(18.0143518453342,-2.30125427079905,51.3559992833947));
#7849=CARTESIAN_POINT('Ctrl Pts',(17.9354387061596,-0.124618029708096,52.6681412727006));
#7850=CARTESIAN_POINT('Ctrl Pts',(17.8565255669849,2.16484533071772,51.5645927022242));
#7851=CARTESIAN_POINT('Ctrl Pts',(17.7776124278103,2.49429325002633,49.0444883403781));
#7852=CARTESIAN_POINT('Ctrl Pts',(17.6986992886357,0.565448987738639,47.3894893258856));
#7853=CARTESIAN_POINT('Ctrl Pts',(17.6197861494611,-1.87534351002164,48.0980046108369));
#7854=CARTESIAN_POINT('Ctrl Pts',(17.5408730102864,-2.61823076490588,50.5285560817304));
#7855=CARTESIAN_POINT('Ctrl Pts',(17.4619598711118,-0.990614845819301,52.4805623179054));
#7856=CARTESIAN_POINT('Ctrl Pts',(17.3830467319372,1.53388750042057,52.1867089021286));
#7857=CARTESIAN_POINT('Ctrl Pts',(17.3041335927626,2.66963327218195,49.913045895423));
#7858=CARTESIAN_POINT('Ctrl Pts',(17.225220453588,1.38833688331183,47.7181104772423));
#7859=CARTESIAN_POINT('Ctrl Pts',(17.1463073144133,-1.14993693954041,47.5891611601579));
#7860=CARTESIAN_POINT('Ctrl Pts',(17.0673941752387,-2.64707672577158,49.6429465400436));
#7861=CARTESIAN_POINT('Ctrl Pts',(16.9884810360641,-1.74759667839407,52.0200030329318));
#7862=CARTESIAN_POINT('Ctrl Pts',(16.9095678968895,0.734128726642023,52.5681826935586));
#7863=CARTESIAN_POINT('Ctrl Pts',(16.8306547577148,2.55118602826828,50.7911726517221));
#7864=CARTESIAN_POINT('Ctrl Pts',(16.7517416185402,2.05844136053266,48.2978486419543));
#7865=CARTESIAN_POINT('Ctrl Pts',(16.6728284793656,-0.297982339901781,47.345625311089));
#7866=CARTESIAN_POINT('Ctrl Pts',(16.5939153401909,-2.38461771859358,48.7966300396366));
#7867=CARTESIAN_POINT('Ctrl Pts',(16.5150022010164,-2.31225934337811,51.337146952718));
#7868=CARTESIAN_POINT('Ctrl Pts',(16.4360890618417,-0.146419296588297,52.6670337267964));
#7869=CARTESIAN_POINT('Ctrl Pts',(16.3571759226671,2.1519863745002,51.5822326895469));
#7870=CARTESIAN_POINT('Ctrl Pts',(16.2782627834925,2.50201890103326,49.0649049165881));
#7871=CARTESIAN_POINT('Ctrl Pts',(16.1993496443179,0.58676455132378,47.3941976366523));
#7872=CARTESIAN_POINT('Ctrl Pts',(16.1204365051432,-1.85973676179763,48.0827418708101));
#7873=CARTESIAN_POINT('Ctrl Pts',(16.0415233659686,-2.62246299217787,50.5071408423534));
#7874=CARTESIAN_POINT('Ctrl Pts',(15.962610226794,-1.01085412826977,52.4723837494644));
#7875=CARTESIAN_POINT('Ctrl Pts',(15.8836970876194,1.51596521772794,52.1991714222543));
#7876=CARTESIAN_POINT('Ctrl Pts',(15.8047839484447,2.67025504245335,49.9348667833675));
#7877=CARTESIAN_POINT('Ctrl Pts',(15.7258708092701,1.40693875289804,47.7295321931415));
#7878=CARTESIAN_POINT('Ctrl Pts',(15.6469576700955,-1.13019479578461,47.579845172102));
#7879=CARTESIAN_POINT('Ctrl Pts',(15.5680445309208,-2.64407247865078,49.6213224448908));
#7880=CARTESIAN_POINT('Ctrl Pts',(15.4891313917462,-1.76404250114544,52.0056587074484));
#7881=CARTESIAN_POINT('Ctrl Pts',(15.4102182525716,0.71310714979852,52.5740859321159));
#7882=CARTESIAN_POINT('Ctrl Pts',(15.331305113397,2.54465185029894,50.812016951277));
#7883=CARTESIAN_POINT('Ctrl Pts',(15.2523919742224,2.07225011073706,48.3146864261208));
#7884=CARTESIAN_POINT('Ctrl Pts',(15.1734788350477,-0.276213476389204,47.3433611372568));
#7885=CARTESIAN_POINT('Ctrl Pts',(15.0945656958731,-2.37483392031874,48.7770189185528));
#7886=CARTESIAN_POINT('Ctrl Pts',(15.0156525566985,-2.32285218341021,51.3185275497191));
#7887=CARTESIAN_POINT('Ctrl Pts',(14.9367394175239,-0.168720705672277,52.6651098342613));
#7888=CARTESIAN_POINT('Ctrl Pts',(14.8578262783492,2.13999601351583,51.6010437637445));
#7889=CARTESIAN_POINT('Ctrl Pts',(14.7789131391746,2.50752346907404,49.0826829604186));
#7890=CARTESIAN_POINT('Ctrl Pts',(14.7263043797249,1.2442903326509,47.9654866277565));
#7891=CARTESIAN_POINT('Ctrl Pts',(14.7,0.515459465110036,47.795101200328));
#7892=CARTESIAN_POINT('Ctrl Pts',(20.3958171439247,-2.54346562574594,50.002233850897));
#7893=CARTESIAN_POINT('Ctrl Pts',(20.3900996889162,-2.5450383279994,50.1848699810063));
#7894=CARTESIAN_POINT('Ctrl Pts',(20.3580778541827,-2.44374881914525,51.2059191253118));
#7895=CARTESIAN_POINT('Ctrl Pts',(20.2997516397243,-1.06726077032399,52.8034546000084));
#7896=CARTESIAN_POINT('Ctrl Pts',(20.2208385005497,1.76279364534539,52.4274851509128));
#7897=CARTESIAN_POINT('Ctrl Pts',(20.1419253613751,2.99611677431753,49.8532928862997));
#7898=CARTESIAN_POINT('Ctrl Pts',(20.0630122222005,1.51717259777764,47.412139255));
#7899=CARTESIAN_POINT('Ctrl Pts',(19.9840990830258,-1.33558075879177,47.3138859696259));
#7900=CARTESIAN_POINT('Ctrl Pts',(19.9283673902673,-2.49624991833354,48.9620866108178));
#7901=CARTESIAN_POINT('Ctrl Pts',(19.8989400772336,-2.54651202596195,49.8989024752367));
#7902=CARTESIAN_POINT('Ctrl Pts',(19.8958171439247,-2.54577603598773,49.9984002859899));
#7903=CARTESIAN_POINT('Ctrl Pts',(14.7,0.515459465110067,47.7951012003281));
#7904=CARTESIAN_POINT('Ctrl Pts',(14.7,0.593717937992813,47.8084429040083));
#7905=CARTESIAN_POINT('Ctrl Pts',(14.7,0.671013152075771,47.826184076821));
#7906=CARTESIAN_POINT('Ctrl Pts',(14.7,0.747120662948146,47.8480345375499));
#7907=CARTESIAN_POINT('Ctrl Pts',(14.7,0.825162774629423,47.8704404220275));
#7908=CARTESIAN_POINT('Ctrl Pts',(14.7,0.901956757354929,47.89716741278));
#7909=CARTESIAN_POINT('Ctrl Pts',(14.7,0.977254941499494,47.9279566804645));
#7910=CARTESIAN_POINT('Ctrl Pts',(14.7,0.99331395035373,47.9345231751015));
#7911=CARTESIAN_POINT('Ctrl Pts',(14.7,1.00930487946707,47.9412746253176));
#7912=CARTESIAN_POINT('Ctrl Pts',(14.7,1.02522524364187,47.9482088095657));
#7913=CARTESIAN_POINT('Ctrl Pts',(14.7,1.04108804097163,47.9551179203227));
#7914=CARTESIAN_POINT('Ctrl Pts',(14.7,1.05687186148506,47.9622045824208));
#7915=CARTESIAN_POINT('Ctrl Pts',(14.7,1.07257194444674,47.9694648596626));
#7916=CARTESIAN_POINT('Ctrl Pts',(14.7,1.14793115446929,48.0043136409601));
#7917=CARTESIAN_POINT('Ctrl Pts',(14.7,1.22138078201451,48.0431663200404));
#7918=CARTESIAN_POINT('Ctrl Pts',(14.7,1.29266411431932,48.0857403483442));
#7919=CARTESIAN_POINT('Ctrl Pts',(14.7,1.34581861924619,48.1174869197244));
#7920=CARTESIAN_POINT('Ctrl Pts',(14.7,1.39776850827026,48.1513039042973));
#7921=CARTESIAN_POINT('Ctrl Pts',(14.7,1.44840096278675,48.187091826871));
#7922=CARTESIAN_POINT('Ctrl Pts',(14.7,1.4645997690219,48.198541432245));
#7923=CARTESIAN_POINT('Ctrl Pts',(14.7,1.48066367452817,48.2101928790412));
#7924=CARTESIAN_POINT('Ctrl Pts',(14.7,1.49658881434908,48.2220432003209));
#7925=CARTESIAN_POINT('Ctrl Pts',(14.7,1.50817034453237,48.2306613258209));
#7926=CARTESIAN_POINT('Ctrl Pts',(14.7,1.51967024778616,48.2393785111994));
#7927=CARTESIAN_POINT('Ctrl Pts',(14.7,1.53108722058245,48.2481931320525));
#7928=CARTESIAN_POINT('Ctrl Pts',(14.7,1.59790754080415,48.299782620663));
#7929=CARTESIAN_POINT('Ctrl Pts',(14.7,1.6618892522924,48.3547062074452));
#7930=CARTESIAN_POINT('Ctrl Pts',(14.7,1.72277593400372,48.4126785053858));
#7931=CARTESIAN_POINT('Ctrl Pts',(14.7,1.78400670994531,48.4709784272448));
#7932=CARTESIAN_POINT('Ctrl Pts',(14.7,1.84210820480995,48.5323621542082));
#7933=CARTESIAN_POINT('Ctrl Pts',(14.7,1.89679555018559,48.5965854619994));
#7934=CARTESIAN_POINT('Ctrl Pts',(14.7,1.95073643047931,48.6599321418179));
#7935=CARTESIAN_POINT('Ctrl Pts',(14.7,2.0013564473849,48.7260420464974));
#7936=CARTESIAN_POINT('Ctrl Pts',(14.7,2.04834750631612,48.7947165436684));
#7937=CARTESIAN_POINT('Ctrl Pts',(14.7,2.06564264131468,48.8199923030691));
#7938=CARTESIAN_POINT('Ctrl Pts',(14.7,2.08244579422859,48.8456157725941));
#7939=CARTESIAN_POINT('Ctrl Pts',(14.7,2.09874009714741,48.8715780339604));
#7940=CARTESIAN_POINT('Ctrl Pts',(14.7,2.10794943370471,48.886251579917));
#7941=CARTESIAN_POINT('Ctrl Pts',(14.7,2.11699822490487,48.9010369668575));
#7942=CARTESIAN_POINT('Ctrl Pts',(14.7,2.12586927923193,48.915908463646));
#7943=CARTESIAN_POINT('Ctrl Pts',(14.7,2.1697769124872,48.9895155235146));
#7944=CARTESIAN_POINT('Ctrl Pts',(14.7,2.20940155399304,49.0653337503108));
#7945=CARTESIAN_POINT('Ctrl Pts',(14.7,2.24446256917623,49.1431079753729));
#7946=CARTESIAN_POINT('Ctrl Pts',(14.7,2.24942006022174,49.154104948002));
#7947=CARTESIAN_POINT('Ctrl Pts',(14.7,2.25428625274742,49.1651410884426));
#7948=CARTESIAN_POINT('Ctrl Pts',(14.7,2.25906029251502,49.1762157341827));
#7949=CARTESIAN_POINT('Ctrl Pts',(14.7,2.29177172472165,49.25209853805));
#7950=CARTESIAN_POINT('Ctrl Pts',(14.7,2.32016043009733,49.3297868979647));
#7951=CARTESIAN_POINT('Ctrl Pts',(14.7,2.34433027022648,49.4089203745047));
#7952=CARTESIAN_POINT('Ctrl Pts',(14.7,2.36905447173078,49.4898688627552));
#7953=CARTESIAN_POINT('Ctrl Pts',(14.7,2.38936423463405,49.5723303264868));
#7954=CARTESIAN_POINT('Ctrl Pts',(14.7,2.40532116101725,49.6559405574969));
#7955=CARTESIAN_POINT('Ctrl Pts',(14.7,2.41155158958156,49.6885864166707));
#7956=CARTESIAN_POINT('Ctrl Pts',(14.7,2.41711787398004,49.721407571421));
#7957=CARTESIAN_POINT('Ctrl Pts',(14.7,2.42202160860438,49.7543827807934));
#7958=CARTESIAN_POINT('Ctrl Pts',(14.7,2.42394161124905,49.7672938565456));
#7959=CARTESIAN_POINT('Ctrl Pts',(14.7,2.42575973090654,49.7802269662019));
#7960=CARTESIAN_POINT('Ctrl Pts',(14.7,2.4274746997585,49.7931688827491));
#7961=CARTESIAN_POINT('Ctrl Pts',(14.7,2.43878686840521,49.8785355309111));
#7962=CARTESIAN_POINT('Ctrl Pts',(14.7,2.4456364827629,49.9644242098858));
#7963=CARTESIAN_POINT('Ctrl Pts',(14.7,2.44814562081498,50.0504462070196));
#7964=CARTESIAN_POINT('Ctrl Pts',(14.7,2.45069861930387,50.1379718927872));
#7965=CARTESIAN_POINT('Ctrl Pts',(14.7,2.44875817406564,50.2256365194868));
#7966=CARTESIAN_POINT('Ctrl Pts',(14.7,2.44240127445577,50.3130486656762));
#7967=CARTESIAN_POINT('Ctrl Pts',(14.7,2.43603098918795,50.4006448747202));
#7968=CARTESIAN_POINT('Ctrl Pts',(14.7,2.42522562275429,50.4879885519479));
#7969=CARTESIAN_POINT('Ctrl Pts',(14.7,2.41001074694155,50.5746890594996));
#7970=CARTESIAN_POINT('Ctrl Pts',(14.7,2.4055674940844,50.6000085088752));
#7971=CARTESIAN_POINT('Ctrl Pts',(14.7,2.40074784608945,50.6252730728287));
#7972=CARTESIAN_POINT('Ctrl Pts',(14.7,2.39555160750508,50.6504728800398));
#7973=CARTESIAN_POINT('Ctrl Pts',(14.7,2.39175417383462,50.6688890083292));
#7974=CARTESIAN_POINT('Ctrl Pts',(14.7,2.38775560475988,50.6872705499702));
#7975=CARTESIAN_POINT('Ctrl Pts',(14.7,2.38355569702967,50.7056136119237));
#7976=CARTESIAN_POINT('Ctrl Pts',(14.7,2.38053820777442,50.7187924710578));
#7977=CARTESIAN_POINT('Ctrl Pts',(14.7,2.37741672648265,50.7319513938883));
#7978=CARTESIAN_POINT('Ctrl Pts',(14.7,2.37419478281003,50.7450750544574));
#7979=CARTESIAN_POINT('Ctrl Pts',(14.7,2.35283318425382,50.8320853802581));
#7980=CARTESIAN_POINT('Ctrl Pts',(14.7,2.32702539706691,50.9176990903516));
#7981=CARTESIAN_POINT('Ctrl Pts',(14.7,2.2968562141515,51.0015163611579));
#7982=CARTESIAN_POINT('Ctrl Pts',(14.7,2.26680811258329,51.0849972387613));
#7983=CARTESIAN_POINT('Ctrl Pts',(14.7,2.23243346357732,51.1666970958003));
#7984=CARTESIAN_POINT('Ctrl Pts',(14.7,2.19376481693929,51.246217272955));
#7985=CARTESIAN_POINT('Ctrl Pts',(14.7,2.15606812885841,51.3237386649601));
#7986=CARTESIAN_POINT('Ctrl Pts',(14.7,2.11429036276003,51.3991894525447));
#7987=CARTESIAN_POINT('Ctrl Pts',(14.7,2.06841552932524,51.4721829131623));
#7988=CARTESIAN_POINT('Ctrl Pts',(14.7,2.05775105100613,51.4891516326084));
#7989=CARTESIAN_POINT('Ctrl Pts',(14.7,2.04686496656276,51.5059874463581));
#7990=CARTESIAN_POINT('Ctrl Pts',(14.7,2.03575672481698,51.5226852796389));
#7991=CARTESIAN_POINT('Ctrl Pts',(14.7,2.01766182513806,51.5498854095053));
#7992=CARTESIAN_POINT('Ctrl Pts',(14.7,1.99897746411615,51.5767194387332));
#7993=CARTESIAN_POINT('Ctrl Pts',(14.7,1.9797203186858,51.603179811556));
#7994=CARTESIAN_POINT('Origin',(22.1041828560753,-1.35349083912302E-15,
50.0000008493662));
#7995=CARTESIAN_POINT('Ctrl Pts',(20.3541828560753,-2.54395737425494,50.0022504134168));
#7996=CARTESIAN_POINT('Ctrl Pts',(20.3489234291894,-2.54549206684694,50.1701329793632));
#7997=CARTESIAN_POINT('Ctrl Pts',(20.3171926193204,-2.45376156823672,51.1813079731441));
#7998=CARTESIAN_POINT('Ctrl Pts',(20.2589904264683,-1.09994169906555,52.7977150108504));
#7999=CARTESIAN_POINT('Ctrl Pts',(20.1795762775187,1.75496902183818,52.4407664025643));
#8000=CARTESIAN_POINT('Ctrl Pts',(20.1001621285691,3.00232443993729,49.8481692265505));
#8001=CARTESIAN_POINT('Ctrl Pts',(20.0207479796196,1.49977178599118,47.3946639696884));
#8002=CARTESIAN_POINT('Ctrl Pts',(19.9413338306701,-1.37651357273274,47.3274889736404));
#8003=CARTESIAN_POINT('Ctrl Pts',(19.8858121228219,-2.50595054863082,48.9919353195473));
#8004=CARTESIAN_POINT('Ctrl Pts',(19.856761797957,-2.54682292477953,49.9164637812465));
#8005=CARTESIAN_POINT('Ctrl Pts',(19.8541828560753,-2.54627502063306,49.9985877928352));
#8006=CARTESIAN_POINT('Origin',(0.,-21.,50.0000008493662));
#8007=CARTESIAN_POINT('Ctrl Pts',(-2.26472007615179,-20.5567246639479,50.0019891299805));
#8008=CARTESIAN_POINT('Ctrl Pts',(-2.2661204215432,-20.5510072089393,50.1646096530582));
#8009=CARTESIAN_POINT('Ctrl Pts',(-2.25001731498947,-20.5452897539307,50.3269370584664));
#8010=CARTESIAN_POINT('Ctrl Pts',(-2.21533794824891,-20.5395722989221,50.4851774190657));
#8011=CARTESIAN_POINT('Ctrl Pts',(-2.05578807334971,-20.5132679191972,51.2131961838403));
#8012=CARTESIAN_POINT('Ctrl Pts',(-1.50304236747506,-20.4869635394724,51.8547062023087));
#8013=CARTESIAN_POINT('Ctrl Pts',(-0.806686048743968,-20.4606591597475,
52.119666894872));
#8014=CARTESIAN_POINT('Ctrl Pts',(-0.110329730012881,-20.4343547800226,
52.3846275874353));
#8015=CARTESIAN_POINT('Ctrl Pts',(0.729637201574639,-20.4080504002977,52.2730389540935));
#8016=CARTESIAN_POINT('Ctrl Pts',(1.33264729727395,-20.3817460205729,51.8352314213778));
#8017=CARTESIAN_POINT('Ctrl Pts',(1.93565739297326,-20.355441640848,51.397423888662));
#8018=CARTESIAN_POINT('Ctrl Pts',(2.30171065278436,-20.3291372611231,50.6333974565724));
#8019=CARTESIAN_POINT('Ctrl Pts',(2.2652601950623,-20.3028328813983,49.8891141170516));
#8020=CARTESIAN_POINT('Ctrl Pts',(2.22880973734025,-20.2765285016734,49.1448307775308));
#8021=CARTESIAN_POINT('Ctrl Pts',(1.78985556208504,-20.2502241219485,48.4202905305788));
#8022=CARTESIAN_POINT('Ctrl Pts',(1.14702645863995,-20.2239197422236,48.0434395018424));
#8023=CARTESIAN_POINT('Ctrl Pts',(0.504197355194861,-20.1976153624988,47.6665884731059));
#8024=CARTESIAN_POINT('Ctrl Pts',(-0.342506676440113,-20.1713109827739,
47.6374266625849));
#8025=CARTESIAN_POINT('Ctrl Pts',(-1.00974809918459,-20.145006603049,47.9691793129051));
#8026=CARTESIAN_POINT('Ctrl Pts',(-1.67698952192907,-20.1187022233241,48.3009319632253));
#8027=CARTESIAN_POINT('Ctrl Pts',(-2.16476833578305,-20.0923978435992,48.9935990743867));
#8028=CARTESIAN_POINT('Ctrl Pts',(-2.2522921040747,-20.0660934638744,49.7336038209119));
#8029=CARTESIAN_POINT('Ctrl Pts',(-2.26268318320948,-20.0629705305655,49.8214593603996));
#8030=CARTESIAN_POINT('Ctrl Pts',(-2.26743261280232,-20.0598475972567,49.909982130324));
#8031=CARTESIAN_POINT('Ctrl Pts',(-2.26677728203881,-20.0567246639479,49.9985756962307));
#8032=CARTESIAN_POINT('Ctrl Pts',(-2.265157932559,-20.1932753360521,50.0020038773672));
#8033=CARTESIAN_POINT('Ctrl Pts',(-2.25964665413583,-20.2144872921495,49.3991159973148));
#8034=CARTESIAN_POINT('Ctrl Pts',(-2.01169400095035,-20.2356992482468,48.7921890783658));
#8035=CARTESIAN_POINT('Ctrl Pts',(-1.58078375738862,-20.2569112043442,48.3734626327038));
#8036=CARTESIAN_POINT('Ctrl Pts',(-1.04303089592002,-20.2833825873274,47.8509144972356));
#8037=CARTESIAN_POINT('Ctrl Pts',(-0.220345359417961,-20.3098539703105,
47.6214641457182));
#8038=CARTESIAN_POINT('Ctrl Pts',(0.510156144999017,-20.3363253532937,47.790040443165));
#8039=CARTESIAN_POINT('Ctrl Pts',(1.240657649416,-20.3627967362769,47.9586167406119));
#8040=CARTESIAN_POINT('Ctrl Pts',(1.87897512174789,-20.3892681192601,48.525219687023));
#8041=CARTESIAN_POINT('Ctrl Pts',(2.13347186765714,-20.4157395022433,49.2306633615408));
#8042=CARTESIAN_POINT('Ctrl Pts',(2.38796861356639,-20.4422108852265,49.9361070360586));
#8043=CARTESIAN_POINT('Ctrl Pts',(2.25864463305299,-20.4686822682096,50.7803914386829));
#8044=CARTESIAN_POINT('Ctrl Pts',(1.80331574549618,-20.4951536511928,51.3762598175324));
#8045=CARTESIAN_POINT('Ctrl Pts',(1.34798685793937,-20.521625034176,51.9721281963819));
#8046=CARTESIAN_POINT('Ctrl Pts',(0.566653063339138,-20.5480964171592,52.3195805514565));
#8047=CARTESIAN_POINT('Ctrl Pts',(-0.179562394804255,-20.5745678001424,
52.2606629749802));
#8048=CARTESIAN_POINT('Ctrl Pts',(-0.92577785294764,-20.6010391831255,52.201745398504));
#8049=CARTESIAN_POINT('Ctrl Pts',(-1.63687497463419,-20.6275105661087,51.736457890477));
#8050=CARTESIAN_POINT('Ctrl Pts',(-1.99387302669591,-20.6539819490919,51.073197604819));
#8051=CARTESIAN_POINT('Ctrl Pts',(2.3595783136212,-20.6154041964228,49.0515845460539));
#8052=CARTESIAN_POINT('Ctrl Pts',(2.04607875030343,-20.589099816698,48.2716245555403));
#8053=CARTESIAN_POINT('Ctrl Pts',(0.59039017443342,-20.5364910572482,47.0600144245738));
#8054=CARTESIAN_POINT('Ctrl Pts',(-2.14238601870615,-20.4575779180736,47.8977073795875));
#8055=CARTESIAN_POINT('Ctrl Pts',(-2.92959649667964,-20.378664778899,50.642050153965));
#8056=CARTESIAN_POINT('Ctrl Pts',(-1.06726077032389,-20.2997516397243,52.8034546000084));
#8057=CARTESIAN_POINT('Ctrl Pts',(1.76279364534548,-20.2208385005497,52.4274851509127));
#8058=CARTESIAN_POINT('Ctrl Pts',(2.99611677431753,-20.1419253613751,49.8532928862996));
#8059=CARTESIAN_POINT('Ctrl Pts',(1.51717259777755,-20.0630122222005,47.4121392549999));
#8060=CARTESIAN_POINT('Ctrl Pts',(-1.33558075879186,-19.9840990830258,47.313885969626));
#8061=CARTESIAN_POINT('Ctrl Pts',(-2.97902710662418,-19.9051859438512,49.6476511963433));
#8062=CARTESIAN_POINT('Ctrl Pts',(-1.92535880270047,-19.8262728046766,52.300400609105));
#8063=CARTESIAN_POINT('Ctrl Pts',(0.871521856657505,-19.747359665502,52.8704196915914));
#8064=CARTESIAN_POINT('Ctrl Pts',(2.8793287407308,-19.6684465263273,50.8416016373259));
#8065=CARTESIAN_POINT('Ctrl Pts',(2.28024479313204,-19.5895333871528,48.050815588195));
#8066=CARTESIAN_POINT('Ctrl Pts',(-0.383338494627273,-19.5106202479781,
47.024788096095));
#8067=CARTESIAN_POINT('Ctrl Pts',(-2.69985182113306,-19.4317071088035,48.6924703212904));
#8068=CARTESIAN_POINT('Ctrl Pts',(-2.57196440703883,-19.3527939696288,51.5439687726838));
#8069=CARTESIAN_POINT('Ctrl Pts',(-0.115462216292746,-19.2738808304543,
52.9975842326555));
#8070=CARTESIAN_POINT('Ctrl Pts',(2.44557736618575,-19.1949676912796,51.7372367648319));
#8071=CARTESIAN_POINT('Ctrl Pts',(2.79243143234969,-19.116054552105,48.9040244636629));
#8072=CARTESIAN_POINT('Ctrl Pts',(0.611063846255882,-19.0371414129304,47.0630911689452));
#8073=CARTESIAN_POINT('Ctrl Pts',(-2.12355089328675,-18.9582282737558,47.8811877245796));
#8074=CARTESIAN_POINT('Ctrl Pts',(-2.93553751118268,-18.8793151345811,50.6176229096805));
#8075=CARTESIAN_POINT('Ctrl Pts',(-1.08973662670145,-18.8004019954065,52.7948732193674));
#8076=CARTESIAN_POINT('Ctrl Pts',(1.74269391550132,-18.7214888562319,52.4416919422357));
#8077=CARTESIAN_POINT('Ctrl Pts',(2.99731798289371,-18.6425757170573,49.8778436144864));
#8078=CARTESIAN_POINT('Ctrl Pts',(1.53821952842785,-18.5636625778826,47.4245944423063));
#8079=CARTESIAN_POINT('Ctrl Pts',(-1.31355764714823,-18.484749438708,47.3030759734316));
#8080=CARTESIAN_POINT('Ctrl Pts',(-2.97606128239795,-18.4058362995334,49.623309035292));
#8081=CARTESIAN_POINT('Ctrl Pts',(-1.94408786439676,-18.3269231603588,52.2845926848284));
#8082=CARTESIAN_POINT('Ctrl Pts',(0.848030806899747,-18.2480100211841,52.8774443726494));
#8083=CARTESIAN_POINT('Ctrl Pts',(2.87235630035644,-18.1690968820095,50.8651059083077));
#8084=CARTESIAN_POINT('Ctrl Pts',(2.29609752978465,-18.0901837428349,48.0695155184486));
#8085=CARTESIAN_POINT('Ctrl Pts',(-0.359010269313487,-18.0112706036603,
47.0217548713283));
#8086=CARTESIAN_POINT('Ctrl Pts',(-2.68907606130778,-17.9323574644856,48.6704492649284));
#8087=CARTESIAN_POINT('Ctrl Pts',(-2.5844965104138,-17.853444325311,51.5228978474701));
#8088=CARTESIAN_POINT('Ctrl Pts',(-0.139956226046796,-17.7745311861364,
52.9965404759966));
#8089=CARTESIAN_POINT('Ctrl Pts',(2.43129812894727,-17.6956180469618,51.7571652945317));
#8090=CARTESIAN_POINT('Ctrl Pts',(2.80129505133016,-17.6167049077872,48.9268822564004));
#8091=CARTESIAN_POINT('Ctrl Pts',(0.635045398577357,-17.5377917686125,47.0681831843465));
#8092=CARTESIAN_POINT('Ctrl Pts',(-2.10616393806637,-17.4588786294379,47.8639037202157));
#8093=CARTESIAN_POINT('Ctrl Pts',(-2.94048700364073,-17.3799654902633,50.5936115472106));
#8094=CARTESIAN_POINT('Ctrl Pts',(-1.11254138435344,-17.3010523510887,52.7858739884871));
#8095=CARTESIAN_POINT('Ctrl Pts',(1.72268094947539,-17.222139211914,52.4558526008965));
#8096=CARTESIAN_POINT('Ctrl Pts',(2.9982162178207,-17.1432260727394,49.9023433336883));
#8097=CARTESIAN_POINT('Ctrl Pts',(1.55921571802332,-17.0643129335648,47.4372515787898));
#8098=CARTESIAN_POINT('Ctrl Pts',(-1.2914731088826,-16.9853997943902,47.2924309632438));
#8099=CARTESIAN_POINT('Ctrl Pts',(-2.97288337380414,-16.9064866552156,49.5989996961334));
#8100=CARTESIAN_POINT('Ctrl Pts',(-1.96269381190629,-16.8275735160409,52.2686282934082));
#8101=CARTESIAN_POINT('Ctrl Pts',(0.824486522969957,-16.7486603768663,52.8842788270964));
#8102=CARTESIAN_POINT('Ctrl Pts',(2.86519028824504,-16.6697472376917,50.8885514055881));
#8103=CARTESIAN_POINT('Ctrl Pts',(2.31179777945219,-16.590834098517,48.0883448902349));
#8104=CARTESIAN_POINT('Ctrl Pts',(-0.334658506629838,-16.5119209593424,
47.018920312958));
#8105=CARTESIAN_POINT('Ctrl Pts',(-2.6781204713359,-16.4330078201678,48.6485171398324));
#8106=CARTESIAN_POINT('Ctrl Pts',(-2.59685610580415,-16.3540946809932,51.5017251402793));
#8107=CARTESIAN_POINT('Ctrl Pts',(-0.164440829460484,-16.2751815418186,
52.9952966114828));
#8108=CARTESIAN_POINT('Ctrl Pts',(2.41685647080739,-16.1962684026439,51.7769764411128));
#8109=CARTESIAN_POINT('Ctrl Pts',(2.80997158843493,-16.1173552634693,48.9498117390912));
#8110=CARTESIAN_POINT('Ctrl Pts',(0.658984517518904,-16.0384421242947,47.0734710019079));
#8111=CARTESIAN_POINT('Ctrl Pts',(-2.08863628506615,-15.9595289851201,47.8467624165192));
#8112=CARTESIAN_POINT('Ctrl Pts',(-2.94524014055156,-15.8806158459455,50.5695604842133));
#8113=CARTESIAN_POINT('Ctrl Pts',(-1.13527175167108,-15.8017027067708,52.7766887881101));
#8114=CARTESIAN_POINT('Ctrl Pts',(1.70255276213614,-15.7227895675962,52.4698490289246));
#8115=CARTESIAN_POINT('Ctrl Pts',(2.99891451662112,-15.6438764284216,49.9268499731598));
#8116=CARTESIAN_POINT('Ctrl Pts',(1.58010713695205,-15.5649632892469,47.4500790986597));
#8117=CARTESIAN_POINT('Ctrl Pts',(-1.26930106892488,-15.4860501500723,47.2819683477358));
#8118=CARTESIAN_POINT('Ctrl Pts',(-2.96950935890337,-15.4071370108977,49.5747140710408));
#8119=CARTESIAN_POINT('Ctrl Pts',(-1.98116381413561,-15.3282238717231,52.2525184442591));
#8120=CARTESIAN_POINT('Ctrl Pts',(0.800877575151849,-15.2493107325485,52.8909086461674));
#8121=CARTESIAN_POINT('Ctrl Pts',(2.85785187267989,-15.1703975933738,50.9119612565313));
#8122=CARTESIAN_POINT('Ctrl Pts',(2.32730613381762,-15.0914844541992,48.1072550971485));
#8123=CARTESIAN_POINT('Ctrl Pts',(-0.31021029484467,-15.0125713150246,47.0163774608089));
#8124=CARTESIAN_POINT('Ctrl Pts',(-2.66713246674168,-14.93365817585,48.6264922490372));
#8125=CARTESIAN_POINT('Ctrl Pts',(-2.60875273037356,-14.8547450366753,51.4808140298959));
#8126=CARTESIAN_POINT('Ctrl Pts',(-0.189487133420169,-14.7758318975007,
52.9931359230242));
#8127=CARTESIAN_POINT('Ctrl Pts',(2.40339031606042,-14.6969187583261,51.7981028139079));
#8128=CARTESIAN_POINT('Ctrl Pts',(2.81615366795273,-14.6180056191515,48.9697779344069));
#8129=CARTESIAN_POINT('Ctrl Pts',(1.39743967604298,-14.5653968597017,47.715075201271));
#8130=CARTESIAN_POINT('Ctrl Pts',(0.578903081567841,-14.5390924799768,47.5237184493457));
#8131=CARTESIAN_POINT('Ctrl Pts',(2.27338070628536,-20.6690400364306,49.0862310825269));
#8132=CARTESIAN_POINT('Ctrl Pts',(1.9713335758463,-20.6427356567057,48.3347637614924));
#8133=CARTESIAN_POINT('Ctrl Pts',(0.568822668012051,-20.5901268972559,47.1674148842042));
#8134=CARTESIAN_POINT('Ctrl Pts',(-2.06412264946929,-20.5112137580813,47.9745061304349));
#8135=CARTESIAN_POINT('Ctrl Pts',(-2.82257559086122,-20.4323006189067,50.6185954911005));
#8136=CARTESIAN_POINT('Ctrl Pts',(-1.02827273408273,-20.3533874797321,52.7010418069313));
#8137=CARTESIAN_POINT('Ctrl Pts',(1.69839714128437,-20.2744743405574,52.3388068741924));
#8138=CARTESIAN_POINT('Ctrl Pts',(2.88666582041017,-20.1955612013828,49.858652265694));
#8139=CARTESIAN_POINT('Ctrl Pts',(1.46174886079498,-20.1166480622082,47.5066762645423));
#8140=CARTESIAN_POINT('Ctrl Pts',(-1.28679074188626,-20.0377349230336,47.4120122637719));
#8141=CARTESIAN_POINT('Ctrl Pts',(-2.87020045429513,-19.9588217838589,49.6605228594116));
#8142=CARTESIAN_POINT('Ctrl Pts',(-1.8550236410753,-19.8799086446843,52.2163648498082));
#8143=CARTESIAN_POINT('Ctrl Pts',(0.839684346390902,-19.8009955055097,52.7655606009551));
#8144=CARTESIAN_POINT('Ctrl Pts',(2.77414416315117,-19.7220823663351,50.8108571717427));
#8145=CARTESIAN_POINT('Ctrl Pts',(2.19694531365584,-19.6431692271605,48.1220211526797));
#8146=CARTESIAN_POINT('Ctrl Pts',(-0.369334780130555,-19.5642560879858,
47.133475406521));
#8147=CARTESIAN_POINT('Ctrl Pts',(-2.60122370364293,-19.4853429488112,48.7402356369776));
#8148=CARTESIAN_POINT('Ctrl Pts',(-2.47800813664937,-19.4064298096366,51.4875661773451));
#8149=CARTESIAN_POINT('Ctrl Pts',(-0.111244273313414,-19.327516670462,52.8880797021477));
#8150=CARTESIAN_POINT('Ctrl Pts',(2.35623813285622,-19.2486035312873,51.6737739085976));
#8151=CARTESIAN_POINT('Ctrl Pts',(2.69042129489062,-19.1696903921127,48.9440615082478));
#8152=CARTESIAN_POINT('Ctrl Pts',(0.588741111226227,-19.0907772529381,47.17037923222));
#8153=CARTESIAN_POINT('Ctrl Pts',(-2.04597558883487,-19.0118641137635,47.9585899539076));
#8154=CARTESIAN_POINT('Ctrl Pts',(-2.82829957453619,-18.9329509745889,50.5950605969446));
#8155=CARTESIAN_POINT('Ctrl Pts',(-1.04992752636109,-18.8540378354142,52.6927739121681));
#8156=CARTESIAN_POINT('Ctrl Pts',(1.67903167341011,-18.7751246962396,52.3524946781129));
#8157=CARTESIAN_POINT('Ctrl Pts',(2.88782314771122,-18.6962115570649,49.8823061327696));
#8158=CARTESIAN_POINT('Ctrl Pts',(1.48202692734217,-18.6172984178904,47.5186764521826));
#8159=CARTESIAN_POINT('Ctrl Pts',(-1.26557215515238,-18.5383852787157,47.4015971668703));
#8160=CARTESIAN_POINT('Ctrl Pts',(-2.86734297440763,-18.4594721395411,49.6370699403184));
#8161=CARTESIAN_POINT('Ctrl Pts',(-1.87306851259382,-18.3805590003665,52.2011344038216));
#8162=CARTESIAN_POINT('Ctrl Pts',(0.817051446698026,-18.3016458611919,52.7723286638301));
#8163=CARTESIAN_POINT('Ctrl Pts',(2.76742643255867,-18.2227327220172,50.8335028096758));
#8164=CARTESIAN_POINT('Ctrl Pts',(2.21221893498038,-18.1438195828426,48.1400379569545));
#8165=CARTESIAN_POINT('Ctrl Pts',(-0.345895287689365,-18.064906443668,47.1305529882979));
#8166=CARTESIAN_POINT('Ctrl Pts',(-2.59084159242377,-17.9859933044934,48.719019030444));
#8167=CARTESIAN_POINT('Ctrl Pts',(-2.49008243054221,-17.9070801653187,51.4672649927783));
#8168=CARTESIAN_POINT('Ctrl Pts',(-0.13484349393388,-17.8281670261441,52.8870740748979));
#8169=CARTESIAN_POINT('Ctrl Pts',(2.34248052953743,-17.7492538869695,51.6929744304292));
#8170=CARTESIAN_POINT('Ctrl Pts',(2.69896111756221,-17.6703407477949,48.966084284393));
#8171=CARTESIAN_POINT('Ctrl Pts',(0.611846594964438,-17.5914276086203,47.1752852315262));
#8172=CARTESIAN_POINT('Ctrl Pts',(-2.0292237953848,-17.5125144694456,47.9419373504227));
#8173=CARTESIAN_POINT('Ctrl Pts',(-2.83306825739578,-17.433601330271,50.5719263920506));
#8174=CARTESIAN_POINT('Ctrl Pts',(-1.07189920484205,-17.3546881910964,52.6841034316266));
#8175=CARTESIAN_POINT('Ctrl Pts',(1.65974979979045,-17.2757750519218,52.3661380346405));
#8176=CARTESIAN_POINT('Ctrl Pts',(2.88868856927445,-17.1968619127471,49.9059108542665));
#8177=CARTESIAN_POINT('Ctrl Pts',(1.50225610645282,-17.1179487735725,47.5308712116073));
#8178=CARTESIAN_POINT('Ctrl Pts',(-1.24429438576855,-17.0390356343979,47.3913410288818));
#8179=CARTESIAN_POINT('Ctrl Pts',(-2.86428115779329,-16.9601224952233,49.6136486441035));
#8180=CARTESIAN_POINT('Ctrl Pts',(-1.89099476740221,-16.8812093560487,52.1857532065827));
#8181=CARTESIAN_POINT('Ctrl Pts',(0.794367257527314,-16.802296216874,52.7789134492505));
#8182=CARTESIAN_POINT('Ctrl Pts',(2.76052220158613,-16.7233830776994,50.856091820966));
#8183=CARTESIAN_POINT('Ctrl Pts',(2.22734563981235,-16.6444699385248,48.1581794741415));
#8184=CARTESIAN_POINT('Ctrl Pts',(-0.322433117720491,-16.5655567993501,
47.1278219790016));
#8185=CARTESIAN_POINT('Ctrl Pts',(-2.5802862204218,-16.4866436601755,48.6978881064339));
#8186=CARTESIAN_POINT('Ctrl Pts',(-2.5019905183288,-16.4077305210009,51.4468657444255));
#8187=CARTESIAN_POINT('Ctrl Pts',(-0.15843365183642,-16.3288173818263,52.8858756499207));
#8188=CARTESIAN_POINT('Ctrl Pts',(2.328566438705,-16.2499042426517,51.7120618572575));
#8189=CARTESIAN_POINT('Ctrl Pts',(2.70732069263437,-16.170991103477,48.9881761315901));
#8190=CARTESIAN_POINT('Ctrl Pts',(0.63491119545386,-16.0920779643024,47.1803798801561));
#8191=CARTESIAN_POINT('Ctrl Pts',(-2.01233644397664,-16.0131648251278,47.9254222346162));
#8192=CARTESIAN_POINT('Ctrl Pts',(-2.83764775776033,-15.9342516859532,50.5487539369267));
#8193=CARTESIAN_POINT('Ctrl Pts',(-1.0937992105373,-15.8553385467785,52.6752537752282));
#8194=CARTESIAN_POINT('Ctrl Pts',(1.64035691400006,-15.7764254076039,52.3796231600346));
#8195=CARTESIAN_POINT('Ctrl Pts',(2.8893613585652,-15.6975122684293,49.9295222432291));
#8196=CARTESIAN_POINT('Ctrl Pts',(1.52238434226738,-15.6185991292547,47.5432301301536));
#8197=CARTESIAN_POINT('Ctrl Pts',(-1.22293231121145,-15.5396859900801,47.3812606225246));
#8198=CARTESIAN_POINT('Ctrl Pts',(-2.86103039881917,-15.4607728509054,49.5902501956575));
#8199=CARTESIAN_POINT('Ctrl Pts',(-1.90879004313889,-15.3818597117308,52.1702318653222));
#8200=CARTESIAN_POINT('Ctrl Pts',(0.771620766700735,-15.3029465725562,52.7853010748169));
#8201=CARTESIAN_POINT('Ctrl Pts',(2.75345186521957,-15.2240334333815,50.8786464881132));
#8202=CARTESIAN_POINT('Ctrl Pts',(2.24228745945744,-15.1451202942069,48.1763988734726));
#8203=CARTESIAN_POINT('Ctrl Pts',(-0.298878022026177,-15.0662071550323,
47.1253720196248));
#8204=CARTESIAN_POINT('Ctrl Pts',(-2.56969961793403,-14.9872940158577,48.6766678055425));
#8205=CARTESIAN_POINT('Ctrl Pts',(-2.51345254805245,-14.9083808766831,51.4267185365036));
#8206=CARTESIAN_POINT('Ctrl Pts',(-0.182564990837547,-14.8294677375084,
52.8837938934365));
#8207=CARTESIAN_POINT('Ctrl Pts',(2.31559221521221,-14.7505545983338,51.7324164638534));
#8208=CARTESIAN_POINT('Ctrl Pts',(2.71327693499317,-14.6716414591592,49.0074129430775));
#8209=CARTESIAN_POINT('Ctrl Pts',(1.34638989491229,-14.6190326997094,47.7985456767662));
#8210=CARTESIAN_POINT('Ctrl Pts',(0.557755209415248,-14.5927283199846,47.6141793663398));
#8211=CARTESIAN_POINT('Ctrl Pts',(2.18718309894952,-20.7226758764383,49.120877619));
#8212=CARTESIAN_POINT('Ctrl Pts',(1.89658840138918,-20.6963714967134,48.3979029674445));
#8213=CARTESIAN_POINT('Ctrl Pts',(0.547255161590682,-20.6437627372636,47.2748153438347));
#8214=CARTESIAN_POINT('Ctrl Pts',(-1.98585928023243,-20.564849598089,48.0513048812823));
#8215=CARTESIAN_POINT('Ctrl Pts',(-2.7155546850428,-20.4859364589144,50.5951408282362));
#8216=CARTESIAN_POINT('Ctrl Pts',(-0.989284697841567,-20.4070233197398,
52.5986290138542));
#8217=CARTESIAN_POINT('Ctrl Pts',(1.63400063722327,-20.3281101805652,52.250128597472));
#8218=CARTESIAN_POINT('Ctrl Pts',(2.77721486650282,-20.2491970413905,49.8640116450884));
#8219=CARTESIAN_POINT('Ctrl Pts',(1.40632512381241,-20.1702839022159,47.6012132740846));
#8220=CARTESIAN_POINT('Ctrl Pts',(-1.23800072498067,-20.0913707630413,47.5101385579179));
#8221=CARTESIAN_POINT('Ctrl Pts',(-2.76137380196609,-20.0124576238667,49.6733945224799));
#8222=CARTESIAN_POINT('Ctrl Pts',(-1.78468847945014,-19.933544484692,52.1323290905114));
#8223=CARTESIAN_POINT('Ctrl Pts',(0.8078468361243,-19.8546313455174,52.6607015103186));
#8224=CARTESIAN_POINT('Ctrl Pts',(2.66895958557153,-19.7757182063428,50.7801127061595));
#8225=CARTESIAN_POINT('Ctrl Pts',(2.11364583417963,-19.6968050671682,48.1932267171644));
#8226=CARTESIAN_POINT('Ctrl Pts',(-0.355331065633839,-19.6178919279935,
47.2421627169471));
#8227=CARTESIAN_POINT('Ctrl Pts',(-2.50259558615281,-19.5389787888189,48.7880009526648));
#8228=CARTESIAN_POINT('Ctrl Pts',(-2.38405186625992,-19.4600656496443,51.4311635820063));
#8229=CARTESIAN_POINT('Ctrl Pts',(-0.107026330334079,-19.3811525104697,
52.7785751716401));
#8230=CARTESIAN_POINT('Ctrl Pts',(2.26689889952669,-19.302239371295,51.6103110523632));
#8231=CARTESIAN_POINT('Ctrl Pts',(2.58841115743155,-19.2233262321205,48.9840985528329));
#8232=CARTESIAN_POINT('Ctrl Pts',(0.566418376196569,-19.1444130929458,47.2776672954949));
#8233=CARTESIAN_POINT('Ctrl Pts',(-1.968400284383,-19.0654999537712,48.0359921832357));
#8234=CARTESIAN_POINT('Ctrl Pts',(-2.72106163788969,-18.9865868145966,50.5724982842086));
#8235=CARTESIAN_POINT('Ctrl Pts',(-1.01011842602073,-18.9076736754219,52.5906746049689));
#8236=CARTESIAN_POINT('Ctrl Pts',(1.61536943131889,-18.8287605362473,52.26329741399));
#8237=CARTESIAN_POINT('Ctrl Pts',(2.77832831252873,-18.7498473970727,49.886768651053));
#8238=CARTESIAN_POINT('Ctrl Pts',(1.42583432625649,-18.6709342578981,47.6127584620588));
#8239=CARTESIAN_POINT('Ctrl Pts',(-1.21758666315651,-18.5920211187234,47.5001183603092));
#8240=CARTESIAN_POINT('Ctrl Pts',(-2.75862466641732,-18.5131079795488,49.6508308453448));
#8241=CARTESIAN_POINT('Ctrl Pts',(-1.80204916079088,-18.4341948403742,52.1176761228148));
#8242=CARTESIAN_POINT('Ctrl Pts',(0.786072086496305,-18.3552817011996,52.6672129550106));
#8243=CARTESIAN_POINT('Ctrl Pts',(2.6624965647609,-18.2763685620249,50.8018997110441));
#8244=CARTESIAN_POINT('Ctrl Pts',(2.12834034017611,-18.1974554228503,48.2105603954603));
#8245=CARTESIAN_POINT('Ctrl Pts',(-0.332780306065244,-18.1185422836757,
47.2393511052676));
#8246=CARTESIAN_POINT('Ctrl Pts',(-2.49260712353975,-18.0396291445011,48.7675887959595));
#8247=CARTESIAN_POINT('Ctrl Pts',(-2.39566835067063,-17.9607160053265,51.4116321380866));
#8248=CARTESIAN_POINT('Ctrl Pts',(-0.129730761820966,-17.8818028661518,
52.7776076737993));
#8249=CARTESIAN_POINT('Ctrl Pts',(2.25366293012758,-17.8028897269772,51.6287835663267));
#8250=CARTESIAN_POINT('Ctrl Pts',(2.59662718379427,-17.7239765878026,49.0052863123856));
#8251=CARTESIAN_POINT('Ctrl Pts',(0.588647791351518,-17.645063448628,47.2823872787059));
#8252=CARTESIAN_POINT('Ctrl Pts',(-1.95228365270323,-17.5661503094533,48.0199709806298));
#8253=CARTESIAN_POINT('Ctrl Pts',(-2.72564951115083,-17.4872371702787,50.5502412368906));
#8254=CARTESIAN_POINT('Ctrl Pts',(-1.03125702533067,-17.4083240311041,52.5823328747659));
#8255=CARTESIAN_POINT('Ctrl Pts',(1.59681865010553,-17.3294108919295,52.2764234683846));
#8256=CARTESIAN_POINT('Ctrl Pts',(2.7791609207282,-17.2504977527549,49.9094783748447));
#8257=CARTESIAN_POINT('Ctrl Pts',(1.44529649488232,-17.1715846135802,47.6244908444248));
#8258=CARTESIAN_POINT('Ctrl Pts',(-1.1971156626545,-17.0926714744056,47.4902510945198));
#8259=CARTESIAN_POINT('Ctrl Pts',(-2.75567894178243,-17.013758335231,49.6282975920736));
#8260=CARTESIAN_POINT('Ctrl Pts',(-1.81929572289814,-16.9348451960564,52.1028781197572));
#8261=CARTESIAN_POINT('Ctrl Pts',(0.764247992084674,-16.8559320568817,52.6735480714046));
#8262=CARTESIAN_POINT('Ctrl Pts',(2.65585411492721,-16.7770189177071,50.8236322363441));
#8263=CARTESIAN_POINT('Ctrl Pts',(2.1428935001725,-16.6981057785325,48.2280140580479));
#8264=CARTESIAN_POINT('Ctrl Pts',(-0.310207728811146,-16.6191926393579,
47.2367236450453));
#8265=CARTESIAN_POINT('Ctrl Pts',(-2.4824519695077,-16.5402795001832,48.7472590730352));
#8266=CARTESIAN_POINT('Ctrl Pts',(-2.40712493085344,-16.4613663610086,51.3920063485719));
#8267=CARTESIAN_POINT('Ctrl Pts',(-0.152426474212354,-16.382453221834,52.7764546883585));
#8268=CARTESIAN_POINT('Ctrl Pts',(2.24027640660259,-16.3035400826594,51.6471472734022));
#8269=CARTESIAN_POINT('Ctrl Pts',(2.60466979683382,-16.2246269434847,49.0265405240891));
#8270=CARTESIAN_POINT('Ctrl Pts',(0.610837873388817,-16.1457138043101,47.2872887584042));
#8271=CARTESIAN_POINT('Ctrl Pts',(-1.93603660288715,-16.0668006651355,48.0040820527132));
#8272=CARTESIAN_POINT('Ctrl Pts',(-2.7300553749691,-15.9878875259609,50.52794738964));
#8273=CARTESIAN_POINT('Ctrl Pts',(-1.05232666940353,-15.9089743867863,52.5738187623463));
#8274=CARTESIAN_POINT('Ctrl Pts',(1.57816106586399,-15.8300612476116,52.2893972911444));
#8275=CARTESIAN_POINT('Ctrl Pts',(2.77980820050928,-15.751148108437,49.9321945132983));
#8276=CARTESIAN_POINT('Ctrl Pts',(1.46466154758271,-15.6722349692624,47.6363811616475));
#8277=CARTESIAN_POINT('Ctrl Pts',(-1.17656355349803,-15.5933218300878,47.4805528973133));
#8278=CARTESIAN_POINT('Ctrl Pts',(-2.75255143873497,-15.5144086909131,49.6057863202741));
#8279=CARTESIAN_POINT('Ctrl Pts',(-1.83641627214218,-15.4354955517385,52.0879452863852));
#8280=CARTESIAN_POINT('Ctrl Pts',(0.74236395824962,-15.3565824125639,52.6796935034664));
#8281=CARTESIAN_POINT('Ctrl Pts',(2.64905185775925,-15.2776692733893,50.8453317196951));
#8282=CARTESIAN_POINT('Ctrl Pts',(2.15726878509726,-15.1987561342146,48.2455426497967));
#8283=CARTESIAN_POINT('Ctrl Pts',(-0.287545749207682,-15.11984299504,47.2343665784408));
#8284=CARTESIAN_POINT('Ctrl Pts',(-2.47226676912638,-15.0409298558654,48.7268433620476));
#8285=CARTESIAN_POINT('Ctrl Pts',(-2.41815236573134,-14.9620167166908,51.3726230431114));
#8286=CARTESIAN_POINT('Ctrl Pts',(-0.175642848254929,-14.8831035775162,
52.7744518638489));
#8287=CARTESIAN_POINT('Ctrl Pts',(2.22779411436402,-14.8041904383415,51.666730113799));
#8288=CARTESIAN_POINT('Ctrl Pts',(2.61040020203361,-14.7252772991669,49.0450479517481));
#8289=CARTESIAN_POINT('Ctrl Pts',(1.29534011378161,-14.6726685397172,47.8820161522614));
#8290=CARTESIAN_POINT('Ctrl Pts',(0.536607337262656,-14.6463641599923,47.7046402833339));
#8291=CARTESIAN_POINT('Ctrl Pts',(2.10098549161368,-20.776311716446,49.155524155473));
#8292=CARTESIAN_POINT('Ctrl Pts',(1.82184322693206,-20.7500073367211,48.4610421733966));
#8293=CARTESIAN_POINT('Ctrl Pts',(0.525687655169312,-20.6973985772714,47.3822158034651));
#8294=CARTESIAN_POINT('Ctrl Pts',(-1.90759591099556,-20.6184854380968,48.1281036321297));
#8295=CARTESIAN_POINT('Ctrl Pts',(-2.60853377922437,-20.5395722989221,50.5716861653718));
#8296=CARTESIAN_POINT('Ctrl Pts',(-0.950296661600404,-20.4606591597475,
52.4962162207772));
#8297=CARTESIAN_POINT('Ctrl Pts',(1.56960413316216,-20.3817460205729,52.1614503207517));
#8298=CARTESIAN_POINT('Ctrl Pts',(2.66776391259546,-20.3028328813983,49.8693710244827));
#8299=CARTESIAN_POINT('Ctrl Pts',(1.35090138682983,-20.2239197422236,47.6957502836269));
#8300=CARTESIAN_POINT('Ctrl Pts',(-1.18921070807508,-20.145006603049,47.6082648520638));
#8301=CARTESIAN_POINT('Ctrl Pts',(-2.65254714963704,-20.0660934638744,49.6862661855482));
#8302=CARTESIAN_POINT('Ctrl Pts',(-1.71435331782497,-19.9871803246998,52.0482933312146));
#8303=CARTESIAN_POINT('Ctrl Pts',(0.776009325857697,-19.9082671855251,52.5558424196823));
#8304=CARTESIAN_POINT('Ctrl Pts',(2.56377500799189,-19.8293540463505,50.7493682405763));
#8305=CARTESIAN_POINT('Ctrl Pts',(2.03034635470342,-19.7504409071759,48.264432281649));
#8306=CARTESIAN_POINT('Ctrl Pts',(-0.341327351137124,-19.6715277680013,
47.3508500273731));
#8307=CARTESIAN_POINT('Ctrl Pts',(-2.40396746866268,-19.5926146288266,48.8357662683519));
#8308=CARTESIAN_POINT('Ctrl Pts',(-2.29009559587046,-19.513701489652,51.3747609866676));
#8309=CARTESIAN_POINT('Ctrl Pts',(-0.102808387354745,-19.4347883504774,
52.6690706411324));
#8310=CARTESIAN_POINT('Ctrl Pts',(2.17755966619716,-19.3558752113028,51.5468481961289));
#8311=CARTESIAN_POINT('Ctrl Pts',(2.48640101997248,-19.2769620721282,49.0241355974179));
#8312=CARTESIAN_POINT('Ctrl Pts',(0.544095641166911,-19.1980489329535,47.3849553587697));
#8313=CARTESIAN_POINT('Ctrl Pts',(-1.89082497993112,-19.1191357937789,48.1133944125637));
#8314=CARTESIAN_POINT('Ctrl Pts',(-2.6138237012432,-19.0402226546043,50.5499359714726));
#8315=CARTESIAN_POINT('Ctrl Pts',(-0.970309325680364,-18.9613095154297,
52.4885752977696));
#8316=CARTESIAN_POINT('Ctrl Pts',(1.55170718922767,-18.882396376255,52.1741001498672));
#8317=CARTESIAN_POINT('Ctrl Pts',(2.66883347734625,-18.8034832370804,49.8912311693363));
#8318=CARTESIAN_POINT('Ctrl Pts',(1.3696417251708,-18.7245700979058,47.7068404719351));
#8319=CARTESIAN_POINT('Ctrl Pts',(-1.16960117116065,-18.6456569587312,47.5986395537478));
#8320=CARTESIAN_POINT('Ctrl Pts',(-2.64990635842701,-18.5667438195565,49.6645917503713));
#8321=CARTESIAN_POINT('Ctrl Pts',(-1.73102980898795,-18.4878306803819,52.034217841808));
#8322=CARTESIAN_POINT('Ctrl Pts',(0.755092726294583,-18.4089175412073,52.5620972461913));
#8323=CARTESIAN_POINT('Ctrl Pts',(2.55756669696314,-18.3300044020327,50.7702966124123));
#8324=CARTESIAN_POINT('Ctrl Pts',(2.04446174537184,-18.251091262858,48.2810828339661));
#8325=CARTESIAN_POINT('Ctrl Pts',(-0.319665324441122,-18.1721781236834,
47.3481492222373));
#8326=CARTESIAN_POINT('Ctrl Pts',(-2.39437265465574,-18.0932649845088,48.816158561475));
#8327=CARTESIAN_POINT('Ctrl Pts',(-2.30125427079904,-18.0143518453342,51.3559992833949));
#8328=CARTESIAN_POINT('Ctrl Pts',(-0.124618029708052,-17.9354387061596,
52.6681412727005));
#8329=CARTESIAN_POINT('Ctrl Pts',(2.16484533071774,-17.8565255669849,51.5645927022243));
#8330=CARTESIAN_POINT('Ctrl Pts',(2.49429325002632,-17.7776124278103,49.0444883403781));
#8331=CARTESIAN_POINT('Ctrl Pts',(0.5654489877386,-17.6986992886357,47.3894893258856));
#8332=CARTESIAN_POINT('Ctrl Pts',(-1.87534351002166,-17.6197861494611,48.0980046108369));
#8333=CARTESIAN_POINT('Ctrl Pts',(-2.61823076490587,-17.5408730102864,50.5285560817305));
#8334=CARTESIAN_POINT('Ctrl Pts',(-0.990614845819278,-17.4619598711118,
52.4805623179054));
#8335=CARTESIAN_POINT('Ctrl Pts',(1.53388750042059,-17.3830467319372,52.1867089021286));
#8336=CARTESIAN_POINT('Ctrl Pts',(2.66963327218195,-17.3041335927626,49.913045895423));
#8337=CARTESIAN_POINT('Ctrl Pts',(1.38833688331181,-17.225220453588,47.7181104772423));
#8338=CARTESIAN_POINT('Ctrl Pts',(-1.14993693954044,-17.1463073144133,47.5891611601579));
#8339=CARTESIAN_POINT('Ctrl Pts',(-2.64707672577158,-17.0673941752387,49.6429465400436));
#8340=CARTESIAN_POINT('Ctrl Pts',(-1.74759667839405,-16.9884810360641,52.0200030329318));
#8341=CARTESIAN_POINT('Ctrl Pts',(0.734128726642031,-16.9095678968895,52.5681826935586));
#8342=CARTESIAN_POINT('Ctrl Pts',(2.55118602826829,-16.8306547577148,50.7911726517221));
#8343=CARTESIAN_POINT('Ctrl Pts',(2.05844136053266,-16.7517416185402,48.2978486419542));
#8344=CARTESIAN_POINT('Ctrl Pts',(-0.297982339901799,-16.6728284793656,
47.345625311089));
#8345=CARTESIAN_POINT('Ctrl Pts',(-2.3846177185936,-16.593915340191,48.7966300396366));
#8346=CARTESIAN_POINT('Ctrl Pts',(-2.31225934337808,-16.5150022010163,51.3371469527181));
#8347=CARTESIAN_POINT('Ctrl Pts',(-0.146419296588291,-16.4360890618417,
52.6670337267964));
#8348=CARTESIAN_POINT('Ctrl Pts',(2.1519863745002,-16.3571759226671,51.5822326895469));
#8349=CARTESIAN_POINT('Ctrl Pts',(2.50201890103326,-16.2782627834925,49.0649049165881));
#8350=CARTESIAN_POINT('Ctrl Pts',(0.586764551323777,-16.1993496443178,47.3941976366522));
#8351=CARTESIAN_POINT('Ctrl Pts',(-1.85973676179765,-16.1204365051432,48.0827418708102));
#8352=CARTESIAN_POINT('Ctrl Pts',(-2.62246299217787,-16.0415233659686,50.5071408423533));
#8353=CARTESIAN_POINT('Ctrl Pts',(-1.01085412826976,-15.962610226794,52.4723837494644));
#8354=CARTESIAN_POINT('Ctrl Pts',(1.51596521772791,-15.8836970876193,52.1991714222543));
#8355=CARTESIAN_POINT('Ctrl Pts',(2.67025504245336,-15.8047839484447,49.9348667833675));
#8356=CARTESIAN_POINT('Ctrl Pts',(1.40693875289804,-15.7258708092701,47.7295321931415));
#8357=CARTESIAN_POINT('Ctrl Pts',(-1.13019479578461,-15.6469576700955,47.579845172102));
#8358=CARTESIAN_POINT('Ctrl Pts',(-2.64407247865077,-15.5680445309209,49.6213224448908));
#8359=CARTESIAN_POINT('Ctrl Pts',(-1.76404250114546,-15.4891313917462,52.0056587074483));
#8360=CARTESIAN_POINT('Ctrl Pts',(0.713107149798505,-15.4102182525716,52.574085932116));
#8361=CARTESIAN_POINT('Ctrl Pts',(2.54465185029893,-15.331305113397,50.812016951277));
#8362=CARTESIAN_POINT('Ctrl Pts',(2.07225011073708,-15.2523919742224,48.3146864261209));
#8363=CARTESIAN_POINT('Ctrl Pts',(-0.276213476389189,-15.1734788350477,
47.3433611372567));
#8364=CARTESIAN_POINT('Ctrl Pts',(-2.37483392031872,-15.0945656958731,48.7770189185529));
#8365=CARTESIAN_POINT('Ctrl Pts',(-2.32285218341023,-15.0156525566985,51.318527549719));
#8366=CARTESIAN_POINT('Ctrl Pts',(-0.168720705672307,-14.9367394175239,
52.6651098342614));
#8367=CARTESIAN_POINT('Ctrl Pts',(2.13999601351582,-14.8578262783492,51.6010437637445));
#8368=CARTESIAN_POINT('Ctrl Pts',(2.50752346907405,-14.7789131391746,49.0826829604187));
#8369=CARTESIAN_POINT('Ctrl Pts',(1.24429033265092,-14.7263043797249,47.9654866277566));
#8370=CARTESIAN_POINT('Ctrl Pts',(0.515459465110063,-14.7,47.7951012003281));
#8371=CARTESIAN_POINT('Ctrl Pts',(-2.54346562574594,-20.3958171439247,50.002233850897));
#8372=CARTESIAN_POINT('Ctrl Pts',(-2.5450383279994,-20.3900996889161,50.1848699810063));
#8373=CARTESIAN_POINT('Ctrl Pts',(-2.44374881914523,-20.3580778541827,51.2059191253118));
#8374=CARTESIAN_POINT('Ctrl Pts',(-1.06726077032389,-20.2997516397243,52.8034546000084));
#8375=CARTESIAN_POINT('Ctrl Pts',(1.76279364534548,-20.2208385005497,52.4274851509127));
#8376=CARTESIAN_POINT('Ctrl Pts',(2.99611677431753,-20.1419253613751,49.8532928862996));
#8377=CARTESIAN_POINT('Ctrl Pts',(1.51717259777755,-20.0630122222005,47.4121392549999));
#8378=CARTESIAN_POINT('Ctrl Pts',(-1.33558075879186,-19.9840990830258,47.313885969626));
#8379=CARTESIAN_POINT('Ctrl Pts',(-2.49624991833355,-19.9283673902673,48.9620866108178));
#8380=CARTESIAN_POINT('Ctrl Pts',(-2.54651202596195,-19.8989400772336,49.8989024752367));
#8381=CARTESIAN_POINT('Ctrl Pts',(-2.54577603598773,-19.8958171439247,49.9984002859899));
#8382=CARTESIAN_POINT('Ctrl Pts',(0.515459465110094,-14.7,47.7951012003281));
#8383=CARTESIAN_POINT('Ctrl Pts',(0.593717937979567,-14.7,47.808442904006));
#8384=CARTESIAN_POINT('Ctrl Pts',(0.671013152049516,-14.7,47.826184076815));
#8385=CARTESIAN_POINT('Ctrl Pts',(0.747120662909417,-14.7,47.8480345375387));
#8386=CARTESIAN_POINT('Ctrl Pts',(0.825162774582289,-14.7,47.8704404220125));
#8387=CARTESIAN_POINT('Ctrl Pts',(0.901956757299709,-14.7,47.89716741276));
#8388=CARTESIAN_POINT('Ctrl Pts',(0.977254941436577,-14.7,47.9279566804388));
#8389=CARTESIAN_POINT('Ctrl Pts',(0.993313950514142,-14.7,47.9345231751665));
#8390=CARTESIAN_POINT('Ctrl Pts',(1.00930487984889,-14.7,47.9412746254786));
#8391=CARTESIAN_POINT('Ctrl Pts',(1.02522524424314,-14.7,47.9482088098276));
#8392=CARTESIAN_POINT('Ctrl Pts',(1.04108804142765,-14.7,47.9551179205267));
#8393=CARTESIAN_POINT('Ctrl Pts',(1.0568718617969,-14.7,47.9622045825635));
#8394=CARTESIAN_POINT('Ctrl Pts',(1.07257194461597,-14.7,47.9694648597408));
#8395=CARTESIAN_POINT('Ctrl Pts',(1.14793115463734,-14.7,48.0043136410451));
#8396=CARTESIAN_POINT('Ctrl Pts',(1.22138078218112,-14.7,48.0431663201322));
#8397=CARTESIAN_POINT('Ctrl Pts',(1.2926641144842,-14.7,48.0857403484427));
#8398=CARTESIAN_POINT('Ctrl Pts',(1.34581861940169,-14.7,48.1174869198231));
#8399=CARTESIAN_POINT('Ctrl Pts',(1.39776850841662,-14.7,48.1513039043955));
#8400=CARTESIAN_POINT('Ctrl Pts',(1.44840096292415,-14.7,48.1870918269681));
#8401=CARTESIAN_POINT('Ctrl Pts',(1.46459976978649,-14.7,48.1985414327871));
#8402=CARTESIAN_POINT('Ctrl Pts',(1.48066367590958,-14.7,48.210192880044));
#8403=CARTESIAN_POINT('Ctrl Pts',(1.4965888163363,-14.7,48.2220432017996));
#8404=CARTESIAN_POINT('Ctrl Pts',(1.50817034601607,-14.7,48.2306613269432));
#8405=CARTESIAN_POINT('Ctrl Pts',(1.51967024877138,-14.7,48.2393785119554));
#8406=CARTESIAN_POINT('Ctrl Pts',(1.5310872210772,-14.7,48.2481931324345));
#8407=CARTESIAN_POINT('Ctrl Pts',(1.59790754127873,-14.7,48.2997826210567));
#8408=CARTESIAN_POINT('Ctrl Pts',(1.66188925274669,-14.7,48.3547062078492));
#8409=CARTESIAN_POINT('Ctrl Pts',(1.7227759344377,-14.7,48.412678505799));
#8410=CARTESIAN_POINT('Ctrl Pts',(1.78400671036435,-14.7,48.4709784276724));
#8411=CARTESIAN_POINT('Ctrl Pts',(1.84210820521344,-14.7,48.5323621546497));
#8412=CARTESIAN_POINT('Ctrl Pts',(1.89679555057282,-14.7,48.5965854624542));
#8413=CARTESIAN_POINT('Ctrl Pts',(1.95073643084949,-14.7,48.6599321422846));
#8414=CARTESIAN_POINT('Ctrl Pts',(2.00135644773754,-14.7,48.7260420469754));
#8415=CARTESIAN_POINT('Ctrl Pts',(2.04834750665054,-14.7,48.7947165441571));
#8416=CARTESIAN_POINT('Ctrl Pts',(2.06564264189276,-14.7,48.8199923039277));
#8417=CARTESIAN_POINT('Ctrl Pts',(2.08244579503603,-14.7,48.8456157738325));
#8418=CARTESIAN_POINT('Ctrl Pts',(2.09874009816911,-14.7,48.8715780355883));
#8419=CARTESIAN_POINT('Ctrl Pts',(2.10794943439107,-14.7,48.8862515810378));
#8420=CARTESIAN_POINT('Ctrl Pts',(2.11699822526676,-14.7,48.9010369674627));
#8421=CARTESIAN_POINT('Ctrl Pts',(2.12586927928172,-14.7,48.9159084637295));
#8422=CARTESIAN_POINT('Ctrl Pts',(2.16977691253542,-14.7,48.9895155236025));
#8423=CARTESIAN_POINT('Ctrl Pts',(2.20940155403926,-14.7,49.0653337504032));
#8424=CARTESIAN_POINT('Ctrl Pts',(2.24446256921998,-14.7,49.1431079754699));
#8425=CARTESIAN_POINT('Ctrl Pts',(2.24942006025036,-14.7,49.1541049480669));
#8426=CARTESIAN_POINT('Ctrl Pts',(2.25428625276143,-14.7,49.1651410884751));
#8427=CARTESIAN_POINT('Ctrl Pts',(2.25906029251498,-14.7,49.1762157341826));
#8428=CARTESIAN_POINT('Ctrl Pts',(2.29177172472035,-14.7,49.252098538047));
#8429=CARTESIAN_POINT('Ctrl Pts',(2.32016043009511,-14.7,49.3297868979586));
#8430=CARTESIAN_POINT('Ctrl Pts',(2.34433027022364,-14.7,49.4089203744954));
#8431=CARTESIAN_POINT('Ctrl Pts',(2.36905447173067,-14.7,49.4898688627536));
#8432=CARTESIAN_POINT('Ctrl Pts',(2.38936423463582,-14.7,49.5723303264932));
#8433=CARTESIAN_POINT('Ctrl Pts',(2.40532116102005,-14.7,49.6559405575115));
#8434=CARTESIAN_POINT('Ctrl Pts',(2.41155158958334,-14.7,49.6885864166811));
#8435=CARTESIAN_POINT('Ctrl Pts',(2.41711787398097,-14.7,49.7214075714271));
#8436=CARTESIAN_POINT('Ctrl Pts',(2.42202160860466,-14.7,49.7543827807952));
#8437=CARTESIAN_POINT('Ctrl Pts',(2.42394161121782,-14.7,49.7672938563356));
#8438=CARTESIAN_POINT('Ctrl Pts',(2.42575973084717,-14.7,49.7802269657796));
#8439=CARTESIAN_POINT('Ctrl Pts',(2.42747469967436,-14.7,49.7931688821142));
#8440=CARTESIAN_POINT('Ctrl Pts',(2.43878686834246,-14.7,49.8785355302678));
#8441=CARTESIAN_POINT('Ctrl Pts',(2.44563648272177,-14.7,49.9644242092351));
#8442=CARTESIAN_POINT('Ctrl Pts',(2.44814562079581,-14.7,50.0504462063624));
#8443=CARTESIAN_POINT('Ctrl Pts',(2.45069861930723,-14.7,50.1379718921298));
#8444=CARTESIAN_POINT('Ctrl Pts',(2.44875817409123,-14.7,50.2256365188301));
#8445=CARTESIAN_POINT('Ctrl Pts',(2.44240127450339,-14.7,50.3130486650213));
#8446=CARTESIAN_POINT('Ctrl Pts',(2.43603098925721,-14.7,50.4006448740733));
#8447=CARTESIAN_POINT('Ctrl Pts',(2.42522562284437,-14.7,50.48798855131));
#8448=CARTESIAN_POINT('Ctrl Pts',(2.41001074705177,-14.7,50.5746890588716));
#8449=CARTESIAN_POINT('Ctrl Pts',(2.40556749422696,-14.7,50.6000085080992));
#8450=CARTESIAN_POINT('Ctrl Pts',(2.4007478462688,-14.7,50.6252730719054));
#8451=CARTESIAN_POINT('Ctrl Pts',(2.39555160772563,-14.7,50.6504728789702));
#8452=CARTESIAN_POINT('Ctrl Pts',(2.39175417428668,-14.7,50.668889006176));
#8453=CARTESIAN_POINT('Ctrl Pts',(2.38775560546715,-14.7,50.6872705467375));
#8454=CARTESIAN_POINT('Ctrl Pts',(2.38355569801589,-14.7,50.7056136076164));
#8455=CARTESIAN_POINT('Ctrl Pts',(2.38053820866719,-14.7,50.7187924672619));
#8456=CARTESIAN_POINT('Ctrl Pts',(2.3774167272735,-14.7,50.7319513906044));
#8457=CARTESIAN_POINT('Ctrl Pts',(2.37419478349118,-14.7,50.745075051683));
#8458=CARTESIAN_POINT('Ctrl Pts',(2.35283318503137,-14.7,50.832085377506));
#8459=CARTESIAN_POINT('Ctrl Pts',(2.32702539794041,-14.7,50.9176990876265));
#8460=CARTESIAN_POINT('Ctrl Pts',(2.29685621512106,-14.7,51.0015163584642));
#8461=CARTESIAN_POINT('Ctrl Pts',(2.26680811363958,-14.7,51.0849972361238));
#8462=CARTESIAN_POINT('Ctrl Pts',(2.23243346471783,-14.7,51.1666970932225));
#8463=CARTESIAN_POINT('Ctrl Pts',(2.19376481816212,-14.7,51.2462172704402));
#8464=CARTESIAN_POINT('Ctrl Pts',(2.15606813016796,-14.7,51.3237386624936));
#8465=CARTESIAN_POINT('Ctrl Pts',(2.11429036415599,-14.7,51.39918945013));
#8466=CARTESIAN_POINT('Ctrl Pts',(2.06841553080758,-14.7,51.4721829108037));
#8467=CARTESIAN_POINT('Ctrl Pts',(2.0577510520149,-14.7,51.4891516310483));
#8468=CARTESIAN_POINT('Ctrl Pts',(2.04686496707742,-14.7,51.5059874455844));
#8469=CARTESIAN_POINT('Ctrl Pts',(2.03575672481697,-14.7,51.5226852796389));
#8470=CARTESIAN_POINT('Ctrl Pts',(2.01766182513805,-14.7,51.5498854095053));
#8471=CARTESIAN_POINT('Ctrl Pts',(1.99897746411613,-14.7,51.5767194387332));
#8472=CARTESIAN_POINT('Ctrl Pts',(1.97972031868578,-14.7,51.603179811556));
#8473=CARTESIAN_POINT('Origin',(0.,-22.1041828560753,50.0000008493662));
#8474=CARTESIAN_POINT('Ctrl Pts',(-2.54395737425494,-20.3541828560753,50.0022504134168));
#8475=CARTESIAN_POINT('Ctrl Pts',(-2.54549206684694,-20.3489234291894,50.1701329793632));
#8476=CARTESIAN_POINT('Ctrl Pts',(-2.4537615682367,-20.3171926193204,51.1813079731442));
#8477=CARTESIAN_POINT('Ctrl Pts',(-1.09994169906546,-20.2589904264683,52.7977150108504));
#8478=CARTESIAN_POINT('Ctrl Pts',(1.75496902183827,-20.1795762775187,52.4407664025643));
#8479=CARTESIAN_POINT('Ctrl Pts',(3.00232443993728,-20.1001621285691,49.8481692265504));
#8480=CARTESIAN_POINT('Ctrl Pts',(1.49977178599109,-20.0207479796196,47.3946639696883));
#8481=CARTESIAN_POINT('Ctrl Pts',(-1.37651357273283,-19.9413338306701,47.3274889736405));
#8482=CARTESIAN_POINT('Ctrl Pts',(-2.50595054863083,-19.8858121228219,48.9919353195473));
#8483=CARTESIAN_POINT('Ctrl Pts',(-2.54682292477952,-19.856761797957,49.9164637812465));
#8484=CARTESIAN_POINT('Ctrl Pts',(-2.54627502063306,-19.8541828560753,49.9985877928351));
#8485=CARTESIAN_POINT('Ctrl Pts',(-20.6539819490919,1.9938730266959,51.073197604819));
#8486=CARTESIAN_POINT('Ctrl Pts',(-20.6275105661087,1.63687497463417,51.736457890477));
#8487=CARTESIAN_POINT('Ctrl Pts',(-20.5745678001424,0.214680731261036,52.6670329065311));
#8488=CARTESIAN_POINT('Ctrl Pts',(-20.4951536511928,-2.12932065253963,51.6246758413073));
#8489=CARTESIAN_POINT('Ctrl Pts',(-20.4157395022433,-2.51729259407976,49.0918226334341));
#8490=CARTESIAN_POINT('Ctrl Pts',(-20.3363253532937,-0.602340177084051,
47.3920137942007));
#8491=CARTESIAN_POINT('Ctrl Pts',(-20.2569112043442,1.86571643242214,48.0803648487531));
#8492=CARTESIAN_POINT('Ctrl Pts',(-20.1774970553946,2.62417699172749,50.5273026070099));
#8493=CARTESIAN_POINT('Ctrl Pts',(-20.0980829064451,0.97939599546951,52.4911056493335));
#8494=CARTESIAN_POINT('Ctrl Pts',(-20.0186687574955,-1.56263703214628,52.1732760426908));
#8495=CARTESIAN_POINT('Ctrl Pts',(-19.939254608546,-2.67329126268535,49.864808881012));
#8496=CARTESIAN_POINT('Ctrl Pts',(-19.8598404595964,-1.33540757893426,47.6801901639693));
#8497=CARTESIAN_POINT('Ctrl Pts',(-19.7804263106469,1.2256575798422,47.6203770646198));
#8498=CARTESIAN_POINT('Ctrl Pts',(-19.7010121616973,2.66407763189322,49.7401704223783));
#8499=CARTESIAN_POINT('Ctrl Pts',(-19.6215980127478,1.66235870286788,52.0979511874253));
#8500=CARTESIAN_POINT('Ctrl Pts',(-19.5421838637983,-0.861990144273447,
52.5341290029159));
#8501=CARTESIAN_POINT('Ctrl Pts',(-19.4627697148487,-2.59680306414346,50.6491875741685));
#8502=CARTESIAN_POINT('Ctrl Pts',(-19.3833555658992,-1.95309150135285,48.1696280312682));
#8503=CARTESIAN_POINT('Ctrl Pts',(-19.3039414169496,0.479542199445388,47.3665866637809));
#8504=CARTESIAN_POINT('Ctrl Pts',(-19.2245272680001,2.47294207221974,48.9756043662762));
#8505=CARTESIAN_POINT('Ctrl Pts',(-19.1451131190505,2.2012664747469,51.5229114714817));
#8506=CARTESIAN_POINT('Ctrl Pts',(-19.065698970101,-0.086645208016253,52.6753182955867));
#8507=CARTESIAN_POINT('Ctrl Pts',(-18.9862848211514,-2.29519473752097,51.3772851002104));
#8508=CARTESIAN_POINT('Ctrl Pts',(-18.9068706722019,-2.4014752504982,48.8177371562005));
#8509=CARTESIAN_POINT('Ctrl Pts',(-18.8274565232523,-0.30813976705857,47.3410761235574));
#8510=CARTESIAN_POINT('Ctrl Pts',(-18.7480423743028,2.06743437387298,48.2998402925294));
#8511=CARTESIAN_POINT('Ctrl Pts',(-18.6686282253533,2.549355144166,50.8158557150901));
#8512=CARTESIAN_POINT('Ctrl Pts',(-18.5892140764037,0.696210275235027,52.5845940600517));
#8513=CARTESIAN_POINT('Ctrl Pts',(-18.5097999274542,-1.79462396914346,51.9859906834308));
#8514=CARTESIAN_POINT('Ctrl Pts',(-18.4303857785046,-2.64168379740297,49.5683325430818));
#8515=CARTESIAN_POINT('Ctrl Pts',(-18.3509716295551,-1.06911014417213,47.5460582437645));
#8516=CARTESIAN_POINT('Ctrl Pts',(-18.2715574806055,1.4827081493583,47.7714570746678));
#8517=CARTESIAN_POINT('Ctrl Pts',(-18.192143331656,2.67644933890168,50.0380764094213));
#8518=CARTESIAN_POINT('Ctrl Pts',(-18.1127291827064,1.41871377031564,52.26982067699));
#8519=CARTESIAN_POINT('Ctrl Pts',(-18.0333150337569,-1.13848365759868,52.4225379024029));
#8520=CARTESIAN_POINT('Ctrl Pts',(-17.9539008848073,-2.65289421653663,50.3563477138518));
#8521=CARTESIAN_POINT('Ctrl Pts',(-17.8744867358578,-1.73740318195097,47.9637638800266));
#8522=CARTESIAN_POINT('Ctrl Pts',(-17.7950725869082,0.769451252688149,47.436258354166));
#8523=CARTESIAN_POINT('Ctrl Pts',(-17.7156584379587,2.57153170373292,49.2569964693951));
#8524=CARTESIAN_POINT('Ctrl Pts',(-17.6362442890092,2.01823403764698,51.7582847232734));
#8525=CARTESIAN_POINT('Ctrl Pts',(-17.5568301400596,-0.383652265561508,
52.6490840400359));
#8526=CARTESIAN_POINT('Ctrl Pts',(-17.4774159911101,-2.43413471495832,51.1134724481932));
#8527=CARTESIAN_POINT('Ctrl Pts',(-17.3980018421605,-2.25508694567713,48.5579836236038));
#8528=CARTESIAN_POINT('Ctrl Pts',(-17.318587693211,-0.0105066238076513,
47.3233013102294));
#8529=CARTESIAN_POINT('Ctrl Pts',(-17.2391735442614,2.24369717335015,48.5403249242847));
#8530=CARTESIAN_POINT('Ctrl Pts',(-17.1597593953119,2.44280080747676,51.0943294229424));
#8531=CARTESIAN_POINT('Ctrl Pts',(-17.0803452463623,0.404436570576487,52.6459906211413));
#8532=CARTESIAN_POINT('Ctrl Pts',(-17.0009310974128,-2.00436877219849,51.7740743081091));
#8533=CARTESIAN_POINT('Ctrl Pts',(-16.9215169484632,-2.57728527958353,49.2772066880989));
#8534=CARTESIAN_POINT('Ctrl Pts',(-16.8421027995137,-0.789553718642142,
47.4423777853988));
#8535=CARTESIAN_POINT('Ctrl Pts',(-16.7626886505641,1.72136455185433,47.9501874696335));
#8536=CARTESIAN_POINT('Ctrl Pts',(-16.6832745016146,2.6556099034622,50.3355106886639));
#8537=CARTESIAN_POINT('Ctrl Pts',(-16.603860352665,1.15746624560068,52.4135258031132));
#8538=CARTESIAN_POINT('Ctrl Pts',(-16.5244462037155,-1.40085126250299,52.2808880787913));
#8539=CARTESIAN_POINT('Ctrl Pts',(-16.445032054766,-2.67606796086,50.0590861957167));
#8540=CARTESIAN_POINT('Ctrl Pts',(-16.3656179058164,-1.50015722365827,47.783165465792));
#8541=CARTESIAN_POINT('Ctrl Pts',(-16.2862037568669,1.04981298972701,47.5377410122382));
#8542=CARTESIAN_POINT('Ctrl Pts',(-16.2067896079173,2.63821366181526,49.54760780634));
#8543=CARTESIAN_POINT('Ctrl Pts',(-16.1273754589678,1.81015931476296,51.9718411282177));
#8544=CARTESIAN_POINT('Ctrl Pts',(-16.0479613100182,-0.675898976578567,
52.5899798896785));
#8545=CARTESIAN_POINT('Ctrl Pts',(-15.9685471610687,-2.54287184379722,50.8358437970214));
#8546=CARTESIAN_POINT('Ctrl Pts',(-15.8891330121191,-2.08071751539499,48.316122702047));
#8547=CARTESIAN_POINT('Ctrl Pts',(-15.8097188631696,0.287257001836288,47.3387390282022));
#8548=CARTESIAN_POINT('Ctrl Pts',(-15.73030471422,2.39211988433582,48.7989213280314));
#8549=CARTESIAN_POINT('Ctrl Pts',(-15.6508905652705,2.30593657527751,51.3592245315594));
#8550=CARTESIAN_POINT('Ctrl Pts',(-15.5714764163209,0.107643717856405,52.6745559353513));
#8551=CARTESIAN_POINT('Ctrl Pts',(-15.4920622673714,-2.18924155542487,51.540144638609));
#8552=CARTESIAN_POINT('Ctrl Pts',(-15.4126481184218,-2.48091119345255,48.9950503480192));
#8553=CARTESIAN_POINT('Ctrl Pts',(-15.3332339694723,-0.500193642976636,
47.370430287947));
#8554=CARTESIAN_POINT('Ctrl Pts',(-15.2538198205227,1.9386486875426,48.1543561626113));
#8555=CARTESIAN_POINT('Ctrl Pts',(-15.1744056715732,2.60184630702983,50.6287737453709));
#8556=CARTESIAN_POINT('Ctrl Pts',(-15.0949915226236,0.881804035137067,52.5273000568162));
#8557=CARTESIAN_POINT('Ctrl Pts',(-15.0155773736742,-1.64573270700368,52.1109048937567));
#8558=CARTESIAN_POINT('Ctrl Pts',(-14.9361632247246,-2.66624319618835,49.7611548742294));
#8559=CARTESIAN_POINT('Ctrl Pts',(-14.8567490757751,-1.24388967544246,47.6299483933713));
#8560=CARTESIAN_POINT('Ctrl Pts',(-14.7773349268255,1.3163421133251,47.6700237857904));
#8561=CARTESIAN_POINT('Ctrl Pts',(-14.6979207778759,2.67376698791579,49.8433312444576));
#8562=CARTESIAN_POINT('Ctrl Pts',(-14.6185066289264,1.57630127424599,52.162042038412));
#8563=CARTESIAN_POINT('Ctrl Pts',(-14.56556386296,-0.108750707299346,52.3838666219861));
#8564=CARTESIAN_POINT('Ctrl Pts',(-14.5390924799768,-0.811900516779879,
52.1137885570967));
#8565=CARTESIAN_POINT('Ctrl Pts',(-20.7076177890996,2.07567610668797,51.1172278910299));
#8566=CARTESIAN_POINT('Ctrl Pts',(-20.6811464061164,1.70403141473553,51.8076999065607));
#8567=CARTESIAN_POINT('Ctrl Pts',(-20.6282036401501,0.223488486216827,52.77645383444));
#8568=CARTESIAN_POINT('Ctrl Pts',(-20.5487894912005,-2.21668077293662,51.6913317499571));
#8569=CARTESIAN_POINT('Ctrl Pts',(-20.469375342251,-2.62057012714223,49.0545626001972));
#8570=CARTESIAN_POINT('Ctrl Pts',(-20.3899611933014,-0.6270525238728,47.2850153189539));
#8571=CARTESIAN_POINT('Ctrl Pts',(-20.3105470443519,1.94226160281188,48.0016075080343));
#8572=CARTESIAN_POINT('Ctrl Pts',(-20.2311328954023,2.73183969516622,50.5489363355787));
#8573=CARTESIAN_POINT('Ctrl Pts',(-20.1517187464528,1.01957789666814,52.5933087698391));
#8574=CARTESIAN_POINT('Ctrl Pts',(-20.0723045975032,-1.62674769537696,52.2624394959819));
#8575=CARTESIAN_POINT('Ctrl Pts',(-19.9928904485537,-2.78296898843599,49.8592623295248));
#8576=CARTESIAN_POINT('Ctrl Pts',(-19.9134762996042,-1.39019564795319,47.5850147658756));
#8577=CARTESIAN_POINT('Ctrl Pts',(-19.8340621506546,1.27594291080577,47.52274770096));
#8578=CARTESIAN_POINT('Ctrl Pts',(-19.7546480017051,2.77337734792779,49.729510300636));
#8579=CARTESIAN_POINT('Ctrl Pts',(-19.6752338527555,1.73056066965589,52.1840242708292));
#8580=CARTESIAN_POINT('Ctrl Pts',(-19.595819703806,-0.897355209039495,52.6380972522875));
#8581=CARTESIAN_POINT('Ctrl Pts',(-19.5164055548565,-2.70334269125894,50.6758219048745));
#8582=CARTESIAN_POINT('Ctrl Pts',(-19.4369914059069,-2.03322142847352,48.0945329113436));
#8583=CARTESIAN_POINT('Ctrl Pts',(-19.3575772569574,0.499216485809454,47.2585449838989));
#8584=CARTESIAN_POINT('Ctrl Pts',(-19.2781631080078,2.57440002638284,48.9335762198858));
#8585=CARTESIAN_POINT('Ctrl Pts',(-19.1987489590582,2.29157833267698,51.5853922702957));
#8586=CARTESIAN_POINT('Ctrl Pts',(-19.1193348101087,-0.090200020578228,
52.7850791500279));
#8587=CARTESIAN_POINT('Ctrl Pts',(-19.0399206611592,-2.38936021154914,51.4337912529268));
#8588=CARTESIAN_POINT('Ctrl Pts',(-18.9605065122096,-2.50000111918956,48.7692321560481));
#8589=CARTESIAN_POINT('Ctrl Pts',(-18.8810923632601,-0.320781887031075,
47.2319878169671));
#8590=CARTESIAN_POINT('Ctrl Pts',(-18.8016782143105,2.15225547190677,48.230087420522));
#8591=CARTESIAN_POINT('Ctrl Pts',(-18.722264065361,2.65394811472842,50.84932797734));
#8592=CARTESIAN_POINT('Ctrl Pts',(-18.6428499164114,0.724773851788712,52.6906327507456));
#8593=CARTESIAN_POINT('Ctrl Pts',(-18.5634357674619,-1.86825241295004,52.0674703378943));
#8594=CARTESIAN_POINT('Ctrl Pts',(-18.4840216185123,-2.75006475652092,49.550622389769));
#8595=CARTESIAN_POINT('Ctrl Pts',(-18.4046074695628,-1.11297276805695,47.4453797850189));
#8596=CARTESIAN_POINT('Ctrl Pts',(-18.3251933206132,1.54353955222243,47.6800261047783));
#8597=CARTESIAN_POINT('Ctrl Pts',(-18.2457791716637,2.7862566317601,50.0396385440423));
#8598=CARTESIAN_POINT('Ctrl Pts',(-18.1663650227141,1.47691966130525,52.3629450888461));
#8599=CARTESIAN_POINT('Ctrl Pts',(-18.0869508737646,-1.18519248432198,52.5219278784344));
#8600=CARTESIAN_POINT('Ctrl Pts',(-18.007536724815,-2.76173510805793,50.3709676373224));
#8601=CARTESIAN_POINT('Ctrl Pts',(-17.9281225758655,-1.80868401556911,47.8802227249703));
#8602=CARTESIAN_POINT('Ctrl Pts',(-17.848708426916,0.801019703402362,47.331075110496));
#8603=CARTESIAN_POINT('Ctrl Pts',(-17.7692942779664,2.6770345170245,49.2265130605143));
#8604=CARTESIAN_POINT('Ctrl Pts',(-17.6898801290168,2.10103658234961,51.8304222337669));
#8605=CARTESIAN_POINT('Ctrl Pts',(-17.6104659800673,-0.399392453902824,
52.7577685757363));
#8606=CARTESIAN_POINT('Ctrl Pts',(-17.5310518311178,-2.53400051089077,51.1591550995197));
#8607=CARTESIAN_POINT('Ctrl Pts',(-17.4516376821682,-2.34760690825067,48.4988216564728));
#8608=CARTESIAN_POINT('Ctrl Pts',(-17.3722235332187,-0.0109376814408493,
47.2134837523493));
#8609=CARTESIAN_POINT('Ctrl Pts',(-17.2928093842692,2.33574984515629,48.4804384696994));
#8610=CARTESIAN_POINT('Ctrl Pts',(-17.2133952353196,2.54302214914858,51.1392266890389));
#8611=CARTESIAN_POINT('Ctrl Pts',(-17.1339810863701,0.421029481304314,52.7545482424444));
#8612=CARTESIAN_POINT('Ctrl Pts',(-17.0545669374205,-2.08660246351707,51.8468596214737));
#8613=CARTESIAN_POINT('Ctrl Pts',(-16.975152788471,-2.68302414613389,49.2475524484355));
#8614=CARTESIAN_POINT('Ctrl Pts',(-16.8957386395214,-0.821946917777371,
47.3374456050192));
#8615=CARTESIAN_POINT('Ctrl Pts',(-16.8163244905719,1.79198736496506,47.866089312115));
#8616=CARTESIAN_POINT('Ctrl Pts',(-16.7369103416223,2.76456221208571,50.3492757267855));
#8617=CARTESIAN_POINT('Ctrl Pts',(-16.6574961926727,1.20495387525877,52.5125460377074));
#8618=CARTESIAN_POINT('Ctrl Pts',(-16.5780820437232,-1.45832430434128,52.3744665554462));
#8619=CARTESIAN_POINT('Ctrl Pts',(-16.4986678947737,-2.78585960683517,50.0615103035958));
#8620=CARTESIAN_POINT('Ctrl Pts',(-16.4192537458241,-1.56170451364342,47.6922148587153));
#8621=CARTESIAN_POINT('Ctrl Pts',(-16.3398395968746,1.09288390488837,47.4367213205522));
#8622=CARTESIAN_POINT('Ctrl Pts',(-16.260425447925,2.74645225089497,49.5290473745617));
#8623=CARTESIAN_POINT('Ctrl Pts',(-16.1810112989755,1.88442513071079,52.0527402656767));
#8624=CARTESIAN_POINT('Ctrl Pts',(-16.1015971500259,-0.703629236884681,
52.6962395460236));
#8625=CARTESIAN_POINT('Ctrl Pts',(-16.0221830010764,-2.64719882252787,50.8701361148332));
#8626=CARTESIAN_POINT('Ctrl Pts',(-15.9427688521269,-2.16608358388272,48.2470378521405));
#8627=CARTESIAN_POINT('Ctrl Pts',(-15.8633547031773,0.29904235987307,47.2295548370718));
#8628=CARTESIAN_POINT('Ctrl Pts',(-15.7839405542278,2.49026192830199,48.7496443666377));
#8629=CARTESIAN_POINT('Ctrl Pts',(-15.7045264052782,2.4005427571148,51.4149897092377));
#8630=CARTESIAN_POINT('Ctrl Pts',(-15.6251122563287,0.112060041034743,52.7842855122665));
#8631=CARTESIAN_POINT('Ctrl Pts',(-15.5456981073791,-2.27906006426802,51.6033324664717));
#8632=CARTESIAN_POINT('Ctrl Pts',(-15.4662839584296,-2.58269609855633,48.9538200163235));
#8633=CARTESIAN_POINT('Ctrl Pts',(-15.38686980948,-0.520715200789047,47.2625463013037));
#8634=CARTESIAN_POINT('Ctrl Pts',(-15.3074556605305,2.01818606607185,48.0786344802744));
#8635=CARTESIAN_POINT('Ctrl Pts',(-15.2280415115809,2.70859284441277,50.6545705533021));
#8636=CARTESIAN_POINT('Ctrl Pts',(-15.1486273626314,0.917982008888579,52.6309881334705));
#8637=CARTESIAN_POINT('Ctrl Pts',(-15.0692132136818,-1.71325255529597,52.1975094318025));
#8638=CARTESIAN_POINT('Ctrl Pts',(-14.9897990647323,-2.77563175931945,49.7513556863432));
#8639=CARTESIAN_POINT('Ctrl Pts',(-14.9103849157828,-1.29492301871917,47.5327117147828));
#8640=CARTESIAN_POINT('Ctrl Pts',(-14.8309707668332,1.37034797917089,47.5744312893979));
#8641=CARTESIAN_POINT('Ctrl Pts',(-14.7515566178837,2.78346423135315,49.8369035251138));
#8642=CARTESIAN_POINT('Ctrl Pts',(-14.6721424689341,1.64097254343028,52.2507445916667));
#8643=CARTESIAN_POINT('Ctrl Pts',(-14.6191997029677,-0.113212447184129,
52.4816700226425));
#8644=CARTESIAN_POINT('Ctrl Pts',(-14.5927283199846,-0.845210543060644,
52.200511403851));
#8645=CARTESIAN_POINT('Ctrl Pts',(-20.7612536291073,2.15747918668005,51.1612581772408));
#8646=CARTESIAN_POINT('Ctrl Pts',(-20.7347822461242,1.77118785483689,51.8789419226445));
#8647=CARTESIAN_POINT('Ctrl Pts',(-20.6818394801578,0.23229624117262,52.885874762349));
#8648=CARTESIAN_POINT('Ctrl Pts',(-20.6024253312083,-2.30404089333362,51.757987658607));
#8649=CARTESIAN_POINT('Ctrl Pts',(-20.5230111822587,-2.72384766020471,49.0173025669601));
#8650=CARTESIAN_POINT('Ctrl Pts',(-20.4435970333091,-0.651764870661551,
47.1780168437074));
#8651=CARTESIAN_POINT('Ctrl Pts',(-20.3641828843596,2.01880677320162,47.9228501673152));
#8652=CARTESIAN_POINT('Ctrl Pts',(-20.2847687354101,2.83950239860495,50.5705700641477));
#8653=CARTESIAN_POINT('Ctrl Pts',(-20.2053545864605,1.05975979786677,52.6955118903448));
#8654=CARTESIAN_POINT('Ctrl Pts',(-20.125940437511,-1.69085835860764,52.3516029492731));
#8655=CARTESIAN_POINT('Ctrl Pts',(-20.0465262885614,-2.89264671418663,49.8537157780376));
#8656=CARTESIAN_POINT('Ctrl Pts',(-19.9671121396119,-1.44498371697211,47.4898393677819));
#8657=CARTESIAN_POINT('Ctrl Pts',(-19.8876979906624,1.32622824176933,47.4251183373003));
#8658=CARTESIAN_POINT('Ctrl Pts',(-19.8082838417128,2.88267706396236,49.7188501788937));
#8659=CARTESIAN_POINT('Ctrl Pts',(-19.7288696927633,1.7987626364439,52.2700973542332));
#8660=CARTESIAN_POINT('Ctrl Pts',(-19.6494555438137,-0.932720273805545,
52.7420655016591));
#8661=CARTESIAN_POINT('Ctrl Pts',(-19.5700413948642,-2.80988231837441,50.7024562355806));
#8662=CARTESIAN_POINT('Ctrl Pts',(-19.4906272459146,-2.11335135559418,48.0194377914189));
#8663=CARTESIAN_POINT('Ctrl Pts',(-19.4112130969651,0.518890772173523,47.1505033040169));
#8664=CARTESIAN_POINT('Ctrl Pts',(-19.3317989480155,2.67585798054593,48.8915480734954));
#8665=CARTESIAN_POINT('Ctrl Pts',(-19.252384799066,2.38189019060706,51.6478730691097));
#8666=CARTESIAN_POINT('Ctrl Pts',(-19.1729706501164,-0.0937548331402027,
52.8948400044691));
#8667=CARTESIAN_POINT('Ctrl Pts',(-19.0935565011669,-2.48352568557732,51.4902974056432));
#8668=CARTESIAN_POINT('Ctrl Pts',(-19.0141423522173,-2.59852698788092,48.7207271558957));
#8669=CARTESIAN_POINT('Ctrl Pts',(-18.9347282032678,-0.333424007003581,
47.1228995103768));
#8670=CARTESIAN_POINT('Ctrl Pts',(-18.8553140543182,2.23707656994055,48.1603345485145));
#8671=CARTESIAN_POINT('Ctrl Pts',(-18.7758999053687,2.75854108529085,50.88280023959));
#8672=CARTESIAN_POINT('Ctrl Pts',(-18.6964857564192,0.753337428342394,52.7966714414395));
#8673=CARTESIAN_POINT('Ctrl Pts',(-18.6170716074696,-1.94188085675661,52.148949992358));
#8674=CARTESIAN_POINT('Ctrl Pts',(-18.53765745852,-2.85844571563887,49.5329122364562));
#8675=CARTESIAN_POINT('Ctrl Pts',(-18.4582433095705,-1.15683539194177,47.3447013262734));
#8676=CARTESIAN_POINT('Ctrl Pts',(-18.378829160621,1.60437095508655,47.5885951348887));
#8677=CARTESIAN_POINT('Ctrl Pts',(-18.2994150116714,2.89606392461852,50.0412006786633));
#8678=CARTESIAN_POINT('Ctrl Pts',(-18.2200008627219,1.53512555229486,52.4560695007021));
#8679=CARTESIAN_POINT('Ctrl Pts',(-18.1405867137723,-1.23190131104529,52.621317854466));
#8680=CARTESIAN_POINT('Ctrl Pts',(-18.0611725648228,-2.87057599957923,50.385587560793));
#8681=CARTESIAN_POINT('Ctrl Pts',(-17.9817584158732,-1.87996484918726,47.796681569914));
#8682=CARTESIAN_POINT('Ctrl Pts',(-17.9023442669237,0.832588154116573,47.225891866826));
#8683=CARTESIAN_POINT('Ctrl Pts',(-17.8229301179741,2.78253733031608,49.1960296516335));
#8684=CARTESIAN_POINT('Ctrl Pts',(-17.7435159690246,2.18383912705224,51.9025597442604));
#8685=CARTESIAN_POINT('Ctrl Pts',(-17.6641018200751,-0.415132642244142,
52.8664531114367));
#8686=CARTESIAN_POINT('Ctrl Pts',(-17.5846876711255,-2.63386630682321,51.2048377508461));
#8687=CARTESIAN_POINT('Ctrl Pts',(-17.505273522176,-2.44012687082421,48.4396596893416));
#8688=CARTESIAN_POINT('Ctrl Pts',(-17.4258593732264,-0.0113687390740482,
47.1036661944692));
#8689=CARTESIAN_POINT('Ctrl Pts',(-17.3464452242769,2.42780251696243,48.4205520151141));
#8690=CARTESIAN_POINT('Ctrl Pts',(-17.2670310753273,2.64324349082041,51.1841239551351));
#8691=CARTESIAN_POINT('Ctrl Pts',(-17.1876169263778,0.437622392032141,52.8631058637476));
#8692=CARTESIAN_POINT('Ctrl Pts',(-17.1082027774282,-2.16883615483565,51.9196449348384));
#8693=CARTESIAN_POINT('Ctrl Pts',(-17.0287886284787,-2.78876301268425,49.2178982087722));
#8694=CARTESIAN_POINT('Ctrl Pts',(-16.9493744795291,-0.854340116912599,
47.2325134246396));
#8695=CARTESIAN_POINT('Ctrl Pts',(-16.8699603305796,1.86261017807578,47.7819911545964));
#8696=CARTESIAN_POINT('Ctrl Pts',(-16.79054618163,2.87351452070922,50.3630407649072));
#8697=CARTESIAN_POINT('Ctrl Pts',(-16.7111320326805,1.25244150491687,52.6115662723014));
#8698=CARTESIAN_POINT('Ctrl Pts',(-16.6317178837309,-1.51579734617957,52.4680450321012));
#8699=CARTESIAN_POINT('Ctrl Pts',(-16.5523037347814,-2.89565125281035,50.0639344114749));
#8700=CARTESIAN_POINT('Ctrl Pts',(-16.4728895858319,-1.62325180362856,47.6012642516387));
#8701=CARTESIAN_POINT('Ctrl Pts',(-16.3934754368823,1.13595482004974,47.3357016288662));
#8702=CARTESIAN_POINT('Ctrl Pts',(-16.3140612879328,2.85469083997468,49.5104869427835));
#8703=CARTESIAN_POINT('Ctrl Pts',(-16.2346471389832,1.95869094665863,52.1336394031358));
#8704=CARTESIAN_POINT('Ctrl Pts',(-16.1552329900337,-0.731359497190794,
52.8024992023686));
#8705=CARTESIAN_POINT('Ctrl Pts',(-16.0758188410841,-2.75152580125853,50.904428432645));
#8706=CARTESIAN_POINT('Ctrl Pts',(-15.9964046921346,-2.25144965237045,48.1779530022339));
#8707=CARTESIAN_POINT('Ctrl Pts',(-15.916990543185,0.310827717909852,47.1203706459414));
#8708=CARTESIAN_POINT('Ctrl Pts',(-15.8375763942355,2.58840397226816,48.7003674052438));
#8709=CARTESIAN_POINT('Ctrl Pts',(-15.7581622452859,2.4951489389521,51.4707548869159));
#8710=CARTESIAN_POINT('Ctrl Pts',(-15.6787480963364,0.116476364213076,52.8940150891818));
#8711=CARTESIAN_POINT('Ctrl Pts',(-15.5993339473868,-2.36887857311116,51.6665202943342));
#8712=CARTESIAN_POINT('Ctrl Pts',(-15.5199197984373,-2.68448100366011,48.9125896846279));
#8713=CARTESIAN_POINT('Ctrl Pts',(-15.4405056494877,-0.541236758601456,
47.1546623146602));
#8714=CARTESIAN_POINT('Ctrl Pts',(-15.3610915005382,2.0977234446011,48.0029127979375));
#8715=CARTESIAN_POINT('Ctrl Pts',(-15.2816773515886,2.81533938179572,50.6803673612332));
#8716=CARTESIAN_POINT('Ctrl Pts',(-15.2022632026391,0.954159982640089,52.7346762101248));
#8717=CARTESIAN_POINT('Ctrl Pts',(-15.1228490536896,-1.78077240358826,52.2841139698482));
#8718=CARTESIAN_POINT('Ctrl Pts',(-15.04343490474,-2.88502032245054,49.741556498457));
#8719=CARTESIAN_POINT('Ctrl Pts',(-14.9640207557905,-1.34595636199588,47.4354750361942));
#8720=CARTESIAN_POINT('Ctrl Pts',(-14.8846066068409,1.42435384501667,47.4788387930055));
#8721=CARTESIAN_POINT('Ctrl Pts',(-14.8051924578914,2.89316147479051,49.8304758057701));
#8722=CARTESIAN_POINT('Ctrl Pts',(-14.7257783089418,1.70564381261458,52.3394471449214));
#8723=CARTESIAN_POINT('Ctrl Pts',(-14.6728355429755,-0.117674187068913,
52.579473423299));
#8724=CARTESIAN_POINT('Ctrl Pts',(-14.6463641599923,-0.878520569341409,
52.2872342506053));
#8725=CARTESIAN_POINT('Ctrl Pts',(-20.8148894691151,2.23928226667212,51.2052884634516));
#8726=CARTESIAN_POINT('Ctrl Pts',(-20.7884180861319,1.83834429493825,51.9501839387282));
#8727=CARTESIAN_POINT('Ctrl Pts',(-20.7354753201655,0.241103996128414,52.995295690258));
#8728=CARTESIAN_POINT('Ctrl Pts',(-20.6560611712159,-2.39140101373061,51.8246435672568));
#8729=CARTESIAN_POINT('Ctrl Pts',(-20.5766470222665,-2.82712519326718,48.9800425337233));
#8730=CARTESIAN_POINT('Ctrl Pts',(-20.4972328733168,-0.676477217450303,
47.0710183684605));
#8731=CARTESIAN_POINT('Ctrl Pts',(-20.4178187243674,2.09535194359136,47.8440928265964));
#8732=CARTESIAN_POINT('Ctrl Pts',(-20.3384045754178,2.94716510204368,50.5922037927166));
#8733=CARTESIAN_POINT('Ctrl Pts',(-20.2589904264683,1.0999416990654,52.7977150108504));
#8734=CARTESIAN_POINT('Ctrl Pts',(-20.1795762775187,-1.75496902183832,52.4407664025642));
#8735=CARTESIAN_POINT('Ctrl Pts',(-20.1001621285692,-3.00232443993727,49.8481692265503));
#8736=CARTESIAN_POINT('Ctrl Pts',(-20.0207479796196,-1.49977178599103,47.3946639696883));
#8737=CARTESIAN_POINT('Ctrl Pts',(-19.9413338306701,1.37651357273289,47.3274889736405));
#8738=CARTESIAN_POINT('Ctrl Pts',(-19.8619196817205,2.99197677999693,49.7081900571515));
#8739=CARTESIAN_POINT('Ctrl Pts',(-19.782505532771,1.86696460323191,52.3561704376371));
#8740=CARTESIAN_POINT('Ctrl Pts',(-19.7030913838214,-0.968085338571593,
52.8460337510308));
#8741=CARTESIAN_POINT('Ctrl Pts',(-19.6236772348719,-2.91642194548989,50.7290905662866));
#8742=CARTESIAN_POINT('Ctrl Pts',(-19.5442630859223,-2.19348128271485,47.9443426714943));
#8743=CARTESIAN_POINT('Ctrl Pts',(-19.4648489369728,0.538565058537587,47.0424616241349));
#8744=CARTESIAN_POINT('Ctrl Pts',(-19.3854347880232,2.77731593470904,48.849519927105));
#8745=CARTESIAN_POINT('Ctrl Pts',(-19.3060206390737,2.47220204853715,51.7103538679238));
#8746=CARTESIAN_POINT('Ctrl Pts',(-19.2266064901241,-0.0973096457021769,
53.0046008589104));
#8747=CARTESIAN_POINT('Ctrl Pts',(-19.1471923411746,-2.57769115960549,51.5468035583595));
#8748=CARTESIAN_POINT('Ctrl Pts',(-19.067778192225,-2.69705285657228,48.6722221557434));
#8749=CARTESIAN_POINT('Ctrl Pts',(-18.9883640432755,-0.346066126976086,
47.0138112037865));
#8750=CARTESIAN_POINT('Ctrl Pts',(-18.9089498943259,2.32189766797433,48.090581676507));
#8751=CARTESIAN_POINT('Ctrl Pts',(-18.8295357453764,2.86313405585327,50.91627250184));
#8752=CARTESIAN_POINT('Ctrl Pts',(-18.7501215964268,0.781901004896079,52.9027101321334));
#8753=CARTESIAN_POINT('Ctrl Pts',(-18.6707074474773,-2.01550930056319,52.2304296468214));
#8754=CARTESIAN_POINT('Ctrl Pts',(-18.5912932985278,-2.96682667475682,49.5152020831435));
#8755=CARTESIAN_POINT('Ctrl Pts',(-18.5118791495782,-1.20069801582659,47.2440228675279));
#8756=CARTESIAN_POINT('Ctrl Pts',(-18.4324650006287,1.66520235795068,47.4971641649991));
#8757=CARTESIAN_POINT('Ctrl Pts',(-18.3530508516791,3.00587121747694,50.0427628132843));
#8758=CARTESIAN_POINT('Ctrl Pts',(-18.2736367027296,1.59333144328447,52.5491939125582));
#8759=CARTESIAN_POINT('Ctrl Pts',(-18.19422255378,-1.27861013776859,52.7207078304976));
#8760=CARTESIAN_POINT('Ctrl Pts',(-18.1148084048305,-2.97941689110053,50.4002074842636));
#8761=CARTESIAN_POINT('Ctrl Pts',(-18.035394255881,-1.9512456828054,47.7131404148578));
#8762=CARTESIAN_POINT('Ctrl Pts',(-17.9559801069314,0.864156604830785,47.120708623156));
#8763=CARTESIAN_POINT('Ctrl Pts',(-17.8765659579819,2.88804014360766,49.1655462427526));
#8764=CARTESIAN_POINT('Ctrl Pts',(-17.7971518090323,2.26664167175487,51.974697254754));
#8765=CARTESIAN_POINT('Ctrl Pts',(-17.7177376600828,-0.43087283058546,52.9751376471371));
#8766=CARTESIAN_POINT('Ctrl Pts',(-17.6383235111332,-2.73373210275566,51.2505204021726));
#8767=CARTESIAN_POINT('Ctrl Pts',(-17.5589093621837,-2.53264683339776,48.3804977222105));
#8768=CARTESIAN_POINT('Ctrl Pts',(-17.4794952132341,-0.0117997967072468,
46.9938486365891));
#8769=CARTESIAN_POINT('Ctrl Pts',(-17.4000810642846,2.51985518876856,48.3606655605289));
#8770=CARTESIAN_POINT('Ctrl Pts',(-17.320666915335,2.74346483249223,51.2290212212315));
#8771=CARTESIAN_POINT('Ctrl Pts',(-17.2412527663855,0.454215302759969,52.9716634850508));
#8772=CARTESIAN_POINT('Ctrl Pts',(-17.1618386174359,-2.25106984615424,51.9924302482031));
#8773=CARTESIAN_POINT('Ctrl Pts',(-17.0824244684864,-2.89450187923461,49.1882439691087));
#8774=CARTESIAN_POINT('Ctrl Pts',(-17.0030103195368,-0.886733316047828,
47.12758124426));
#8775=CARTESIAN_POINT('Ctrl Pts',(-16.9235961705873,1.9332329911865,47.6978929970778));
#8776=CARTESIAN_POINT('Ctrl Pts',(-16.8441820216378,2.98246682933272,50.3768058030289));
#8777=CARTESIAN_POINT('Ctrl Pts',(-16.7647678726882,1.29992913457496,52.7105865068955));
#8778=CARTESIAN_POINT('Ctrl Pts',(-16.6853537237387,-1.57327038801785,52.5616235087561));
#8779=CARTESIAN_POINT('Ctrl Pts',(-16.6059395747891,-3.00544289878553,50.066358519354));
#8780=CARTESIAN_POINT('Ctrl Pts',(-16.5265254258396,-1.6847990936137,47.5103136445619));
#8781=CARTESIAN_POINT('Ctrl Pts',(-16.44711127689,1.1790257352111,47.2346819371802));
#8782=CARTESIAN_POINT('Ctrl Pts',(-16.3676971279405,2.96292942905439,49.4919265110051));
#8783=CARTESIAN_POINT('Ctrl Pts',(-16.2882829789909,2.03295676260646,52.2145385405948));
#8784=CARTESIAN_POINT('Ctrl Pts',(-16.2088688300414,-0.759089757496906,
52.9087588587138));
#8785=CARTESIAN_POINT('Ctrl Pts',(-16.1294546810918,-2.85585277998918,50.9387207504568));
#8786=CARTESIAN_POINT('Ctrl Pts',(-16.0500405321423,-2.33681572085818,48.1088681523273));
#8787=CARTESIAN_POINT('Ctrl Pts',(-15.9706263831927,0.322613075946636,47.011186454811));
#8788=CARTESIAN_POINT('Ctrl Pts',(-15.8912122342432,2.68654601623433,48.6510904438501));
#8789=CARTESIAN_POINT('Ctrl Pts',(-15.8117980852936,2.5897551207894,51.5265200645942));
#8790=CARTESIAN_POINT('Ctrl Pts',(-15.7323839363441,0.120892687391409,53.003744666097));
#8791=CARTESIAN_POINT('Ctrl Pts',(-15.6529697873945,-2.4586970819543,51.7297081221968));
#8792=CARTESIAN_POINT('Ctrl Pts',(-15.573555638445,-2.78626590876389,48.8713593529322));
#8793=CARTESIAN_POINT('Ctrl Pts',(-15.4941414894955,-0.561758316413866,
47.0467783280169));
#8794=CARTESIAN_POINT('Ctrl Pts',(-15.4147273405459,2.17726082313035,47.9271911156006));
#8795=CARTESIAN_POINT('Ctrl Pts',(-15.3353131915964,2.92208591917866,50.7061641691642));
#8796=CARTESIAN_POINT('Ctrl Pts',(-15.2558990426468,0.990337956391601,52.8383642867791));
#8797=CARTESIAN_POINT('Ctrl Pts',(-15.1764848936973,-1.84829225188054,52.370718507894));
#8798=CARTESIAN_POINT('Ctrl Pts',(-15.0970707447477,-2.99440888558164,49.7317573105707));
#8799=CARTESIAN_POINT('Ctrl Pts',(-15.0176565957982,-1.39698970527258,47.3382383576056));
#8800=CARTESIAN_POINT('Ctrl Pts',(-14.9382424468486,1.47835971086245,47.3832462966131));
#8801=CARTESIAN_POINT('Ctrl Pts',(-14.8588282978991,3.00285871822786,49.8240480864263));
#8802=CARTESIAN_POINT('Ctrl Pts',(-14.7794141489496,1.77031508179887,52.4281496981762));
#8803=CARTESIAN_POINT('Ctrl Pts',(-14.7264713829832,-0.122135926953695,
52.6772768239554));
#8804=CARTESIAN_POINT('Ctrl Pts',(-14.7,-0.911830595622174,52.3739570973597));
#8805=CARTESIAN_POINT('Ctrl Pts',(-14.7,-0.911830595622173,52.3739570973597));
#8806=CARTESIAN_POINT('Ctrl Pts',(-14.7,-0.828393926714176,52.4009213398009));
#8807=CARTESIAN_POINT('Ctrl Pts',(-14.7,-0.743637419774193,52.4231631809107));
#8808=CARTESIAN_POINT('Ctrl Pts',(-14.7,-0.657926040473459,52.4407991468003));
#8809=CARTESIAN_POINT('Ctrl Pts',(-14.7,-0.56766798012311,52.4593706373839));
#8810=CARTESIAN_POINT('Ctrl Pts',(-14.7,-0.47635001090992,52.4728348864555));
#8811=CARTESIAN_POINT('Ctrl Pts',(-14.7,-0.384394394345504,52.4812680985401));
#8812=CARTESIAN_POINT('Ctrl Pts',(-14.7,-0.366728063480929,52.4828882705373));
#8813=CARTESIAN_POINT('Ctrl Pts',(-14.7,-0.349038214755833,52.4843225752613));
#8814=CARTESIAN_POINT('Ctrl Pts',(-14.7,-0.331327879919789,52.4855713061921));
#8815=CARTESIAN_POINT('Ctrl Pts',(-14.7,-0.3142774088671,52.4867735110507));
#8816=CARTESIAN_POINT('Ctrl Pts',(-14.7,-0.297216862822171,52.48780307106));
#8817=CARTESIAN_POINT('Ctrl Pts',(-14.7,-0.280150980833577,52.4886606598909));
#8818=CARTESIAN_POINT('Ctrl Pts',(-14.7,-0.19148501702563,52.4931162714025));
#8819=CARTESIAN_POINT('Ctrl Pts',(-14.7,-0.102656625594235,52.4929353200155));
#8820=CARTESIAN_POINT('Ctrl Pts',(-14.7,-0.0140440896527393,52.4882008061319));
#8821=CARTESIAN_POINT('Ctrl Pts',(-14.7,0.0512187729665967,52.484713851088));
#8822=CARTESIAN_POINT('Ctrl Pts',(-14.7,0.116364665075919,52.4787557807375));
#8823=CARTESIAN_POINT('Ctrl Pts',(-14.7,0.181238594681476,52.4703421035344));
#8824=CARTESIAN_POINT('Ctrl Pts',(-14.7,0.205416448119735,52.4672064116543));
#8825=CARTESIAN_POINT('Ctrl Pts',(-14.7,0.22955647435566,52.463729497089));
#8826=CARTESIAN_POINT('Ctrl Pts',(-14.7,0.253650430205274,52.4599116551819));
#8827=CARTESIAN_POINT('Ctrl Pts',(-14.7,0.268773691432341,52.4575152773996));
#8828=CARTESIAN_POINT('Ctrl Pts',(-14.7,0.283870111656726,52.4549859298215));
#8829=CARTESIAN_POINT('Ctrl Pts',(-14.7,0.298934056379909,52.452324802618));
#8830=CARTESIAN_POINT('Ctrl Pts',(-14.7,0.385233063330565,52.4370796168942));
#8831=CARTESIAN_POINT('Ctrl Pts',(-14.7,0.4705067146517,52.4175073503719));
#8832=CARTESIAN_POINT('Ctrl Pts',(-14.7,0.554395377316494,52.3936900599896));
#8833=CARTESIAN_POINT('Ctrl Pts',(-14.7,0.636991103488878,52.3702398542991));
#8834=CARTESIAN_POINT('Ctrl Pts',(-14.7,0.718245053281712,52.3426741102483));
#8835=CARTESIAN_POINT('Ctrl Pts',(-14.7,0.797796813598001,52.3110246480664));
#8836=CARTESIAN_POINT('Ctrl Pts',(-14.7,0.875754931191896,52.2800092125218));
#8837=CARTESIAN_POINT('Ctrl Pts',(-14.7,0.952079087311189,52.2450717028299));
#8838=CARTESIAN_POINT('Ctrl Pts',(-14.7,1.02640211629792,52.2062021763216));
#8839=CARTESIAN_POINT('Ctrl Pts',(-14.7,1.0482866735214,52.194756970324));
#8840=CARTESIAN_POINT('Ctrl Pts',(-14.7,1.06999750321662,52.1829706007846));
#8841=CARTESIAN_POINT('Ctrl Pts',(-14.7,1.0915246196636,52.1708421981985));
#8842=CARTESIAN_POINT('Ctrl Pts',(-14.7,1.10894439837794,52.1610278744953));
#8843=CARTESIAN_POINT('Ctrl Pts',(-14.7,1.12624387509186,52.1509895797597));
#8844=CARTESIAN_POINT('Ctrl Pts',(-14.7,1.14341760428326,52.1407267237258));
#8845=CARTESIAN_POINT('Ctrl Pts',(-14.7,1.15555125027708,52.1334757731248));
#8846=CARTESIAN_POINT('Ctrl Pts',(-14.7,1.16761480798279,52.1261170574041));
#8847=CARTESIAN_POINT('Ctrl Pts',(-14.7,1.17960206656087,52.1186536432945));
#8848=CARTESIAN_POINT('Ctrl Pts',(-14.7,1.25088875147345,52.0742696795601));
#8849=CARTESIAN_POINT('Ctrl Pts',(-14.7,1.3195320132953,52.0261551147294));
#8850=CARTESIAN_POINT('Ctrl Pts',(-14.7,1.38519244182554,51.9743436424765));
#8851=CARTESIAN_POINT('Ctrl Pts',(-14.7,1.39734861400931,51.9647514239684));
#8852=CARTESIAN_POINT('Ctrl Pts',(-14.7,1.40940246388479,51.9550323745659));
#8853=CARTESIAN_POINT('Ctrl Pts',(-14.7,1.42135171570251,51.9451865510944));
#8854=CARTESIAN_POINT('Ctrl Pts',(-14.7,1.48637215601602,51.8916116673162));
#8855=CARTESIAN_POINT('Ctrl Pts',(-14.7,1.5482988308616,51.8342859428167));
#8856=CARTESIAN_POINT('Ctrl Pts',(-14.7,1.60700187273728,51.7735803517576));
#8857=CARTESIAN_POINT('Ctrl Pts',(-14.7,1.66703046040209,51.7115039962878));
#8858=CARTESIAN_POINT('Ctrl Pts',(-14.7,1.72368874151046,51.6458924899876));
#8859=CARTESIAN_POINT('Ctrl Pts',(-14.7,1.77679098626337,51.5771144688584));
#8860=CARTESIAN_POINT('Ctrl Pts',(-14.7,1.78868633651242,51.5617076126215));
#8861=CARTESIAN_POINT('Ctrl Pts',(-14.7,1.8004030440512,51.5461417845038));
#8862=CARTESIAN_POINT('Ctrl Pts',(-14.7,1.81193866388573,51.5304210159957));
#8863=CARTESIAN_POINT('Ctrl Pts',(-14.7,1.82142319651339,51.5174954737201));
#8864=CARTESIAN_POINT('Ctrl Pts',(-14.7,1.83078665088798,51.5044631010259));
#8865=CARTESIAN_POINT('Ctrl Pts',(-14.7,1.84001442945222,51.49134539849));
#8866=CARTESIAN_POINT('Ctrl Pts',(-14.7,1.88862476610908,51.4222436171677));
#8867=CARTESIAN_POINT('Ctrl Pts',(-14.7,1.9335559876731,51.350666893746));
#8868=CARTESIAN_POINT('Ctrl Pts',(-14.7,1.97469519886896,51.276991580536));
#8869=CARTESIAN_POINT('Ctrl Pts',(-14.7,2.01597887634532,51.2030575458252));
#8870=CARTESIAN_POINT('Ctrl Pts',(-14.7,2.05344422603253,51.1270091708173));
#8871=CARTESIAN_POINT('Ctrl Pts',(-14.7,2.08693040230053,51.0492032045968));
#8872=CARTESIAN_POINT('Ctrl Pts',(-14.7,2.11995289402151,50.9724746209927));
#8873=CARTESIAN_POINT('Ctrl Pts',(-14.7,2.14910586504001,50.894035831405));
#8874=CARTESIAN_POINT('Ctrl Pts',(-14.7,2.1741855904157,50.8142205521284));
#8875=CARTESIAN_POINT('Ctrl Pts',(-14.7,2.18341845634554,50.784837304837));
#8876=CARTESIAN_POINT('Ctrl Pts',(-14.7,2.19209878096974,50.7552674929062));
#8877=CARTESIAN_POINT('Ctrl Pts',(-14.7,2.20021458536294,50.7255278607531));
#8878=CARTESIAN_POINT('Ctrl Pts',(-14.7,2.20381365420594,50.7123393980575));
#8879=CARTESIAN_POINT('Ctrl Pts',(-14.7,2.20730225353755,50.6991153201598));
#8880=CARTESIAN_POINT('Ctrl Pts',(-14.7,2.21067746562529,50.6858642328486));
#8881=CARTESIAN_POINT('Ctrl Pts',(-14.7,2.23116566929708,50.6054275169776));
#8882=CARTESIAN_POINT('Ctrl Pts',(-14.7,2.24741981080126,50.5242387316903));
#8883=CARTESIAN_POINT('Ctrl Pts',(-14.7,2.25929884713644,50.4426350746569));
#8884=CARTESIAN_POINT('Ctrl Pts',(-14.7,2.27100154386677,50.3622427916972));
#8885=CARTESIAN_POINT('Ctrl Pts',(-14.7,2.27845822288962,50.2814469674649));
#8886=CARTESIAN_POINT('Ctrl Pts',(-14.7,2.28148420819994,50.20056644359));
#8887=CARTESIAN_POINT('Ctrl Pts',(-14.7,2.28441078658532,50.1223429333293));
#8888=CARTESIAN_POINT('Ctrl Pts',(-14.7,2.28319298336487,50.0440394869542));
#8889=CARTESIAN_POINT('Ctrl Pts',(-14.7,2.27761597552118,49.9659527815461));
#8890=CARTESIAN_POINT('Ctrl Pts',(-14.7,2.2752653437228,49.9330403134436));
#8891=CARTESIAN_POINT('Ctrl Pts',(-14.7,2.27213970301008,49.9001665120469));
#8892=CARTESIAN_POINT('Ctrl Pts',(-14.7,2.26822030202185,49.8673545022881));
#8893=CARTESIAN_POINT('Ctrl Pts',(-14.7,2.26588668528088,49.8478181865327));
#8894=CARTESIAN_POINT('Ctrl Pts',(-14.7,2.26327164176344,49.8283037885483));
#8895=CARTESIAN_POINT('Ctrl Pts',(-14.7,2.26037776413979,49.8088158809321));
#8896=CARTESIAN_POINT('Ctrl Pts',(-20.7443826785197,0.481668359860289,52.4997491460872));
#8897=CARTESIAN_POINT('Ctrl Pts',(-20.7414135590683,0.389166513794742,52.5183239061315));
#8898=CARTESIAN_POINT('Ctrl Pts',(-20.7136894804463,-0.483920493051455,
52.64123676007));
#8899=CARTESIAN_POINT('Ctrl Pts',(-20.6859654018243,-1.40026946660614,52.2635461053059));
#8900=CARTESIAN_POINT('Ctrl Pts',(-20.6612104426537,-1.92129034220333,51.6722607876392));
#8901=CARTESIAN_POINT('Origin',(-22.1041828560753,4.06047251736905E-15,
50.0000008493662));
#8902=CARTESIAN_POINT('Ctrl Pts',(1.99387302669591,20.6539819490919,51.073197604819));
#8903=CARTESIAN_POINT('Ctrl Pts',(1.63687497463418,20.6275105661087,51.736457890477));
#8904=CARTESIAN_POINT('Ctrl Pts',(0.214680731261053,20.5745678001424,52.6670329065311));
#8905=CARTESIAN_POINT('Ctrl Pts',(-2.12932065253962,20.4951536511928,51.6246758413073));
#8906=CARTESIAN_POINT('Ctrl Pts',(-2.51729259407977,20.4157395022433,49.0918226334341));
#8907=CARTESIAN_POINT('Ctrl Pts',(-0.602340177084071,20.3363253532937,47.3920137942007));
#8908=CARTESIAN_POINT('Ctrl Pts',(1.86571643242212,20.2569112043442,48.0803648487532));
#8909=CARTESIAN_POINT('Ctrl Pts',(2.6241769917275,20.1774970553946,50.5273026070098));
#8910=CARTESIAN_POINT('Ctrl Pts',(0.979395995469528,20.0980829064451,52.4911056493335));
#8911=CARTESIAN_POINT('Ctrl Pts',(-1.56263703214627,20.0186687574955,52.1732760426907));
#8912=CARTESIAN_POINT('Ctrl Pts',(-2.67329126268535,19.939254608546,49.864808881012));
#8913=CARTESIAN_POINT('Ctrl Pts',(-1.33540757893428,19.8598404595964,47.6801901639692));
#8914=CARTESIAN_POINT('Ctrl Pts',(1.22565757984218,19.7804263106469,47.6203770646198));
#8915=CARTESIAN_POINT('Ctrl Pts',(2.66407763189322,19.7010121616973,49.7401704223783));
#8916=CARTESIAN_POINT('Ctrl Pts',(1.6623587028679,19.6215980127478,52.0979511874253));
#8917=CARTESIAN_POINT('Ctrl Pts',(-0.861990144273427,19.5421838637983,52.5341290029159));
#8918=CARTESIAN_POINT('Ctrl Pts',(-2.59680306414346,19.4627697148487,50.6491875741685));
#8919=CARTESIAN_POINT('Ctrl Pts',(-1.95309150135286,19.3833555658992,48.1696280312682));
#8920=CARTESIAN_POINT('Ctrl Pts',(0.479542199445365,19.3039414169496,47.3665866637809));
#8921=CARTESIAN_POINT('Ctrl Pts',(2.47294207221973,19.2245272680001,48.9756043662762));
#8922=CARTESIAN_POINT('Ctrl Pts',(2.20126647474691,19.1451131190505,51.5229114714817));
#8923=CARTESIAN_POINT('Ctrl Pts',(-0.086645208016232,19.065698970101,52.6753182955867));
#8924=CARTESIAN_POINT('Ctrl Pts',(-2.29519473752096,18.9862848211514,51.3772851002104));
#8925=CARTESIAN_POINT('Ctrl Pts',(-2.40147525049821,18.9068706722019,48.8177371562005));
#8926=CARTESIAN_POINT('Ctrl Pts',(-0.308139767058591,18.8274565232523,47.3410761235574));
#8927=CARTESIAN_POINT('Ctrl Pts',(2.06743437387297,18.7480423743028,48.2998402925294));
#8928=CARTESIAN_POINT('Ctrl Pts',(2.54935514416601,18.6686282253533,50.81585571509));
#8929=CARTESIAN_POINT('Ctrl Pts',(0.696210275235046,18.5892140764037,52.5845940600518));
#8930=CARTESIAN_POINT('Ctrl Pts',(-1.79462396914344,18.5097999274542,51.9859906834308));
#8931=CARTESIAN_POINT('Ctrl Pts',(-2.64168379740297,18.4303857785046,49.5683325430818));
#8932=CARTESIAN_POINT('Ctrl Pts',(-1.06911014417215,18.3509716295551,47.5460582437645));
#8933=CARTESIAN_POINT('Ctrl Pts',(1.48270814935828,18.2715574806055,47.7714570746678));
#8934=CARTESIAN_POINT('Ctrl Pts',(2.67644933890168,18.192143331656,50.0380764094213));
#8935=CARTESIAN_POINT('Ctrl Pts',(1.41871377031565,18.1127291827064,52.26982067699));
#8936=CARTESIAN_POINT('Ctrl Pts',(-1.13848365759866,18.0333150337569,52.4225379024029));
#8937=CARTESIAN_POINT('Ctrl Pts',(-2.65289421653663,17.9539008848073,50.3563477138517));
#8938=CARTESIAN_POINT('Ctrl Pts',(-1.73740318195098,17.8744867358578,47.9637638800266));
#8939=CARTESIAN_POINT('Ctrl Pts',(0.769451252688127,17.7950725869082,47.4362583541659));
#8940=CARTESIAN_POINT('Ctrl Pts',(2.57153170373291,17.7156584379587,49.2569964693951));
#8941=CARTESIAN_POINT('Ctrl Pts',(2.01823403764699,17.6362442890092,51.7582847232734));
#8942=CARTESIAN_POINT('Ctrl Pts',(-0.383652265561488,17.5568301400596,52.6490840400359));
#8943=CARTESIAN_POINT('Ctrl Pts',(-2.43413471495832,17.4774159911101,51.1134724481932));
#8944=CARTESIAN_POINT('Ctrl Pts',(-2.25508694567714,17.3980018421605,48.5579836236039));
#8945=CARTESIAN_POINT('Ctrl Pts',(-0.010506623807673,17.318587693211,47.3233013102294));
#8946=CARTESIAN_POINT('Ctrl Pts',(2.24369717335014,17.2391735442614,48.5403249242846));
#8947=CARTESIAN_POINT('Ctrl Pts',(2.44280080747677,17.1597593953119,51.0943294229424));
#8948=CARTESIAN_POINT('Ctrl Pts',(0.404436570576506,17.0803452463623,52.6459906211412));
#8949=CARTESIAN_POINT('Ctrl Pts',(-2.00436877219847,17.0009310974128,51.7740743081091));
#8950=CARTESIAN_POINT('Ctrl Pts',(-2.57728527958354,16.9215169484632,49.2772066880989));
#8951=CARTESIAN_POINT('Ctrl Pts',(-0.789553718642163,16.8421027995137,47.4423777853988));
#8952=CARTESIAN_POINT('Ctrl Pts',(1.72136455185432,16.7626886505641,47.9501874696335));
#8953=CARTESIAN_POINT('Ctrl Pts',(2.6556099034622,16.6832745016146,50.3355106886639));
#8954=CARTESIAN_POINT('Ctrl Pts',(1.1574662456007,16.603860352665,52.4135258031132));
#8955=CARTESIAN_POINT('Ctrl Pts',(-1.40085126250298,16.5244462037155,52.2808880787913));
#8956=CARTESIAN_POINT('Ctrl Pts',(-2.67606796086,16.445032054766,50.0590861957168));
#8957=CARTESIAN_POINT('Ctrl Pts',(-1.50015722365829,16.3656179058164,47.783165465792));
#8958=CARTESIAN_POINT('Ctrl Pts',(1.04981298972699,16.2862037568669,47.5377410122382));
#8959=CARTESIAN_POINT('Ctrl Pts',(2.63821366181526,16.2067896079173,49.5476078063399));
#8960=CARTESIAN_POINT('Ctrl Pts',(1.81015931476298,16.1273754589678,51.9718411282177));
#8961=CARTESIAN_POINT('Ctrl Pts',(-0.675898976578548,16.0479613100182,52.5899798896785));
#8962=CARTESIAN_POINT('Ctrl Pts',(-2.54287184379721,15.9685471610687,50.8358437970214));
#8963=CARTESIAN_POINT('Ctrl Pts',(-2.080717515395,15.8891330121191,48.3161227020471));
#8964=CARTESIAN_POINT('Ctrl Pts',(0.287257001836266,15.8097188631696,47.3387390282022));
#8965=CARTESIAN_POINT('Ctrl Pts',(2.39211988433581,15.73030471422,48.7989213280314));
#8966=CARTESIAN_POINT('Ctrl Pts',(2.30593657527752,15.6508905652705,51.3592245315594));
#8967=CARTESIAN_POINT('Ctrl Pts',(0.107643717856426,15.5714764163209,52.6745559353513));
#8968=CARTESIAN_POINT('Ctrl Pts',(-2.18924155542486,15.4920622673714,51.5401446386091));
#8969=CARTESIAN_POINT('Ctrl Pts',(-2.48091119345256,15.4126481184218,48.9950503480192));
#8970=CARTESIAN_POINT('Ctrl Pts',(-0.500193642976657,15.3332339694723,47.370430287947));
#8971=CARTESIAN_POINT('Ctrl Pts',(1.93864868754258,15.2538198205227,48.1543561626113));
#8972=CARTESIAN_POINT('Ctrl Pts',(2.60184630702983,15.1744056715732,50.6287737453709));
#8973=CARTESIAN_POINT('Ctrl Pts',(0.881804035137086,15.0949915226236,52.5273000568162));
#8974=CARTESIAN_POINT('Ctrl Pts',(-1.64573270700367,15.0155773736742,52.1109048937568));
#8975=CARTESIAN_POINT('Ctrl Pts',(-2.66624319618836,14.9361632247246,49.7611548742294));
#8976=CARTESIAN_POINT('Ctrl Pts',(-1.24388967544249,14.8567490757751,47.6299483933713));
#8977=CARTESIAN_POINT('Ctrl Pts',(1.31634211332509,14.7773349268255,47.6700237857903));
#8978=CARTESIAN_POINT('Ctrl Pts',(2.67376698791579,14.6979207778759,49.8433312444575));
#8979=CARTESIAN_POINT('Ctrl Pts',(1.57630127424601,14.6185066289264,52.162042038412));
#8980=CARTESIAN_POINT('Ctrl Pts',(-0.108750707299328,14.56556386296,52.3838666219861));
#8981=CARTESIAN_POINT('Ctrl Pts',(-0.811900516779863,14.5390924799768,52.1137885570967));
#8982=CARTESIAN_POINT('Ctrl Pts',(2.07567610668798,20.7076177890996,51.1172278910299));
#8983=CARTESIAN_POINT('Ctrl Pts',(1.70403141473554,20.6811464061164,51.8076999065607));
#8984=CARTESIAN_POINT('Ctrl Pts',(0.223488486216846,20.6282036401501,52.7764538344401));
#8985=CARTESIAN_POINT('Ctrl Pts',(-2.21668077293661,20.5487894912005,51.6913317499571));
#8986=CARTESIAN_POINT('Ctrl Pts',(-2.62057012714224,20.469375342251,49.0545626001972));
#8987=CARTESIAN_POINT('Ctrl Pts',(-0.627052523872821,20.3899611933014,47.285015318954));
#8988=CARTESIAN_POINT('Ctrl Pts',(1.94226160281186,20.3105470443519,48.0016075080342));
#8989=CARTESIAN_POINT('Ctrl Pts',(2.73183969516622,20.2311328954023,50.5489363355787));
#8990=CARTESIAN_POINT('Ctrl Pts',(1.01957789666816,20.1517187464528,52.5933087698391));
#8991=CARTESIAN_POINT('Ctrl Pts',(-1.62674769537695,20.0723045975032,52.2624394959819));
#8992=CARTESIAN_POINT('Ctrl Pts',(-2.78296898843599,19.9928904485537,49.8592623295248));
#8993=CARTESIAN_POINT('Ctrl Pts',(-1.39019564795321,19.9134762996042,47.5850147658756));
#8994=CARTESIAN_POINT('Ctrl Pts',(1.27594291080575,19.8340621506546,47.52274770096));
#8995=CARTESIAN_POINT('Ctrl Pts',(2.77337734792778,19.7546480017051,49.729510300636));
#8996=CARTESIAN_POINT('Ctrl Pts',(1.73056066965591,19.6752338527555,52.1840242708293));
#8997=CARTESIAN_POINT('Ctrl Pts',(-0.897355209039478,19.595819703806,52.6380972522875));
#8998=CARTESIAN_POINT('Ctrl Pts',(-2.70334269125893,19.5164055548565,50.6758219048746));
#8999=CARTESIAN_POINT('Ctrl Pts',(-2.03322142847353,19.4369914059069,48.0945329113435));
#9000=CARTESIAN_POINT('Ctrl Pts',(0.499216485809434,19.3575772569574,47.2585449838989));
#9001=CARTESIAN_POINT('Ctrl Pts',(2.57440002638283,19.2781631080078,48.9335762198858));
#9002=CARTESIAN_POINT('Ctrl Pts',(2.29157833267699,19.1987489590582,51.5853922702957));
#9003=CARTESIAN_POINT('Ctrl Pts',(-0.0902000205782083,19.1193348101087,
52.7850791500279));
#9004=CARTESIAN_POINT('Ctrl Pts',(-2.38936021154913,19.0399206611592,51.4337912529268));
#9005=CARTESIAN_POINT('Ctrl Pts',(-2.50000111918957,18.9605065122096,48.7692321560481));
#9006=CARTESIAN_POINT('Ctrl Pts',(-0.320781887031097,18.8810923632601,47.2319878169671));
#9007=CARTESIAN_POINT('Ctrl Pts',(2.15225547190675,18.8016782143105,48.2300874205219));
#9008=CARTESIAN_POINT('Ctrl Pts',(2.65394811472843,18.722264065361,50.84932797734));
#9009=CARTESIAN_POINT('Ctrl Pts',(0.724773851788731,18.6428499164114,52.6906327507456));
#9010=CARTESIAN_POINT('Ctrl Pts',(-1.86825241295002,18.5634357674619,52.0674703378944));
#9011=CARTESIAN_POINT('Ctrl Pts',(-2.75006475652092,18.4840216185123,49.5506223897691));
#9012=CARTESIAN_POINT('Ctrl Pts',(-1.11297276805697,18.4046074695628,47.4453797850189));
#9013=CARTESIAN_POINT('Ctrl Pts',(1.54353955222241,18.3251933206132,47.6800261047783));
#9014=CARTESIAN_POINT('Ctrl Pts',(2.7862566317601,18.2457791716637,50.0396385440423));
#9015=CARTESIAN_POINT('Ctrl Pts',(1.47691966130526,18.1663650227141,52.3629450888461));
#9016=CARTESIAN_POINT('Ctrl Pts',(-1.18519248432196,18.0869508737646,52.5219278784344));
#9017=CARTESIAN_POINT('Ctrl Pts',(-2.76173510805793,18.007536724815,50.3709676373224));
#9018=CARTESIAN_POINT('Ctrl Pts',(-1.80868401556913,17.9281225758655,47.8802227249703));
#9019=CARTESIAN_POINT('Ctrl Pts',(0.801019703402341,17.848708426916,47.331075110496));
#9020=CARTESIAN_POINT('Ctrl Pts',(2.67703451702449,17.7692942779664,49.2265130605143));
#9021=CARTESIAN_POINT('Ctrl Pts',(2.10103658234963,17.6898801290168,51.8304222337669));
#9022=CARTESIAN_POINT('Ctrl Pts',(-0.399392453902806,17.6104659800673,52.7577685757363));
#9023=CARTESIAN_POINT('Ctrl Pts',(-2.53400051089076,17.5310518311178,51.1591550995197));
#9024=CARTESIAN_POINT('Ctrl Pts',(-2.34760690825069,17.4516376821682,48.4988216564728));
#9025=CARTESIAN_POINT('Ctrl Pts',(-0.0109376814408704,17.3722235332187,
47.2134837523492));
#9026=CARTESIAN_POINT('Ctrl Pts',(2.33574984515628,17.2928093842692,48.4804384696994));
#9027=CARTESIAN_POINT('Ctrl Pts',(2.54302214914859,17.2133952353196,51.1392266890388));
#9028=CARTESIAN_POINT('Ctrl Pts',(0.421029481304333,17.1339810863701,52.7545482424444));
#9029=CARTESIAN_POINT('Ctrl Pts',(-2.08660246351706,17.0545669374205,51.8468596214738));
#9030=CARTESIAN_POINT('Ctrl Pts',(-2.6830241461339,16.975152788471,49.2475524484355));
#9031=CARTESIAN_POINT('Ctrl Pts',(-0.821946917777391,16.8957386395214,47.3374456050192));
#9032=CARTESIAN_POINT('Ctrl Pts',(1.79198736496504,16.8163244905719,47.866089312115));
#9033=CARTESIAN_POINT('Ctrl Pts',(2.76456221208571,16.7369103416223,50.3492757267855));
#9034=CARTESIAN_POINT('Ctrl Pts',(1.20495387525879,16.6574961926727,52.5125460377074));
#9035=CARTESIAN_POINT('Ctrl Pts',(-1.45832430434126,16.5780820437232,52.3744665554462));
#9036=CARTESIAN_POINT('Ctrl Pts',(-2.78585960683517,16.4986678947737,50.0615103035959));
#9037=CARTESIAN_POINT('Ctrl Pts',(-1.56170451364343,16.4192537458241,47.6922148587153));
#9038=CARTESIAN_POINT('Ctrl Pts',(1.09288390488835,16.3398395968746,47.4367213205522));
#9039=CARTESIAN_POINT('Ctrl Pts',(2.74645225089497,16.260425447925,49.5290473745617));
#9040=CARTESIAN_POINT('Ctrl Pts',(1.88442513071081,16.1810112989755,52.0527402656768));
#9041=CARTESIAN_POINT('Ctrl Pts',(-0.703629236884659,16.1015971500259,52.6962395460235));
#9042=CARTESIAN_POINT('Ctrl Pts',(-2.64719882252787,16.0221830010764,50.8701361148332));
#9043=CARTESIAN_POINT('Ctrl Pts',(-2.16608358388273,15.9427688521269,48.2470378521405));
#9044=CARTESIAN_POINT('Ctrl Pts',(0.299042359873047,15.8633547031773,47.2295548370718));
#9045=CARTESIAN_POINT('Ctrl Pts',(2.49026192830198,15.7839405542278,48.7496443666377));
#9046=CARTESIAN_POINT('Ctrl Pts',(2.40054275711482,15.7045264052782,51.4149897092376));
#9047=CARTESIAN_POINT('Ctrl Pts',(0.112060041034762,15.6251122563287,52.7842855122665));
#9048=CARTESIAN_POINT('Ctrl Pts',(-2.27906006426801,15.5456981073791,51.6033324664717));
#9049=CARTESIAN_POINT('Ctrl Pts',(-2.58269609855634,15.4662839584296,48.9538200163236));
#9050=CARTESIAN_POINT('Ctrl Pts',(-0.520715200789068,15.38686980948,47.2625463013037));
#9051=CARTESIAN_POINT('Ctrl Pts',(2.01818606607183,15.3074556605305,48.0786344802743));
#9052=CARTESIAN_POINT('Ctrl Pts',(2.70859284441278,15.2280415115809,50.6545705533021));
#9053=CARTESIAN_POINT('Ctrl Pts',(0.917982008888598,15.1486273626314,52.6309881334705));
#9054=CARTESIAN_POINT('Ctrl Pts',(-1.71325255529595,15.0692132136818,52.1975094318026));
#9055=CARTESIAN_POINT('Ctrl Pts',(-2.77563175931945,14.9897990647323,49.7513556863431));
#9056=CARTESIAN_POINT('Ctrl Pts',(-1.29492301871919,14.9103849157828,47.5327117147828));
#9057=CARTESIAN_POINT('Ctrl Pts',(1.37034797917087,14.8309707668332,47.5744312893979));
#9058=CARTESIAN_POINT('Ctrl Pts',(2.78346423135315,14.7515566178837,49.8369035251138));
#9059=CARTESIAN_POINT('Ctrl Pts',(1.6409725434303,14.6721424689341,52.2507445916667));
#9060=CARTESIAN_POINT('Ctrl Pts',(-0.113212447184112,14.6191997029677,52.4816700226425));
#9061=CARTESIAN_POINT('Ctrl Pts',(-0.845210543060628,14.5927283199846,52.200511403851));
#9062=CARTESIAN_POINT('Ctrl Pts',(2.15747918668005,20.7612536291073,51.1612581772408));
#9063=CARTESIAN_POINT('Ctrl Pts',(1.7711878548369,20.7347822461242,51.8789419226445));
#9064=CARTESIAN_POINT('Ctrl Pts',(0.23229624117264,20.6818394801578,52.885874762349));
#9065=CARTESIAN_POINT('Ctrl Pts',(-2.3040408933336,20.6024253312083,51.757987658607));
#9066=CARTESIAN_POINT('Ctrl Pts',(-2.72384766020472,20.5230111822587,49.0173025669602));
#9067=CARTESIAN_POINT('Ctrl Pts',(-0.651764870661573,20.4435970333091,47.1780168437073));
#9068=CARTESIAN_POINT('Ctrl Pts',(2.0188067732016,20.3641828843596,47.9228501673152));
#9069=CARTESIAN_POINT('Ctrl Pts',(2.83950239860495,20.2847687354101,50.5705700641477));
#9070=CARTESIAN_POINT('Ctrl Pts',(1.05975979786679,20.2053545864605,52.6955118903448));
#9071=CARTESIAN_POINT('Ctrl Pts',(-1.69085835860762,20.125940437511,52.3516029492731));
#9072=CARTESIAN_POINT('Ctrl Pts',(-2.89264671418663,20.0465262885614,49.8537157780376));
#9073=CARTESIAN_POINT('Ctrl Pts',(-1.44498371697213,19.9671121396119,47.4898393677819));
#9074=CARTESIAN_POINT('Ctrl Pts',(1.32622824176931,19.8876979906624,47.4251183373003));
#9075=CARTESIAN_POINT('Ctrl Pts',(2.88267706396236,19.8082838417128,49.7188501788936));
#9076=CARTESIAN_POINT('Ctrl Pts',(1.79876263644391,19.7288696927633,52.2700973542332));
#9077=CARTESIAN_POINT('Ctrl Pts',(-0.932720273805524,19.6494555438137,52.7420655016591));
#9078=CARTESIAN_POINT('Ctrl Pts',(-2.80988231837441,19.5700413948642,50.7024562355806));
#9079=CARTESIAN_POINT('Ctrl Pts',(-2.1133513555942,19.4906272459146,48.0194377914189));
#9080=CARTESIAN_POINT('Ctrl Pts',(0.518890772173499,19.4112130969651,47.1505033040169));
#9081=CARTESIAN_POINT('Ctrl Pts',(2.67585798054593,19.3317989480155,48.8915480734954));
#9082=CARTESIAN_POINT('Ctrl Pts',(2.38189019060707,19.252384799066,51.6478730691097));
#9083=CARTESIAN_POINT('Ctrl Pts',(-0.0937548331401821,19.1729706501164,
52.8948400044691));
#9084=CARTESIAN_POINT('Ctrl Pts',(-2.48352568557731,19.0935565011669,51.4902974056432));
#9085=CARTESIAN_POINT('Ctrl Pts',(-2.59852698788093,19.0141423522173,48.7207271558958));
#9086=CARTESIAN_POINT('Ctrl Pts',(-0.333424007003603,18.9347282032678,47.1228995103768));
#9087=CARTESIAN_POINT('Ctrl Pts',(2.23707656994054,18.8553140543182,48.1603345485145));
#9088=CARTESIAN_POINT('Ctrl Pts',(2.75854108529085,18.7758999053687,50.88280023959));
#9089=CARTESIAN_POINT('Ctrl Pts',(0.753337428342413,18.6964857564192,52.7966714414395));
#9090=CARTESIAN_POINT('Ctrl Pts',(-1.9418808567566,18.6170716074696,52.1489499923579));
#9091=CARTESIAN_POINT('Ctrl Pts',(-2.85844571563888,18.53765745852,49.5329122364563));
#9092=CARTESIAN_POINT('Ctrl Pts',(-1.15683539194179,18.4582433095705,47.3447013262733));
#9093=CARTESIAN_POINT('Ctrl Pts',(1.60437095508654,18.378829160621,47.5885951348887));
#9094=CARTESIAN_POINT('Ctrl Pts',(2.89606392461852,18.2994150116714,50.0412006786633));
#9095=CARTESIAN_POINT('Ctrl Pts',(1.53512555229487,18.2200008627219,52.4560695007022));
#9096=CARTESIAN_POINT('Ctrl Pts',(-1.23190131104527,18.1405867137723,52.621317854466));
#9097=CARTESIAN_POINT('Ctrl Pts',(-2.87057599957923,18.0611725648228,50.385587560793));
#9098=CARTESIAN_POINT('Ctrl Pts',(-1.87996484918727,17.9817584158732,47.7966815699141));
#9099=CARTESIAN_POINT('Ctrl Pts',(0.832588154116551,17.9023442669237,47.225891866826));
#9100=CARTESIAN_POINT('Ctrl Pts',(2.78253733031608,17.8229301179741,49.1960296516335));
#9101=CARTESIAN_POINT('Ctrl Pts',(2.18383912705226,17.7435159690246,51.9025597442604));
#9102=CARTESIAN_POINT('Ctrl Pts',(-0.415132642244123,17.6641018200751,52.8664531114367));
#9103=CARTESIAN_POINT('Ctrl Pts',(-2.6338663068232,17.5846876711255,51.2048377508461));
#9104=CARTESIAN_POINT('Ctrl Pts',(-2.44012687082423,17.505273522176,48.4396596893416));
#9105=CARTESIAN_POINT('Ctrl Pts',(-0.0113687390740687,17.4258593732264,
47.1036661944692));
#9106=CARTESIAN_POINT('Ctrl Pts',(2.42780251696241,17.3464452242769,48.4205520151141));
#9107=CARTESIAN_POINT('Ctrl Pts',(2.64324349082041,17.2670310753273,51.1841239551351));
#9108=CARTESIAN_POINT('Ctrl Pts',(0.437622392032162,17.1876169263778,52.8631058637476));
#9109=CARTESIAN_POINT('Ctrl Pts',(-2.16883615483564,17.1082027774282,51.9196449348384));
#9110=CARTESIAN_POINT('Ctrl Pts',(-2.78876301268426,17.0287886284787,49.2178982087722));
#9111=CARTESIAN_POINT('Ctrl Pts',(-0.854340116912621,16.9493744795291,47.2325134246396));
#9112=CARTESIAN_POINT('Ctrl Pts',(1.86261017807576,16.8699603305796,47.7819911545964));
#9113=CARTESIAN_POINT('Ctrl Pts',(2.87351452070922,16.79054618163,50.3630407649072));
#9114=CARTESIAN_POINT('Ctrl Pts',(1.25244150491688,16.7111320326805,52.6115662723014));
#9115=CARTESIAN_POINT('Ctrl Pts',(-1.51579734617955,16.6317178837309,52.4680450321012));
#9116=CARTESIAN_POINT('Ctrl Pts',(-2.89565125281035,16.5523037347814,50.0639344114749));
#9117=CARTESIAN_POINT('Ctrl Pts',(-1.62325180362858,16.4728895858319,47.6012642516386));
#9118=CARTESIAN_POINT('Ctrl Pts',(1.13595482004972,16.3934754368823,47.3357016288662));
#9119=CARTESIAN_POINT('Ctrl Pts',(2.85469083997468,16.3140612879328,49.5104869427834));
#9120=CARTESIAN_POINT('Ctrl Pts',(1.95869094665864,16.2346471389832,52.1336394031358));
#9121=CARTESIAN_POINT('Ctrl Pts',(-0.731359497190773,16.1552329900337,52.8024992023686));
#9122=CARTESIAN_POINT('Ctrl Pts',(-2.75152580125852,16.0758188410841,50.904428432645));
#9123=CARTESIAN_POINT('Ctrl Pts',(-2.25144965237046,15.9964046921346,48.1779530022339));
#9124=CARTESIAN_POINT('Ctrl Pts',(0.310827717909829,15.916990543185,47.1203706459414));
#9125=CARTESIAN_POINT('Ctrl Pts',(2.58840397226815,15.8375763942355,48.7003674052438));
#9126=CARTESIAN_POINT('Ctrl Pts',(2.49514893895211,15.7581622452859,51.4707548869159));
#9127=CARTESIAN_POINT('Ctrl Pts',(0.116476364213094,15.6787480963364,52.8940150891817));
#9128=CARTESIAN_POINT('Ctrl Pts',(-2.36887857311114,15.5993339473868,51.6665202943343));
#9129=CARTESIAN_POINT('Ctrl Pts',(-2.68448100366012,15.5199197984373,48.9125896846279));
#9130=CARTESIAN_POINT('Ctrl Pts',(-0.541236758601476,15.4405056494877,47.1546623146603));
#9131=CARTESIAN_POINT('Ctrl Pts',(2.09772344460108,15.3610915005382,48.0029127979374));
#9132=CARTESIAN_POINT('Ctrl Pts',(2.81533938179572,15.2816773515886,50.6803673612332));
#9133=CARTESIAN_POINT('Ctrl Pts',(0.954159982640108,15.2022632026391,52.7346762101248));
#9134=CARTESIAN_POINT('Ctrl Pts',(-1.78077240358824,15.1228490536896,52.2841139698483));
#9135=CARTESIAN_POINT('Ctrl Pts',(-2.88502032245055,15.04343490474,49.7415564984569));
#9136=CARTESIAN_POINT('Ctrl Pts',(-1.34595636199589,14.9640207557905,47.4354750361942));
#9137=CARTESIAN_POINT('Ctrl Pts',(1.42435384501665,14.8846066068409,47.4788387930055));
#9138=CARTESIAN_POINT('Ctrl Pts',(2.89316147479051,14.8051924578914,49.83047580577));
#9139=CARTESIAN_POINT('Ctrl Pts',(1.70564381261459,14.7257783089418,52.3394471449214));
#9140=CARTESIAN_POINT('Ctrl Pts',(-0.117674187068894,14.6728355429755,52.579473423299));
#9141=CARTESIAN_POINT('Ctrl Pts',(-0.878520569341393,14.6463641599923,52.2872342506054));
#9142=CARTESIAN_POINT('Ctrl Pts',(2.23928226667213,20.8148894691151,51.2052884634516));
#9143=CARTESIAN_POINT('Ctrl Pts',(1.83834429493826,20.7884180861319,51.9501839387282));
#9144=CARTESIAN_POINT('Ctrl Pts',(0.241103996128435,20.7354753201655,52.9952956902579));
#9145=CARTESIAN_POINT('Ctrl Pts',(-2.3914010137306,20.6560611712159,51.8246435672568));
#9146=CARTESIAN_POINT('Ctrl Pts',(-2.82712519326718,20.5766470222665,48.9800425337233));
#9147=CARTESIAN_POINT('Ctrl Pts',(-0.676477217450329,20.4972328733168,47.0710183684606));
#9148=CARTESIAN_POINT('Ctrl Pts',(2.09535194359135,20.4178187243674,47.8440928265963));
#9149=CARTESIAN_POINT('Ctrl Pts',(2.94716510204368,20.3384045754178,50.5922037927167));
#9150=CARTESIAN_POINT('Ctrl Pts',(1.09994169906542,20.2589904264683,52.7977150108504));
#9151=CARTESIAN_POINT('Ctrl Pts',(-1.7549690218383,20.1795762775187,52.4407664025642));
#9152=CARTESIAN_POINT('Ctrl Pts',(-3.00232443993728,20.1001621285692,49.8481692265504));
#9153=CARTESIAN_POINT('Ctrl Pts',(-1.49977178599105,20.0207479796196,47.3946639696883));
#9154=CARTESIAN_POINT('Ctrl Pts',(1.37651357273287,19.9413338306701,47.3274889736405));
#9155=CARTESIAN_POINT('Ctrl Pts',(2.99197677999693,19.8619196817205,49.7081900571514));
#9156=CARTESIAN_POINT('Ctrl Pts',(1.86696460323192,19.782505532771,52.3561704376371));
#9157=CARTESIAN_POINT('Ctrl Pts',(-0.968085338571575,19.7030913838214,52.8460337510308));
#9158=CARTESIAN_POINT('Ctrl Pts',(-2.91642194548989,19.6236772348719,50.7290905662866));
#9159=CARTESIAN_POINT('Ctrl Pts',(-2.19348128271487,19.5442630859223,47.9443426714943));
#9160=CARTESIAN_POINT('Ctrl Pts',(0.538565058537567,19.4648489369728,47.0424616241349));
#9161=CARTESIAN_POINT('Ctrl Pts',(2.77731593470903,19.3854347880232,48.849519927105));
#9162=CARTESIAN_POINT('Ctrl Pts',(2.47220204853716,19.3060206390737,51.7103538679238));
#9163=CARTESIAN_POINT('Ctrl Pts',(-0.0973096457021578,19.2266064901241,
53.0046008589103));
#9164=CARTESIAN_POINT('Ctrl Pts',(-2.57769115960548,19.1471923411746,51.5468035583596));
#9165=CARTESIAN_POINT('Ctrl Pts',(-2.69705285657229,19.067778192225,48.6722221557434));
#9166=CARTESIAN_POINT('Ctrl Pts',(-0.346066126976109,18.9883640432755,47.0138112037865));
#9167=CARTESIAN_POINT('Ctrl Pts',(2.32189766797432,18.9089498943259,48.090581676507));
#9168=CARTESIAN_POINT('Ctrl Pts',(2.86313405585328,18.8295357453764,50.91627250184));
#9169=CARTESIAN_POINT('Ctrl Pts',(0.781901004896098,18.7501215964268,52.9027101321334));
#9170=CARTESIAN_POINT('Ctrl Pts',(-2.01550930056318,18.6707074474773,52.2304296468215));
#9171=CARTESIAN_POINT('Ctrl Pts',(-2.96682667475683,18.5912932985278,49.5152020831435));
#9172=CARTESIAN_POINT('Ctrl Pts',(-1.20069801582661,18.5118791495782,47.2440228675279));
#9173=CARTESIAN_POINT('Ctrl Pts',(1.66520235795066,18.4324650006287,47.4971641649991));
#9174=CARTESIAN_POINT('Ctrl Pts',(3.00587121747694,18.3530508516791,50.0427628132844));
#9175=CARTESIAN_POINT('Ctrl Pts',(1.59333144328448,18.2736367027296,52.5491939125582));
#9176=CARTESIAN_POINT('Ctrl Pts',(-1.27861013776857,18.19422255378,52.7207078304976));
#9177=CARTESIAN_POINT('Ctrl Pts',(-2.97941689110053,18.1148084048305,50.4002074842637));
#9178=CARTESIAN_POINT('Ctrl Pts',(-1.95124568280542,18.035394255881,47.7131404148578));
#9179=CARTESIAN_POINT('Ctrl Pts',(0.864156604830765,17.9559801069314,47.1207086231561));
#9180=CARTESIAN_POINT('Ctrl Pts',(2.88804014360765,17.8765659579819,49.1655462427526));
#9181=CARTESIAN_POINT('Ctrl Pts',(2.26664167175489,17.7971518090323,51.9746972547539));
#9182=CARTESIAN_POINT('Ctrl Pts',(-0.430872830585441,17.7177376600828,52.9751376471371));
#9183=CARTESIAN_POINT('Ctrl Pts',(-2.73373210275565,17.6383235111332,51.2505204021725));
#9184=CARTESIAN_POINT('Ctrl Pts',(-2.53264683339777,17.5589093621837,48.3804977222106));
#9185=CARTESIAN_POINT('Ctrl Pts',(-0.0117997967072681,17.4794952132341,
46.9938486365891));
#9186=CARTESIAN_POINT('Ctrl Pts',(2.51985518876855,17.4000810642846,48.3606655605289));
#9187=CARTESIAN_POINT('Ctrl Pts',(2.74346483249224,17.320666915335,51.2290212212315));
#9188=CARTESIAN_POINT('Ctrl Pts',(0.454215302759991,17.2412527663855,52.9716634850509));
#9189=CARTESIAN_POINT('Ctrl Pts',(-2.25106984615423,17.1618386174359,51.992430248203));
#9190=CARTESIAN_POINT('Ctrl Pts',(-2.89450187923462,17.0824244684864,49.1882439691088));
#9191=CARTESIAN_POINT('Ctrl Pts',(-0.886733316047849,17.0030103195368,47.12758124426));
#9192=CARTESIAN_POINT('Ctrl Pts',(1.93323299118648,16.9235961705873,47.6978929970778));
#9193=CARTESIAN_POINT('Ctrl Pts',(2.98246682933273,16.8441820216378,50.3768058030289));
#9194=CARTESIAN_POINT('Ctrl Pts',(1.29992913457498,16.7647678726882,52.7105865068955));
#9195=CARTESIAN_POINT('Ctrl Pts',(-1.57327038801784,16.6853537237387,52.5616235087561));
#9196=CARTESIAN_POINT('Ctrl Pts',(-3.00544289878553,16.6059395747891,50.066358519354));
#9197=CARTESIAN_POINT('Ctrl Pts',(-1.68479909361371,16.5265254258396,47.5103136445619));
#9198=CARTESIAN_POINT('Ctrl Pts',(1.17902573521108,16.44711127689,47.2346819371802));
#9199=CARTESIAN_POINT('Ctrl Pts',(2.96292942905439,16.3676971279405,49.4919265110051));
#9200=CARTESIAN_POINT('Ctrl Pts',(2.03295676260648,16.2882829789909,52.2145385405948));
#9201=CARTESIAN_POINT('Ctrl Pts',(-0.759089757496885,16.2088688300414,52.9087588587137));
#9202=CARTESIAN_POINT('Ctrl Pts',(-2.85585277998918,16.1294546810918,50.9387207504568));
#9203=CARTESIAN_POINT('Ctrl Pts',(-2.33681572085819,16.0500405321423,48.1088681523274));
#9204=CARTESIAN_POINT('Ctrl Pts',(0.322613075946612,15.9706263831927,47.011186454811));
#9205=CARTESIAN_POINT('Ctrl Pts',(2.68654601623432,15.8912122342432,48.6510904438501));
#9206=CARTESIAN_POINT('Ctrl Pts',(2.58975512078941,15.8117980852936,51.5265200645941));
#9207=CARTESIAN_POINT('Ctrl Pts',(0.120892687391429,15.7323839363441,53.003744666097));
#9208=CARTESIAN_POINT('Ctrl Pts',(-2.45869708195429,15.6529697873945,51.7297081221968));
#9209=CARTESIAN_POINT('Ctrl Pts',(-2.7862659087639,15.573555638445,48.8713593529322));
#9210=CARTESIAN_POINT('Ctrl Pts',(-0.561758316413888,15.4941414894955,47.0467783280169));
#9211=CARTESIAN_POINT('Ctrl Pts',(2.17726082313033,15.4147273405459,47.9271911156006));
#9212=CARTESIAN_POINT('Ctrl Pts',(2.92208591917867,15.3353131915964,50.7061641691642));
#9213=CARTESIAN_POINT('Ctrl Pts',(0.990337956391621,15.2558990426468,52.8383642867791));
#9214=CARTESIAN_POINT('Ctrl Pts',(-1.84829225188053,15.1764848936973,52.370718507894));
#9215=CARTESIAN_POINT('Ctrl Pts',(-2.99440888558164,15.0970707447477,49.7317573105708));
#9216=CARTESIAN_POINT('Ctrl Pts',(-1.3969897052726,15.0176565957982,47.3382383576057));
#9217=CARTESIAN_POINT('Ctrl Pts',(1.47835971086244,14.9382424468486,47.3832462966131));
#9218=CARTESIAN_POINT('Ctrl Pts',(3.00285871822786,14.8588282978991,49.8240480864263));
#9219=CARTESIAN_POINT('Ctrl Pts',(1.77031508179889,14.7794141489496,52.4281496981761));
#9220=CARTESIAN_POINT('Ctrl Pts',(-0.122135926953677,14.7264713829832,52.6772768239554));
#9221=CARTESIAN_POINT('Ctrl Pts',(-0.911830595622158,14.7,52.3739570973597));
#9222=CARTESIAN_POINT('Ctrl Pts',(-0.911830595622158,14.7,52.3739570973597));
#9223=CARTESIAN_POINT('Ctrl Pts',(-0.828393926716363,14.7,52.4009213398002));
#9224=CARTESIAN_POINT('Ctrl Pts',(-0.743637419778584,14.7,52.4231631809096));
#9225=CARTESIAN_POINT('Ctrl Pts',(-0.657926040480211,14.7,52.4407991467989));
#9226=CARTESIAN_POINT('Ctrl Pts',(-0.567667980129623,14.7,52.4593706373828));
#9227=CARTESIAN_POINT('Ctrl Pts',(-0.476350010916208,14.7,52.4728348864547));
#9228=CARTESIAN_POINT('Ctrl Pts',(-0.384394394351548,14.7,52.4812680985396));
#9229=CARTESIAN_POINT('Ctrl Pts',(-0.366728063105817,14.7,52.4828882705717));
#9230=CARTESIAN_POINT('Ctrl Pts',(-0.349038213998561,14.7,52.4843225753227));
#9231=CARTESIAN_POINT('Ctrl Pts',(-0.331327878779529,14.7,52.4855713062725));
#9232=CARTESIAN_POINT('Ctrl Pts',(-0.314277408035123,14.7,52.4867735111017));
#9233=CARTESIAN_POINT('Ctrl Pts',(-0.297216862299657,14.7,52.4878030710877));
#9234=CARTESIAN_POINT('Ctrl Pts',(-0.280150980620415,14.7,52.4886606599016));
#9235=CARTESIAN_POINT('Ctrl Pts',(-0.191485016818987,14.7,52.4931162714054));
#9236=CARTESIAN_POINT('Ctrl Pts',(-0.102656625394485,14.7,52.4929353200115));
#9237=CARTESIAN_POINT('Ctrl Pts',(-0.0140440894600686,14.7,52.4882008061216));
#9238=CARTESIAN_POINT('Ctrl Pts',(0.0512187731510271,14.7,52.4847138510733));
#9239=CARTESIAN_POINT('Ctrl Pts',(0.116364665251905,14.7,52.4787557807189));
#9240=CARTESIAN_POINT('Ctrl Pts',(0.181238594849033,14.7,52.4703421035126));
#9241=CARTESIAN_POINT('Ctrl Pts',(0.205416448159827,14.7,52.4672064116475));
#9242=CARTESIAN_POINT('Ctrl Pts',(0.22955647426865,14.7,52.4637294971007));
#9243=CARTESIAN_POINT('Ctrl Pts',(0.253650429991674,14.7,52.4599116552157));
#9244=CARTESIAN_POINT('Ctrl Pts',(0.268773691277958,14.7,52.4575152774254));
#9245=CARTESIAN_POINT('Ctrl Pts',(0.283870111561586,14.7,52.4549859298381));
#9246=CARTESIAN_POINT('Ctrl Pts',(0.298934056343635,14.7,52.4523248026244));
#9247=CARTESIAN_POINT('Ctrl Pts',(0.385233063288306,14.7,52.437079616903));
#9248=CARTESIAN_POINT('Ctrl Pts',(0.470506714603672,14.7,52.4175073503836));
#9249=CARTESIAN_POINT('Ctrl Pts',(0.554395377262948,14.7,52.3936900600048));
#9250=CARTESIAN_POINT('Ctrl Pts',(0.636991103438084,14.7,52.3702398543155));
#9251=CARTESIAN_POINT('Ctrl Pts',(0.718245053233728,14.7,52.3426741102655));
#9252=CARTESIAN_POINT('Ctrl Pts',(0.797796813552806,14.7,52.3110246480844));
#9253=CARTESIAN_POINT('Ctrl Pts',(0.875754931155411,14.7,52.2800092125381));
#9254=CARTESIAN_POINT('Ctrl Pts',(0.952079087283037,14.7,52.2450717028437));
#9255=CARTESIAN_POINT('Ctrl Pts',(1.02640211627781,14.7,52.2062021763321));
#9256=CARTESIAN_POINT('Ctrl Pts',(1.04828667349774,14.7,52.1947569703366));
#9257=CARTESIAN_POINT('Ctrl Pts',(1.0699975031895,14.7,52.1829706007995));
#9258=CARTESIAN_POINT('Ctrl Pts',(1.09152461963306,14.7,52.1708421982157));
#9259=CARTESIAN_POINT('Ctrl Pts',(1.10894439832014,14.7,52.1610278745282));
#9260=CARTESIAN_POINT('Ctrl Pts',(1.12624387500714,14.7,52.150989579809));
#9261=CARTESIAN_POINT('Ctrl Pts',(1.14341760417208,14.7,52.1407267237922));
#9262=CARTESIAN_POINT('Ctrl Pts',(1.15555125019617,14.7,52.1334757731741));
#9263=CARTESIAN_POINT('Ctrl Pts',(1.16761480793197,14.7,52.1261170574356));
#9264=CARTESIAN_POINT('Ctrl Pts',(1.17960206653967,14.7,52.1186536433077));
#9265=CARTESIAN_POINT('Ctrl Pts',(1.25088875145376,14.7,52.0742696795734));
#9266=CARTESIAN_POINT('Ctrl Pts',(1.31953201327709,14.7,52.0261551147427));
#9267=CARTESIAN_POINT('Ctrl Pts',(1.38519244180876,14.7,51.9743436424898));
#9268=CARTESIAN_POINT('Ctrl Pts',(1.39734861399822,14.7,51.9647514239773));
#9269=CARTESIAN_POINT('Ctrl Pts',(1.40940246387931,14.7,51.9550323745705));
#9270=CARTESIAN_POINT('Ctrl Pts',(1.42135171570252,14.7,51.9451865510944));
#9271=CARTESIAN_POINT('Ctrl Pts',(1.4863721560176,14.7,51.8916116673149));
#9272=CARTESIAN_POINT('Ctrl Pts',(1.54829883086462,14.7,51.8342859428139));
#9273=CARTESIAN_POINT('Ctrl Pts',(1.60700187274156,14.7,51.7735803517532));
#9274=CARTESIAN_POINT('Ctrl Pts',(1.66703046040604,14.7,51.7115039962834));
#9275=CARTESIAN_POINT('Ctrl Pts',(1.72368874151405,14.7,51.6458924899833));
#9276=CARTESIAN_POINT('Ctrl Pts',(1.77679098626664,14.7,51.5771144688542));
#9277=CARTESIAN_POINT('Ctrl Pts',(1.78868633651568,14.7,51.5617076126172));
#9278=CARTESIAN_POINT('Ctrl Pts',(1.80040304405451,14.7,51.5461417844994));
#9279=CARTESIAN_POINT('Ctrl Pts',(1.81193866388902,14.7,51.5304210159913));
#9280=CARTESIAN_POINT('Ctrl Pts',(1.82142319649802,14.7,51.517495473741));
#9281=CARTESIAN_POINT('Ctrl Pts',(1.83078665085438,14.7,51.5044631010727));
#9282=CARTESIAN_POINT('Ctrl Pts',(1.84001442940098,14.7,51.4913453985628));
#9283=CARTESIAN_POINT('Ctrl Pts',(1.88862476606066,14.7,51.422243617242));
#9284=CARTESIAN_POINT('Ctrl Pts',(1.9335559876275,14.7,51.3506668938215));
#9285=CARTESIAN_POINT('Ctrl Pts',(1.97469519882619,14.7,51.2769915806126));
#9286=CARTESIAN_POINT('Ctrl Pts',(2.01597887630473,14.7,51.2030575459041));
#9287=CARTESIAN_POINT('Ctrl Pts',(2.0534442259943,14.7,51.1270091708983));
#9288=CARTESIAN_POINT('Ctrl Pts',(2.08693040226478,14.7,51.0492032046799));
#9289=CARTESIAN_POINT('Ctrl Pts',(2.1199528939874,14.7,50.9724746210797));
#9290=CARTESIAN_POINT('Ctrl Pts',(2.14910586500785,14.7,50.894035831496));
#9291=CARTESIAN_POINT('Ctrl Pts',(2.1741855903859,14.7,50.8142205522233));
#9292=CARTESIAN_POINT('Ctrl Pts',(2.18341845629306,14.7,50.7848373050082));
#9293=CARTESIAN_POINT('Ctrl Pts',(2.19209878089747,14.7,50.7552674931546));
#9294=CARTESIAN_POINT('Ctrl Pts',(2.20021458527382,14.7,50.7255278610796));
#9295=CARTESIAN_POINT('Ctrl Pts',(2.20381365413038,14.7,50.7123393983416));
#9296=CARTESIAN_POINT('Ctrl Pts',(2.20730225347481,14.7,50.6991153204014));
#9297=CARTESIAN_POINT('Ctrl Pts',(2.2106774655747,14.7,50.6858642330472));
#9298=CARTESIAN_POINT('Ctrl Pts',(2.23116566925272,14.7,50.6054275171804));
#9299=CARTESIAN_POINT('Ctrl Pts',(2.24741981076353,14.7,50.524238731897));
#9300=CARTESIAN_POINT('Ctrl Pts',(2.25929884710582,14.7,50.4426350748673));
#9301=CARTESIAN_POINT('Ctrl Pts',(2.27100154384283,14.7,50.3622427919133));
#9302=CARTESIAN_POINT('Ctrl Pts',(2.27845822287304,14.7,50.2814469676864));
#9303=CARTESIAN_POINT('Ctrl Pts',(2.28148420819146,14.7,50.2005664438167));
#9304=CARTESIAN_POINT('Ctrl Pts',(2.28441078658464,14.7,50.1223429335619));
#9305=CARTESIAN_POINT('Ctrl Pts',(2.28319298337278,14.7,50.0440394871924));
#9306=CARTESIAN_POINT('Ctrl Pts',(2.27761597553856,14.7,49.9659527817895));
#9307=CARTESIAN_POINT('Ctrl Pts',(2.27526534373822,14.7,49.9330403136057));
#9308=CARTESIAN_POINT('Ctrl Pts',(2.27213970301974,14.7,49.9001665121278));
#9309=CARTESIAN_POINT('Ctrl Pts',(2.26822030202185,14.7,49.8673545022881));
#9310=CARTESIAN_POINT('Ctrl Pts',(2.26588668528088,14.7,49.8478181865327));
#9311=CARTESIAN_POINT('Ctrl Pts',(2.26327164176344,14.7,49.8283037885483));
#9312=CARTESIAN_POINT('Ctrl Pts',(2.26037776413979,14.7,49.8088158809321));
#9313=CARTESIAN_POINT('Ctrl Pts',(0.481668359860306,20.7443826785197,52.4997491460872));
#9314=CARTESIAN_POINT('Ctrl Pts',(0.389166513794759,20.7414135590683,52.5183239061315));
#9315=CARTESIAN_POINT('Ctrl Pts',(-0.483920493051437,20.7136894804463,52.64123676007));
#9316=CARTESIAN_POINT('Ctrl Pts',(-1.40026946660613,20.6859654018243,52.2635461053059));
#9317=CARTESIAN_POINT('Ctrl Pts',(-1.92129034220332,20.6612104426537,51.6722607876393));
#9318=CARTESIAN_POINT('Origin',(2.70698167824604E-15,22.1041828560753,50.0000008493662));
#9319=CARTESIAN_POINT('Ctrl Pts',(20.6539819490919,-1.99387302669596,51.0731976048189));
#9320=CARTESIAN_POINT('Ctrl Pts',(20.6275105661087,-1.63687497463427,51.7364578904769));
#9321=CARTESIAN_POINT('Ctrl Pts',(20.5745678001424,-0.214680731261195,52.6670329065311));
#9322=CARTESIAN_POINT('Ctrl Pts',(20.4951536511928,2.12932065253954,51.6246758413074));
#9323=CARTESIAN_POINT('Ctrl Pts',(20.4157395022433,2.51729259407981,49.0918226334342));
#9324=CARTESIAN_POINT('Ctrl Pts',(20.3363253532937,0.602340177084202,47.3920137942008));
#9325=CARTESIAN_POINT('Ctrl Pts',(20.2569112043442,-1.86571643242202,48.080364848753));
#9326=CARTESIAN_POINT('Ctrl Pts',(20.1774970553946,-2.62417699172752,50.5273026070097));
#9327=CARTESIAN_POINT('Ctrl Pts',(20.0980829064451,-0.979395995469649,52.4911056493334));
#9328=CARTESIAN_POINT('Ctrl Pts',(20.0186687574955,1.56263703214616,52.1732760426908));
#9329=CARTESIAN_POINT('Ctrl Pts',(19.939254608546,2.67329126268535,49.8648088810121));
#9330=CARTESIAN_POINT('Ctrl Pts',(19.8598404595964,1.3354075789344,47.6801901639693));
#9331=CARTESIAN_POINT('Ctrl Pts',(19.7804263106469,-1.22565757984208,47.6203770646197));
#9332=CARTESIAN_POINT('Ctrl Pts',(19.7010121616974,-2.6640776318932,49.7401704223782));
#9333=CARTESIAN_POINT('Ctrl Pts',(19.6215980127478,-1.66235870286799,52.0979511874253));
#9334=CARTESIAN_POINT('Ctrl Pts',(19.5421838637983,0.861990144273319,52.5341290029158));
#9335=CARTESIAN_POINT('Ctrl Pts',(19.4627697148487,2.59680306414343,50.6491875741687));
#9336=CARTESIAN_POINT('Ctrl Pts',(19.3833555658992,1.95309150135295,48.1696280312682));
#9337=CARTESIAN_POINT('Ctrl Pts',(19.3039414169496,-0.479542199445252,47.366586663781));
#9338=CARTESIAN_POINT('Ctrl Pts',(19.2245272680001,-2.47294207221969,48.975604366276));
#9339=CARTESIAN_POINT('Ctrl Pts',(19.1451131190505,-2.20126647474696,51.5229114714816));
#9340=CARTESIAN_POINT('Ctrl Pts',(19.065698970101,0.0866452080161291,52.6753182955868));
#9341=CARTESIAN_POINT('Ctrl Pts',(18.9862848211514,2.29519473752091,51.3772851002104));
#9342=CARTESIAN_POINT('Ctrl Pts',(18.9068706722019,2.40147525049825,48.8177371562006));
#9343=CARTESIAN_POINT('Ctrl Pts',(18.8274565232524,0.308139767058696,47.3410761235574));
#9344=CARTESIAN_POINT('Ctrl Pts',(18.7480423743028,-2.0674343738729,48.2998402925294));
#9345=CARTESIAN_POINT('Ctrl Pts',(18.6686282253533,-2.54935514416604,50.8158557150899));
#9346=CARTESIAN_POINT('Ctrl Pts',(18.5892140764037,-0.696210275235142,52.5845940600517));
#9347=CARTESIAN_POINT('Ctrl Pts',(18.5097999274542,1.79462396914338,51.9859906834308));
#9348=CARTESIAN_POINT('Ctrl Pts',(18.4303857785046,2.64168379740298,49.5683325430819));
#9349=CARTESIAN_POINT('Ctrl Pts',(18.3509716295551,1.06911014417224,47.5460582437644));
#9350=CARTESIAN_POINT('Ctrl Pts',(18.2715574806055,-1.48270814935822,47.7714570746678));
#9351=CARTESIAN_POINT('Ctrl Pts',(18.192143331656,-2.67644933890168,50.0380764094212));
#9352=CARTESIAN_POINT('Ctrl Pts',(18.1127291827064,-1.41871377031572,52.26982067699));
#9353=CARTESIAN_POINT('Ctrl Pts',(18.0333150337569,1.13848365759859,52.4225379024029));
#9354=CARTESIAN_POINT('Ctrl Pts',(17.9539008848073,2.65289421653662,50.3563477138518));
#9355=CARTESIAN_POINT('Ctrl Pts',(17.8744867358578,1.73740318195105,47.9637638800266));
#9356=CARTESIAN_POINT('Ctrl Pts',(17.7950725869082,-0.769451252688051,47.4362583541659));
#9357=CARTESIAN_POINT('Ctrl Pts',(17.7156584379587,-2.5715317037329,49.256996469395));
#9358=CARTESIAN_POINT('Ctrl Pts',(17.6362442890092,-2.01823403764704,51.7582847232733));
#9359=CARTESIAN_POINT('Ctrl Pts',(17.5568301400596,0.383652265561417,52.6490840400359));
#9360=CARTESIAN_POINT('Ctrl Pts',(17.4774159911101,2.43413471495829,51.1134724481932));
#9361=CARTESIAN_POINT('Ctrl Pts',(17.3980018421605,2.25508694567718,48.5579836236039));
#9362=CARTESIAN_POINT('Ctrl Pts',(17.318587693211,0.0105066238077386,47.3233013102294));
#9363=CARTESIAN_POINT('Ctrl Pts',(17.2391735442614,-2.2436971733501,48.5403249242844));
#9364=CARTESIAN_POINT('Ctrl Pts',(17.1597593953119,-2.4428008074768,51.0943294229425));
#9365=CARTESIAN_POINT('Ctrl Pts',(17.0803452463623,-0.404436570576563,52.6459906211411));
#9366=CARTESIAN_POINT('Ctrl Pts',(17.0009310974128,2.00436877219843,51.7740743081092));
#9367=CARTESIAN_POINT('Ctrl Pts',(16.9215169484632,2.57728527958355,49.2772066880989));
#9368=CARTESIAN_POINT('Ctrl Pts',(16.8421027995137,0.789553718642227,47.4423777853988));
#9369=CARTESIAN_POINT('Ctrl Pts',(16.7626886505641,-1.72136455185428,47.9501874696335));
#9370=CARTESIAN_POINT('Ctrl Pts',(16.6832745016146,-2.65560990346221,50.3355106886638));
#9371=CARTESIAN_POINT('Ctrl Pts',(16.603860352665,-1.15746624560074,52.4135258031133));
#9372=CARTESIAN_POINT('Ctrl Pts',(16.5244462037155,1.40085126250293,52.2808880787913));
#9373=CARTESIAN_POINT('Ctrl Pts',(16.445032054766,2.67606796086,50.0590861957168));
#9374=CARTESIAN_POINT('Ctrl Pts',(16.3656179058164,1.50015722365833,47.783165465792));
#9375=CARTESIAN_POINT('Ctrl Pts',(16.2862037568669,-1.04981298972694,47.5377410122381));
#9376=CARTESIAN_POINT('Ctrl Pts',(16.2067896079173,-2.63821366181525,49.54760780634));
#9377=CARTESIAN_POINT('Ctrl Pts',(16.1273754589678,-1.810159314763,51.9718411282177));
#9378=CARTESIAN_POINT('Ctrl Pts',(16.0479613100182,0.67589897657851,52.5899798896785));
#9379=CARTESIAN_POINT('Ctrl Pts',(15.9685471610687,2.5428718437972,50.8358437970214));
#9380=CARTESIAN_POINT('Ctrl Pts',(15.8891330121191,2.08071751539502,48.3161227020471));
#9381=CARTESIAN_POINT('Ctrl Pts',(15.8097188631696,-0.287257001836239,47.3387390282022));
#9382=CARTESIAN_POINT('Ctrl Pts',(15.73030471422,-2.39211988433579,48.7989213280314));
#9383=CARTESIAN_POINT('Ctrl Pts',(15.6508905652705,-2.30593657527754,51.3592245315593));
#9384=CARTESIAN_POINT('Ctrl Pts',(15.5714764163209,-0.107643717856461,52.6745559353513));
#9385=CARTESIAN_POINT('Ctrl Pts',(15.4920622673714,2.18924155542485,51.5401446386091));
#9386=CARTESIAN_POINT('Ctrl Pts',(15.4126481184218,2.48091119345258,48.9950503480192));
#9387=CARTESIAN_POINT('Ctrl Pts',(15.3332339694723,0.500193642976667,47.370430287947));
#9388=CARTESIAN_POINT('Ctrl Pts',(15.2538198205227,-1.93864868754257,48.1543561626112));
#9389=CARTESIAN_POINT('Ctrl Pts',(15.1744056715732,-2.60184630702985,50.6287737453709));
#9390=CARTESIAN_POINT('Ctrl Pts',(15.0949915226237,-0.881804035137093,52.5273000568161));
#9391=CARTESIAN_POINT('Ctrl Pts',(15.0155773736741,1.64573270700365,52.1109048937569));
#9392=CARTESIAN_POINT('Ctrl Pts',(14.9361632247246,2.66624319618837,49.7611548742294));
#9393=CARTESIAN_POINT('Ctrl Pts',(14.856749075775,1.24388967544248,47.6299483933712));
#9394=CARTESIAN_POINT('Ctrl Pts',(14.7773349268255,-1.31634211332509,47.6700237857904));
#9395=CARTESIAN_POINT('Ctrl Pts',(14.6979207778759,-2.67376698791579,49.8433312444575));
#9396=CARTESIAN_POINT('Ctrl Pts',(14.6185066289264,-1.576301274246,52.162042038412));
#9397=CARTESIAN_POINT('Ctrl Pts',(14.56556386296,0.108750707299338,52.3838666219861));
#9398=CARTESIAN_POINT('Ctrl Pts',(14.5390924799768,0.811900516779872,52.1137885570967));
#9399=CARTESIAN_POINT('Ctrl Pts',(20.7076177890996,-2.07567610668804,51.1172278910298));
#9400=CARTESIAN_POINT('Ctrl Pts',(20.6811464061165,-1.70403141473564,51.8076999065606));
#9401=CARTESIAN_POINT('Ctrl Pts',(20.6282036401501,-0.223488486216994,52.77645383444));
#9402=CARTESIAN_POINT('Ctrl Pts',(20.5487894912005,2.21668077293653,51.6913317499572));
#9403=CARTESIAN_POINT('Ctrl Pts',(20.469375342251,2.62057012714229,49.0545626001973));
#9404=CARTESIAN_POINT('Ctrl Pts',(20.3899611933015,0.627052523872959,47.2850153189541));
#9405=CARTESIAN_POINT('Ctrl Pts',(20.3105470443519,-1.94226160281176,48.0016075080341));
#9406=CARTESIAN_POINT('Ctrl Pts',(20.2311328954024,-2.73183969516625,50.5489363355786));
#9407=CARTESIAN_POINT('Ctrl Pts',(20.1517187464528,-1.01957789666828,52.593308769839));
#9408=CARTESIAN_POINT('Ctrl Pts',(20.0723045975033,1.62674769537684,52.262439495982));
#9409=CARTESIAN_POINT('Ctrl Pts',(19.9928904485537,2.782968988436,49.8592623295249));
#9410=CARTESIAN_POINT('Ctrl Pts',(19.9134762996042,1.39019564795332,47.5850147658757));
#9411=CARTESIAN_POINT('Ctrl Pts',(19.8340621506546,-1.27594291080563,47.5227477009599));
#9412=CARTESIAN_POINT('Ctrl Pts',(19.7546480017051,-2.77337734792777,49.7295103006358));
#9413=CARTESIAN_POINT('Ctrl Pts',(19.6752338527556,-1.730560669656,52.1840242708292));
#9414=CARTESIAN_POINT('Ctrl Pts',(19.595819703806,0.897355209039362,52.6380972522875));
#9415=CARTESIAN_POINT('Ctrl Pts',(19.5164055548565,2.70334269125891,50.6758219048747));
#9416=CARTESIAN_POINT('Ctrl Pts',(19.4369914059069,2.03322142847362,48.0945329113437));
#9417=CARTESIAN_POINT('Ctrl Pts',(19.3575772569574,-0.499216485809313,47.2585449838989));
#9418=CARTESIAN_POINT('Ctrl Pts',(19.2781631080078,-2.57440002638278,48.9335762198857));
#9419=CARTESIAN_POINT('Ctrl Pts',(19.1987489590583,-2.29157833267705,51.5853922702956));
#9420=CARTESIAN_POINT('Ctrl Pts',(19.1193348101087,0.0902000205781007,52.7850791500279));
#9421=CARTESIAN_POINT('Ctrl Pts',(19.0399206611592,2.38936021154908,51.4337912529269));
#9422=CARTESIAN_POINT('Ctrl Pts',(18.9605065122096,2.50000111918962,48.7692321560482));
#9423=CARTESIAN_POINT('Ctrl Pts',(18.8810923632601,0.320781887031205,47.2319878169671));
#9424=CARTESIAN_POINT('Ctrl Pts',(18.8016782143105,-2.15225547190668,48.2300874205219));
#9425=CARTESIAN_POINT('Ctrl Pts',(18.722264065361,-2.65394811472846,50.8493279773399));
#9426=CARTESIAN_POINT('Ctrl Pts',(18.6428499164114,-0.724773851788831,52.6906327507456));
#9427=CARTESIAN_POINT('Ctrl Pts',(18.5634357674619,1.86825241294996,52.0674703378945));
#9428=CARTESIAN_POINT('Ctrl Pts',(18.4840216185123,2.75006475652093,49.5506223897691));
#9429=CARTESIAN_POINT('Ctrl Pts',(18.4046074695628,1.11297276805706,47.445379785019));
#9430=CARTESIAN_POINT('Ctrl Pts',(18.3251933206132,-1.54353955222234,47.6800261047782));
#9431=CARTESIAN_POINT('Ctrl Pts',(18.2457791716637,-2.7862566317601,50.0396385440422));
#9432=CARTESIAN_POINT('Ctrl Pts',(18.1663650227141,-1.47691966130533,52.362945088846));
#9433=CARTESIAN_POINT('Ctrl Pts',(18.0869508737646,1.18519248432189,52.5219278784345));
#9434=CARTESIAN_POINT('Ctrl Pts',(18.0075367248151,2.76173510805791,50.3709676373225));
#9435=CARTESIAN_POINT('Ctrl Pts',(17.9281225758655,1.8086840155692,47.8802227249704));
#9436=CARTESIAN_POINT('Ctrl Pts',(17.848708426916,-0.80101970340226,47.3310751104959));
#9437=CARTESIAN_POINT('Ctrl Pts',(17.7692942779664,-2.67703451702447,49.2265130605143));
#9438=CARTESIAN_POINT('Ctrl Pts',(17.6898801290169,-2.10103658234967,51.8304222337668));
#9439=CARTESIAN_POINT('Ctrl Pts',(17.6104659800673,0.399392453902731,52.7577685757363));
#9440=CARTESIAN_POINT('Ctrl Pts',(17.5310518311178,2.53400051089073,51.1591550995197));
#9441=CARTESIAN_POINT('Ctrl Pts',(17.4516376821682,2.34760690825072,48.4988216564728));
#9442=CARTESIAN_POINT('Ctrl Pts',(17.3722235332187,0.0109376814409407,47.2134837523493));
#9443=CARTESIAN_POINT('Ctrl Pts',(17.2928093842691,-2.33574984515624,48.4804384696993));
#9444=CARTESIAN_POINT('Ctrl Pts',(17.2133952353196,-2.54302214914862,51.1392266890388));
#9445=CARTESIAN_POINT('Ctrl Pts',(17.13398108637,-0.421029481304393,52.7545482424443));
#9446=CARTESIAN_POINT('Ctrl Pts',(17.0545669374205,2.08660246351701,51.8468596214739));
#9447=CARTESIAN_POINT('Ctrl Pts',(16.975152788471,2.68302414613392,49.2475524484356));
#9448=CARTESIAN_POINT('Ctrl Pts',(16.8957386395214,0.821946917777459,47.3374456050192));
#9449=CARTESIAN_POINT('Ctrl Pts',(16.8163244905719,-1.791987364965,47.8660893121149));
#9450=CARTESIAN_POINT('Ctrl Pts',(16.7369103416223,-2.76456221208572,50.3492757267855));
#9451=CARTESIAN_POINT('Ctrl Pts',(16.6574961926728,-1.20495387525884,52.5125460377073));
#9452=CARTESIAN_POINT('Ctrl Pts',(16.5780820437232,1.45832430434122,52.3744665554463));
#9453=CARTESIAN_POINT('Ctrl Pts',(16.4986678947737,2.78585960683518,50.0615103035959));
#9454=CARTESIAN_POINT('Ctrl Pts',(16.4192537458241,1.56170451364348,47.6922148587153));
#9455=CARTESIAN_POINT('Ctrl Pts',(16.3398395968746,-1.0928839048883,47.4367213205522));
#9456=CARTESIAN_POINT('Ctrl Pts',(16.260425447925,-2.74645225089496,49.5290473745616));
#9457=CARTESIAN_POINT('Ctrl Pts',(16.1810112989755,-1.88442513071084,52.0527402656768));
#9458=CARTESIAN_POINT('Ctrl Pts',(16.1015971500259,0.703629236884622,52.6962395460235));
#9459=CARTESIAN_POINT('Ctrl Pts',(16.0221830010764,2.64719882252785,50.8701361148333));
#9460=CARTESIAN_POINT('Ctrl Pts',(15.9427688521269,2.16608358388276,48.2470378521405));
#9461=CARTESIAN_POINT('Ctrl Pts',(15.8633547031773,-0.299042359873021,47.2295548370718));
#9462=CARTESIAN_POINT('Ctrl Pts',(15.7839405542278,-2.49026192830196,48.7496443666376));
#9463=CARTESIAN_POINT('Ctrl Pts',(15.7045264052782,-2.40054275711484,51.4149897092376));
#9464=CARTESIAN_POINT('Ctrl Pts',(15.6251122563287,-0.112060041034797,52.7842855122665));
#9465=CARTESIAN_POINT('Ctrl Pts',(15.5456981073791,2.27906006426799,51.6033324664717));
#9466=CARTESIAN_POINT('Ctrl Pts',(15.4662839584296,2.58269609855636,48.9538200163236));
#9467=CARTESIAN_POINT('Ctrl Pts',(15.38686980948,0.520715200789079,47.2625463013037));
#9468=CARTESIAN_POINT('Ctrl Pts',(15.3074556605305,-2.01818606607182,48.0786344802743));
#9469=CARTESIAN_POINT('Ctrl Pts',(15.2280415115809,-2.70859284441279,50.654570553302));
#9470=CARTESIAN_POINT('Ctrl Pts',(15.1486273626314,-0.917982008888604,52.6309881334705));
#9471=CARTESIAN_POINT('Ctrl Pts',(15.0692132136818,1.71325255529594,52.1975094318025));
#9472=CARTESIAN_POINT('Ctrl Pts',(14.9897990647323,2.77563175931947,49.7513556863433));
#9473=CARTESIAN_POINT('Ctrl Pts',(14.9103849157827,1.29492301871918,47.5327117147828));
#9474=CARTESIAN_POINT('Ctrl Pts',(14.8309707668332,-1.37034797917087,47.5744312893979));
#9475=CARTESIAN_POINT('Ctrl Pts',(14.7515566178837,-2.78346423135315,49.8369035251139));
#9476=CARTESIAN_POINT('Ctrl Pts',(14.6721424689341,-1.64097254343029,52.2507445916667));
#9477=CARTESIAN_POINT('Ctrl Pts',(14.6191997029677,0.11321244718412,52.4816700226426));
#9478=CARTESIAN_POINT('Ctrl Pts',(14.5927283199846,0.845210543060637,52.200511403851));
#9479=CARTESIAN_POINT('Ctrl Pts',(20.7612536291074,-2.15747918668011,51.1612581772406));
#9480=CARTESIAN_POINT('Ctrl Pts',(20.7347822461242,-1.771187854837,51.8789419226444));
#9481=CARTESIAN_POINT('Ctrl Pts',(20.6818394801578,-0.232296241172796,52.885874762349));
#9482=CARTESIAN_POINT('Ctrl Pts',(20.6024253312082,2.30404089333352,51.7579876586071));
#9483=CARTESIAN_POINT('Ctrl Pts',(20.5230111822587,2.72384766020476,49.0173025669603));
#9484=CARTESIAN_POINT('Ctrl Pts',(20.4435970333092,0.651764870661719,47.1780168437074));
#9485=CARTESIAN_POINT('Ctrl Pts',(20.3641828843596,-2.0188067732015,47.922850167315));
#9486=CARTESIAN_POINT('Ctrl Pts',(20.2847687354101,-2.83950239860498,50.5705700641476));
#9487=CARTESIAN_POINT('Ctrl Pts',(20.2053545864605,-1.05975979786692,52.6955118903446));
#9488=CARTESIAN_POINT('Ctrl Pts',(20.125940437511,1.69085835860751,52.3516029492732));
#9489=CARTESIAN_POINT('Ctrl Pts',(20.0465262885614,2.89264671418664,49.8537157780376));
#9490=CARTESIAN_POINT('Ctrl Pts',(19.9671121396119,1.44498371697225,47.4898393677821));
#9491=CARTESIAN_POINT('Ctrl Pts',(19.8876979906624,-1.32622824176919,47.4251183373002));
#9492=CARTESIAN_POINT('Ctrl Pts',(19.8082838417128,-2.88267706396234,49.7188501788935));
#9493=CARTESIAN_POINT('Ctrl Pts',(19.7288696927633,-1.79876263644402,52.2700973542331));
#9494=CARTESIAN_POINT('Ctrl Pts',(19.6494555438137,0.932720273805405,52.7420655016592));
#9495=CARTESIAN_POINT('Ctrl Pts',(19.5700413948642,2.80988231837438,50.7024562355806));
#9496=CARTESIAN_POINT('Ctrl Pts',(19.4906272459146,2.11335135559429,48.0194377914191));
#9497=CARTESIAN_POINT('Ctrl Pts',(19.4112130969651,-0.518890772173374,47.1505033040168));
#9498=CARTESIAN_POINT('Ctrl Pts',(19.3317989480155,-2.67585798054588,48.8915480734953));
#9499=CARTESIAN_POINT('Ctrl Pts',(19.252384799066,-2.38189019060714,51.6478730691097));
#9500=CARTESIAN_POINT('Ctrl Pts',(19.1729706501164,0.0937548331400687,52.8948400044691));
#9501=CARTESIAN_POINT('Ctrl Pts',(19.0935565011669,2.48352568557725,51.4902974056433));
#9502=CARTESIAN_POINT('Ctrl Pts',(19.0141423522173,2.59852698788098,48.7207271558959));
#9503=CARTESIAN_POINT('Ctrl Pts',(18.9347282032678,0.333424007003716,47.1228995103768));
#9504=CARTESIAN_POINT('Ctrl Pts',(18.8553140543182,-2.23707656994046,48.1603345485144));
#9505=CARTESIAN_POINT('Ctrl Pts',(18.7758999053687,-2.75854108529089,50.8828002395899));
#9506=CARTESIAN_POINT('Ctrl Pts',(18.6964857564191,-0.753337428342518,52.7966714414395));
#9507=CARTESIAN_POINT('Ctrl Pts',(18.6170716074696,1.94188085675653,52.148949992358));
#9508=CARTESIAN_POINT('Ctrl Pts',(18.53765745852,2.85844571563889,49.5329122364563));
#9509=CARTESIAN_POINT('Ctrl Pts',(18.4582433095705,1.15683539194188,47.3447013262735));
#9510=CARTESIAN_POINT('Ctrl Pts',(18.378829160621,-1.60437095508646,47.5885951348886));
#9511=CARTESIAN_POINT('Ctrl Pts',(18.2994150116714,-2.89606392461852,50.0412006786632));
#9512=CARTESIAN_POINT('Ctrl Pts',(18.2200008627219,-1.53512555229494,52.4560695007021));
#9513=CARTESIAN_POINT('Ctrl Pts',(18.1405867137723,1.23190131104519,52.621317854466));
#9514=CARTESIAN_POINT('Ctrl Pts',(18.0611725648228,2.87057599957921,50.3855875607931));
#9515=CARTESIAN_POINT('Ctrl Pts',(17.9817584158732,1.87996484918734,47.7966815699141));
#9516=CARTESIAN_POINT('Ctrl Pts',(17.9023442669237,-0.832588154116467,47.225891866826));
#9517=CARTESIAN_POINT('Ctrl Pts',(17.8229301179741,-2.78253733031606,49.1960296516333));
#9518=CARTESIAN_POINT('Ctrl Pts',(17.7435159690246,-2.1838391270523,51.9025597442604));
#9519=CARTESIAN_POINT('Ctrl Pts',(17.6641018200751,0.415132642244044,52.8664531114367));
#9520=CARTESIAN_POINT('Ctrl Pts',(17.5846876711255,2.63386630682317,51.2048377508462));
#9521=CARTESIAN_POINT('Ctrl Pts',(17.505273522176,2.44012687082427,48.4396596893417));
#9522=CARTESIAN_POINT('Ctrl Pts',(17.4258593732264,0.011368739074142,47.1036661944692));
#9523=CARTESIAN_POINT('Ctrl Pts',(17.3464452242768,-2.42780251696237,48.420552015114));
#9524=CARTESIAN_POINT('Ctrl Pts',(17.2670310753273,-2.64324349082044,51.1841239551352));
#9525=CARTESIAN_POINT('Ctrl Pts',(17.1876169263778,-0.437622392032224,52.8631058637475));
#9526=CARTESIAN_POINT('Ctrl Pts',(17.1082027774282,2.1688361548356,51.9196449348385));
#9527=CARTESIAN_POINT('Ctrl Pts',(17.0287886284787,2.78876301268428,49.2178982087722));
#9528=CARTESIAN_POINT('Ctrl Pts',(16.9493744795291,0.854340116912691,47.2325134246396));
#9529=CARTESIAN_POINT('Ctrl Pts',(16.8699603305796,-1.86261017807572,47.7819911545964));
#9530=CARTESIAN_POINT('Ctrl Pts',(16.79054618163,-2.87351452070923,50.3630407649071));
#9531=CARTESIAN_POINT('Ctrl Pts',(16.7111320326805,-1.25244150491693,52.6115662723014));
#9532=CARTESIAN_POINT('Ctrl Pts',(16.6317178837309,1.5157973461795,52.4680450321012));
#9533=CARTESIAN_POINT('Ctrl Pts',(16.5523037347814,2.89565125281036,50.063934411475));
#9534=CARTESIAN_POINT('Ctrl Pts',(16.4728895858318,1.62325180362862,47.6012642516386));
#9535=CARTESIAN_POINT('Ctrl Pts',(16.3934754368823,-1.13595482004966,47.3357016288662));
#9536=CARTESIAN_POINT('Ctrl Pts',(16.3140612879327,-2.85469083997467,49.5104869427834));
#9537=CARTESIAN_POINT('Ctrl Pts',(16.2346471389832,-1.95869094665868,52.1336394031357));
#9538=CARTESIAN_POINT('Ctrl Pts',(16.1552329900337,0.731359497190732,52.8024992023687));
#9539=CARTESIAN_POINT('Ctrl Pts',(16.0758188410841,2.75152580125851,50.9044284326451));
#9540=CARTESIAN_POINT('Ctrl Pts',(15.9964046921346,2.25144965237049,48.1779530022339));
#9541=CARTESIAN_POINT('Ctrl Pts',(15.916990543185,-0.310827717909802,47.1203706459414));
#9542=CARTESIAN_POINT('Ctrl Pts',(15.8375763942355,-2.58840397226813,48.7003674052438));
#9543=CARTESIAN_POINT('Ctrl Pts',(15.7581622452859,-2.49514893895213,51.4707548869159));
#9544=CARTESIAN_POINT('Ctrl Pts',(15.6787480963364,-0.116476364213133,52.8940150891817));
#9545=CARTESIAN_POINT('Ctrl Pts',(15.5993339473868,2.36887857311113,51.6665202943342));
#9546=CARTESIAN_POINT('Ctrl Pts',(15.5199197984373,2.68448100366014,48.9125896846279));
#9547=CARTESIAN_POINT('Ctrl Pts',(15.4405056494877,0.541236758601488,47.1546623146602));
#9548=CARTESIAN_POINT('Ctrl Pts',(15.3610915005382,-2.09772344460106,48.0029127979375));
#9549=CARTESIAN_POINT('Ctrl Pts',(15.2816773515886,-2.81533938179574,50.6803673612331));
#9550=CARTESIAN_POINT('Ctrl Pts',(15.2022632026391,-0.954159982640115,52.7346762101248));
#9551=CARTESIAN_POINT('Ctrl Pts',(15.1228490536895,1.78077240358822,52.2841139698482));
#9552=CARTESIAN_POINT('Ctrl Pts',(15.04343490474,2.88502032245057,49.741556498457));
#9553=CARTESIAN_POINT('Ctrl Pts',(14.9640207557905,1.34595636199588,47.4354750361942));
#9554=CARTESIAN_POINT('Ctrl Pts',(14.8846066068409,-1.42435384501666,47.4788387930056));
#9555=CARTESIAN_POINT('Ctrl Pts',(14.8051924578914,-2.89316147479051,49.83047580577));
#9556=CARTESIAN_POINT('Ctrl Pts',(14.7257783089418,-1.70564381261458,52.3394471449215));
#9557=CARTESIAN_POINT('Ctrl Pts',(14.6728355429755,0.117674187068904,52.579473423299));
#9558=CARTESIAN_POINT('Ctrl Pts',(14.6463641599923,0.878520569341402,52.2872342506053));
#9559=CARTESIAN_POINT('Ctrl Pts',(20.8148894691151,-2.23928226667219,51.2052884634515));
#9560=CARTESIAN_POINT('Ctrl Pts',(20.7884180861319,-1.83834429493837,51.9501839387281));
#9561=CARTESIAN_POINT('Ctrl Pts',(20.7354753201655,-0.241103996128594,52.9952956902579));
#9562=CARTESIAN_POINT('Ctrl Pts',(20.656061171216,2.3914010137305,51.824643567257));
#9563=CARTESIAN_POINT('Ctrl Pts',(20.5766470222664,2.82712519326724,48.9800425337234));
#9564=CARTESIAN_POINT('Ctrl Pts',(20.4972328733169,0.676477217450473,47.0710183684606));
#9565=CARTESIAN_POINT('Ctrl Pts',(20.4178187243674,-2.09535194359124,47.8440928265962));
#9566=CARTESIAN_POINT('Ctrl Pts',(20.3384045754178,-2.94716510204371,50.5922037927165));
#9567=CARTESIAN_POINT('Ctrl Pts',(20.2589904264683,-1.09994169906555,52.7977150108504));
#9568=CARTESIAN_POINT('Ctrl Pts',(20.1795762775187,1.75496902183818,52.4407664025643));
#9569=CARTESIAN_POINT('Ctrl Pts',(20.1001621285691,3.00232443993729,49.8481692265505));
#9570=CARTESIAN_POINT('Ctrl Pts',(20.0207479796196,1.49977178599118,47.3946639696884));
#9571=CARTESIAN_POINT('Ctrl Pts',(19.9413338306701,-1.37651357273274,47.3274889736404));
#9572=CARTESIAN_POINT('Ctrl Pts',(19.8619196817205,-2.99197677999692,49.7081900571513));
#9573=CARTESIAN_POINT('Ctrl Pts',(19.782505532771,-1.86696460323203,52.356170437637));
#9574=CARTESIAN_POINT('Ctrl Pts',(19.7030913838214,0.968085338571447,52.8460337510309));
#9575=CARTESIAN_POINT('Ctrl Pts',(19.6236772348719,2.91642194548986,50.7290905662868));
#9576=CARTESIAN_POINT('Ctrl Pts',(19.5442630859223,2.19348128271496,47.9443426714943));
#9577=CARTESIAN_POINT('Ctrl Pts',(19.4648489369728,-0.538565058537435,47.0424616241349));
#9578=CARTESIAN_POINT('Ctrl Pts',(19.3854347880232,-2.77731593470898,48.8495199271048));
#9579=CARTESIAN_POINT('Ctrl Pts',(19.3060206390737,-2.47220204853722,51.7103538679237));
#9580=CARTESIAN_POINT('Ctrl Pts',(19.2266064901241,0.0973096457020397,53.0046008589103));
#9581=CARTESIAN_POINT('Ctrl Pts',(19.1471923411746,2.57769115960542,51.5468035583597));
#9582=CARTESIAN_POINT('Ctrl Pts',(19.067778192225,2.69705285657234,48.6722221557435));
#9583=CARTESIAN_POINT('Ctrl Pts',(18.9883640432755,0.346066126976227,47.0138112037865));
#9584=CARTESIAN_POINT('Ctrl Pts',(18.9089498943259,-2.32189766797424,48.090581676507));
#9585=CARTESIAN_POINT('Ctrl Pts',(18.8295357453764,-2.86313405585331,50.9162725018398));
#9586=CARTESIAN_POINT('Ctrl Pts',(18.7501215964268,-0.781901004896209,52.9027101321333));
#9587=CARTESIAN_POINT('Ctrl Pts',(18.6707074474773,2.01550930056311,52.2304296468215));
#9588=CARTESIAN_POINT('Ctrl Pts',(18.5912932985278,2.96682667475684,49.5152020831436));
#9589=CARTESIAN_POINT('Ctrl Pts',(18.5118791495782,1.20069801582671,47.2440228675279));
#9590=CARTESIAN_POINT('Ctrl Pts',(18.4324650006287,-1.66520235795059,47.4971641649991));
#9591=CARTESIAN_POINT('Ctrl Pts',(18.3530508516791,-3.00587121747694,50.0427628132842));
#9592=CARTESIAN_POINT('Ctrl Pts',(18.2736367027296,-1.59333144328456,52.5491939125581));
#9593=CARTESIAN_POINT('Ctrl Pts',(18.19422255378,1.2786101377685,52.7207078304976));
#9594=CARTESIAN_POINT('Ctrl Pts',(18.1148084048305,2.97941689110051,50.4002074842637));
#9595=CARTESIAN_POINT('Ctrl Pts',(18.035394255881,1.95124568280549,47.7131404148578));
#9596=CARTESIAN_POINT('Ctrl Pts',(17.9559801069314,-0.864156604830677,47.120708623156));
#9597=CARTESIAN_POINT('Ctrl Pts',(17.8765659579819,-2.88804014360763,49.1655462427526));
#9598=CARTESIAN_POINT('Ctrl Pts',(17.7971518090323,-2.26664167175494,51.9746972547539));
#9599=CARTESIAN_POINT('Ctrl Pts',(17.7177376600828,0.430872830585358,52.9751376471371));
#9600=CARTESIAN_POINT('Ctrl Pts',(17.6383235111332,2.73373210275562,51.2505204021726));
#9601=CARTESIAN_POINT('Ctrl Pts',(17.5589093621837,2.53264683339781,48.3804977222106));
#9602=CARTESIAN_POINT('Ctrl Pts',(17.4794952132341,0.0117997967073449,46.9938486365891));
#9603=CARTESIAN_POINT('Ctrl Pts',(17.4000810642846,-2.51985518876851,48.3606655605288));
#9604=CARTESIAN_POINT('Ctrl Pts',(17.320666915335,-2.74346483249227,51.2290212212315));
#9605=CARTESIAN_POINT('Ctrl Pts',(17.2412527663855,-0.454215302760055,52.9716634850507));
#9606=CARTESIAN_POINT('Ctrl Pts',(17.161838617436,2.25106984615418,51.9924302482032));
#9607=CARTESIAN_POINT('Ctrl Pts',(17.0824244684864,2.89450187923464,49.1882439691088));
#9608=CARTESIAN_POINT('Ctrl Pts',(17.0030103195368,0.886733316047924,47.12758124426));
#9609=CARTESIAN_POINT('Ctrl Pts',(16.9235961705873,-1.93323299118644,47.6978929970778));
#9610=CARTESIAN_POINT('Ctrl Pts',(16.8441820216378,-2.98246682933273,50.3768058030288));
#9611=CARTESIAN_POINT('Ctrl Pts',(16.7647678726882,-1.29992913457503,52.7105865068955));
#9612=CARTESIAN_POINT('Ctrl Pts',(16.6853537237387,1.57327038801779,52.5616235087561));
#9613=CARTESIAN_POINT('Ctrl Pts',(16.6059395747891,3.00544289878553,50.0663585193541));
#9614=CARTESIAN_POINT('Ctrl Pts',(16.5265254258396,1.68479909361376,47.510313644562));
#9615=CARTESIAN_POINT('Ctrl Pts',(16.44711127689,-1.17902573521103,47.2346819371802));
#9616=CARTESIAN_POINT('Ctrl Pts',(16.3676971279405,-2.96292942905437,49.491926511005));
#9617=CARTESIAN_POINT('Ctrl Pts',(16.2882829789909,-2.03295676260651,52.2145385405948));
#9618=CARTESIAN_POINT('Ctrl Pts',(16.2088688300414,0.759089757496844,52.9087588587137));
#9619=CARTESIAN_POINT('Ctrl Pts',(16.1294546810918,2.85585277998916,50.9387207504569));
#9620=CARTESIAN_POINT('Ctrl Pts',(16.0500405321423,2.33681572085822,48.1088681523273));
#9621=CARTESIAN_POINT('Ctrl Pts',(15.9706263831927,-0.322613075946583,47.011186454811));
#9622=CARTESIAN_POINT('Ctrl Pts',(15.8912122342432,-2.68654601623429,48.65109044385));
#9623=CARTESIAN_POINT('Ctrl Pts',(15.8117980852936,-2.58975512078943,51.5265200645941));
#9624=CARTESIAN_POINT('Ctrl Pts',(15.7323839363441,-0.12089268739147,53.003744666097));
#9625=CARTESIAN_POINT('Ctrl Pts',(15.6529697873945,2.45869708195427,51.7297081221968));
#9626=CARTESIAN_POINT('Ctrl Pts',(15.573555638445,2.78626590876392,48.8713593529323));
#9627=CARTESIAN_POINT('Ctrl Pts',(15.4941414894954,0.561758316413901,47.0467783280169));
#9628=CARTESIAN_POINT('Ctrl Pts',(15.4147273405459,-2.17726082313031,47.9271911156006));
#9629=CARTESIAN_POINT('Ctrl Pts',(15.3353131915964,-2.92208591917868,50.7061641691642));
#9630=CARTESIAN_POINT('Ctrl Pts',(15.2558990426468,-0.990337956391628,52.8383642867791));
#9631=CARTESIAN_POINT('Ctrl Pts',(15.1764848936973,1.84829225188051,52.3707185078939));
#9632=CARTESIAN_POINT('Ctrl Pts',(15.0970707447477,2.99440888558166,49.7317573105708));
#9633=CARTESIAN_POINT('Ctrl Pts',(15.0176565957982,1.39698970527259,47.3382383576056));
#9634=CARTESIAN_POINT('Ctrl Pts',(14.9382424468486,-1.47835971086244,47.3832462966131));
#9635=CARTESIAN_POINT('Ctrl Pts',(14.8588282978991,-3.00285871822786,49.8240480864263));
#9636=CARTESIAN_POINT('Ctrl Pts',(14.7794141489496,-1.77031508179888,52.4281496981762));
#9637=CARTESIAN_POINT('Ctrl Pts',(14.7264713829832,0.122135926953686,52.6772768239554));
#9638=CARTESIAN_POINT('Ctrl Pts',(14.7,0.911830595622166,52.3739570973597));
#9639=CARTESIAN_POINT('Ctrl Pts',(14.7,0.911830595622166,52.3739570973597));
#9640=CARTESIAN_POINT('Ctrl Pts',(14.7,0.828393926712964,52.4009213398013));
#9641=CARTESIAN_POINT('Ctrl Pts',(14.7,0.743637419771677,52.4231631809114));
#9642=CARTESIAN_POINT('Ctrl Pts',(14.7,0.657926040469682,52.440799146801));
#9643=CARTESIAN_POINT('Ctrl Pts',(14.7,0.567667980119469,52.4593706373845));
#9644=CARTESIAN_POINT('Ctrl Pts',(14.7,0.476350010906477,52.4728348864559));
#9645=CARTESIAN_POINT('Ctrl Pts',(14.7,0.384394394342217,52.4812680985404));
#9646=CARTESIAN_POINT('Ctrl Pts',(14.7,0.366728063219007,52.4828882705612));
#9647=CARTESIAN_POINT('Ctrl Pts',(14.7,0.349038214234633,52.4843225753035));
#9648=CARTESIAN_POINT('Ctrl Pts',(14.7,0.331327879138722,52.4855713062472));
#9649=CARTESIAN_POINT('Ctrl Pts',(14.7,0.314277408292896,52.4867735110859));
#9650=CARTESIAN_POINT('Ctrl Pts',(14.7,0.297216862455588,52.4878030710795));
#9651=CARTESIAN_POINT('Ctrl Pts',(14.7,0.280150980674567,52.4886606598989));
#9652=CARTESIAN_POINT('Ctrl Pts',(14.7,0.19148501687608,52.4931162714044));
#9653=CARTESIAN_POINT('Ctrl Pts',(14.7,0.102656625454463,52.4929353200125));
#9654=CARTESIAN_POINT('Ctrl Pts',(14.7,0.0140440895228518,52.488200806125));
#9655=CARTESIAN_POINT('Ctrl Pts',(14.7,-0.0512187730909218,52.4847138510781));
#9656=CARTESIAN_POINT('Ctrl Pts',(14.7,-0.116364665194556,52.478755780725));
#9657=CARTESIAN_POINT('Ctrl Pts',(14.7,-0.181238594794429,52.4703421035197));
#9658=CARTESIAN_POINT('Ctrl Pts',(14.7,-0.205416448232213,52.4672064116386));
#9659=CARTESIAN_POINT('Ctrl Pts',(14.7,-0.229556474467657,52.4637294970723));
#9660=CARTESIAN_POINT('Ctrl Pts',(14.7,-0.253650430316767,52.4599116551642));
#9661=CARTESIAN_POINT('Ctrl Pts',(14.7,-0.268773691514458,52.4575152773859));
#9662=CARTESIAN_POINT('Ctrl Pts',(14.7,-0.283870111709471,52.4549859298124));
#9663=CARTESIAN_POINT('Ctrl Pts',(14.7,-0.298934056403449,52.4523248026138));
#9664=CARTESIAN_POINT('Ctrl Pts',(14.7,-0.385233063352191,52.4370796168896));
#9665=CARTESIAN_POINT('Ctrl Pts',(14.7,-0.470506714671405,52.417507350367));
#9666=CARTESIAN_POINT('Ctrl Pts',(14.7,-0.554395377334332,52.3936900599845));
#9667=CARTESIAN_POINT('Ctrl Pts',(14.7,-0.636991103510333,52.3702398542924));
#9668=CARTESIAN_POINT('Ctrl Pts',(14.7,-0.718245053306671,52.3426741102395));
#9669=CARTESIAN_POINT('Ctrl Pts',(14.7,-0.797796813626233,52.3110246480552));
#9670=CARTESIAN_POINT('Ctrl Pts',(14.7,-0.875754931220506,52.2800092125093));
#9671=CARTESIAN_POINT('Ctrl Pts',(14.7,-0.952079087340128,52.2450717028161));
#9672=CARTESIAN_POINT('Ctrl Pts',(14.7,-1.02640211632707,52.2062021763064));
#9673=CARTESIAN_POINT('Ctrl Pts',(14.7,-1.04828667355808,52.1947569703044));
#9674=CARTESIAN_POINT('Ctrl Pts',(14.7,-1.0699975032607,52.1829706007605));
#9675=CARTESIAN_POINT('Ctrl Pts',(14.7,-1.09152461971496,52.1708421981696));
#9676=CARTESIAN_POINT('Ctrl Pts',(14.7,-1.10894439848068,52.1610278744368));
#9677=CARTESIAN_POINT('Ctrl Pts',(14.7,-1.12624387524525,52.1509895796704));
#9678=CARTESIAN_POINT('Ctrl Pts',(14.7,-1.14341760448656,52.1407267236043));
#9679=CARTESIAN_POINT('Ctrl Pts',(14.7,-1.15555125042616,52.133475773034));
#9680=CARTESIAN_POINT('Ctrl Pts',(14.7,-1.16761480807807,52.1261170573451));
#9681=CARTESIAN_POINT('Ctrl Pts',(14.7,-1.1796020666031,52.1186536432682));
#9682=CARTESIAN_POINT('Ctrl Pts',(14.7,-1.25088875152071,52.0742696795285));
#9683=CARTESIAN_POINT('Ctrl Pts',(14.7,-1.31953201334709,52.0261551146919));
#9684=CARTESIAN_POINT('Ctrl Pts',(14.7,-1.38519244188126,51.9743436424326));
#9685=CARTESIAN_POINT('Ctrl Pts',(14.7,-1.39734861404615,51.9647514239387));
#9686=CARTESIAN_POINT('Ctrl Pts',(14.7,-1.40940246390311,51.9550323745508));
#9687=CARTESIAN_POINT('Ctrl Pts',(14.7,-1.42135171570256,51.9451865510943));
#9688=CARTESIAN_POINT('Ctrl Pts',(14.7,-1.4863721560186,51.8916116673141));
#9689=CARTESIAN_POINT('Ctrl Pts',(14.7,-1.54829883086651,51.8342859428122));
#9690=CARTESIAN_POINT('Ctrl Pts',(14.7,-1.60700187274421,51.7735803517505));
#9691=CARTESIAN_POINT('Ctrl Pts',(14.7,-1.66703046040847,51.7115039962807));
#9692=CARTESIAN_POINT('Ctrl Pts',(14.7,-1.72368874151629,51.6458924899806));
#9693=CARTESIAN_POINT('Ctrl Pts',(14.7,-1.7767909862687,51.5771144688515));
#9694=CARTESIAN_POINT('Ctrl Pts',(14.7,-1.78868633651851,51.5617076126135));
#9695=CARTESIAN_POINT('Ctrl Pts',(14.7,-1.800403044058,51.5461417844947));
#9696=CARTESIAN_POINT('Ctrl Pts',(14.7,-1.81193866389323,51.5304210159855));
#9697=CARTESIAN_POINT('Ctrl Pts',(14.7,-1.82142319639607,51.5174954738798));
#9698=CARTESIAN_POINT('Ctrl Pts',(14.7,-1.83078665064915,51.5044631013583));
#9699=CARTESIAN_POINT('Ctrl Pts',(14.7,-1.84001442909543,51.4913453989972));
#9700=CARTESIAN_POINT('Ctrl Pts',(14.7,-1.88862476576998,51.4222436176875));
#9701=CARTESIAN_POINT('Ctrl Pts',(14.7,-1.93355598735197,51.3506668942775));
#9702=CARTESIAN_POINT('Ctrl Pts',(14.7,-1.97469519856618,51.2769915810783));
#9703=CARTESIAN_POINT('Ctrl Pts',(14.7,-2.01597887606144,51.2030575463774));
#9704=CARTESIAN_POINT('Ctrl Pts',(14.7,-2.05344422576787,51.1270091713785));
#9705=CARTESIAN_POINT('Ctrl Pts',(14.7,-2.08693040205549,51.0492032051662));
#9706=CARTESIAN_POINT('Ctrl Pts',(14.7,-2.11995289380572,50.9724746215471));
#9707=CARTESIAN_POINT('Ctrl Pts',(14.7,-2.1491058648515,50.8940358319426));
#9708=CARTESIAN_POINT('Ctrl Pts',(14.7,-2.17418559025254,50.8142205526477));
#9709=CARTESIAN_POINT('Ctrl Pts',(14.7,-2.1834184560607,50.7848373057665));
#9710=CARTESIAN_POINT('Ctrl Pts',(14.7,-2.19209878057866,50.7552674942507));
#9711=CARTESIAN_POINT('Ctrl Pts',(14.7,-2.20021458488151,50.7255278625172));
#9712=CARTESIAN_POINT('Ctrl Pts',(14.7,-2.2038136538142,50.7123393995322));
#9713=CARTESIAN_POINT('Ctrl Pts',(14.7,-2.20730225323054,50.699115321344));
#9714=CARTESIAN_POINT('Ctrl Pts',(14.7,-2.21067746539827,50.6858642337398));
#9715=CARTESIAN_POINT('Ctrl Pts',(14.7,-2.23116566910197,50.6054275178721));
#9716=CARTESIAN_POINT('Ctrl Pts',(14.7,-2.24741981063824,50.5242387325866));
#9717=CARTESIAN_POINT('Ctrl Pts',(14.7,-2.25929884700587,50.4426350755539));
#9718=CARTESIAN_POINT('Ctrl Pts',(14.7,-2.27100154376782,50.3622427925971));
#9719=CARTESIAN_POINT('Ctrl Pts',(14.7,-2.27845822282288,50.2814469683666));
#9720=CARTESIAN_POINT('Ctrl Pts',(14.7,-2.28148420816618,50.2005664444923));
#9721=CARTESIAN_POINT('Ctrl Pts',(14.7,-2.28441078658341,50.1223429342336));
#9722=CARTESIAN_POINT('Ctrl Pts',(14.7,-2.28319298339569,50.0440394878594));
#9723=CARTESIAN_POINT('Ctrl Pts',(14.7,-2.27761597558581,49.965952782451));
#9724=CARTESIAN_POINT('Ctrl Pts',(14.7,-2.2752653437801,49.9330403140462));
#9725=CARTESIAN_POINT('Ctrl Pts',(14.7,-2.272139703046,49.9001665123476));
#9726=CARTESIAN_POINT('Ctrl Pts',(14.7,-2.26822030202185,49.8673545022881));
#9727=CARTESIAN_POINT('Ctrl Pts',(14.7,-2.26588668528088,49.8478181865326));
#9728=CARTESIAN_POINT('Ctrl Pts',(14.7,-2.26327164176344,49.8283037885483));
#9729=CARTESIAN_POINT('Ctrl Pts',(14.7,-2.26037776413979,49.8088158809321));
#9730=CARTESIAN_POINT('Ctrl Pts',(20.7443826785197,-0.481668359860298,52.4997491460872));
#9731=CARTESIAN_POINT('Ctrl Pts',(20.7414135590683,-0.389166513794798,52.5183239061315));
#9732=CARTESIAN_POINT('Ctrl Pts',(20.7136894804463,0.483920493051388,52.64123676007));
#9733=CARTESIAN_POINT('Ctrl Pts',(20.6859654018243,1.40026946660609,52.263546105306));
#9734=CARTESIAN_POINT('Ctrl Pts',(20.6612104426537,1.92129034220331,51.6722607876393));
#9735=CARTESIAN_POINT('Origin',(22.1041828560753,-1.35349083912302E-15,
50.0000008493662));
#9736=CARTESIAN_POINT('Origin',(-14.7,2.70034619211991E-15,50.0000008493662));
#9737=CARTESIAN_POINT('Origin',(1.80023079474661E-15,14.7,50.0000008493662));
#9738=CARTESIAN_POINT('Origin',(14.7,-9.00115397373305E-16,50.0000008493662));
#9739=CARTESIAN_POINT('Ctrl Pts',(-1.99387302669592,-20.6539819490919,51.073197604819));
#9740=CARTESIAN_POINT('Ctrl Pts',(-1.63687497463421,-20.6275105661087,51.736457890477));
#9741=CARTESIAN_POINT('Ctrl Pts',(-0.214680731261091,-20.5745678001424,
52.667032906531));
#9742=CARTESIAN_POINT('Ctrl Pts',(2.1293206525396,-20.4951536511928,51.6246758413073));
#9743=CARTESIAN_POINT('Ctrl Pts',(2.51729259407978,-20.4157395022433,49.0918226334342));
#9744=CARTESIAN_POINT('Ctrl Pts',(0.602340177084113,-20.3363253532937,47.3920137942007));
#9745=CARTESIAN_POINT('Ctrl Pts',(-1.86571643242209,-20.2569112043442,48.0803648487531));
#9746=CARTESIAN_POINT('Ctrl Pts',(-2.6241769917275,-20.1774970553946,50.5273026070097));
#9747=CARTESIAN_POINT('Ctrl Pts',(-0.979395995469564,-20.0980829064451,
52.4911056493335));
#9748=CARTESIAN_POINT('Ctrl Pts',(1.56263703214624,-20.0186687574955,52.1732760426907));
#9749=CARTESIAN_POINT('Ctrl Pts',(2.67329126268535,-19.939254608546,49.8648088810121));
#9750=CARTESIAN_POINT('Ctrl Pts',(1.33540757893432,-19.8598404595964,47.6801901639692));
#9751=CARTESIAN_POINT('Ctrl Pts',(-1.22565757984215,-19.7804263106469,47.6203770646198));
#9752=CARTESIAN_POINT('Ctrl Pts',(-2.66407763189321,-19.7010121616973,49.7401704223782));
#9753=CARTESIAN_POINT('Ctrl Pts',(-1.66235870286793,-19.6215980127478,52.0979511874253));
#9754=CARTESIAN_POINT('Ctrl Pts',(0.861990144273395,-19.5421838637983,52.5341290029158));
#9755=CARTESIAN_POINT('Ctrl Pts',(2.59680306414345,-19.4627697148487,50.6491875741686));
#9756=CARTESIAN_POINT('Ctrl Pts',(1.9530915013529,-19.3833555658992,48.1696280312682));
#9757=CARTESIAN_POINT('Ctrl Pts',(-0.479542199445319,-19.3039414169496,
47.3665866637809));
#9758=CARTESIAN_POINT('Ctrl Pts',(-2.47294207221972,-19.2245272680001,48.9756043662761));
#9759=CARTESIAN_POINT('Ctrl Pts',(-2.20126647474692,-19.1451131190505,51.5229114714816));
#9760=CARTESIAN_POINT('Ctrl Pts',(0.0866452080161959,-19.065698970101,52.6753182955868));
#9761=CARTESIAN_POINT('Ctrl Pts',(2.29519473752094,-18.9862848211514,51.3772851002104));
#9762=CARTESIAN_POINT('Ctrl Pts',(2.40147525049823,-18.9068706722019,48.8177371562005));
#9763=CARTESIAN_POINT('Ctrl Pts',(0.308139767058626,-18.8274565232523,47.3410761235574));
#9764=CARTESIAN_POINT('Ctrl Pts',(-2.06743437387294,-18.7480423743028,48.2998402925294));
#9765=CARTESIAN_POINT('Ctrl Pts',(-2.54935514416602,-18.6686282253532,50.81585571509));
#9766=CARTESIAN_POINT('Ctrl Pts',(-0.696210275235086,-18.5892140764037,
52.5845940600518));
#9767=CARTESIAN_POINT('Ctrl Pts',(1.79462396914343,-18.5097999274542,51.9859906834308));
#9768=CARTESIAN_POINT('Ctrl Pts',(2.64168379740297,-18.4303857785046,49.5683325430819));
#9769=CARTESIAN_POINT('Ctrl Pts',(1.0691101441722,-18.3509716295551,47.5460582437644));
#9770=CARTESIAN_POINT('Ctrl Pts',(-1.48270814935825,-18.2715574806055,47.7714570746679));
#9771=CARTESIAN_POINT('Ctrl Pts',(-2.67644933890167,-18.192143331656,50.0380764094211));
#9772=CARTESIAN_POINT('Ctrl Pts',(-1.41871377031568,-18.1127291827064,52.2698206769901));
#9773=CARTESIAN_POINT('Ctrl Pts',(1.13848365759862,-18.0333150337569,52.4225379024028));
#9774=CARTESIAN_POINT('Ctrl Pts',(2.65289421653663,-17.9539008848073,50.3563477138519));
#9775=CARTESIAN_POINT('Ctrl Pts',(1.73740318195102,-17.8744867358578,47.9637638800266));
#9776=CARTESIAN_POINT('Ctrl Pts',(-0.769451252688088,-17.7950725869083,
47.4362583541659));
#9777=CARTESIAN_POINT('Ctrl Pts',(-2.5715317037329,-17.7156584379587,49.2569964693951));
#9778=CARTESIAN_POINT('Ctrl Pts',(-2.01823403764702,-17.6362442890092,51.7582847232734));
#9779=CARTESIAN_POINT('Ctrl Pts',(0.383652265561451,-17.5568301400596,52.6490840400359));
#9780=CARTESIAN_POINT('Ctrl Pts',(2.4341347149583,-17.4774159911101,51.1134724481933));
#9781=CARTESIAN_POINT('Ctrl Pts',(2.25508694567716,-17.3980018421605,48.5579836236039));
#9782=CARTESIAN_POINT('Ctrl Pts',(0.0105066238077149,-17.318587693211,47.3233013102294));
#9783=CARTESIAN_POINT('Ctrl Pts',(-2.24369717335011,-17.2391735442614,48.5403249242846));
#9784=CARTESIAN_POINT('Ctrl Pts',(-2.44280080747678,-17.1597593953119,51.0943294229425));
#9785=CARTESIAN_POINT('Ctrl Pts',(-0.404436570576544,-17.0803452463623,
52.6459906211412));
#9786=CARTESIAN_POINT('Ctrl Pts',(2.00436877219845,-17.0009310974128,51.7740743081092));
#9787=CARTESIAN_POINT('Ctrl Pts',(2.57728527958355,-16.9215169484632,49.2772066880989));
#9788=CARTESIAN_POINT('Ctrl Pts',(0.789553718642201,-16.8421027995137,47.4423777853988));
#9789=CARTESIAN_POINT('Ctrl Pts',(-1.72136455185427,-16.7626886505641,47.9501874696335));
#9790=CARTESIAN_POINT('Ctrl Pts',(-2.65560990346221,-16.6832745016146,50.3355106886639));
#9791=CARTESIAN_POINT('Ctrl Pts',(-1.15746624560074,-16.603860352665,52.4135258031132));
#9792=CARTESIAN_POINT('Ctrl Pts',(1.40085126250295,-16.5244462037155,52.2808880787914));
#9793=CARTESIAN_POINT('Ctrl Pts',(2.67606796086001,-16.445032054766,50.0590861957168));
#9794=CARTESIAN_POINT('Ctrl Pts',(1.50015722365832,-16.3656179058164,47.7831654657921));
#9795=CARTESIAN_POINT('Ctrl Pts',(-1.04981298972695,-16.2862037568669,47.5377410122381));
#9796=CARTESIAN_POINT('Ctrl Pts',(-2.63821366181525,-16.2067896079173,49.5476078063399));
#9797=CARTESIAN_POINT('Ctrl Pts',(-1.810159314763,-16.1273754589678,51.9718411282177));
#9798=CARTESIAN_POINT('Ctrl Pts',(0.675898976578504,-16.0479613100182,52.5899798896784));
#9799=CARTESIAN_POINT('Ctrl Pts',(2.5428718437972,-15.9685471610687,50.8358437970215));
#9800=CARTESIAN_POINT('Ctrl Pts',(2.08071751539502,-15.8891330121191,48.316122702047));
#9801=CARTESIAN_POINT('Ctrl Pts',(-0.287257001836232,-15.8097188631696,
47.3387390282022));
#9802=CARTESIAN_POINT('Ctrl Pts',(-2.39211988433579,-15.73030471422,48.7989213280314));
#9803=CARTESIAN_POINT('Ctrl Pts',(-2.30593657527754,-15.6508905652705,51.3592245315593));
#9804=CARTESIAN_POINT('Ctrl Pts',(-0.107643717856468,-15.5714764163209,
52.6745559353513));
#9805=CARTESIAN_POINT('Ctrl Pts',(2.18924155542484,-15.4920622673714,51.5401446386091));
#9806=CARTESIAN_POINT('Ctrl Pts',(2.48091119345258,-15.4126481184219,48.9950503480192));
#9807=CARTESIAN_POINT('Ctrl Pts',(0.500193642976688,-15.3332339694723,47.3704302879471));
#9808=CARTESIAN_POINT('Ctrl Pts',(-1.93864868754255,-15.2538198205228,48.1543561626111));
#9809=CARTESIAN_POINT('Ctrl Pts',(-2.60184630702984,-15.1744056715732,50.6287737453709));
#9810=CARTESIAN_POINT('Ctrl Pts',(-0.881804035137113,-15.0949915226237,
52.5273000568162));
#9811=CARTESIAN_POINT('Ctrl Pts',(1.64573270700364,-15.0155773736741,52.1109048937568));
#9812=CARTESIAN_POINT('Ctrl Pts',(2.66624319618836,-14.9361632247246,49.7611548742295));
#9813=CARTESIAN_POINT('Ctrl Pts',(1.24388967544252,-14.856749075775,47.6299483933712));
#9814=CARTESIAN_POINT('Ctrl Pts',(-1.31634211332506,-14.7773349268255,47.6700237857904));
#9815=CARTESIAN_POINT('Ctrl Pts',(-2.67376698791578,-14.6979207778759,49.8433312444575));
#9816=CARTESIAN_POINT('Ctrl Pts',(-1.57630127424603,-14.6185066289264,52.162042038412));
#9817=CARTESIAN_POINT('Ctrl Pts',(0.108750707299301,-14.56556386296,52.3838666219861));
#9818=CARTESIAN_POINT('Ctrl Pts',(0.811900516779849,-14.5390924799768,52.1137885570967));
#9819=CARTESIAN_POINT('Ctrl Pts',(-2.07567610668799,-20.7076177890996,51.1172278910299));
#9820=CARTESIAN_POINT('Ctrl Pts',(-1.70403141473557,-20.6811464061164,51.8076999065607));
#9821=CARTESIAN_POINT('Ctrl Pts',(-0.223488486216884,-20.6282036401501,
52.7764538344401));
#9822=CARTESIAN_POINT('Ctrl Pts',(2.21668077293659,-20.5487894912005,51.6913317499571));
#9823=CARTESIAN_POINT('Ctrl Pts',(2.62057012714226,-20.469375342251,49.0545626001972));
#9824=CARTESIAN_POINT('Ctrl Pts',(0.627052523872864,-20.3899611933014,47.285015318954));
#9825=CARTESIAN_POINT('Ctrl Pts',(-1.94226160281183,-20.3105470443519,48.0016075080341));
#9826=CARTESIAN_POINT('Ctrl Pts',(-2.73183969516623,-20.2311328954023,50.5489363355787));
#9827=CARTESIAN_POINT('Ctrl Pts',(-1.01957789666819,-20.1517187464528,52.5933087698391));
#9828=CARTESIAN_POINT('Ctrl Pts',(1.62674769537691,-20.0723045975032,52.262439495982));
#9829=CARTESIAN_POINT('Ctrl Pts',(2.78296898843599,-19.9928904485537,49.8592623295249));
#9830=CARTESIAN_POINT('Ctrl Pts',(1.39019564795325,-19.9134762996042,47.5850147658756));
#9831=CARTESIAN_POINT('Ctrl Pts',(-1.27594291080571,-19.8340621506546,47.52274770096));
#9832=CARTESIAN_POINT('Ctrl Pts',(-2.77337734792778,-19.7546480017051,49.7295103006359));
#9833=CARTESIAN_POINT('Ctrl Pts',(-1.73056066965594,-19.6752338527555,52.1840242708292));
#9834=CARTESIAN_POINT('Ctrl Pts',(0.897355209039441,-19.595819703806,52.6380972522875));
#9835=CARTESIAN_POINT('Ctrl Pts',(2.70334269125893,-19.5164055548564,50.6758219048746));
#9836=CARTESIAN_POINT('Ctrl Pts',(2.03322142847357,-19.4369914059069,48.0945329113436));
#9837=CARTESIAN_POINT('Ctrl Pts',(-0.499216485809382,-19.3575772569573,
47.2585449838989));
#9838=CARTESIAN_POINT('Ctrl Pts',(-2.57440002638281,-19.2781631080078,48.9335762198857));
#9839=CARTESIAN_POINT('Ctrl Pts',(-2.29157833267701,-19.1987489590582,51.5853922702956));
#9840=CARTESIAN_POINT('Ctrl Pts',(0.0902000205781688,-19.1193348101087,
52.785079150028));
#9841=CARTESIAN_POINT('Ctrl Pts',(2.38936021154911,-19.0399206611592,51.4337912529268));
#9842=CARTESIAN_POINT('Ctrl Pts',(2.5000011191896,-18.9605065122096,48.7692321560481));
#9843=CARTESIAN_POINT('Ctrl Pts',(0.320781887031131,-18.8810923632601,47.2319878169671));
#9844=CARTESIAN_POINT('Ctrl Pts',(-2.15225547190672,-18.8016782143105,48.2300874205219));
#9845=CARTESIAN_POINT('Ctrl Pts',(-2.65394811472844,-18.722264065361,50.84932797734));
#9846=CARTESIAN_POINT('Ctrl Pts',(-0.724773851788768,-18.6428499164114,
52.6906327507456));
#9847=CARTESIAN_POINT('Ctrl Pts',(1.86825241295,-18.5634357674619,52.0674703378944));
#9848=CARTESIAN_POINT('Ctrl Pts',(2.75006475652093,-18.4840216185123,49.5506223897691));
#9849=CARTESIAN_POINT('Ctrl Pts',(1.11297276805702,-18.4046074695628,47.445379785019));
#9850=CARTESIAN_POINT('Ctrl Pts',(-1.54353955222238,-18.3251933206132,47.6800261047782));
#9851=CARTESIAN_POINT('Ctrl Pts',(-2.78625663176009,-18.2457791716637,50.0396385440423));
#9852=CARTESIAN_POINT('Ctrl Pts',(-1.47691966130529,-18.1663650227141,52.362945088846));
#9853=CARTESIAN_POINT('Ctrl Pts',(1.18519248432193,-18.0869508737646,52.5219278784345));
#9854=CARTESIAN_POINT('Ctrl Pts',(2.76173510805792,-18.0075367248151,50.3709676373225));
#9855=CARTESIAN_POINT('Ctrl Pts',(1.80868401556916,-17.9281225758655,47.8802227249703));
#9856=CARTESIAN_POINT('Ctrl Pts',(-0.8010197034023,-17.848708426916,47.331075110496));
#9857=CARTESIAN_POINT('Ctrl Pts',(-2.67703451702448,-17.7692942779664,49.2265130605142));
#9858=CARTESIAN_POINT('Ctrl Pts',(-2.10103658234965,-17.6898801290169,51.8304222337669));
#9859=CARTESIAN_POINT('Ctrl Pts',(0.399392453902768,-17.6104659800673,52.7577685757363));
#9860=CARTESIAN_POINT('Ctrl Pts',(2.53400051089074,-17.5310518311178,51.1591550995197));
#9861=CARTESIAN_POINT('Ctrl Pts',(2.34760690825071,-17.4516376821682,48.4988216564728));
#9862=CARTESIAN_POINT('Ctrl Pts',(0.0109376814409132,-17.3722235332187,
47.2134837523493));
#9863=CARTESIAN_POINT('Ctrl Pts',(-2.33574984515625,-17.2928093842691,48.4804384696993));
#9864=CARTESIAN_POINT('Ctrl Pts',(-2.54302214914861,-17.2133952353196,51.1392266890388));
#9865=CARTESIAN_POINT('Ctrl Pts',(-0.421029481304373,-17.1339810863701,
52.7545482424443));
#9866=CARTESIAN_POINT('Ctrl Pts',(2.08660246351703,-17.0545669374205,51.8468596214739));
#9867=CARTESIAN_POINT('Ctrl Pts',(2.68302414613391,-16.975152788471,49.2475524484355));
#9868=CARTESIAN_POINT('Ctrl Pts',(0.82194691777743,-16.8957386395214,47.3374456050192));
#9869=CARTESIAN_POINT('Ctrl Pts',(-1.79198736496499,-16.8163244905719,47.8660893121149));
#9870=CARTESIAN_POINT('Ctrl Pts',(-2.76456221208572,-16.7369103416223,50.3492757267855));
#9871=CARTESIAN_POINT('Ctrl Pts',(-1.20495387525883,-16.6574961926728,52.5125460377074));
#9872=CARTESIAN_POINT('Ctrl Pts',(1.45832430434123,-16.5780820437232,52.3744665554462));
#9873=CARTESIAN_POINT('Ctrl Pts',(2.78585960683518,-16.4986678947737,50.061510303596));
#9874=CARTESIAN_POINT('Ctrl Pts',(1.56170451364346,-16.4192537458241,47.6922148587153));
#9875=CARTESIAN_POINT('Ctrl Pts',(-1.09288390488832,-16.3398395968746,47.4367213205522));
#9876=CARTESIAN_POINT('Ctrl Pts',(-2.74645225089496,-16.260425447925,49.5290473745616));
#9877=CARTESIAN_POINT('Ctrl Pts',(-1.88442513071084,-16.1810112989755,52.0527402656767));
#9878=CARTESIAN_POINT('Ctrl Pts',(0.703629236884616,-16.1015971500259,52.6962395460236));
#9879=CARTESIAN_POINT('Ctrl Pts',(2.64719882252786,-16.0221830010764,50.8701361148333));
#9880=CARTESIAN_POINT('Ctrl Pts',(2.16608358388276,-15.9427688521269,48.2470378521404));
#9881=CARTESIAN_POINT('Ctrl Pts',(-0.299042359873014,-15.8633547031773,
47.2295548370718));
#9882=CARTESIAN_POINT('Ctrl Pts',(-2.49026192830196,-15.7839405542278,48.7496443666376));
#9883=CARTESIAN_POINT('Ctrl Pts',(-2.40054275711483,-15.7045264052782,51.4149897092376));
#9884=CARTESIAN_POINT('Ctrl Pts',(-0.112060041034805,-15.6251122563287,
52.7842855122665));
#9885=CARTESIAN_POINT('Ctrl Pts',(2.27906006426798,-15.5456981073791,51.6033324664717));
#9886=CARTESIAN_POINT('Ctrl Pts',(2.58269609855636,-15.4662839584296,48.9538200163236));
#9887=CARTESIAN_POINT('Ctrl Pts',(0.5207152007891,-15.38686980948,47.2625463013037));
#9888=CARTESIAN_POINT('Ctrl Pts',(-2.0181860660718,-15.3074556605305,48.0786344802743));
#9889=CARTESIAN_POINT('Ctrl Pts',(-2.70859284441279,-15.2280415115809,50.654570553302));
#9890=CARTESIAN_POINT('Ctrl Pts',(-0.917982008888628,-15.1486273626314,
52.6309881334704));
#9891=CARTESIAN_POINT('Ctrl Pts',(1.71325255529593,-15.0692132136819,52.1975094318026));
#9892=CARTESIAN_POINT('Ctrl Pts',(2.77563175931946,-14.9897990647323,49.7513556863433));
#9893=CARTESIAN_POINT('Ctrl Pts',(1.29492301871923,-14.9103849157827,47.5327117147828));
#9894=CARTESIAN_POINT('Ctrl Pts',(-1.37034797917084,-14.8309707668332,47.5744312893979));
#9895=CARTESIAN_POINT('Ctrl Pts',(-2.78346423135314,-14.7515566178837,49.8369035251138));
#9896=CARTESIAN_POINT('Ctrl Pts',(-1.64097254343033,-14.6721424689341,52.2507445916666));
#9897=CARTESIAN_POINT('Ctrl Pts',(0.113212447184084,-14.6191997029677,52.4816700226426));
#9898=CARTESIAN_POINT('Ctrl Pts',(0.845210543060613,-14.5927283199846,52.200511403851));
#9899=CARTESIAN_POINT('Ctrl Pts',(-2.15747918668007,-20.7612536291073,51.1612581772407));
#9900=CARTESIAN_POINT('Ctrl Pts',(-1.77118785483693,-20.7347822461242,51.8789419226444));
#9901=CARTESIAN_POINT('Ctrl Pts',(-0.232296241172681,-20.6818394801578,
52.885874762349));
#9902=CARTESIAN_POINT('Ctrl Pts',(2.30404089333358,-20.6024253312083,51.757987658607));
#9903=CARTESIAN_POINT('Ctrl Pts',(2.72384766020473,-20.5230111822587,49.0173025669602));
#9904=CARTESIAN_POINT('Ctrl Pts',(0.651764870661618,-20.4435970333091,47.1780168437073));
#9905=CARTESIAN_POINT('Ctrl Pts',(-2.01880677320157,-20.3641828843596,47.9228501673152));
#9906=CARTESIAN_POINT('Ctrl Pts',(-2.83950239860496,-20.2847687354101,50.5705700641476));
#9907=CARTESIAN_POINT('Ctrl Pts',(-1.05975979786683,-20.2053545864605,52.6955118903448));
#9908=CARTESIAN_POINT('Ctrl Pts',(1.69085835860759,-20.125940437511,52.3516029492731));
#9909=CARTESIAN_POINT('Ctrl Pts',(2.89264671418664,-20.0465262885614,49.8537157780376));
#9910=CARTESIAN_POINT('Ctrl Pts',(1.44498371697217,-19.9671121396119,47.4898393677819));
#9911=CARTESIAN_POINT('Ctrl Pts',(-1.32622824176927,-19.8876979906624,47.4251183373003));
#9912=CARTESIAN_POINT('Ctrl Pts',(-2.88267706396235,-19.8082838417128,49.7188501788936));
#9913=CARTESIAN_POINT('Ctrl Pts',(-1.79876263644395,-19.7288696927633,52.2700973542331));
#9914=CARTESIAN_POINT('Ctrl Pts',(0.932720273805489,-19.6494555438137,52.7420655016592));
#9915=CARTESIAN_POINT('Ctrl Pts',(2.8098823183744,-19.5700413948641,50.7024562355806));
#9916=CARTESIAN_POINT('Ctrl Pts',(2.11335135559423,-19.4906272459146,48.019437791419));
#9917=CARTESIAN_POINT('Ctrl Pts',(-0.518890772173448,-19.4112130969651,
47.1505033040169));
#9918=CARTESIAN_POINT('Ctrl Pts',(-2.67585798054591,-19.3317989480155,48.8915480734953));
#9919=CARTESIAN_POINT('Ctrl Pts',(-2.38189019060709,-19.252384799066,51.6478730691097));
#9920=CARTESIAN_POINT('Ctrl Pts',(0.0937548331401435,-19.1729706501164,
52.8948400044692));
#9921=CARTESIAN_POINT('Ctrl Pts',(2.48352568557728,-19.0935565011669,51.4902974056432));
#9922=CARTESIAN_POINT('Ctrl Pts',(2.59852698788096,-19.0141423522173,48.7207271558958));
#9923=CARTESIAN_POINT('Ctrl Pts',(0.333424007003639,-18.9347282032678,47.1228995103768));
#9924=CARTESIAN_POINT('Ctrl Pts',(-2.2370765699405,-18.8553140543182,48.1603345485145));
#9925=CARTESIAN_POINT('Ctrl Pts',(-2.75854108529086,-18.7758999053687,50.8828002395899));
#9926=CARTESIAN_POINT('Ctrl Pts',(-0.753337428342456,-18.6964857564191,
52.7966714414395));
#9927=CARTESIAN_POINT('Ctrl Pts',(1.94188085675658,-18.6170716074696,52.1489499923579));
#9928=CARTESIAN_POINT('Ctrl Pts',(2.85844571563888,-18.5376574585201,49.5329122364564));
#9929=CARTESIAN_POINT('Ctrl Pts',(1.15683539194184,-18.4582433095705,47.3447013262734));
#9930=CARTESIAN_POINT('Ctrl Pts',(-1.60437095508651,-18.3788291606209,47.5885951348887));
#9931=CARTESIAN_POINT('Ctrl Pts',(-2.89606392461852,-18.2994150116714,50.0412006786632));
#9932=CARTESIAN_POINT('Ctrl Pts',(-1.5351255522949,-18.2200008627219,52.4560695007022));
#9933=CARTESIAN_POINT('Ctrl Pts',(1.23190131104523,-18.1405867137723,52.621317854466));
#9934=CARTESIAN_POINT('Ctrl Pts',(2.87057599957922,-18.0611725648228,50.3855875607931));
#9935=CARTESIAN_POINT('Ctrl Pts',(1.87996484918731,-17.9817584158732,47.7966815699141));
#9936=CARTESIAN_POINT('Ctrl Pts',(-0.832588154116511,-17.9023442669237,
47.225891866826));
#9937=CARTESIAN_POINT('Ctrl Pts',(-2.78253733031606,-17.8229301179741,49.1960296516334));
#9938=CARTESIAN_POINT('Ctrl Pts',(-2.18383912705228,-17.7435159690246,51.9025597442604));
#9939=CARTESIAN_POINT('Ctrl Pts',(0.415132642244083,-17.6641018200751,52.8664531114367));
#9940=CARTESIAN_POINT('Ctrl Pts',(2.63386630682319,-17.5846876711255,51.2048377508461));
#9941=CARTESIAN_POINT('Ctrl Pts',(2.44012687082425,-17.505273522176,48.4396596893417));
#9942=CARTESIAN_POINT('Ctrl Pts',(0.0113687390741151,-17.4258593732264,
47.1036661944691));
#9943=CARTESIAN_POINT('Ctrl Pts',(-2.42780251696239,-17.3464452242769,48.4205520151141));
#9944=CARTESIAN_POINT('Ctrl Pts',(-2.64324349082043,-17.2670310753273,51.1841239551351));
#9945=CARTESIAN_POINT('Ctrl Pts',(-0.437622392032204,-17.1876169263778,
52.8631058637476));
#9946=CARTESIAN_POINT('Ctrl Pts',(2.16883615483562,-17.1082027774282,51.9196449348385));
#9947=CARTESIAN_POINT('Ctrl Pts',(2.78876301268427,-17.0287886284787,49.2178982087722));
#9948=CARTESIAN_POINT('Ctrl Pts',(0.854340116912661,-16.9493744795291,47.2325134246396));
#9949=CARTESIAN_POINT('Ctrl Pts',(-1.86261017807572,-16.8699603305796,47.7819911545964));
#9950=CARTESIAN_POINT('Ctrl Pts',(-2.87351452070923,-16.79054618163,50.3630407649071));
#9951=CARTESIAN_POINT('Ctrl Pts',(-1.25244150491693,-16.7111320326805,52.6115662723014));
#9952=CARTESIAN_POINT('Ctrl Pts',(1.51579734617952,-16.6317178837309,52.4680450321012));
#9953=CARTESIAN_POINT('Ctrl Pts',(2.89565125281036,-16.5523037347814,50.063934411475));
#9954=CARTESIAN_POINT('Ctrl Pts',(1.6232518036286,-16.4728895858318,47.6012642516387));
#9955=CARTESIAN_POINT('Ctrl Pts',(-1.13595482004968,-16.3934754368823,47.3357016288662));
#9956=CARTESIAN_POINT('Ctrl Pts',(-2.85469083997466,-16.3140612879327,49.5104869427834));
#9957=CARTESIAN_POINT('Ctrl Pts',(-1.95869094665868,-16.2346471389832,52.1336394031357));
#9958=CARTESIAN_POINT('Ctrl Pts',(0.731359497190728,-16.1552329900336,52.8024992023687));
#9959=CARTESIAN_POINT('Ctrl Pts',(2.75152580125851,-16.0758188410841,50.9044284326451));
#9960=CARTESIAN_POINT('Ctrl Pts',(2.25144965237049,-15.9964046921346,48.1779530022339));
#9961=CARTESIAN_POINT('Ctrl Pts',(-0.310827717909795,-15.916990543185,47.1203706459414));
#9962=CARTESIAN_POINT('Ctrl Pts',(-2.58840397226813,-15.8375763942355,48.7003674052438));
#9963=CARTESIAN_POINT('Ctrl Pts',(-2.49514893895213,-15.7581622452859,51.4707548869159));
#9964=CARTESIAN_POINT('Ctrl Pts',(-0.11647636421314,-15.6787480963364,52.8940150891817));
#9965=CARTESIAN_POINT('Ctrl Pts',(2.36887857311113,-15.5993339473868,51.6665202943343));
#9966=CARTESIAN_POINT('Ctrl Pts',(2.68448100366014,-15.5199197984373,48.9125896846279));
#9967=CARTESIAN_POINT('Ctrl Pts',(0.541236758601511,-15.4405056494878,47.1546623146603));
#9968=CARTESIAN_POINT('Ctrl Pts',(-2.09772344460105,-15.3610915005382,48.0029127979374));
#9969=CARTESIAN_POINT('Ctrl Pts',(-2.81533938179574,-15.2816773515886,50.6803673612331));
#9970=CARTESIAN_POINT('Ctrl Pts',(-0.954159982640137,-15.2022632026391,
52.7346762101248));
#9971=CARTESIAN_POINT('Ctrl Pts',(1.78077240358821,-15.1228490536896,52.2841139698483));
#9972=CARTESIAN_POINT('Ctrl Pts',(2.88502032245055,-15.04343490474,49.741556498457));
#9973=CARTESIAN_POINT('Ctrl Pts',(1.34595636199593,-14.9640207557905,47.4354750361942));
#9974=CARTESIAN_POINT('Ctrl Pts',(-1.42435384501662,-14.8846066068409,47.4788387930054));
#9975=CARTESIAN_POINT('Ctrl Pts',(-2.8931614747905,-14.8051924578914,49.83047580577));
#9976=CARTESIAN_POINT('Ctrl Pts',(-1.70564381261462,-14.7257783089418,52.3394471449214));
#9977=CARTESIAN_POINT('Ctrl Pts',(0.117674187068865,-14.6728355429755,52.579473423299));
#9978=CARTESIAN_POINT('Ctrl Pts',(0.878520569341377,-14.6463641599923,52.2872342506054));
#9979=CARTESIAN_POINT('Ctrl Pts',(-2.23928226667214,-20.8148894691151,51.2052884634516));
#9980=CARTESIAN_POINT('Ctrl Pts',(-1.83834429493829,-20.7884180861319,51.9501839387282));
#9981=CARTESIAN_POINT('Ctrl Pts',(-0.241103996128476,-20.7354753201655,
52.9952956902579));
#9982=CARTESIAN_POINT('Ctrl Pts',(2.39140101373058,-20.6560611712159,51.8246435672569));
#9983=CARTESIAN_POINT('Ctrl Pts',(2.8271251932672,-20.5766470222665,48.9800425337233));
#9984=CARTESIAN_POINT('Ctrl Pts',(0.676477217450372,-20.4972328733168,47.0710183684607));
#9985=CARTESIAN_POINT('Ctrl Pts',(-2.09535194359131,-20.4178187243674,47.8440928265962));
#9986=CARTESIAN_POINT('Ctrl Pts',(-2.94716510204369,-20.3384045754178,50.5922037927167));
#9987=CARTESIAN_POINT('Ctrl Pts',(-1.09994169906546,-20.2589904264683,52.7977150108504));
#9988=CARTESIAN_POINT('Ctrl Pts',(1.75496902183827,-20.1795762775187,52.4407664025643));
#9989=CARTESIAN_POINT('Ctrl Pts',(3.00232443993728,-20.1001621285691,49.8481692265504));
#9990=CARTESIAN_POINT('Ctrl Pts',(1.49977178599109,-20.0207479796196,47.3946639696883));
#9991=CARTESIAN_POINT('Ctrl Pts',(-1.37651357273283,-19.9413338306701,47.3274889736405));
#9992=CARTESIAN_POINT('Ctrl Pts',(-2.99197677999692,-19.8619196817205,49.7081900571513));
#9993=CARTESIAN_POINT('Ctrl Pts',(-1.86696460323196,-19.782505532771,52.356170437637));
#9994=CARTESIAN_POINT('Ctrl Pts',(0.968085338571535,-19.7030913838214,52.8460337510309));
#9995=CARTESIAN_POINT('Ctrl Pts',(2.91642194548988,-19.6236772348719,50.7290905662866));
#9996=CARTESIAN_POINT('Ctrl Pts',(2.1934812827149,-19.5442630859223,47.9443426714943));
#9997=CARTESIAN_POINT('Ctrl Pts',(-0.538565058537513,-19.4648489369728,
47.0424616241348));
#9998=CARTESIAN_POINT('Ctrl Pts',(-2.77731593470901,-19.3854347880232,48.8495199271049));
#9999=CARTESIAN_POINT('Ctrl Pts',(-2.47220204853718,-19.3060206390737,51.7103538679237));
#10000=CARTESIAN_POINT('Ctrl Pts',(0.0973096457021166,-19.2266064901241,
53.0046008589104));
#10001=CARTESIAN_POINT('Ctrl Pts',(2.57769115960546,-19.1471923411746,51.5468035583596));
#10002=CARTESIAN_POINT('Ctrl Pts',(2.69705285657232,-19.067778192225,48.6722221557434));
#10003=CARTESIAN_POINT('Ctrl Pts',(0.346066126976146,-18.9883640432755,
47.0138112037865));
#10004=CARTESIAN_POINT('Ctrl Pts',(-2.32189766797429,-18.9089498943259,
48.0905816765071));
#10005=CARTESIAN_POINT('Ctrl Pts',(-2.86313405585329,-18.8295357453764,
50.9162725018399));
#10006=CARTESIAN_POINT('Ctrl Pts',(-0.781901004896142,-18.7501215964268,
52.9027101321334));
#10007=CARTESIAN_POINT('Ctrl Pts',(2.01550930056316,-18.6707074474773,52.2304296468215));
#10008=CARTESIAN_POINT('Ctrl Pts',(2.96682667475683,-18.5912932985278,49.5152020831436));
#10009=CARTESIAN_POINT('Ctrl Pts',(1.20069801582666,-18.5118791495782,47.2440228675278));
#10010=CARTESIAN_POINT('Ctrl Pts',(-1.66520235795063,-18.4324650006287,
47.4971641649991));
#10011=CARTESIAN_POINT('Ctrl Pts',(-3.00587121747694,-18.3530508516791,
50.0427628132842));
#10012=CARTESIAN_POINT('Ctrl Pts',(-1.59333144328451,-18.2736367027296,
52.5491939125582));
#10013=CARTESIAN_POINT('Ctrl Pts',(1.27861013776853,-18.1942225537801,52.7207078304976));
#10014=CARTESIAN_POINT('Ctrl Pts',(2.97941689110052,-18.1148084048305,50.4002074842637));
#10015=CARTESIAN_POINT('Ctrl Pts',(1.95124568280545,-18.035394255881,47.7131404148578));
#10016=CARTESIAN_POINT('Ctrl Pts',(-0.86415660483072,-17.9559801069314,
47.120708623156));
#10017=CARTESIAN_POINT('Ctrl Pts',(-2.88804014360764,-17.8765659579819,
49.1655462427526));
#10018=CARTESIAN_POINT('Ctrl Pts',(-2.26664167175492,-17.7971518090323,
51.9746972547539));
#10019=CARTESIAN_POINT('Ctrl Pts',(0.4308728305854,-17.7177376600828,52.9751376471371));
#10020=CARTESIAN_POINT('Ctrl Pts',(2.73373210275563,-17.6383235111332,51.2505204021726));
#10021=CARTESIAN_POINT('Ctrl Pts',(2.5326468333978,-17.5589093621837,48.3804977222106));
#10022=CARTESIAN_POINT('Ctrl Pts',(0.0117997967073134,-17.4794952132341,
46.9938486365891));
#10023=CARTESIAN_POINT('Ctrl Pts',(-2.51985518876852,-17.4000810642846,
48.3606655605288));
#10024=CARTESIAN_POINT('Ctrl Pts',(-2.74346483249225,-17.320666915335,51.2290212212315));
#10025=CARTESIAN_POINT('Ctrl Pts',(-0.454215302760032,-17.2412527663855,
52.9716634850508));
#10026=CARTESIAN_POINT('Ctrl Pts',(2.2510698461542,-17.1618386174359,51.9924302482031));
#10027=CARTESIAN_POINT('Ctrl Pts',(2.89450187923464,-17.0824244684864,49.1882439691088));
#10028=CARTESIAN_POINT('Ctrl Pts',(0.88673331604789,-17.0030103195368,47.12758124426));
#10029=CARTESIAN_POINT('Ctrl Pts',(-1.93323299118644,-16.9235961705873,
47.6978929970778));
#10030=CARTESIAN_POINT('Ctrl Pts',(-2.98246682933274,-16.8441820216377,
50.3768058030288));
#10031=CARTESIAN_POINT('Ctrl Pts',(-1.29992913457502,-16.7647678726882,
52.7105865068955));
#10032=CARTESIAN_POINT('Ctrl Pts',(1.57327038801781,-16.6853537237386,52.5616235087561));
#10033=CARTESIAN_POINT('Ctrl Pts',(3.00544289878554,-16.6059395747891,50.066358519354));
#10034=CARTESIAN_POINT('Ctrl Pts',(1.68479909361374,-16.5265254258396,47.510313644562));
#10035=CARTESIAN_POINT('Ctrl Pts',(-1.17902573521105,-16.44711127689,47.2346819371802));
#10036=CARTESIAN_POINT('Ctrl Pts',(-2.96292942905437,-16.3676971279405,
49.491926511005));
#10037=CARTESIAN_POINT('Ctrl Pts',(-2.03295676260651,-16.2882829789909,
52.2145385405948));
#10038=CARTESIAN_POINT('Ctrl Pts',(0.75908975749684,-16.2088688300414,52.9087588587137));
#10039=CARTESIAN_POINT('Ctrl Pts',(2.85585277998917,-16.1294546810919,50.938720750457));
#10040=CARTESIAN_POINT('Ctrl Pts',(2.33681572085822,-16.0500405321423,48.1088681523273));
#10041=CARTESIAN_POINT('Ctrl Pts',(-0.322613075946576,-15.9706263831927,
47.011186454811));
#10042=CARTESIAN_POINT('Ctrl Pts',(-2.6865460162343,-15.8912122342432,48.6510904438501));
#10043=CARTESIAN_POINT('Ctrl Pts',(-2.58975512078942,-15.8117980852937,
51.5265200645941));
#10044=CARTESIAN_POINT('Ctrl Pts',(-0.120892687391477,-15.7323839363441,
53.003744666097));
#10045=CARTESIAN_POINT('Ctrl Pts',(2.45869708195427,-15.6529697873946,51.7297081221969));
#10046=CARTESIAN_POINT('Ctrl Pts',(2.78626590876392,-15.573555638445,48.8713593529322));
#10047=CARTESIAN_POINT('Ctrl Pts',(0.561758316413925,-15.4941414894955,
47.046778328017));
#10048=CARTESIAN_POINT('Ctrl Pts',(-2.1772608231303,-15.4147273405459,47.9271911156006));
#10049=CARTESIAN_POINT('Ctrl Pts',(-2.92208591917868,-15.3353131915964,
50.7061641691642));
#10050=CARTESIAN_POINT('Ctrl Pts',(-0.990337956391652,-15.2558990426468,
52.838364286779));
#10051=CARTESIAN_POINT('Ctrl Pts',(1.8482922518805,-15.1764848936973,52.370718507894));
#10052=CARTESIAN_POINT('Ctrl Pts',(2.99440888558165,-15.0970707447477,49.7317573105707));
#10053=CARTESIAN_POINT('Ctrl Pts',(1.39698970527264,-15.0176565957982,47.3382383576057));
#10054=CARTESIAN_POINT('Ctrl Pts',(-1.47835971086241,-14.9382424468486,
47.383246296613));
#10055=CARTESIAN_POINT('Ctrl Pts',(-3.00285871822785,-14.8588282978991,
49.8240480864263));
#10056=CARTESIAN_POINT('Ctrl Pts',(-1.77031508179892,-14.7794141489496,
52.4281496981761));
#10057=CARTESIAN_POINT('Ctrl Pts',(0.122135926953647,-14.7264713829832,
52.6772768239554));
#10058=CARTESIAN_POINT('Ctrl Pts',(0.911830595622142,-14.7,52.3739570973597));
#10059=CARTESIAN_POINT('Ctrl Pts',(0.911830595622141,-14.7,52.3739570973597));
#10060=CARTESIAN_POINT('Ctrl Pts',(0.828393926716398,-14.7,52.4009213398002));
#10061=CARTESIAN_POINT('Ctrl Pts',(0.743637419778708,-14.7,52.4231631809096));
#10062=CARTESIAN_POINT('Ctrl Pts',(0.657926040480405,-14.7,52.4407991467988));
#10063=CARTESIAN_POINT('Ctrl Pts',(0.567667980129814,-14.7,52.4593706373828));
#10064=CARTESIAN_POINT('Ctrl Pts',(0.476350010916389,-14.7,52.4728348864547));
#10065=CARTESIAN_POINT('Ctrl Pts',(0.384394394351709,-14.7,52.4812680985395));
#10066=CARTESIAN_POINT('Ctrl Pts',(0.366728062802537,-14.7,52.4828882705995));
#10067=CARTESIAN_POINT('Ctrl Pts',(0.349038213391114,-14.7,52.484322575372));
#10068=CARTESIAN_POINT('Ctrl Pts',(0.331327877867188,-14.7,52.4855713063368));
#10069=CARTESIAN_POINT('Ctrl Pts',(0.314277407376188,-14.7,52.486773511142));
#10070=CARTESIAN_POINT('Ctrl Pts',(0.297216861895187,-14.7,52.487803071109));
#10071=CARTESIAN_POINT('Ctrl Pts',(0.28015098047021,-14.7,52.4886606599092));
#10072=CARTESIAN_POINT('Ctrl Pts',(0.191485016667876,-14.7,52.4931162714077));
#10073=CARTESIAN_POINT('Ctrl Pts',(0.102656625242676,-14.7,52.4929353200086));
#10074=CARTESIAN_POINT('Ctrl Pts',(0.0140440893078388,-14.7,52.4882008061135));
#10075=CARTESIAN_POINT('Ctrl Pts',(-0.0512187732967145,-14.7,52.4847138510617));
#10076=CARTESIAN_POINT('Ctrl Pts',(-0.116364665391011,-14.7,52.4787557807043));
#10077=CARTESIAN_POINT('Ctrl Pts',(-0.181238594981446,-14.7,52.4703421034955));
#10078=CARTESIAN_POINT('Ctrl Pts',(-0.20541644827625,-14.7,52.4672064116311));
#10079=CARTESIAN_POINT('Ctrl Pts',(-0.22955647436917,-14.7,52.4637294970856));
#10080=CARTESIAN_POINT('Ctrl Pts',(-0.2536504300763,-14.7,52.4599116552023));
#10081=CARTESIAN_POINT('Ctrl Pts',(-0.26877369133843,-14.7,52.4575152774153));
#10082=CARTESIAN_POINT('Ctrl Pts',(-0.283870111597884,-14.7,52.4549859298318));
#10083=CARTESIAN_POINT('Ctrl Pts',(-0.298934056355923,-14.7,52.4523248026222));
#10084=CARTESIAN_POINT('Ctrl Pts',(-0.385233063306823,-14.7,52.4370796168993));
#10085=CARTESIAN_POINT('Ctrl Pts',(-0.470506714628179,-14.7,52.4175073503777));
#10086=CARTESIAN_POINT('Ctrl Pts',(-0.554395377293301,-14.7,52.3936900599961));
#10087=CARTESIAN_POINT('Ctrl Pts',(-0.636991103468607,-14.7,52.3702398543057));
#10088=CARTESIAN_POINT('Ctrl Pts',(-0.718245053264358,-14.7,52.3426741102546));
#10089=CARTESIAN_POINT('Ctrl Pts',(-0.797796813583435,-14.7,52.3110246480722));
#10090=CARTESIAN_POINT('Ctrl Pts',(-0.875754931184631,-14.7,52.2800092125252));
#10091=CARTESIAN_POINT('Ctrl Pts',(-0.952079087310936,-14.7,52.2450717028303));
#10092=CARTESIAN_POINT('Ctrl Pts',(-1.0264021163043,-14.7,52.2062021763183));
#10093=CARTESIAN_POINT('Ctrl Pts',(-1.04828667352778,-14.7,52.1947569703206));
#10094=CARTESIAN_POINT('Ctrl Pts',(-1.06999750322301,-14.7,52.1829706007811));
#10095=CARTESIAN_POINT('Ctrl Pts',(-1.09152461966998,-14.7,52.1708421981949));
#10096=CARTESIAN_POINT('Ctrl Pts',(-1.10894439838734,-14.7,52.1610278744899));
#10097=CARTESIAN_POINT('Ctrl Pts',(-1.12624387510418,-14.7,52.1509895797525));
#10098=CARTESIAN_POINT('Ctrl Pts',(-1.14341760429852,-14.7,52.1407267237166));
#10099=CARTESIAN_POINT('Ctrl Pts',(-1.15555125028872,-14.7,52.1334757731177));
#10100=CARTESIAN_POINT('Ctrl Pts',(-1.16761480799093,-14.7,52.126117057399));
#10101=CARTESIAN_POINT('Ctrl Pts',(-1.17960206656547,-14.7,52.1186536432916));
#10102=CARTESIAN_POINT('Ctrl Pts',(-1.25088875147944,-14.7,52.0742696795561));
#10103=CARTESIAN_POINT('Ctrl Pts',(-1.31953201330252,-14.7,52.0261551147242));
#10104=CARTESIAN_POINT('Ctrl Pts',(-1.3851924418339,-14.7,51.9743436424699));
#10105=CARTESIAN_POINT('Ctrl Pts',(-1.39734861401488,-14.7,51.9647514239639));
#10106=CARTESIAN_POINT('Ctrl Pts',(-1.40940246388766,-14.7,51.9550323745636));
#10107=CARTESIAN_POINT('Ctrl Pts',(-1.42135171570266,-14.7,51.9451865510942));
#10108=CARTESIAN_POINT('Ctrl Pts',(-1.48637215601618,-14.7,51.8916116673161));
#10109=CARTESIAN_POINT('Ctrl Pts',(-1.54829883086179,-14.7,51.8342859428165));
#10110=CARTESIAN_POINT('Ctrl Pts',(-1.60700187273747,-14.7,51.7735803517574));
#10111=CARTESIAN_POINT('Ctrl Pts',(-1.66703046040226,-14.7,51.7115039962876));
#10112=CARTESIAN_POINT('Ctrl Pts',(-1.72368874151063,-14.7,51.6458924899874));
#10113=CARTESIAN_POINT('Ctrl Pts',(-1.77679098626351,-14.7,51.5771144688583));
#10114=CARTESIAN_POINT('Ctrl Pts',(-1.7886863365121,-14.7,51.5617076126219));
#10115=CARTESIAN_POINT('Ctrl Pts',(-1.8004030440504,-14.7,51.5461417845049));
#10116=CARTESIAN_POINT('Ctrl Pts',(-1.81193866388449,-14.7,51.5304210159974));
#10117=CARTESIAN_POINT('Ctrl Pts',(-1.82142319646191,-14.7,51.5174954737903));
#10118=CARTESIAN_POINT('Ctrl Pts',(-1.83078665078758,-14.7,51.5044631011657));
#10119=CARTESIAN_POINT('Ctrl Pts',(-1.84001442930435,-14.7,51.4913453987002));
#10120=CARTESIAN_POINT('Ctrl Pts',(-1.88862476596869,-14.7,51.4222436173829));
#10121=CARTESIAN_POINT('Ctrl Pts',(-1.93355598754026,-14.7,51.3506668939659));
#10122=CARTESIAN_POINT('Ctrl Pts',(-1.97469519874383,-14.7,51.2769915807601));
#10123=CARTESIAN_POINT('Ctrl Pts',(-2.0159788762275,-14.7,51.2030575460543));
#10124=CARTESIAN_POINT('Ctrl Pts',(-2.05344422592226,-14.7,51.127009171051));
#10125=CARTESIAN_POINT('Ctrl Pts',(-2.08693040219805,-14.7,51.0492032048349));
#10126=CARTESIAN_POINT('Ctrl Pts',(-2.11995289392689,-14.7,50.9724746212348));
#10127=CARTESIAN_POINT('Ctrl Pts',(-2.14910586495344,-14.7,50.8940358316506));
#10128=CARTESIAN_POINT('Ctrl Pts',(-2.17418559033749,-14.7,50.8142205523773));
#10129=CARTESIAN_POINT('Ctrl Pts',(-2.18341845620876,-14.7,50.7848373052833));
#10130=CARTESIAN_POINT('Ctrl Pts',(-2.19209878078184,-14.7,50.7552674935522));
#10131=CARTESIAN_POINT('Ctrl Pts',(-2.20021458513154,-14.7,50.725527861601));
#10132=CARTESIAN_POINT('Ctrl Pts',(-2.20381365398931,-14.7,50.7123393988701));
#10133=CARTESIAN_POINT('Ctrl Pts',(-2.20730225333501,-14.7,50.6991153209374));
#10134=CARTESIAN_POINT('Ctrl Pts',(-2.21067746543643,-14.7,50.68586423359));
#10135=CARTESIAN_POINT('Ctrl Pts',(-2.23116566913476,-14.7,50.6054275177217));
#10136=CARTESIAN_POINT('Ctrl Pts',(-2.24741981066563,-14.7,50.524238732436));
#10137=CARTESIAN_POINT('Ctrl Pts',(-2.25929884702781,-14.7,50.4426350754032));
#10138=CARTESIAN_POINT('Ctrl Pts',(-2.27100154378448,-14.7,50.3622427924456));
#10139=CARTESIAN_POINT('Ctrl Pts',(-2.27845822283415,-14.7,50.2814469682145));
#10140=CARTESIAN_POINT('Ctrl Pts',(-2.28148420817189,-14.7,50.2005664443398));
#10141=CARTESIAN_POINT('Ctrl Pts',(-2.28441078658408,-14.7,50.1223429340716));
#10142=CARTESIAN_POINT('Ctrl Pts',(-2.2831929833902,-14.7,50.044039487688));
#10143=CARTESIAN_POINT('Ctrl Pts',(-2.27761597557293,-14.7,49.9659527822705));
#10144=CARTESIAN_POINT('Ctrl Pts',(-2.27526534376868,-14.7,49.933040313926));
#10145=CARTESIAN_POINT('Ctrl Pts',(-2.27213970303884,-14.7,49.9001665122876));
#10146=CARTESIAN_POINT('Ctrl Pts',(-2.26822030202185,-14.7,49.867354502288));
#10147=CARTESIAN_POINT('Ctrl Pts',(-2.26588668528088,-14.7,49.8478181865326));
#10148=CARTESIAN_POINT('Ctrl Pts',(-2.26327164176344,-14.7,49.8283037885483));
#10149=CARTESIAN_POINT('Ctrl Pts',(-2.26037776413979,-14.7,49.8088158809321));
#10150=CARTESIAN_POINT('Ctrl Pts',(-0.481668359860323,-20.7443826785197,
52.4997491460872));
#10151=CARTESIAN_POINT('Ctrl Pts',(-0.389166513794781,-20.7414135590683,
52.5183239061315));
#10152=CARTESIAN_POINT('Ctrl Pts',(0.48392049305141,-20.7136894804463,52.64123676007));
#10153=CARTESIAN_POINT('Ctrl Pts',(1.4002694666061,-20.6859654018243,52.2635461053059));
#10154=CARTESIAN_POINT('Ctrl Pts',(1.9212903422033,-20.6612104426537,51.6722607876393));
#10155=CARTESIAN_POINT('Origin',(0.,-22.1041828560753,50.0000008493662));
#10156=CARTESIAN_POINT('Origin',(0.,-14.7,50.0000008493662));
#10157=CARTESIAN_POINT('Origin',(0.,20.,2.5));
#10158=CARTESIAN_POINT('',(-18.5,-2.2655965784226E-15,2.5));
#10159=CARTESIAN_POINT('Origin',(0.,0.,2.5));
#10160=CARTESIAN_POINT('Origin',(0.,-20.,7.50000010430813));
#10161=CARTESIAN_POINT('',(-18.5,2.2655965784226E-15,7.5));
#10162=CARTESIAN_POINT('Origin',(0.,0.,7.50000010430813));
#10163=CARTESIAN_POINT('Origin',(0.,0.,0.));
#10164=CARTESIAN_POINT('',(-18.5,2.2655965784226E-15,5.00000007450581));
#10165=CARTESIAN_POINT('',(-18.5,-2.2655965784226E-15,0.));
#10166=CARTESIAN_POINT('Origin',(0.,0.,5.00000007450581));
#10167=CARTESIAN_POINT('Origin',(0.,0.,0.));
#10168=CARTESIAN_POINT('',(-18.5,2.2655965784226E-15,0.));
#10169=CARTESIAN_POINT('',(-18.5,-2.2655965784226E-15,0.));
#10170=CARTESIAN_POINT('Origin',(0.,0.,0.));
#10171=CARTESIAN_POINT('Origin',(0.,0.,0.));
#10172=CARTESIAN_POINT('Origin',(0.,0.,57.));
#10173=CARTESIAN_POINT('Origin',(1.00000001490116,-20.,5.00000007450581));
#10174=UNCERTAINTY_MEASURE_WITH_UNIT(LENGTH_MEASURE(0.01),#10178,
'DISTANCE_ACCURACY_VALUE',
'Maximum model space distance between geometric entities at asserted c
onnectivities');
#10175=UNCERTAINTY_MEASURE_WITH_UNIT(LENGTH_MEASURE(0.01),#10178,
'DISTANCE_ACCURACY_VALUE',
'Maximum model space distance between geometric entities at asserted c
onnectivities');
#10176=(
GEOMETRIC_REPRESENTATION_CONTEXT(3)
GLOBAL_UNCERTAINTY_ASSIGNED_CONTEXT((#10174))
GLOBAL_UNIT_ASSIGNED_CONTEXT((#10178,#10180,#10181))
REPRESENTATION_CONTEXT('','3D')
);
#10177=(
GEOMETRIC_REPRESENTATION_CONTEXT(3)
GLOBAL_UNCERTAINTY_ASSIGNED_CONTEXT((#10175))
GLOBAL_UNIT_ASSIGNED_CONTEXT((#10178,#10180,#10181))
REPRESENTATION_CONTEXT('','3D')
);
#10178=(
LENGTH_UNIT()
NAMED_UNIT(*)
SI_UNIT(.MILLI.,.METRE.)
);
#10179=(
LENGTH_UNIT()
NAMED_UNIT(*)
SI_UNIT($,.METRE.)
);
#10180=(
NAMED_UNIT(*)
PLANE_ANGLE_UNIT()
SI_UNIT($,.RADIAN.)
);
#10181=(
NAMED_UNIT(*)
SI_UNIT($,.STERADIAN.)
SOLID_ANGLE_UNIT()
);
#10182=SHAPE_DEFINITION_REPRESENTATION(#10183,#10184);
#10183=PRODUCT_DEFINITION_SHAPE('',$,#10186);
#10184=SHAPE_REPRESENTATION('',(#2351),#10176);
#10185=PRODUCT_DEFINITION_CONTEXT('part definition',#10190,'design');
#10186=PRODUCT_DEFINITION('forward closure','forward closure v13',#10187,
#10185);
#10187=PRODUCT_DEFINITION_FORMATION('',$,#10192);
#10188=PRODUCT_RELATED_PRODUCT_CATEGORY('forward closure v13',
'forward closure v13',(#10192));
#10189=APPLICATION_PROTOCOL_DEFINITION('international standard',
'automotive_design',2009,#10190);
#10190=APPLICATION_CONTEXT(
'Core Data for Automotive Mechanical Design Process');
#10191=PRODUCT_CONTEXT('part definition',#10190,'mechanical');
#10192=PRODUCT('forward closure','forward closure v13',$,(#10191));
#10193=PRESENTATION_STYLE_ASSIGNMENT((#10194));
#10194=SURFACE_STYLE_USAGE(.BOTH.,#10195);
#10195=SURFACE_SIDE_STYLE('',(#10196));
#10196=SURFACE_STYLE_FILL_AREA(#10197);
#10197=FILL_AREA_STYLE('Steel - Satin',(#10198));
#10198=FILL_AREA_STYLE_COLOUR('Steel - Satin',#10199);
#10199=COLOUR_RGB('Steel - Satin',0.627450980392157,0.627450980392157,0.627450980392157);
ENDSEC;
END-ISO-10303-21;
