ISO-10303-21;
HEADER;
FILE_DESCRIPTION (( 'STEP AP203' ),
    '1' );
FILE_NAME ('motorcasing.STEP',
    '2026-03-05T19:10:00',
    ( '' ),
    ( '' ),
    'SwSTEP 2.0',
    'SolidWorks 2024',
    '' );
FILE_SCHEMA (( 'CONFIG_CONTROL_DESIGN' ));
ENDSEC;

DATA;
#1 = LINE ( 'NONE', #438, #413 ) ;
#2 = ORIENTED_EDGE ( 'NONE', *, *, #302, .F. ) ;
#3 = CARTESIAN_POINT ( 'NONE',  ( 23.91750452917549907, 2.002038564271117149, 351.4665286433188953 ) ) ;
#4 = EDGE_CURVE ( 'NONE', #321, #1157, #525, .T. ) ;
#5 = CARTESIAN_POINT ( 'NONE',  ( 2.500000000000000000, 20.85065946199300058, 353.0000052601100151 ) ) ;
#6 = B_SPLINE_CURVE_WITH_KNOTS ( 'NONE', 3,
 ( #574, #692, #925, #580, #461, #22, #251, #141, #588, #29 ),
 .UNSPECIFIED., .F., .F.,
 ( 4, 2, 2, 2, 4 ),
 ( 0.000000000000000000, 0.2500000000000001665, 0.5000000000000002220, 0.7500000000000001110, 1.000000000000000000 ),
 .UNSPECIFIED. ) ;
#7 = CARTESIAN_POINT ( 'NONE',  ( 2.182786049697446273, 20.88663940048585133, 351.7370208575924266 ) ) ;
#8 = ORIENTED_EDGE ( 'NONE', *, *, #784, .F. ) ;
#9 = CYLINDRICAL_SURFACE ( 'NONE', #735, 2.500000000000000000 ) ;
#10 = ORIENTED_EDGE ( 'NONE', *, *, #4, .F. ) ;
#11 = CYLINDRICAL_SURFACE ( 'NONE', #163, 2.500000000000000000 ) ;
#12 = CARTESIAN_POINT ( 'NONE',  ( -2.499923279997573022, 20.85066866074316039, 353.3316708737697240 ) ) ;
#13 = CARTESIAN_POINT ( 'NONE',  ( -2.436271467700338089, 20.85859155648660135, 10.65125373580065293 ) ) ;
#14 = VERTEX_POINT ( 'NONE', #1266 ) ;
#15 = CARTESIAN_POINT ( 'NONE',  ( 0.6507146989959599059, 23.99313540982049986, 355.4365148439890163 ) ) ;
#16 = ORIENTED_EDGE ( 'NONE', *, *, #821, .T. ) ;
#17 = CARTESIAN_POINT ( 'NONE',  ( -23.87635881582250263, 2.436330972357949154, 10.65107327374944113 ) ) ;
#18 = CARTESIAN_POINT ( 'NONE',  ( 0.3315133425904954190, -20.99999999999999645, 355.4999924856336975 ) ) ;
#19 = CARTESIAN_POINT ( 'NONE',  ( 20.85859155648600449, 2.436271467705739102, 10.65125373579365231 ) ) ;
#20 = ORIENTED_EDGE ( 'NONE', *, *, #45, .F. ) ;
#21 = CIRCLE ( 'NONE', #464, 24.00000000000000000 ) ;
#22 = CARTESIAN_POINT ( 'NONE',  ( -20.90565484794374385, 2.002239483856394386, 11.53331157977723365 ) ) ;
#23 = APPROVAL_ROLE ( '' ) ;
#24 = VERTEX_POINT ( 'NONE', #595 ) ;
#25 = CARTESIAN_POINT ( 'NONE',  ( -2.002240475281656273, -20.90565476418867874, 11.53331011533037653 ) ) ;
#26 = CARTESIAN_POINT ( 'NONE',  ( -23.90086978175626342, -2.182806126138053582, 8.737027175742673180 ) ) ;
#27 = CARTESIAN_POINT ( 'NONE',  ( -20.85065946199300058, -2.500000000000000000, 353.0000052601100151 ) ) ;
#28 = CARTESIAN_POINT ( 'NONE',  ( 20.90565476418682422, -2.002240475303633804, 354.5333153753822444 ) ) ;
#29 = CARTESIAN_POINT ( 'NONE',  ( -20.85065946199300058, 2.500000000000000000, 10.00000000000000000 ) ) ;
#30 = AXIS2_PLACEMENT_3D ( 'NONE', #1117, #898, #102 ) ;
#31 = DIRECTION ( 'NONE',  ( 1.000000000000000000, 0.000000000000000000, 0.000000000000000000 ) ) ;
#32 = ORIENTED_EDGE ( 'NONE', *, *, #113, .T. ) ;
#33 = CARTESIAN_POINT ( 'NONE',  ( 24.00000000000000000, -2.296212748401286986E-16, 7.500000000000000000 ) ) ;
#34 = CARTESIAN_POINT ( 'NONE',  ( -0.3315133425905031905, -21.00000000000000000, 355.5000180345863896 ) ) ;
#35 = ADVANCED_FACE ( 'NONE', ( #579 ), #1175, .F. ) ;
#36 = CARTESIAN_POINT ( 'NONE',  ( 23.95210965619528309, -1.533500679429665059, 355.0020572112561013 ) ) ;
#37 = DIRECTION ( 'NONE',  ( -1.000000000000000000, 1.224646799147350002E-16, 0.000000000000000000 ) ) ;
#38 = B_SPLINE_CURVE_WITH_KNOTS ( 'NONE', 3,
 ( #66, #629, #1399, #1299, #388, #833, #845, #1406, #636, #1290 ),
 .UNSPECIFIED., .F., .F.,
 ( 4, 2, 2, 2, 4 ),
 ( 0.5000000000000000000, 0.6249999999999997780, 0.7499999999999995559, 0.8749999999999997780, 1.000000000000000000 ),
 .UNSPECIFIED. ) ;
#39 = DIRECTION ( 'NONE',  ( 0.000000000000000000, 0.000000000000000000, 1.000000000000000000 ) ) ;
#40 = VERTEX_POINT ( 'NONE', #139 ) ;
#41 = CARTESIAN_POINT ( 'NONE',  ( -2.499923263768147219, -20.85066866268907404, 10.33173578656881730 ) ) ;
#42 = CARTESIAN_POINT ( 'NONE',  ( -24.00000000000000000, -4.710290867584170455E-17, 7.500000000000000000 ) ) ;
#43 = CARTESIAN_POINT ( 'NONE',  ( -24.00000000000000000, 4.039251950781280106E-16, 355.5000052601100151 ) ) ;
#44 = CARTESIAN_POINT ( 'NONE',  ( 20.88666454430050123, -2.182558809758184726, 354.2634679221710599 ) ) ;
#45 = EDGE_CURVE ( 'NONE', #1326, #339, #1179, .T. ) ;
#46 = PERSON_AND_ORGANIZATION ( #520, #1068 ) ;
#47 = ORIENTED_EDGE ( 'NONE', *, *, #934, .F. ) ;
#48 = CARTESIAN_POINT ( 'NONE',  ( -20.85066890370300285, 2.499921253648333064, 9.668330417428185442 ) ) ;
#49 = CARTESIAN_POINT ( 'NONE',  ( -23.99999999999999289, -0.3316012895672390548, 7.499999999999998224 ) ) ;
#50 = EDGE_CURVE ( 'NONE', #902, #309, #474, .T. ) ;
#51 = ADVANCED_FACE ( 'NONE', ( #814, #162, #1272 ), #148, .T. ) ;
#52 = DIRECTION ( 'NONE',  ( 0.000000000000000000, 0.000000000000000000, 1.000000000000000000 ) ) ;
#53 = CARTESIAN_POINT ( 'NONE',  ( -2.002038564813630739, -23.91750452913542802, 354.5334818765768432 ) ) ;
#54 = AXIS2_PLACEMENT_3D ( 'NONE', #156, #1040, #31 ) ;
#55 = EDGE_LOOP ( 'NONE', ( #1302, #1374, #1259, #1359 ) ) ;
#56 = LOCAL_TIME ( 3, 10, 0.000000000000000000, #535 ) ;
#57 = CARTESIAN_POINT ( 'NONE',  ( 20.88666454430050123, -2.182558809758170959, 11.26346266206718560 ) ) ;
#58 = CARTESIAN_POINT ( 'NONE',  ( -20.94527029612854818, 1.533303555799472306, 355.0022184525402622 ) ) ;
#59 = CARTESIAN_POINT ( 'NONE',  ( -23.86943652456000109, -2.500000000000000000, 353.0000052601100151 ) ) ;
#60 = CARTESIAN_POINT ( 'NONE',  ( 2.436271467701158322, 20.85859155648651964, 9.348746264196922340 ) ) ;
#61 = COORDINATED_UNIVERSAL_TIME_OFFSET ( 8, 0, .AHEAD. ) ;
#62 = ORIENTED_EDGE ( 'NONE', *, *, #400, .F. ) ;
#63 = CARTESIAN_POINT ( 'NONE',  ( 20.85856641266474298, -2.436498707704743083, 10.65077547629601185 ) ) ;
#64 = CARTESIAN_POINT ( 'NONE',  ( -21.00000000000000711, 0.3315432779093740456, 355.5000052601100720 ) ) ;
#65 = B_SPLINE_CURVE_WITH_KNOTS ( 'NONE', 3,
 ( #1063, #839, #168, #291, #1201, #71, #188, #1077, #1091, #953 ),
 .UNSPECIFIED., .F., .F.,
 ( 4, 2, 2, 2, 4 ),
 ( 0.000000000000000000, 0.2500000000000000555, 0.5000000000000001110, 0.7500000000000002220, 1.000000000000000000 ),
 .UNSPECIFIED. ) ;
#66 = CARTESIAN_POINT ( 'NONE',  ( 21.00000000000000000, 4.382798748120701134E-14, 7.500000000000000000 ) ) ;
#67 = CARTESIAN_POINT ( 'NONE',  ( -2.500000000000000000, -20.85065946199300058, 353.0000052601100151 ) ) ;
#68 = CARTESIAN_POINT ( 'NONE',  ( 20.94527037987562679, -1.533302564468552953, 12.00221465675983445 ) ) ;
#69 = ADVANCED_FACE ( 'NONE', ( #941 ), #257, .F. ) ;
#70 = CARTESIAN_POINT ( 'NONE',  ( 0.000000000000000000, -2.500000000000000000, 10.00000000000000000 ) ) ;
#71 = CARTESIAN_POINT ( 'NONE',  ( -20.94525087743812719, -1.533533418694515538, 355.0020254592723177 ) ) ;
#72 = CARTESIAN_POINT ( 'NONE',  ( 0.6510229145297833364, -20.99214288222488634, 7.563631866549864746 ) ) ;
#73 = DIRECTION ( 'NONE',  ( 0.000000000000000000, 0.000000000000000000, 1.000000000000000000 ) ) ;
#74 = CARTESIAN_POINT ( 'NONE',  ( -1.533500679996525617, -23.95210965615341792, 12.00205195076118692 ) ) ;
#75 = CARTESIAN_POINT ( 'NONE',  ( 20.85065946199300058, 2.500000000000000000, 353.0000052601100151 ) ) ;
#76 = CARTESIAN_POINT ( 'NONE',  ( -2.436498707701891142, 20.85856641266506273, 9.349224523683865584 ) ) ;
#77 = EDGE_CURVE ( 'NONE', #237, #390, #738, .T. ) ;
#78 = COORDINATED_UNIVERSAL_TIME_OFFSET ( 8, 0, .AHEAD. ) ;
#79 = CARTESIAN_POINT ( 'NONE',  ( -2.499999999999908518, -23.86943652456003662, 352.6684530803996154 ) ) ;
#80 = ORIENTED_EDGE ( 'NONE', *, *, #186, .F. ) ;
#81 = CARTESIAN_POINT ( 'NONE',  ( -20.85065946199300058, 2.500000000000000000, 353.0000052601100151 ) ) ;
#82 = DIRECTION ( 'NONE',  ( 0.000000000000000000, 0.000000000000000000, 1.000000000000000000 ) ) ;
#83 = CARTESIAN_POINT ( 'NONE',  ( -2.499923280000390324, -20.85066866074281577, 352.6683396463052418 ) ) ;
#84 = AXIS2_PLACEMENT_3D ( 'NONE', #1165, #153, #1159 ) ;
#85 = CARTESIAN_POINT ( 'NONE',  ( -21.00000000000000000, 0.3316153231606188689, 350.5000052601100720 ) ) ;
#86 = EDGE_LOOP ( 'NONE', ( #1396, #1381, #915, #462, #730, #477 ) ) ;
#87 = APPROVAL_DATE_TIME ( #873, #404 ) ;
#88 = CARTESIAN_POINT ( 'NONE',  ( -24.00000000000000000, 9.243422378711698431E-16, 350.5000052601100151 ) ) ;
#89 = EDGE_LOOP ( 'NONE', ( #798, #842, #316, #336 ) ) ;
#90 = CARTESIAN_POINT ( 'NONE',  ( 2.500000000000000000, -23.86943652456000109, 10.00000000000000000 ) ) ;
#91 = CARTESIAN_POINT ( 'NONE',  ( 2.002038564267578646, -23.91750452917575487, 8.466523383165004191 ) ) ;
#92 = CARTESIAN_POINT ( 'NONE',  ( -20.94525087742830038, -1.533533418810792304, 12.00202019910049955 ) ) ;
#93 = EDGE_CURVE ( 'NONE', #1356, #1134, #215, .T. ) ;
#94 = CARTESIAN_POINT ( 'NONE',  ( 20.99214288222851366, 0.6510229144503707488, 350.5636371265743492 ) ) ;
#95 = ORIENTED_EDGE ( 'NONE', *, *, #569, .F. ) ;
#96 = CARTESIAN_POINT ( 'NONE',  ( -2.436331964360564317, 23.87635871991496828, 352.3489334553529488 ) ) ;
#97 = ORIENTED_EDGE ( 'NONE', *, *, #373, .T. ) ;
#98 = CARTESIAN_POINT ( 'NONE',  ( 2.499999999999920508, -23.86943652456003662, 10.33155217967110318 ) ) ;
#99 = CARTESIAN_POINT ( 'NONE',  ( 20.85859155647722574, -2.436271467785104505, 352.3487515242928225 ) ) ;
#100 = CARTESIAN_POINT ( 'NONE',  ( -21.00000000000000000, 2.571758278209441661E-15, 0.000000000000000000 ) ) ;
#101 = VECTOR ( 'NONE', #327, 1000.000000000000000 ) ;
#102 = DIRECTION ( 'NONE',  ( -1.000000000000000000, 6.123233995736769734E-17, 0.000000000000000000 ) ) ;
#103 = VERTEX_POINT ( 'NONE', #867 ) ;
#104 = EDGE_CURVE ( 'NONE', #24, #314, #145, .T. ) ;
#105 = CARTESIAN_POINT ( 'NONE',  ( 0.000000000000000000, 2.500000000000000000, 353.0000052601100151 ) ) ;
#106 = ORIENTED_EDGE ( 'NONE', *, *, #453, .T. ) ;
#107 = CARTESIAN_POINT ( 'NONE',  ( 24.00000000000000711, -0.3315301589313199848, 7.500000000000001776 ) ) ;
#108 = CARTESIAN_POINT ( 'NONE',  ( 21.00000000000000000, 8.157557031846233371E-14, 350.5000052601100151 ) ) ;
#109 = DIRECTION ( 'NONE',  ( -1.000000000000000000, 1.224646799147350002E-16, 0.000000000000000000 ) ) ;
#110 = CARTESIAN_POINT ( 'NONE',  ( -23.86943652456000109, 2.500000000000000000, 353.0000052601100151 ) ) ;
#111 = ORIENTED_EDGE ( 'NONE', *, *, #776, .T. ) ;
#112 = DIRECTION ( 'NONE',  ( -1.836970198721029688E-16, -1.000000000000000000, 0.000000000000000000 ) ) ;
#113 = EDGE_CURVE ( 'NONE', #1370, #481, #1218, .T. ) ;
#114 = ORIENTED_EDGE ( 'NONE', *, *, #855, .T. ) ;
#115 = CARTESIAN_POINT ( 'NONE',  ( -21.00000000000000000, 3.744818941228019940E-15, 350.5000052601100151 ) ) ;
#116 = CARTESIAN_POINT ( 'NONE',  ( -20.96419893465455786, -1.263495671773755102, 12.18254373188123196 ) ) ;
#117 = CARTESIAN_POINT ( 'NONE',  ( 20.85065946199300058, 2.500000000000000000, 353.0000052601100151 ) ) ;
#118 = ORIENTED_EDGE ( 'NONE', *, *, #554, .F. ) ;
#119 = DIRECTION ( 'NONE',  ( -1.000000000000000000, 1.224646799147350002E-16, 0.000000000000000000 ) ) ;
#120 = ORIENTED_EDGE ( 'NONE', *, *, #1387, .F. ) ;
#121 = FACE_OUTER_BOUND ( 'NONE', #928, .T. ) ;
#122 = EDGE_CURVE ( 'NONE', #902, #244, #1330, .T. ) ;
#123 = CARTESIAN_POINT ( 'NONE',  ( 3.061616997868375253E-16, 2.500000000000000000, 10.00000000000000000 ) ) ;
#124 = B_SPLINE_CURVE_WITH_KNOTS ( 'NONE', 3,
 ( #858, #1323, #890, #1317, #1344, #1329, #1453, #642, #318, #311 ),
 .UNSPECIFIED., .F., .F.,
 ( 4, 2, 2, 2, 4 ),
 ( 0.5000000000000000000, 0.6250000000000000000, 0.7500000000000000000, 0.8750000000000000000, 1.000000000000000000 ),
 .UNSPECIFIED. ) ;
#125 = CARTESIAN_POINT ( 'NONE',  ( 23.99313664004841939, -0.6506838722805522446, 355.4365276192660872 ) ) ;
#126 = ORIENTED_EDGE ( 'NONE', *, *, #827, .T. ) ;
#127 = CARTESIAN_POINT ( 'NONE',  ( -0.3314993130930014575, 23.99999999999999645, 355.5000180303056823 ) ) ;
#128 = ORIENTED_EDGE ( 'NONE', *, *, #460, .T. ) ;
#129 = CARTESIAN_POINT ( 'NONE',  ( -23.90089319629984743, 2.182563941942757157, 8.736514689057433003 ) ) ;
#130 = CARTESIAN_POINT ( 'NONE',  ( -24.00000000000000355, -0.3315292335292461812, 12.50000000000000533 ) ) ;
#131 = CARTESIAN_POINT ( 'NONE',  ( -20.85066890508424819, -2.499921242128450238, 352.6682636681293275 ) ) ;
#132 = ORIENTED_EDGE ( 'NONE', *, *, #967, .F. ) ;
#133 = CARTESIAN_POINT ( 'NONE',  ( -0.6508943790469865487, 23.99312823917600568, 355.4364113362827879 ) ) ;
#134 = CARTESIAN_POINT ( 'NONE',  ( 23.96869408174235261, 1.263158822057407704, 12.18272807907498034 ) ) ;
#135 = ORIENTED_EDGE ( 'NONE', *, *, #1401, .T. ) ;
#136 = CARTESIAN_POINT ( 'NONE',  ( -23.95212287234223680, 1.533321738732950967, 7.997805541820336650 ) ) ;
#137 = CARTESIAN_POINT ( 'NONE',  ( -2.182558809758256224, -20.88666454430049058, 354.2634679221710030 ) ) ;
#138 = CARTESIAN_POINT ( 'NONE',  ( 23.86943652456000109, -2.500000000000000000, 353.0000052601100151 ) ) ;
#139 = CARTESIAN_POINT ( 'NONE',  ( -24.00000000000000000, -4.710290867584170455E-17, 7.500000000000000000 ) ) ;
#140 = AXIS2_PLACEMENT_3D ( 'NONE', #705, #712, #376 ) ;
#141 = CARTESIAN_POINT ( 'NONE',  ( -20.85856663659219734, 2.436496683936158369, 10.65078128172530647 ) ) ;
#142 = VERTEX_POINT ( 'NONE', #658 ) ;
#143 = CARTESIAN_POINT ( 'NONE',  ( 23.95210965615312304, 1.533500680000459138, 7.997948049226530465 ) ) ;
#144 = EDGE_CURVE ( 'NONE', #800, #1169, #283, .T. ) ;
#145 = B_SPLINE_CURVE_WITH_KNOTS ( 'NONE', 3,
 ( #734, #747, #60, #1183, #1425, #197, #1202, #506, #190, #637, #624, #954, #169, #1407, #1092, #76, #394, #1078 ),
 .UNSPECIFIED., .F., .F.,
 ( 4, 2, 2, 2, 2, 2, 2, 2, 4 ),
 ( 0.000000000000000000, 0.1250000000000000278, 0.2500000000000000555, 0.3750000000000001665, 0.5000000000000003331, 0.6250000000000004441, 0.7500000000000006661, 0.8750000000000003331, 1.000000000000000000 ),
 .UNSPECIFIED. ) ;
#146 = CARTESIAN_POINT ( 'NONE',  ( -1.533302564422566627, -20.94527037987951346, 355.0022199169872579 ) ) ;
#147 = DIRECTION ( 'NONE',  ( 6.123233995736769734E-17, 1.000000000000000000, 0.000000000000000000 ) ) ;
#148 = CYLINDRICAL_SURFACE ( 'NONE', #140, 24.00000000000000000 ) ;
#149 = CC_DESIGN_PERSON_AND_ORGANIZATION_ASSIGNMENT ( #1210, #1435, ( #172 ) ) ;
#150 = ORIENTED_EDGE ( 'NONE', *, *, #195, .T. ) ;
#151 = CYLINDRICAL_SURFACE ( 'NONE', #1180, 2.500000000000000000 ) ;
#152 = EDGE_CURVE ( 'NONE', #331, #1228, #428, .T. ) ;
#153 = DIRECTION ( 'NONE',  ( 0.000000000000000000, 0.000000000000000000, 1.000000000000000000 ) ) ;
#154 = DIRECTION ( 'NONE',  ( 6.123233995736769734E-17, 1.000000000000000000, 0.000000000000000000 ) ) ;
#155 = CARTESIAN_POINT ( 'NONE',  ( 20.99999999999999645, -0.3315442027692671045, 355.5000052601100720 ) ) ;
#156 = CARTESIAN_POINT ( 'NONE',  ( 0.000000000000000000, 0.000000000000000000, 0.000000000000000000 ) ) ;
#157 = ORIENTED_EDGE ( 'NONE', *, *, #1319, .F. ) ;
#158 = CARTESIAN_POINT ( 'NONE',  ( -2.436331964247094195, 23.87635871992593906, 9.348928195145354891 ) ) ;
#159 = EDGE_CURVE ( 'NONE', #244, #432, #209, .T. ) ;
#160 = CARTESIAN_POINT ( 'NONE',  ( -2.500000000000000000, 20.85065946199300058, 10.00000000000000000 ) ) ;
#161 = DIRECTION ( 'NONE',  ( 0.000000000000000000, 0.000000000000000000, -1.000000000000000000 ) ) ;
#162 = FACE_BOUND ( 'NONE', #1268, .T. ) ;
#163 = AXIS2_PLACEMENT_3D ( 'NONE', #1391, #1382, #371 ) ;
#164 = COORDINATED_UNIVERSAL_TIME_OFFSET ( 8, 0, .AHEAD. ) ;
#165 = ORIENTED_EDGE ( 'NONE', *, *, #1314, .F. ) ;
#166 = DIRECTION ( 'NONE',  ( 0.000000000000000000, 0.000000000000000000, 1.000000000000000000 ) ) ;
#167 = CARTESIAN_POINT ( 'NONE',  ( 21.00000000000000000, -4.086795917397627559E-15, 355.5000052601100151 ) ) ;
#168 = CARTESIAN_POINT ( 'NONE',  ( -20.85859166625184358, -2.436270475685127224, 353.6512604651171614 ) ) ;
#169 = CARTESIAN_POINT ( 'NONE',  ( -1.533302564474176677, 20.94527037987515072, 7.997785343240452427 ) ) ;
#170 = APPROVAL_STATUS ( 'not_yet_approved' ) ;
#171 = ORIENTED_EDGE ( 'NONE', *, *, #716, .F. ) ;
#172 = PRODUCT_DEFINITION_FORMATION_WITH_SPECIFIED_SOURCE ( 'ANY', '', #644, .NOT_KNOWN. ) ;
#173 = CARTESIAN_POINT ( 'NONE',  ( -2.182805134249131918, 23.90086987765280213, 8.737025706847886042 ) ) ;
#174 = CARTESIAN_POINT ( 'NONE',  ( -20.85066890508424819, 2.499921242128480880, 353.3317468519974227 ) ) ;
#175 = CARTESIAN_POINT ( 'NONE',  ( -23.90086978174926102, 2.182806126210505404, 354.2629780841870115 ) ) ;
#176 = CARTESIAN_POINT ( 'NONE',  ( -23.87633540127891862, 2.436573156553233588, 352.3494444731026078 ) ) ;
#177 = ORIENTED_EDGE ( 'NONE', *, *, #662, .F. ) ;
#178 = CARTESIAN_POINT ( 'NONE',  ( 2.500000000000022204, 23.86943652456002241, 9.668447820344935550 ) ) ;
#179 = B_SPLINE_CURVE_WITH_KNOTS ( 'NONE', 3,
 ( #1355, #1448, #885, #774, #557, #1008, #1456, #1147, #131, #27 ),
 .UNSPECIFIED., .F., .F.,
 ( 4, 2, 2, 2, 4 ),
 ( 0.000000000000000000, 0.2499999999999998890, 0.4999999999999997780, 0.7499999999999998890, 1.000000000000000000 ),
 .UNSPECIFIED. ) ;
#180 = CARTESIAN_POINT ( 'NONE',  ( 2.500000000000000000, -20.85065946199300058, 353.0000052601100151 ) ) ;
#181 = CARTESIAN_POINT ( 'NONE',  ( 0.000000000000000000, 0.000000000000000000, 360.0000000000000000 ) ) ;
#182 = CARTESIAN_POINT ( 'NONE',  ( 1.263227383435943318, -20.96421117525652988, 350.8173209153717380 ) ) ;
#183 = PERSON_AND_ORGANIZATION ( #520, #1068 ) ;
#184 = CARTESIAN_POINT ( 'NONE',  ( -2.500000000000000000, 20.85065946199300058, 353.0000052601100151 ) ) ;
#185 = EDGE_CURVE ( 'NONE', #1226, #567, #21, .T. ) ;
#186 = EDGE_CURVE ( 'NONE', #103, #508, #1223, .T. ) ;
#187 = CARTESIAN_POINT ( 'NONE',  ( -20.85856663659220089, 2.436496683936226759, 353.6507865417243579 ) ) ;
#188 = CARTESIAN_POINT ( 'NONE',  ( -20.96419893465308348, -1.263495671806132314, 355.1825489919908705 ) ) ;
#189 = ADVANCED_FACE ( 'NONE', ( #1116, #204 ), #334, .F. ) ;
#190 = CARTESIAN_POINT ( 'NONE',  ( 0.3315133426484251356, 21.00000000000000000, 7.500012774378249425 ) ) ;
#191 = B_SPLINE_CURVE_WITH_KNOTS ( 'NONE', 3,
 ( #708, #379, #17, #1152, #801, #694, #583, #254, #929, #1020 ),
 .UNSPECIFIED., .F., .F.,
 ( 4, 2, 2, 2, 4 ),
 ( 0.000000000000000000, 0.2500000000000000000, 0.5000000000000000000, 0.7500000000000000000, 1.000000000000000000 ),
 .UNSPECIFIED. ) ;
#192 = CARTESIAN_POINT ( 'NONE',  ( -23.86943652456000109, -2.500000000000000000, 10.00000000000000000 ) ) ;
#193 = ORIENTED_EDGE ( 'NONE', *, *, #640, .T. ) ;
#194 = CARTESIAN_POINT ( 'NONE',  ( -0.6507146989128296255, -23.99313540982381099, 12.43650958405975970 ) ) ;
#195 = EDGE_CURVE ( 'NONE', #1161, #1140, #1093, .T. ) ;
#196 = CARTESIAN_POINT ( 'NONE',  ( -24.00000000000000000, 2.939152317953647894E-15, 0.000000000000000000 ) ) ;
#197 = CARTESIAN_POINT ( 'NONE',  ( 1.533531952147211719, 20.94525100133122564, 7.997978808143943574 ) ) ;
#198 = CARTESIAN_POINT ( 'NONE',  ( 0.6507845334423081329, 20.99215375831453301, 350.5635092930907035 ) ) ;
#199 = CARTESIAN_POINT ( 'NONE',  ( -23.99313660311068119, -0.6506847978563498058, 350.5634829009541136 ) ) ;
#200 = EDGE_LOOP ( 'NONE', ( #809, #687, #1403, #118, #722, #1366 ) ) ;
#201 = ADVANCED_FACE ( 'NONE', ( #326 ), #772, .F. ) ;
#202 = CARTESIAN_POINT ( 'NONE',  ( -21.00000000000000000, 2.571758278209441661E-15, 0.000000000000000000 ) ) ;
#203 = CARTESIAN_POINT ( 'NONE',  ( 23.90089319629984388, 2.182563941942782915, 11.26348623534276072 ) ) ;
#204 = FACE_OUTER_BOUND ( 'NONE', #448, .T. ) ;
#205 = CARTESIAN_POINT ( 'NONE',  ( -0.3315133430507533063, 21.00000000000000000, 350.4999924858363443 ) ) ;
#206 = ORIENTED_EDGE ( 'NONE', *, *, #640, .F. ) ;
#207 = CARTESIAN_POINT ( 'NONE',  ( 2.500000000000000000, 23.86943652456000109, 353.0000052601100151 ) ) ;
#208 = ORIENTED_EDGE ( 'NONE', *, *, #186, .T. ) ;
#209 = CIRCLE ( 'NONE', #1108, 21.00000000000000000 ) ;
#210 = CARTESIAN_POINT ( 'NONE',  ( 2.002038564220059769, 23.91750452917927205, 11.53347661685980441 ) ) ;
#211 = CARTESIAN_POINT ( 'NONE',  ( 23.86943652456002596, -2.500000000000057732, 10.33148198951963970 ) ) ;
#212 = CARTESIAN_POINT ( 'NONE',  ( -0.6507845342154600088, 20.99215375827926522, 355.4365012269266231 ) ) ;
#213 = CARTESIAN_POINT ( 'NONE',  ( 21.00000000000000000, 0.000000000000000000, 0.000000000000000000 ) ) ;
#214 = VERTEX_POINT ( 'NONE', #1454 ) ;
#215 = B_SPLINE_CURVE_WITH_KNOTS ( 'NONE', 3,
 ( #1099, #418, #728, #851, #1208, #1318, #1313, #176, #286, #299 ),
 .UNSPECIFIED., .F., .F.,
 ( 4, 2, 2, 2, 4 ),
 ( 0.000000000000000000, 0.2500000000000001110, 0.5000000000000001110, 0.7500000000000001110, 1.000000000000000000 ),
 .UNSPECIFIED. ) ;
#216 = CARTESIAN_POINT ( 'NONE',  ( 1.533320746756971831, 23.95212294560729660, 350.9978093360109597 ) ) ;
#217 = ORIENTED_EDGE ( 'NONE', *, *, #1307, .T. ) ;
#218 = LINE ( 'NONE', #202, #1252 ) ;
#219 = CARTESIAN_POINT ( 'NONE',  ( -1.533320746653069389, -23.95212294561496336, 7.997804075815581726 ) ) ;
#220 = DIRECTION ( 'NONE',  ( 1.000000000000000000, 0.000000000000000000, 0.000000000000000000 ) ) ;
#221 = VECTOR ( 'NONE', #82, 1000.000000000000000 ) ;
#222 = ORIENTED_EDGE ( 'NONE', *, *, #604, .T. ) ;
#223 = CARTESIAN_POINT ( 'NONE',  ( 2.500000000000000000, 23.86943652456000109, 353.0000052601100151 ) ) ;
#224 = VERTEX_POINT ( 'NONE', #442 ) ;
#225 = CARTESIAN_POINT ( 'NONE',  ( 0.6508943795870546500, -23.99312823915445136, 12.43640607586120517 ) ) ;
#226 = CARTESIAN_POINT ( 'NONE',  ( 20.94525100133042272, -1.533531952156827360, 350.9979840681647829 ) ) ;
#227 = CARTESIAN_POINT ( 'NONE',  ( -1.533531952143724508, 20.94525100133152762, 355.0020264519325792 ) ) ;
#228 = ORIENTED_EDGE ( 'NONE', *, *, #446, .F. ) ;
#229 = B_SPLINE_CURVE_WITH_KNOTS ( 'NONE', 3,
 ( #1193, #64, #832, #510, #58, #1206, #504, #187, #174, #1076 ),
 .UNSPECIFIED., .F., .F.,
 ( 4, 2, 2, 2, 4 ),
 ( 0.000000000000000000, 0.2499999999999999445, 0.4999999999999998890, 0.7499999999999998890, 1.000000000000000000 ),
 .UNSPECIFIED. ) ;
#230 = CARTESIAN_POINT ( 'NONE',  ( 2.182805134066089447, 23.90086987767050530, 354.2629795536237225 ) ) ;
#231 = ADVANCED_FACE ( 'NONE', ( #891, #1345, #781 ), #1392, .F. ) ;
#232 = VERTEX_POINT ( 'NONE', #593 ) ;
#233 = CARTESIAN_POINT ( 'NONE',  ( 23.95210965615522980, 1.533500679972075398, 350.9979533092869133 ) ) ;
#234 = CARTESIAN_POINT ( 'NONE',  ( 0.3315133426065641209, 21.00000000000000000, 355.5000180345864464 ) ) ;
#235 = AXIS2_PLACEMENT_3D ( 'NONE', #543, #1135, #454 ) ;
#236 = CARTESIAN_POINT ( 'NONE',  ( -0.3315133426402377959, 21.00000000000000000, 12.49998722561541520 ) ) ;
#237 = VERTEX_POINT ( 'NONE', #1061 ) ;
#238 = DIRECTION ( 'NONE',  ( 0.000000000000000000, 1.000000000000000000, 0.000000000000000000 ) ) ;
#239 = ORIENTED_EDGE ( 'NONE', *, *, #159, .T. ) ;
#240 = CARTESIAN_POINT ( 'NONE',  ( 0.3315133426712698617, -21.00000000000000000, 12.49998722561858777 ) ) ;
#241 = CARTESIAN_POINT ( 'NONE',  ( 0.6507845342074861650, -20.99215375827962049, 355.4365012269265662 ) ) ;
#242 = CARTESIAN_POINT ( 'NONE',  ( 2.500000000000000000, -23.86943652456000109, 353.0000052601100151 ) ) ;
#243 = CC_DESIGN_APPROVAL ( #404, ( #172 ) ) ;
#244 = VERTEX_POINT ( 'NONE', #1172 ) ;
#245 = DIRECTION ( 'NONE',  ( 1.000000000000000000, 0.000000000000000000, 0.000000000000000000 ) ) ;
#246 = ORIENTED_EDGE ( 'NONE', *, *, #709, .F. ) ;
#247 = CARTESIAN_POINT ( 'NONE',  ( -23.91749131298849917, 2.002217505510106577, 8.466665890565925778 ) ) ;
#248 = CARTESIAN_POINT ( 'NONE',  ( -23.86943652456003306, -2.499999999999954259, 10.33155310410309191 ) ) ;
#249 = CARTESIAN_POINT ( 'NONE',  ( 2.499923263765355230, 20.85066866268940089, 10.33173578659488001 ) ) ;
#250 = CARTESIAN_POINT ( 'NONE',  ( 1.533320746514059696, -23.95212294562524136, 355.0022011846547230 ) ) ;
#251 = CARTESIAN_POINT ( 'NONE',  ( -20.88666432037303977, 2.182560833526725030, 11.26345685663789098 ) ) ;
#252 = CARTESIAN_POINT ( 'NONE',  ( -2.499999999999908518, -23.86943652456003662, 9.668447820411087079 ) ) ;
#253 = ORIENTED_EDGE ( 'NONE', *, *, #815, .T. ) ;
#254 = CARTESIAN_POINT ( 'NONE',  ( -23.99313660309759655, 0.6506847981842054374, 12.43652235915600279 ) ) ;
#255 = CARTESIAN_POINT ( 'NONE',  ( 20.94525100133087747, 1.533531952151379718, 355.0020264519301918 ) ) ;
#256 = CARTESIAN_POINT ( 'NONE',  ( 2.500000000000000000, 23.86943652456000109, 10.00000000000000000 ) ) ;
#257 = CYLINDRICAL_SURFACE ( 'NONE', #1295, 2.500000000000000000 ) ;
#258 = APPROVAL ( #170, 'UNSPECIFIED' ) ;
#259 = ORIENTED_EDGE ( 'NONE', *, *, #185, .F. ) ;
#260 = CARTESIAN_POINT ( 'NONE',  ( 21.00000000000000000, 2.019430718040733413E-15, 12.50000000000000000 ) ) ;
#261 = DIRECTION ( 'NONE',  ( 0.000000000000000000, 1.000000000000000000, 0.000000000000000000 ) ) ;
#262 = CARTESIAN_POINT ( 'NONE',  ( 0.6510229145163511921, 20.99214288222550451, 12.43636813345219139 ) ) ;
#263 = CARTESIAN_POINT ( 'NONE',  ( 20.85856641266474298, -2.436498707704762179, 353.6507807364110931 ) ) ;
#264 = FACE_BOUND ( 'NONE', #287, .T. ) ;
#265 = ORIENTED_EDGE ( 'NONE', *, *, #1171, .T. ) ;
#266 = CARTESIAN_POINT ( 'NONE',  ( -2.500000000000000000, -20.85065946199300058, 10.00000000000000000 ) ) ;
#267 = CARTESIAN_POINT ( 'NONE',  ( -23.90089319629982612, -2.182563941942931240, 11.26348531090250837 ) ) ;
#268 = CARTESIAN_POINT ( 'NONE',  ( 20.90567414272938151, -2.002011087646682785, 8.466496419783927863 ) ) ;
#269 = CARTESIAN_POINT ( 'NONE',  ( -0.3314993130747199701, -24.00000000000000000, 355.4999924899142911 ) ) ;
#270 = CC_DESIGN_SECURITY_CLASSIFICATION ( #424, ( #172 ) ) ;
#271 = APPROVAL_STATUS ( 'not_yet_approved' ) ;
#272 = AXIS2_PLACEMENT_3D ( 'NONE', #1069, #303, #523 ) ;
#273 = ORIENTED_EDGE ( 'NONE', *, *, #827, .F. ) ;
#274 = CARTESIAN_POINT ( 'NONE',  ( -21.00000000000000000, 1.365941111962610115E-16, 7.500000000000000000 ) ) ;
#275 = CYLINDRICAL_SURFACE ( 'NONE', #1173, 2.500000000000000000 ) ;
#276 = DIRECTION ( 'NONE',  ( 1.000000000000000000, 0.000000000000000000, 0.000000000000000000 ) ) ;
#277 = CARTESIAN_POINT ( 'NONE',  ( -2.182786049781451077, -20.88663940047656098, 8.737015597468008821 ) ) ;
#278 = VECTOR ( 'NONE', #668, 1000.000000000000000 ) ;
#279 = AXIS2_PLACEMENT_3D ( 'NONE', #546, #1105, #1246 ) ;
#280 = PERSON_AND_ORGANIZATION_ROLE ( 'design_owner' ) ;
#281 = ORIENTED_EDGE ( 'NONE', *, *, #400, .T. ) ;
#282 = CARTESIAN_POINT ( 'NONE',  ( -20.96419893465455075, 1.263495671773840368, 7.817456268118815998 ) ) ;
#283 = B_SPLINE_CURVE_WITH_KNOTS ( 'NONE', 3,
 ( #789, #12, #1248, #1215, #1138, #227, #1439, #212, #1241, #234, #1014, #683, #556, #450, #548, #1353, #319, #5 ),
 .UNSPECIFIED., .F., .F.,
 ( 4, 2, 2, 2, 2, 2, 2, 2, 4 ),
 ( 0.000000000000000000, 0.1250000000000000555, 0.2500000000000001110, 0.3750000000000001665, 0.5000000000000002220, 0.6250000000000001110, 0.7500000000000001110, 0.8750000000000000000, 1.000000000000000000 ),
 .UNSPECIFIED. ) ;
#284 = LINE ( 'NONE', #857, #904 ) ;
#285 = CARTESIAN_POINT ( 'NONE',  ( 20.85065946199300058, -2.500000000000000000, 10.00000000000000000 ) ) ;
#286 = CARTESIAN_POINT ( 'NONE',  ( -23.86943652456001530, 2.499999999999991118, 352.6684521561039674 ) ) ;
#287 = EDGE_LOOP ( 'NONE', ( #713, #32 ) ) ;
#288 = AXIS2_PLACEMENT_3D ( 'NONE', #1244, #245, #238 ) ;
#289 = CARTESIAN_POINT ( 'NONE',  ( -2.500000000000000000, 1.530808498934192557E-16, 10.00000000000000000 ) ) ;
#290 = CARTESIAN_POINT ( 'NONE',  ( 0.000000000000000000, 0.000000000000000000, 353.0000052601100151 ) ) ;
#291 = CARTESIAN_POINT ( 'NONE',  ( -20.88663929071342196, -2.182787041777691339, 354.2629881934659579 ) ) ;
#292 = CARTESIAN_POINT ( 'NONE',  ( -0.3315133430427086303, -21.00000000000000000, 350.5000180343836860 ) ) ;
#293 = EDGE_CURVE ( 'NONE', #339, #1326, #1224, .T. ) ;
#294 = CALENDAR_DATE ( 2026, 6, 3 ) ;
#295 = DIRECTION ( 'NONE',  ( -1.836970198721029688E-16, -1.000000000000000000, 0.000000000000000000 ) ) ;
#296 = CARTESIAN_POINT ( 'NONE',  ( -24.00000000000000000, 2.939152317953647894E-15, 0.000000000000000000 ) ) ;
#297 = CARTESIAN_POINT ( 'NONE',  ( 0.000000000000000000, 0.000000000000000000, 0.000000000000000000 ) ) ;
#298 = B_SPLINE_CURVE_WITH_KNOTS ( 'NONE', 3,
 ( #1282, #130, #938, #689, #824, #930, #267, #1264, #248, #1276 ),
 .UNSPECIFIED., .F., .F.,
 ( 4, 2, 2, 2, 4 ),
 ( 0.000000000000000000, 0.2499999999999999445, 0.4999999999999998890, 0.7499999999999998890, 1.000000000000000000 ),
 .UNSPECIFIED. ) ;
#299 = CARTESIAN_POINT ( 'NONE',  ( -23.86943652456000109, 2.500000000000000000, 353.0000052601100151 ) ) ;
#300 = CC_DESIGN_PERSON_AND_ORGANIZATION_ASSIGNMENT ( #46, #280, ( #644 ) ) ;
#301 = DIRECTION ( 'NONE',  ( 0.000000000000000000, 0.000000000000000000, 1.000000000000000000 ) ) ;
#302 = EDGE_CURVE ( 'NONE', #879, #40, #1422, .T. ) ;
#303 = DIRECTION ( 'NONE',  ( 0.000000000000000000, 0.000000000000000000, 1.000000000000000000 ) ) ;
#304 = CARTESIAN_POINT ( 'NONE',  ( 23.99999999999999645, 0.3315301589106537938, 12.49999999999999822 ) ) ;
#305 = CARTESIAN_POINT ( 'NONE',  ( -1.533531952139052468, -20.94525100133191842, 7.997978808127253814 ) ) ;
#306 = EDGE_CURVE ( 'NONE', #455, #879, #298, .T. ) ;
#307 =( GEOMETRIC_REPRESENTATION_CONTEXT ( 3 ) GLOBAL_UNCERTAINTY_ASSIGNED_CONTEXT ( ( #374 ) ) GLOBAL_UNIT_ASSIGNED_CONTEXT ( ( #1057, #377, #1373 ) ) REPRESENTATION_CONTEXT ( 'NONE', 'WORKASPACE' ) );
#308 = CARTESIAN_POINT ( 'NONE',  ( -1.533320746725830075, -23.95212294560959876, 350.9978093359799800 ) ) ;
#309 = VERTEX_POINT ( 'NONE', #717 ) ;
#310 = CARTESIAN_POINT ( 'NONE',  ( -1.263158822044978535, 23.96869408174284999, 12.18272807908132727 ) ) ;
#311 = CARTESIAN_POINT ( 'NONE',  ( 23.86943652456000109, 2.500000000000000000, 353.0000052601100151 ) ) ;
#312 = CARTESIAN_POINT ( 'NONE',  ( -20.85859166625359506, -2.436270475669331859, 10.65125520507833379 ) ) ;
#313 = CARTESIAN_POINT ( 'NONE',  ( -2.500000000000000000, 20.85065946199300058, 353.0000052601100151 ) ) ;
#314 = VERTEX_POINT ( 'NONE', #160 ) ;
#315 = CYLINDRICAL_SURFACE ( 'NONE', #235, 24.00000000000000000 ) ;
#316 = ORIENTED_EDGE ( 'NONE', *, *, #776, .F. ) ;
#317 = CARTESIAN_POINT ( 'NONE',  ( -2.182563941942952113, 23.90089319629983322, 11.26348623533448468 ) ) ;
#318 = CARTESIAN_POINT ( 'NONE',  ( 23.86943652456002951, 2.499999999999983125, 353.3315574397627756 ) ) ;
#319 = CARTESIAN_POINT ( 'NONE',  ( 2.499923263765355674, 20.85066866268940800, 353.3317410466906949 ) ) ;
#320 = CARTESIAN_POINT ( 'NONE',  ( 2.500000000000000000, 20.85065946199300058, 353.0000052601100151 ) ) ;
#321 = VERTEX_POINT ( 'NONE', #473 ) ;
#322 = CARTESIAN_POINT ( 'NONE',  ( 2.500000000000000000, -4.592425496802573972E-16, 10.00000000000000000 ) ) ;
#323 = ORIENTED_EDGE ( 'NONE', *, *, #491, .T. ) ;
#324 = CARTESIAN_POINT ( 'NONE',  ( -24.00000000000000000, 2.939152317953647894E-15, 360.0000000000000000 ) ) ;
#325 = CARTESIAN_POINT ( 'NONE',  ( -0.6508943795822643708, -23.99312823915464676, 7.563593924130838531 ) ) ;
#326 = FACE_OUTER_BOUND ( 'NONE', #1287, .T. ) ;
#327 = DIRECTION ( 'NONE',  ( 1.000000000000000000, 0.000000000000000000, 0.000000000000000000 ) ) ;
#328 = ORIENTED_EDGE ( 'NONE', *, *, #716, .T. ) ;
#329 = B_SPLINE_CURVE_WITH_KNOTS ( 'NONE', 3,
 ( #1150, #547, #1446, #1106, #91, #998, #434, #883, #555, #1336, #325, #1230, #219, #949, #596, #612, #252, #1049 ),
 .UNSPECIFIED., .F., .F.,
 ( 4, 2, 2, 2, 2, 2, 2, 2, 4 ),
 ( 0.000000000000000000, 0.1250000000000000833, 0.2500000000000001665, 0.3750000000000002220, 0.5000000000000004441, 0.6250000000000006661, 0.7500000000000007772, 0.8750000000000003331, 1.000000000000000000 ),
 .UNSPECIFIED. ) ;
#330 = LINE ( 'NONE', #105, #1060 ) ;
#331 = VERTEX_POINT ( 'NONE', #913 ) ;
#332 = CARTESIAN_POINT ( 'NONE',  ( 24.00000000000000000, -2.296212748401286986E-16, 7.500000000000000000 ) ) ;
#333 = CARTESIAN_POINT ( 'NONE',  ( 20.85066866074282288, -2.499923280000310832, 352.6683396462282758 ) ) ;
#334 = PLANE ( 'NONE',  #960 ) ;
#335 = CARTESIAN_POINT ( 'NONE',  ( -20.85066890370299930, 2.499921253648333064, 352.6683356776419487 ) ) ;
#336 = ORIENTED_EDGE ( 'NONE', *, *, #815, .F. ) ;
#337 = CARTESIAN_POINT ( 'NONE',  ( 1.263338502642449512, 23.96868691107655991, 355.1826298311671621 ) ) ;
#338 = ADVANCED_FACE ( 'NONE', ( #922 ), #1257, .F. ) ;
#339 = VERTEX_POINT ( 'NONE', #1027 ) ;
#340 = CARTESIAN_POINT ( 'NONE',  ( 23.86943652456001885, 2.500000000000005773, 352.6685232704436430 ) ) ;
#341 = DIRECTION ( 'NONE',  ( 0.000000000000000000, 0.000000000000000000, 1.000000000000000000 ) ) ;
#342 = CARTESIAN_POINT ( 'NONE',  ( -21.00000000000000000, 3.744818941228019940E-15, 350.5000052601100151 ) ) ;
#343 = ORIENTED_EDGE ( 'NONE', *, *, #1386, .T. ) ;
#344 = CARTESIAN_POINT ( 'NONE',  ( 0.000000000000000000, 0.000000000000000000, 0.000000000000000000 ) ) ;
#345 = ORIENTED_EDGE ( 'NONE', *, *, #1247, .F. ) ;
#346 = DIRECTION ( 'NONE',  ( 1.000000000000000000, 0.000000000000000000, 0.000000000000000000 ) ) ;
#347 = DIRECTION ( 'NONE',  ( 0.000000000000000000, 0.000000000000000000, 1.000000000000000000 ) ) ;
#348 = AXIS2_PLACEMENT_3D ( 'NONE', #1144, #489, #346 ) ;
#349 = CARTESIAN_POINT ( 'NONE',  ( -23.91749131299618725, -2.002217505405999187, 354.5333393697662245 ) ) ;
#350 = ORIENTED_EDGE ( 'NONE', *, *, #45, .T. ) ;
#351 = CARTESIAN_POINT ( 'NONE',  ( -2.182563941942757602, 23.90089319629984388, 354.2634914954570604 ) ) ;
#352 = EDGE_CURVE ( 'NONE', #481, #1370, #369, .T. ) ;
#353 = ORIENTED_EDGE ( 'NONE', *, *, #1130, .T. ) ;
#354 = CARTESIAN_POINT ( 'NONE',  ( 23.96868568086172502, 1.263369329029681243, 7.817388204219984260 ) ) ;
#355 = CARTESIAN_POINT ( 'NONE',  ( -0.6510229142866944541, -20.99214288223597791, 355.4363733937281609 ) ) ;
#356 = CARTESIAN_POINT ( 'NONE',  ( -2.500000000000000000, 20.85065946199300058, 10.00000000000000000 ) ) ;
#357 = CIRCLE ( 'NONE', #1188, 21.00000000000000000 ) ;
#358 = APPROVAL_PERSON_ORGANIZATION ( #1286, #404, #521 ) ;
#359 = CARTESIAN_POINT ( 'NONE',  ( 1.263158822561954553, -23.96869408172221938, 355.1827333388933994 ) ) ;
#360 = CARTESIAN_POINT ( 'NONE',  ( 2.500000000000000000, 23.86943652456000109, 353.0000052601100151 ) ) ;
#361 = FACE_OUTER_BOUND ( 'NONE', #1050, .T. ) ;
#362 = ORIENTED_EDGE ( 'NONE', *, *, #1083, .T. ) ;
#363 = B_SPLINE_CURVE_WITH_KNOTS ( 'NONE', 3,
 ( #360, #799, #469, #230, #901, #368, #337, #15, #1024, #127, #133, #908, #1365, #566, #351, #1260, #1350, #807 ),
 .UNSPECIFIED., .F., .F.,
 ( 4, 2, 2, 2, 2, 2, 2, 2, 4 ),
 ( 0.000000000000000000, 0.1250000000000000278, 0.2500000000000000555, 0.3750000000000001110, 0.5000000000000000000, 0.6250000000000000000, 0.7499999999999998890, 0.8750000000000000000, 1.000000000000000000 ),
 .UNSPECIFIED. ) ;
#364 = CARTESIAN_POINT ( 'NONE',  ( -0.6510229145141083196, -20.99214288222560398, 12.43636813346261860 ) ) ;
#365 = CARTESIAN_POINT ( 'NONE',  ( 20.85859155648511987, 2.436271467713822858, 353.6512589958678632 ) ) ;
#366 = CARTESIAN_POINT ( 'NONE',  ( 23.96868568084862616, -1.263369329357833193, 355.1826170558900913 ) ) ;
#367 = CARTESIAN_POINT ( 'NONE',  ( 20.85066866268907049, -2.499923263768181414, 353.3317410466840442 ) ) ;
#368 = CARTESIAN_POINT ( 'NONE',  ( 1.533500679469324224, 23.95210965619236276, 355.0020572112359218 ) ) ;
#369 = B_SPLINE_CURVE_WITH_KNOTS ( 'NONE', 3,
 ( #826, #905, #811, #372, #710, #608, #796, #241, #18, #34, #355, #695, #146, #1153, #137, #703, #585, #1035 ),
 .UNSPECIFIED., .F., .F.,
 ( 4, 2, 2, 2, 2, 2, 2, 2, 4 ),
 ( 0.000000000000000000, 0.1250000000000000000, 0.2500000000000000000, 0.3750000000000000000, 0.5000000000000000000, 0.6250000000000000000, 0.7500000000000000000, 0.8750000000000000000, 1.000000000000000000 ),
 .UNSPECIFIED. ) ;
#370 = ORIENTED_EDGE ( 'NONE', *, *, #122, .T. ) ;
#371 = DIRECTION ( 'NONE',  ( -1.224646799147350002E-16, -1.000000000000000000, 0.000000000000000000 ) ) ;
#372 = CARTESIAN_POINT ( 'NONE',  ( 2.182786049797323713, -20.88663940047479173, 354.2629896626721120 ) ) ;
#373 = EDGE_CURVE ( 'NONE', #1293, #902, #1354, .T. ) ;
#374 = UNCERTAINTY_MEASURE_WITH_UNIT (LENGTH_MEASURE( 1.000000000000000082E-05 ), #1057, 'distance_accuracy_value', 'NONE');
#375 = CARTESIAN_POINT ( 'NONE',  ( 2.182558809760980711, 20.88666454430019925, 11.26346266204112290 ) ) ;
#376 = DIRECTION ( 'NONE',  ( 1.000000000000000000, 0.000000000000000000, 0.000000000000000000 ) ) ;
#377 =( NAMED_UNIT ( * ) PLANE_ANGLE_UNIT ( ) SI_UNIT ( $, .RADIAN. ) );
#378 = ORIENTED_EDGE ( 'NONE', *, *, #1281, .T. ) ;
#379 = CARTESIAN_POINT ( 'NONE',  ( -23.86943652456001530, 2.499999999999991562, 10.33148106263441157 ) ) ;
#380 = CARTESIAN_POINT ( 'NONE',  ( -23.86943652456003306, -2.499999999999954259, 9.668518937365593757 ) ) ;
#381 = CARTESIAN_POINT ( 'NONE',  ( -23.86943652456000109, 2.500000000000000000, 353.0000052601100151 ) ) ;
#382 = CARTESIAN_POINT ( 'NONE',  ( -2.182805134005575631, -23.90086987767634952, 354.2629795537036443 ) ) ;
#383 = DATE_AND_TIME ( #494, #871 ) ;
#384 = ORIENTED_EDGE ( 'NONE', *, *, #412, .F. ) ;
#385 = CARTESIAN_POINT ( 'NONE',  ( -24.00000000000000000, 2.939152317953647894E-15, 0.000000000000000000 ) ) ;
#386 = B_SPLINE_CURVE_WITH_KNOTS ( 'NONE', 3,
 ( #1098, #333, #99, #530, #441, #226, #1240, #780, #1214, #649 ),
 .UNSPECIFIED., .F., .F.,
 ( 4, 2, 2, 2, 4 ),
 ( 0.000000000000000000, 0.1250000000000000000, 0.2500000000000000000, 0.3750000000000000000, 0.5000000000000000000 ),
 .UNSPECIFIED. ) ;
#387 = PLANE ( 'NONE',  #272 ) ;
#388 = CARTESIAN_POINT ( 'NONE',  ( 20.94527037987488427, 1.533302564477360574, 7.997785343249587342 ) ) ;
#389 = VERTEX_POINT ( 'NONE', #1316 ) ;
#390 = VERTEX_POINT ( 'NONE', #397 ) ;
#391 = CARTESIAN_POINT ( 'NONE',  ( -2.500000000000000000, 23.86943652456000109, 10.00000000000000000 ) ) ;
#392 = FACE_BOUND ( 'NONE', #558, .T. ) ;
#393 = CARTESIAN_POINT ( 'NONE',  ( -23.91750463754117462, 2.002037097048476877, 354.5334828696678642 ) ) ;
#394 = CARTESIAN_POINT ( 'NONE',  ( -2.499923263765333914, 20.85066866268940800, 9.668264213411074337 ) ) ;
#395 = ORIENTED_EDGE ( 'NONE', *, *, #1096, .T. ) ;
#396 = CARTESIAN_POINT ( 'NONE',  ( 1.263158822066440701, 23.96869408174199023, 7.817271920933541729 ) ) ;
#397 = CARTESIAN_POINT ( 'NONE',  ( 2.500000000000000000, -20.85065946199300058, 10.00000000000000000 ) ) ;
#398 = CARTESIAN_POINT ( 'NONE',  ( 20.94525100133492401, -1.533531952103536655, 7.997978808125836281 ) ) ;
#399 = CARTESIAN_POINT ( 'NONE',  ( -1.533531952179568503, -20.94525100132850426, 350.9979840681873497 ) ) ;
#400 = EDGE_CURVE ( 'NONE', #455, #1356, #751, .T. ) ;
#401 = LINE ( 'NONE', #614, #1430 ) ;
#402 = CARTESIAN_POINT ( 'NONE',  ( -2.182805134217705945, -23.90086987765583970, 11.26297429319978782 ) ) ;
#403 = DIRECTION ( 'NONE',  ( 6.123233995736769734E-17, 1.000000000000000000, 0.000000000000000000 ) ) ;
#404 = APPROVAL ( #271, 'UNSPECIFIED' ) ;
#405 = CARTESIAN_POINT ( 'NONE',  ( 2.500000000000000000, -20.85065946199300058, 10.00000000000000000 ) ) ;
#406 = ADVANCED_FACE ( 'NONE', ( #408 ), #275, .F. ) ;
#407 = CARTESIAN_POINT ( 'NONE',  ( 2.500000000000000000, -4.592425496802573972E-16, 353.0000052601100151 ) ) ;
#408 = FACE_OUTER_BOUND ( 'NONE', #864, .T. ) ;
#409 = CARTESIAN_POINT ( 'NONE',  ( 23.96868568086160778, -1.263369329032663746, 12.18261179577999975 ) ) ;
#410 = CARTESIAN_POINT ( 'NONE',  ( -1.263465764061346919, -20.96420029918798278, 7.817443488657236372 ) ) ;
#411 = ADVANCED_FACE ( 'NONE', ( #392, #1187 ), #387, .T. ) ;
#412 = EDGE_CURVE ( 'NONE', #1140, #533, #1304, .T. ) ;
#413 = VECTOR ( 'NONE', #301, 1000.000000000000000 ) ;
#414 = CARTESIAN_POINT ( 'NONE',  ( 2.499999999999920508, -23.86943652456002951, 352.6685232704646751 ) ) ;
#415 = ORIENTED_EDGE ( 'NONE', *, *, #517, .T. ) ;
#416 = CYLINDRICAL_SURFACE ( 'NONE', #279, 2.500000000000000000 ) ;
#417 = CARTESIAN_POINT ( 'NONE',  ( 23.99312823915470361, 0.6508943795808266319, 12.43640607586105595 ) ) ;
#418 = CARTESIAN_POINT ( 'NONE',  ( -24.00000000000000000, 0.3315292335434769644, 350.5000052601100720 ) ) ;
#419 = CARTESIAN_POINT ( 'NONE',  ( 21.00000000000000000, 0.3315442027327587526, 350.5000052601100720 ) ) ;
#420 = ORIENTED_EDGE ( 'NONE', *, *, #872, .F. ) ;
#421 = APPROVAL_PERSON_ORGANIZATION ( #1273, #258, #23 ) ;
#422 = APPROVAL_DATE_TIME ( #1301, #773 ) ;
#423 = CARTESIAN_POINT ( 'NONE',  ( 2.002218497486263793, 23.91749123972343227, 351.4666726165950763 ) ) ;
#424 = SECURITY_CLASSIFICATION ( '', '', #976 ) ;
#425 = ORIENTED_EDGE ( 'NONE', *, *, #517, .F. ) ;
#426 = CARTESIAN_POINT ( 'NONE',  ( 2.436331964249013105, 23.87635871992575431, 10.65107180485583882 ) ) ;
#427 = CARTESIAN_POINT ( 'NONE',  ( 24.00000000000000000, -0.3315301589104523994, 12.50000000000000178 ) ) ;
#428 = LINE ( 'NONE', #123, #278 ) ;
#429 = CARTESIAN_POINT ( 'NONE',  ( -20.85065946199300058, 2.500000000000000000, 353.0000052601100151 ) ) ;
#430 = ORIENTED_EDGE ( 'NONE', *, *, #1340, .F. ) ;
#431 = CARTESIAN_POINT ( 'NONE',  ( 1.263338502629299587, -23.96868691107707861, 350.8173806891555273 ) ) ;
#432 = VERTEX_POINT ( 'NONE', #959 ) ;
#433 = CARTESIAN_POINT ( 'NONE',  ( 1.533320746709211591, -23.95212294561082444, 12.00219592413156278 ) ) ;
#434 = CARTESIAN_POINT ( 'NONE',  ( 1.263338502747283876, -23.96868691107237126, 7.817375429123742947 ) ) ;
#435 = CARTESIAN_POINT ( 'NONE',  ( -20.85065946199300058, -2.500000000000000000, 10.00000000000000000 ) ) ;
#436 = CARTESIAN_POINT ( 'NONE',  ( 2.500000000000000000, -1.530808498934192557E-16, 353.0000052601100151 ) ) ;
#437 = ORIENTED_EDGE ( 'NONE', *, *, #152, .T. ) ;
#438 = CARTESIAN_POINT ( 'NONE',  ( 24.00000000000000000, 0.000000000000000000, 0.000000000000000000 ) ) ;
#439 = B_SPLINE_CURVE_WITH_KNOTS ( 'NONE', 3,
 ( #320, #532, #878, #7, #669, #1331, #767, #198, #1100, #205, #984, #1325, #1433, #892, #1225, #550, #1338, #313 ),
 .UNSPECIFIED., .F., .F.,
 ( 4, 2, 2, 2, 2, 2, 2, 2, 4 ),
 ( 0.000000000000000000, 0.1250000000000000833, 0.2500000000000001665, 0.3750000000000001110, 0.5000000000000001110, 0.6250000000000001110, 0.7500000000000000000, 0.8750000000000000000, 1.000000000000000000 ),
 .UNSPECIFIED. ) ;
#440 = CARTESIAN_POINT ( 'NONE',  ( 24.00000000000000000, 0.3315301591098783196, 350.5000052601100151 ) ) ;
#441 = CARTESIAN_POINT ( 'NONE',  ( 20.90567414273388636, -2.002011087593391192, 351.4665016799641535 ) ) ;
#442 = CARTESIAN_POINT ( 'NONE',  ( -2.500000000000000000, 23.86943652456000109, 10.00000000000000000 ) ) ;
#443 = CARTESIAN_POINT ( 'NONE',  ( -20.88663929070510150, 2.182787041852792598, 351.7370223268960103 ) ) ;
#444 = EDGE_LOOP ( 'NONE', ( #132, #1001 ) ) ;
#445 = EDGE_CURVE ( 'NONE', #800, #956, #1289, .T. ) ;
#446 = EDGE_CURVE ( 'NONE', #1332, #495, #229, .T. ) ;
#447 = CARTESIAN_POINT ( 'NONE',  ( -0.3314993133375595535, 23.99999999999999289, 350.5000180302043304 ) ) ;
#448 = EDGE_LOOP ( 'NONE', ( #936, #20 ) ) ;
#449 = CARTESIAN_POINT ( 'NONE',  ( 2.182563941943075125, -23.90089319629981190, 11.26348623533449711 ) ) ;
#450 = CARTESIAN_POINT ( 'NONE',  ( 2.002240475321761526, 20.90565476418529300, 354.5333153753385318 ) ) ;
#451 = CYLINDRICAL_SURFACE ( 'NONE', #30, 2.500000000000000000 ) ;
#452 = ORIENTED_EDGE ( 'NONE', *, *, #1340, .T. ) ;
#453 = EDGE_CURVE ( 'NONE', #1220, #1321, #743, .T. ) ;
#454 = DIRECTION ( 'NONE',  ( 1.000000000000000000, 0.000000000000000000, 0.000000000000000000 ) ) ;
#455 = VERTEX_POINT ( 'NONE', #1298 ) ;
#456 = CARTESIAN_POINT ( 'NONE',  ( 1.533531952158857070, -20.94525100133025575, 12.00202119184975480 ) ) ;
#457 = DIRECTION ( 'NONE',  ( 1.000000000000000000, 0.000000000000000000, 0.000000000000000000 ) ) ;
#458 = CARTESIAN_POINT ( 'NONE',  ( 2.436498707701927113, 20.85856641266505207, 10.65077547632207455 ) ) ;
#459 = ORIENTED_EDGE ( 'NONE', *, *, #1455, .T. ) ;
#460 = EDGE_CURVE ( 'NONE', #495, #1134, #284, .T. ) ;
#461 = CARTESIAN_POINT ( 'NONE',  ( -20.94527029612057945, 1.533303555893707149, 12.00221319231296491 ) ) ;
#462 = ORIENTED_EDGE ( 'NONE', *, *, #900, .T. ) ;
#463 = CARTESIAN_POINT ( 'NONE',  ( 23.86943652456000109, 2.500000000000000000, 10.00000000000000000 ) ) ;
#464 = AXIS2_PLACEMENT_3D ( 'NONE', #1231, #341, #220 ) ;
#465 = CARTESIAN_POINT ( 'NONE',  ( -23.99313660309872631, -0.6506847981557899452, 7.563477640843995431 ) ) ;
#466 = VECTOR ( 'NONE', #1198, 1000.000000000000000 ) ;
#467 = CARTESIAN_POINT ( 'NONE',  ( -2.002011087610361617, 20.90567414273245106, 11.53350358022988331 ) ) ;
#468 = ORIENTED_EDGE ( 'NONE', *, *, #742, .T. ) ;
#469 = CARTESIAN_POINT ( 'NONE',  ( 2.436331964430057617, 23.87635871990825009, 353.6510770646023616 ) ) ;
#470 = CALENDAR_DATE ( 2026, 6, 3 ) ;
#471 = ORIENTED_EDGE ( 'NONE', *, *, #302, .T. ) ;
#472 = CARTESIAN_POINT ( 'NONE',  ( 2.499923280000394765, -20.85066866074281577, 10.33166561365975866 ) ) ;
#473 = CARTESIAN_POINT ( 'NONE',  ( -2.500000000000000000, -23.86943652456000109, 353.0000052601100151 ) ) ;
#474 = B_SPLINE_CURVE_WITH_KNOTS ( 'NONE', 3,
 ( #1048, #155, #1055, #1400, #1148, #28, #44, #263, #367, #486 ),
 .UNSPECIFIED., .F., .F.,
 ( 4, 2, 2, 2, 4 ),
 ( 0.5000000000000000000, 0.6250000000000000000, 0.7500000000000000000, 0.8750000000000000000, 1.000000000000000000 ),
 .UNSPECIFIED. ) ;
#475 = CARTESIAN_POINT ( 'NONE',  ( -20.85065946199300058, -2.500000000000000000, 10.00000000000000000 ) ) ;
#476 = CIRCLE ( 'NONE', #663, 24.00000000000000000 ) ;
#477 = ORIENTED_EDGE ( 'NONE', *, *, #1199, .F. ) ;
#478 = FACE_OUTER_BOUND ( 'NONE', #1233, .T. ) ;
#479 = CARTESIAN_POINT ( 'NONE',  ( -21.00000000000000000, 1.365941111962610115E-16, 7.500000000000000000 ) ) ;
#480 = B_SPLINE_CURVE_WITH_KNOTS ( 'NONE', 3,
 ( #666, #529, #426, #1451, #210, #865, #648, #1121, #1322, #997, #538, #310, #770, #1229, #317, #756, #1129, #1213 ),
 .UNSPECIFIED., .F., .F.,
 ( 4, 2, 2, 2, 2, 2, 2, 2, 4 ),
 ( 0.000000000000000000, 0.1250000000000000555, 0.2500000000000001110, 0.3750000000000001665, 0.5000000000000002220, 0.6250000000000002220, 0.7500000000000002220, 0.8750000000000001110, 1.000000000000000000 ),
 .UNSPECIFIED. ) ;
#481 = VERTEX_POINT ( 'NONE', #180 ) ;
#482 = CARTESIAN_POINT ( 'NONE',  ( 24.00000000000000000, 0.3315301589313200958, 7.499999999999999112 ) ) ;
#483 = CARTESIAN_POINT ( 'NONE',  ( 20.85065946199300058, 2.500000000000000000, 353.0000052601100151 ) ) ;
#484 = EDGE_CURVE ( 'NONE', #214, #750, #1084, .T. ) ;
#485 = DIRECTION ( 'NONE',  ( -1.000000000000000000, 6.123233995736769734E-17, 0.000000000000000000 ) ) ;
#486 = CARTESIAN_POINT ( 'NONE',  ( 20.85065946199300058, -2.500000000000000000, 353.0000052601100151 ) ) ;
#487 = DIRECTION ( 'NONE',  ( 1.000000000000000000, 0.000000000000000000, 0.000000000000000000 ) ) ;
#488 = ORIENTED_EDGE ( 'NONE', *, *, #1296, .F. ) ;
#489 = DIRECTION ( 'NONE',  ( 0.000000000000000000, 0.000000000000000000, -1.000000000000000000 ) ) ;
#490 = CARTESIAN_POINT ( 'NONE',  ( -23.86943652456000109, -2.500000000000000000, 10.00000000000000000 ) ) ;
#491 = EDGE_CURVE ( 'NONE', #1251, #1442, #812, .T. ) ;
#492 = CARTESIAN_POINT ( 'NONE',  ( -24.00000000000000000, -0.3315292334900453719, 355.5000052601100720 ) ) ;
#493 = ORIENTED_EDGE ( 'NONE', *, *, #1171, .F. ) ;
#494 = CALENDAR_DATE ( 2026, 6, 3 ) ;
#495 = VERTEX_POINT ( 'NONE', #81 ) ;
#496 = CARTESIAN_POINT ( 'NONE',  ( 21.00000000000000000, 4.382798748120701134E-14, 7.500000000000000000 ) ) ;
#497 = CARTESIAN_POINT ( 'NONE',  ( -0.3314993133176118434, -23.99999999999999645, 12.49998722998484446 ) ) ;
#498 = CARTESIAN_POINT ( 'NONE',  ( 20.85066866074283354, -2.499923280000311276, 9.668334386355155630 ) ) ;
#499 = ORIENTED_EDGE ( 'NONE', *, *, #1307, .F. ) ;
#500 = CARTESIAN_POINT ( 'NONE',  ( -20.99999999999999645, -0.3315432782345992813, 7.500000000000000000 ) ) ;
#501 = ORIENTED_EDGE ( 'NONE', *, *, #709, .T. ) ;
#502 = CARTESIAN_POINT ( 'NONE',  ( -20.90567426663557882, 2.002009620944539492, 8.466495427012427299 ) ) ;
#503 = B_SPLINE_CURVE_WITH_KNOTS ( 'NONE', 3,
 ( #661, #1428, #1219, #552, #1320, #754, #1211, #199, #1103, #88 ),
 .UNSPECIFIED., .F., .F.,
 ( 4, 2, 2, 2, 4 ),
 ( 0.000000000000000000, 0.2500000000000000000, 0.5000000000000000000, 0.7500000000000000000, 1.000000000000000000 ),
 .UNSPECIFIED. ) ;
#504 = CARTESIAN_POINT ( 'NONE',  ( -20.88666432037306109, 2.182560833526657529, 354.2634621168577382 ) ) ;
#505 = CYLINDRICAL_SURFACE ( 'NONE', #802, 2.500000000000000000 ) ;
#506 = CARTESIAN_POINT ( 'NONE',  ( 0.6507845338943526459, 20.99215375829390240, 7.563504033085343359 ) ) ;
#507 = PERSON_AND_ORGANIZATION ( #520, #1068 ) ;
#508 = VERTEX_POINT ( 'NONE', #882 ) ;
#509 = CARTESIAN_POINT ( 'NONE',  ( -0.3314993133227592814, 24.00000000000000711, 7.500012770015161756 ) ) ;
#510 = CARTESIAN_POINT ( 'NONE',  ( -20.96421124217935628, 1.263225916628169854, 355.1826905950604214 ) ) ;
#511 = DIRECTION ( 'NONE',  ( -1.836970198721029688E-16, -1.000000000000000000, 0.000000000000000000 ) ) ;
#512 = CARTESIAN_POINT ( 'NONE',  ( -2.436271467730624085, -20.85859155648325114, 352.3487515242381392 ) ) ;
#513 = B_SPLINE_CURVE_WITH_KNOTS ( 'NONE', 3,
 ( #1028, #932, #19, #1250, #797, #572, #586, #697, #1022, #1265 ),
 .UNSPECIFIED., .F., .F.,
 ( 4, 2, 2, 2, 4 ),
 ( 0.000000000000000000, 0.1250000000000000000, 0.2500000000000000000, 0.3750000000000000000, 0.5000000000000000000 ),
 .UNSPECIFIED. ) ;
#514 = CARTESIAN_POINT ( 'NONE',  ( 20.99214288222536240, -0.6510229145194198486, 12.43636813345749914 ) ) ;
#515 = PRODUCT_DEFINITION ( 'UNKNOWN', '', #172, #549 ) ;
#516 = DIRECTION ( 'NONE',  ( 1.000000000000000000, 0.000000000000000000, 0.000000000000000000 ) ) ;
#517 = EDGE_CURVE ( 'NONE', #1370, #321, #561, .T. ) ;
#518 = CARTESIAN_POINT ( 'NONE',  ( -21.00000000000000000, 7.957890320674479786E-16, 355.5000052601100151 ) ) ;
#519 = CARTESIAN_POINT ( 'NONE',  ( -0.6507845338621925935, -20.99215375829536967, 7.563504033085343359 ) ) ;
#520 = PERSON ( 'UNSPECIFIED', 'UNSPECIFIED', 'UNSPECIFIED', ('UNSPECIFIED'), ('UNSPECIFIED'), ('UNSPECIFIED') ) ;
#521 = APPROVAL_ROLE ( '' ) ;
#522 = CARTESIAN_POINT ( 'NONE',  ( 23.86943652456000109, -2.500000000000000000, 10.00000000000000000 ) ) ;
#523 = DIRECTION ( 'NONE',  ( 1.000000000000000000, 0.000000000000000000, 0.000000000000000000 ) ) ;
#524 = CARTESIAN_POINT ( 'NONE',  ( 20.88663940047922551, -2.182786049757302838, 8.737015597409833134 ) ) ;
#525 = B_SPLINE_CURVE_WITH_KNOTS ( 'NONE', 3,
 ( #1037, #603, #1064, #382, #53, #1385, #1285, #1378, #269, #698, #1394, #359, #250, #719, #948, #1029, #1155, #806 ),
 .UNSPECIFIED., .F., .F.,
 ( 4, 2, 2, 2, 2, 2, 2, 2, 4 ),
 ( 0.000000000000000000, 0.1250000000000000278, 0.2500000000000000555, 0.3750000000000001110, 0.5000000000000000000, 0.6250000000000000000, 0.7499999999999998890, 0.8750000000000000000, 1.000000000000000000 ),
 .UNSPECIFIED. ) ;
#526 = CARTESIAN_POINT ( 'NONE',  ( 2.002240475228928673, -20.90565476419314095, 8.466689884613776584 ) ) ;
#527 = CALENDAR_DATE ( 2026, 6, 3 ) ;
#528 = CARTESIAN_POINT ( 'NONE',  ( -1.533500679957195523, 23.95210965615633114, 350.9979533092783299 ) ) ;
#529 = CARTESIAN_POINT ( 'NONE',  ( 2.500000000000022649, 23.86943652456001885, 10.33148198949762708 ) ) ;
#530 = CARTESIAN_POINT ( 'NONE',  ( 20.88663940048802914, -2.182786049677709173, 351.7370208575640618 ) ) ;
#531 = CARTESIAN_POINT ( 'NONE',  ( -2.500000000000000000, -20.85065946199300058, 10.00000000000000000 ) ) ;
#532 = CARTESIAN_POINT ( 'NONE',  ( 2.499923279998898185, 20.85066866074299696, 352.6683396462443056 ) ) ;
#533 = VERTEX_POINT ( 'NONE', #115 ) ;
#534 = AXIS2_PLACEMENT_3D ( 'NONE', #1291, #691, #933 ) ;
#535 = COORDINATED_UNIVERSAL_TIME_OFFSET ( 8, 0, .AHEAD. ) ;
#536 = CARTESIAN_POINT ( 'NONE',  ( 2.002038564210294691, -23.91750452917998970, 351.4665286432809239 ) ) ;
#537 = VERTEX_POINT ( 'NONE', #673 ) ;
#538 = CARTESIAN_POINT ( 'NONE',  ( -0.6508943795935094867, 23.99312823915419202, 12.43640607585471258 ) ) ;
#539 = CARTESIAN_POINT ( 'NONE',  ( 24.00000000000000000, 3.988097455506158956E-14, 12.50000000000000000 ) ) ;
#540 = CARTESIAN_POINT ( 'NONE',  ( -21.00000000000000000, -1.062671754404910080E-16, 12.50000000000000000 ) ) ;
#541 = CARTESIAN_POINT ( 'NONE',  ( 20.96421117525481037, 1.263227383473785048, 350.8173209153875405 ) ) ;
#542 = EDGE_LOOP ( 'NONE', ( #573, #353 ) ) ;
#543 = CARTESIAN_POINT ( 'NONE',  ( 0.000000000000000000, 0.000000000000000000, 0.000000000000000000 ) ) ;
#544 = VECTOR ( 'NONE', #651, 1000.000000000000000 ) ;
#545 = ORIENTED_EDGE ( 'NONE', *, *, #974, .F. ) ;
#546 = CARTESIAN_POINT ( 'NONE',  ( 0.000000000000000000, 0.000000000000000000, 10.00000000000000000 ) ) ;
#547 = CARTESIAN_POINT ( 'NONE',  ( 2.499999999999920508, -23.86943652456003306, 9.668518010486321757 ) ) ;
#548 = CARTESIAN_POINT ( 'NONE',  ( 2.182558809761050433, 20.88666454430018860, 354.2634679221644660 ) ) ;
#549 = DESIGN_CONTEXT ( 'detailed design', #945, 'design' ) ;
#550 = CARTESIAN_POINT ( 'NONE',  ( -2.436498707701891142, 20.85856641266506273, 352.3492297838795366 ) ) ;
#551 = ORIENTED_EDGE ( 'NONE', *, *, #634, .F. ) ;
#552 = CARTESIAN_POINT ( 'NONE',  ( -23.90086978175347454, -2.182806126166872751, 351.7370324357906952 ) ) ;
#553 = CARTESIAN_POINT ( 'NONE',  ( 23.96869408173973781, -1.263158822122876002, 7.817271920960716436 ) ) ;
#554 = EDGE_CURVE ( 'NONE', #537, #1220, #605, .T. ) ;
#555 = CARTESIAN_POINT ( 'NONE',  ( 0.3314993133319845686, -24.00000000000000000, 7.500012770015160868 ) ) ;
#556 = CARTESIAN_POINT ( 'NONE',  ( 1.533302564428486559, 20.94527037987900897, 355.0022199169725923 ) ) ;
#557 = CARTESIAN_POINT ( 'NONE',  ( -20.94527029611307256, -1.533303555982565847, 350.9977920680274224 ) ) ;
#558 = EDGE_LOOP ( 'NONE', ( #239, #1212 ) ) ;
#559 = CARTESIAN_POINT ( 'NONE',  ( -1.263158822214883514, -23.96869408173606431, 350.8172771811835560 ) ) ;
#560 = ORIENTED_EDGE ( 'NONE', *, *, #601, .T. ) ;
#561 = LINE ( 'NONE', #1429, #1364 ) ;
#562 = CARTESIAN_POINT ( 'NONE',  ( 2.182558809758236240, -20.88666454430049768, 351.7365425979128872 ) ) ;
#563 = ADVANCED_FACE ( 'NONE', ( #1352 ), #416, .F. ) ;
#564 = CARTESIAN_POINT ( 'NONE',  ( -20.99215512284074947, 0.6507546258877562328, 350.5634965137335826 ) ) ;
#565 = ORIENTED_EDGE ( 'NONE', *, *, #104, .T. ) ;
#566 = CARTESIAN_POINT ( 'NONE',  ( -2.002218497704883138, 23.91749123970727453, 354.5333379031930576 ) ) ;
#567 = VERTEX_POINT ( 'NONE', #324 ) ;
#568 = CARTESIAN_POINT ( 'NONE',  ( -2.436498707704703115, -20.85856641266475364, 10.65077547629601007 ) ) ;
#569 = EDGE_CURVE ( 'NONE', #1205, #224, #480, .T. ) ;
#570 = EDGE_CURVE ( 'NONE', #1332, #432, #218, .T. ) ;
#571 = DIRECTION ( 'NONE',  ( 0.000000000000000000, 0.000000000000000000, -1.000000000000000000 ) ) ;
#572 = CARTESIAN_POINT ( 'NONE',  ( 20.94525100133190065, 1.533531952139320031, 12.00202119185914107 ) ) ;
#573 = ORIENTED_EDGE ( 'NONE', *, *, #144, .T. ) ;
#574 = CARTESIAN_POINT ( 'NONE',  ( -21.00000000000000000, -1.062671754404910080E-16, 12.50000000000000000 ) ) ;
#575 = ORIENTED_EDGE ( 'NONE', *, *, #93, .F. ) ;
#576 = CARTESIAN_POINT ( 'NONE',  ( -23.87633540127892218, 2.436573156553234920, 9.349439212935807930 ) ) ;
#577 = CARTESIAN_POINT ( 'NONE',  ( 0.000000000000000000, 0.000000000000000000, 0.000000000000000000 ) ) ;
#578 = CARTESIAN_POINT ( 'NONE',  ( 2.500000000000000000, 20.85065946199300058, 353.0000052601100151 ) ) ;
#579 = FACE_OUTER_BOUND ( 'NONE', #783, .T. ) ;
#580 = CARTESIAN_POINT ( 'NONE',  ( -20.96421124217061660, 1.263225916819561423, 12.18268533473680471 ) ) ;
#581 = CARTESIAN_POINT ( 'NONE',  ( 23.95210965615043008, -1.533500680036974817, 12.00205195075956155 ) ) ;
#582 = ORIENTED_EDGE ( 'NONE', *, *, #934, .T. ) ;
#583 = CARTESIAN_POINT ( 'NONE',  ( -23.96868571779944546, 1.263368403454280919, 12.18261179577999975 ) ) ;
#584 = AXIS2_PLACEMENT_3D ( 'NONE', #1123, #109, #1007 ) ;
#585 = CARTESIAN_POINT ( 'NONE',  ( -2.499923263768146775, -20.85066866268907404, 353.3317410466839874 ) ) ;
#586 = CARTESIAN_POINT ( 'NONE',  ( 20.96419889243620105, 1.263496597111642084, 12.18254373188123196 ) ) ;
#587 = EDGE_LOOP ( 'NONE', ( #171, #736, #1255, #1111 ) ) ;
#588 = CARTESIAN_POINT ( 'NONE',  ( -20.85066890508424109, 2.499921242128411603, 10.33174159199810305 ) ) ;
#589 = B_SPLINE_CURVE_WITH_KNOTS ( 'NONE', 3,
 ( #381, #947, #1182, #175, #393, #1071, #825, #1418, #726, #965 ),
 .UNSPECIFIED., .F., .F.,
 ( 4, 2, 2, 2, 4 ),
 ( 0.000000000000000000, 0.2500000000000000555, 0.5000000000000001110, 0.7500000000000000000, 1.000000000000000000 ),
 .UNSPECIFIED. ) ;
#590 = PERSON_AND_ORGANIZATION ( #520, #1068 ) ;
#591 = ORIENTED_EDGE ( 'NONE', *, *, #784, .T. ) ;
#592 = CARTESIAN_POINT ( 'NONE',  ( 0.6507845339055423617, -20.99215375829338726, 12.43649596691149917 ) ) ;
#593 = CARTESIAN_POINT ( 'NONE',  ( -23.86943652456000109, -2.500000000000000000, 353.0000052601100151 ) ) ;
#594 = FACE_OUTER_BOUND ( 'NONE', #1104, .T. ) ;
#595 = CARTESIAN_POINT ( 'NONE',  ( 2.500000000000000000, 20.85065946199300058, 10.00000000000000000 ) ) ;
#596 = CARTESIAN_POINT ( 'NONE',  ( -2.182563941943061803, -23.90089319629981546, 8.736513764583280661 ) ) ;
#597 = EDGE_LOOP ( 'NONE', ( #768, #888, #1449, #193, #281, #620, #1334, #591, #259, #1167, #343, #1023, #856, #452, #816, #1003 ) ) ;
#598 = CARTESIAN_POINT ( 'NONE',  ( 0.000000000000000000, 0.000000000000000000, 353.0000052601100151 ) ) ;
#599 = CARTESIAN_POINT ( 'NONE',  ( -23.96868571779830859, -1.263368403482620250, 7.817388204219984260 ) ) ;
#600 = EDGE_CURVE ( 'NONE', #14, #750, #1082, .T. ) ;
#601 = EDGE_CURVE ( 'NONE', #1025, #1226, #779, .T. ) ;
#602 = CARTESIAN_POINT ( 'NONE',  ( 23.86943652456002241, -2.500000000000057732, 353.3314872497473402 ) ) ;
#603 = CARTESIAN_POINT ( 'NONE',  ( -2.499999999999908518, -23.86943652456004017, 353.3314872497472265 ) ) ;
#604 = EDGE_CURVE ( 'NONE', #390, #237, #1009, .T. ) ;
#605 = B_SPLINE_CURVE_WITH_KNOTS ( 'NONE', 3,
 ( #1114, #340, #989, #1013, #3, #233, #1335, #1004, #440, #787 ),
 .UNSPECIFIED., .F., .F.,
 ( 4, 2, 2, 2, 4 ),
 ( 0.000000000000000000, 0.1250000000000000000, 0.2500000000000000000, 0.3750000000000000000, 0.5000000000000000000 ),
 .UNSPECIFIED. ) ;
#606 = EDGE_LOOP ( 'NONE', ( #120, #350, #114, #1074, #993, #16, #106, #911, #560, #499, #8, #701, #582, #62, #943, #471 ) ) ;
#607 = CARTESIAN_POINT ( 'NONE',  ( -20.99215512282879459, 0.6507546261498452500, 7.563491253623761956 ) ) ;
#608 = CARTESIAN_POINT ( 'NONE',  ( 1.533531952138078580, -20.94525100133200723, 355.0020264519382067 ) ) ;
#609 = CARTESIAN_POINT ( 'NONE',  ( -23.87633540127892928, -2.436573156553196728, 353.6505660472021191 ) ) ;
#610 = VECTOR ( 'NONE', #1303, 1000.000000000000000 ) ;
#611 = ORIENTED_EDGE ( 'NONE', *, *, #412, .T. ) ;
#612 = CARTESIAN_POINT ( 'NONE',  ( -2.436573156553227371, -23.87633540127892573, 9.349440137409958496 ) ) ;
#613 = EDGE_LOOP ( 'NONE', ( #425, #1128, #1339, #10 ) ) ;
#614 = CARTESIAN_POINT ( 'NONE',  ( -2.500000000000000000, 4.592425496802573972E-16, 10.00000000000000000 ) ) ;
#615 = CARTESIAN_POINT ( 'NONE',  ( 23.99312823916097770, -0.6508943794235574343, 350.5635991841015766 ) ) ;
#616 = EDGE_CURVE ( 'NONE', #432, #244, #1297, .T. ) ;
#617 = LINE ( 'NONE', #1312, #1417 ) ;
#618 = CARTESIAN_POINT ( 'NONE',  ( 1.263227383393778824, -20.96421117525846611, 7.817315655192717649 ) ) ;
#619 = CC_DESIGN_APPROVAL ( #258, ( #515 ) ) ;
#620 = ORIENTED_EDGE ( 'NONE', *, *, #93, .T. ) ;
#621 = CARTESIAN_POINT ( 'NONE',  ( -2.002038564247099028, 23.91750452917727188, 8.466523383164195948 ) ) ;
#622 = CARTESIAN_POINT ( 'NONE',  ( 20.99215516504341750, 0.6507537008937653855, 355.4365140064862771 ) ) ;
#623 = CARTESIAN_POINT ( 'NONE',  ( 0.000000000000000000, 0.000000000000000000, 353.0000052601100151 ) ) ;
#624 = CARTESIAN_POINT ( 'NONE',  ( -0.6510229145267045769, 20.99214288222502489, 7.563631866555189376 ) ) ;
#625 = PRODUCT_RELATED_PRODUCT_CATEGORY ( 'detail', '', ( #644 ) ) ;
#626 = ORIENTED_EDGE ( 'NONE', *, *, #967, .T. ) ;
#627 = LINE ( 'NONE', #1081, #910 ) ;
#628 = CARTESIAN_POINT ( 'NONE',  ( 23.87633540127892573, -2.436573156553266006, 352.3494453973983127 ) ) ;
#629 = CARTESIAN_POINT ( 'NONE',  ( 20.99999999999999645, 0.3315442025905206980, 7.500000000000000888 ) ) ;
#630 = CARTESIAN_POINT ( 'NONE',  ( 1.533302564398000722, -20.94527037988158469, 350.9977906033094541 ) ) ;
#631 = ADVANCED_FACE ( 'NONE', ( #121 ), #11, .F. ) ;
#632 = CARTESIAN_POINT ( 'NONE',  ( 21.00000000000000000, 0.000000000000000000, 0.000000000000000000 ) ) ;
#633 = B_SPLINE_CURVE_WITH_KNOTS ( 'NONE', 3,
 ( #43, #492, #1393, #684, #1139, #349, #961, #609, #850, #59 ),
 .UNSPECIFIED., .F., .F.,
 ( 4, 2, 2, 2, 4 ),
 ( 0.000000000000000000, 0.2499999999999999445, 0.4999999999999998890, 0.7499999999999998890, 1.000000000000000000 ),
 .UNSPECIFIED. ) ;
#634 = EDGE_CURVE ( 'NONE', #40, #1228, #1054, .T. ) ;
#635 = DIRECTION ( 'NONE',  ( -1.000000000000000000, 1.224646799147350002E-16, 0.000000000000000000 ) ) ;
#636 = CARTESIAN_POINT ( 'NONE',  ( 20.85066866268940800, 2.499923263765367221, 9.668264213412479435 ) ) ;
#637 = CARTESIAN_POINT ( 'NONE',  ( -0.3315133426483576340, 21.00000000000000000, 7.499987225621751463 ) ) ;
#638 = DIRECTION ( 'NONE',  ( 1.000000000000000000, 0.000000000000000000, 0.000000000000000000 ) ) ;
#639 = DIRECTION ( 'NONE',  ( 0.000000000000000000, 0.000000000000000000, 1.000000000000000000 ) ) ;
#640 = EDGE_CURVE ( 'NONE', #1228, #455, #191, .T. ) ;
#641 = APPLICATION_CONTEXT ( 'configuration controlled 3d designs of mechanical parts and assemblies' ) ;
#642 = CARTESIAN_POINT ( 'NONE',  ( 23.87633540127892218, 2.436573156553232256, 353.6505651227636804 ) ) ;
#643 = CARTESIAN_POINT ( 'NONE',  ( -2.499923280000390768, -20.85066866074282288, 9.668334386355157406 ) ) ;
#644 = PRODUCT ( 'motorcasing', 'motorcasing', '', ( #1292 ) ) ;
#645 = CARTESIAN_POINT ( 'NONE',  ( 20.85856641266505207, 2.436498707701993283, 352.3492297838799345 ) ) ;
#646 = CARTESIAN_POINT ( 'NONE',  ( 1.263158822227911093, 23.96869408173555271, 350.8172771811965731 ) ) ;
#647 = EDGE_LOOP ( 'NONE', ( #111, #988 ) ) ;
#648 = CARTESIAN_POINT ( 'NONE',  ( 1.263338502734774771, 23.96868691107286509, 12.18262457087623929 ) ) ;
#649 = CARTESIAN_POINT ( 'NONE',  ( 21.00000000000000000, 8.157557031846233371E-14, 350.5000052601100151 ) ) ;
#650 = CARTESIAN_POINT ( 'NONE',  ( -20.90567426663600159, -2.002009620939447565, 11.53350457298970255 ) ) ;
#651 = DIRECTION ( 'NONE',  ( 6.123233995736769734E-17, 1.000000000000000000, 0.000000000000000000 ) ) ;
#652 = EDGE_LOOP ( 'NONE', ( #1243, #217 ) ) ;
#653 = VECTOR ( 'NONE', #112, 1000.000000000000000 ) ;
#654 = CARTESIAN_POINT ( 'NONE',  ( -2.499999999999991562, 23.86943652456002951, 352.6685232704422788 ) ) ;
#655 = ORIENTED_EDGE ( 'NONE', *, *, #982, .F. ) ;
#656 = CARTESIAN_POINT ( 'NONE',  ( 23.86943652456002241, -2.500000000000010214, 9.668447820322906949 ) ) ;
#657 = DIRECTION ( 'NONE',  ( 6.123233995736769734E-17, 1.000000000000000000, 0.000000000000000000 ) ) ;
#658 = CARTESIAN_POINT ( 'NONE',  ( -24.00000000000000000, 4.039251950781280106E-16, 355.5000052601100151 ) ) ;
#659 = FACE_OUTER_BOUND ( 'NONE', #89, .T. ) ;
#660 = ORIENTED_EDGE ( 'NONE', *, *, #445, .F. ) ;
#661 = CARTESIAN_POINT ( 'NONE',  ( -23.86943652456000109, -2.500000000000000000, 353.0000052601100151 ) ) ;
#662 = EDGE_CURVE ( 'NONE', #820, #14, #926, .T. ) ;
#663 = AXIS2_PLACEMENT_3D ( 'NONE', #181, #52, #746 ) ;
#664 = B_SPLINE_CURVE_WITH_KNOTS ( 'NONE', 3,
 ( #823, #831, #514, #951, #68, #1288, #57, #63, #731, #1404 ),
 .UNSPECIFIED., .F., .F.,
 ( 4, 2, 2, 2, 4 ),
 ( 0.5000000000000000000, 0.6250000000000000000, 0.7500000000000000000, 0.8750000000000000000, 1.000000000000000000 ),
 .UNSPECIFIED. ) ;
#665 = VERTEX_POINT ( 'NONE', #260 ) ;
#666 = CARTESIAN_POINT ( 'NONE',  ( 2.500000000000000000, 23.86943652456000109, 10.00000000000000000 ) ) ;
#667 = CARTESIAN_POINT ( 'NONE',  ( 23.86943652456000109, -2.500000000000000000, 10.00000000000000000 ) ) ;
#668 = DIRECTION ( 'NONE',  ( -1.000000000000000000, 1.224646799147350002E-16, 0.000000000000000000 ) ) ;
#669 = CARTESIAN_POINT ( 'NONE',  ( 2.002011087561744063, 20.90567414273655089, 351.4665016799409614 ) ) ;
#670 = ORIENTED_EDGE ( 'NONE', *, *, #872, .T. ) ;
#671 = CC_DESIGN_DATE_AND_TIME_ASSIGNMENT ( #383, #829, ( #515 ) ) ;
#672 = DIRECTION ( 'NONE',  ( -1.836970198721029688E-16, -1.000000000000000000, 0.000000000000000000 ) ) ;
#673 = CARTESIAN_POINT ( 'NONE',  ( 23.86943652456000109, 2.500000000000000000, 353.0000052601100151 ) ) ;
#674 = ADVANCED_FACE ( 'NONE', ( #1164 ), #151, .F. ) ;
#675 = CARTESIAN_POINT ( 'NONE',  ( 23.95212294561160604, 1.533320746698700665, 12.00219592414780045 ) ) ;
#676 = DIRECTION ( 'NONE',  ( 0.000000000000000000, 0.000000000000000000, 1.000000000000000000 ) ) ;
#677 = DIRECTION ( 'NONE',  ( -1.000000000000000000, 1.224646799147350002E-16, 0.000000000000000000 ) ) ;
#678 = EDGE_LOOP ( 'NONE', ( #80, #378, #126, #1012, #265, #468, #395, #97, #370, #1118, #1409, #1348, #794, #384, #1457, #918 ) ) ;
#679 = DIRECTION ( 'NONE',  ( 1.000000000000000000, 0.000000000000000000, 0.000000000000000000 ) ) ;
#680 = VECTOR ( 'NONE', #795, 1000.000000000000000 ) ;
#681 = ORIENTED_EDGE ( 'NONE', *, *, #484, .T. ) ;
#682 = CARTESIAN_POINT ( 'NONE',  ( 2.436573156553240249, -23.87633540127892573, 10.65055986267222821 ) ) ;
#683 = CARTESIAN_POINT ( 'NONE',  ( 1.263227383633729994, 20.96421117524752020, 355.1826896047434730 ) ) ;
#684 = CARTESIAN_POINT ( 'NONE',  ( -23.96869414032175882, -1.263157354190793225, 355.1827343301307565 ) ) ;
#685 = ORIENTED_EDGE ( 'NONE', *, *, #1254, .F. ) ;
#686 = CARTESIAN_POINT ( 'NONE',  ( -20.85065946199300058, -2.500000000000000000, 353.0000052601100151 ) ) ;
#687 = ORIENTED_EDGE ( 'NONE', *, *, #1088, .T. ) ;
#688 = CARTESIAN_POINT ( 'NONE',  ( -23.96869414031274914, 1.263157354416327260, 7.817270930085943093 ) ) ;
#689 = CARTESIAN_POINT ( 'NONE',  ( -23.96869414031406009, -1.263157354383516839, 12.18272906992473281 ) ) ;
#690 = CARTESIAN_POINT ( 'NONE',  ( -2.182786049762564851, 20.88663940047864642, 11.26298440256254452 ) ) ;
#691 = DIRECTION ( 'NONE',  ( 0.000000000000000000, 0.000000000000000000, 1.000000000000000000 ) ) ;
#692 = CARTESIAN_POINT ( 'NONE',  ( -21.00000000000000000, 0.3315432782345921203, 12.50000000000000178 ) ) ;
#693 = ORIENTED_EDGE ( 'NONE', *, *, #600, .F. ) ;
#694 = CARTESIAN_POINT ( 'NONE',  ( -23.95210954780946366, 1.533502146925106668, 12.00205095821802459 ) ) ;
#695 = CARTESIAN_POINT ( 'NONE',  ( -1.263227383636845280, -20.96421117524737099, 355.1826896047488162 ) ) ;
#696 = B_SPLINE_CURVE_WITH_KNOTS ( 'NONE', 3,
 ( #987, #654, #96, #887, #1436, #528, #1333, #1235, #447, #769, #1204, #646, #216, #423, #777, #863, #1227, #223 ),
 .UNSPECIFIED., .F., .F.,
 ( 4, 2, 2, 2, 2, 2, 2, 2, 4 ),
 ( 0.000000000000000000, 0.1249999999999999445, 0.2499999999999998890, 0.3749999999999999445, 0.4999999999999998890, 0.6249999999999998890, 0.7500000000000000000, 0.8750000000000000000, 1.000000000000000000 ),
 .UNSPECIFIED. ) ;
#697 = CARTESIAN_POINT ( 'NONE',  ( 20.99215516504714429, 0.6507537008120942712, 12.43650874637624604 ) ) ;
#698 = CARTESIAN_POINT ( 'NONE',  ( 0.3314993130747111438, -23.99999999999999645, 355.5000180303056823 ) ) ;
#699 = DIRECTION ( 'NONE',  ( 1.000000000000000000, 0.000000000000000000, 0.000000000000000000 ) ) ;
#700 = CARTESIAN_POINT ( 'NONE',  ( -20.88666432037306109, -2.182560833526623778, 8.736543143367875075 ) ) ;
#701 = ORIENTED_EDGE ( 'NONE', *, *, #1247, .T. ) ;
#702 = CARTESIAN_POINT ( 'NONE',  ( 23.91750452917759162, 2.002038564242715424, 8.466523383159728411 ) ) ;
#703 = CARTESIAN_POINT ( 'NONE',  ( -2.436498707704704003, -20.85856641266474654, 353.6507807364110363 ) ) ;
#704 = CARTESIAN_POINT ( 'NONE',  ( -23.86943652456000109, 2.500000000000000000, 10.00000000000000000 ) ) ;
#705 = CARTESIAN_POINT ( 'NONE',  ( 0.000000000000000000, 0.000000000000000000, 0.000000000000000000 ) ) ;
#706 = PERSON_AND_ORGANIZATION_ROLE ( 'creator' ) ;
#707 = ORIENTED_EDGE ( 'NONE', *, *, #852, .F. ) ;
#708 = CARTESIAN_POINT ( 'NONE',  ( -23.86943652456000109, 2.500000000000000000, 10.00000000000000000 ) ) ;
#709 = EDGE_CURVE ( 'NONE', #665, #214, #664, .T. ) ;
#710 = CARTESIAN_POINT ( 'NONE',  ( 2.002011087612308060, -20.90567414273228763, 354.5335088403728605 ) ) ;
#711 = CARTESIAN_POINT ( 'NONE',  ( 1.533302564476251462, 20.94527037987497309, 12.00221465676069954 ) ) ;
#712 = DIRECTION ( 'NONE',  ( 0.000000000000000000, 0.000000000000000000, 1.000000000000000000 ) ) ;
#713 = ORIENTED_EDGE ( 'NONE', *, *, #352, .T. ) ;
#714 = CARTESIAN_POINT ( 'NONE',  ( 21.00000000000000000, 0.000000000000000000, 0.000000000000000000 ) ) ;
#715 = B_SPLINE_CURVE_WITH_KNOTS ( 'NONE', 3,
 ( #479, #500, #1184, #1402, #935, #1065, #700, #1389, #1380, #942 ),
 .UNSPECIFIED., .F., .F.,
 ( 4, 2, 2, 2, 4 ),
 ( 0.000000000000000000, 0.2499999999999995559, 0.4999999999999991118, 0.7499999999999995559, 1.000000000000000000 ),
 .UNSPECIFIED. ) ;
#716 = EDGE_CURVE ( 'NONE', #237, #1251, #401, .T. ) ;
#717 = CARTESIAN_POINT ( 'NONE',  ( 20.85065946199300058, -2.500000000000000000, 353.0000052601100151 ) ) ;
#718 = CARTESIAN_POINT ( 'NONE',  ( 20.96419889243617618, -1.263496597112259368, 7.817456268118817775 ) ) ;
#719 = CARTESIAN_POINT ( 'NONE',  ( 2.002218497729302271, -23.91749123970546975, 354.5333379031784489 ) ) ;
#720 = B_SPLINE_CURVE_WITH_KNOTS ( 'NONE', 3,
 ( #539, #304, #417, #134, #675, #752, #203, #1006, #1122, #1424 ),
 .UNSPECIFIED., .F., .F.,
 ( 4, 2, 2, 2, 4 ),
 ( 0.5000000000000000000, 0.6250000000000000000, 0.7500000000000000000, 0.8750000000000000000, 1.000000000000000000 ),
 .UNSPECIFIED. ) ;
#721 = VECTOR ( 'NONE', #639, 1000.000000000000000 ) ;
#722 = ORIENTED_EDGE ( 'NONE', *, *, #900, .F. ) ;
#723 = CARTESIAN_POINT ( 'NONE',  ( 0.3314993133228370525, 23.99999999999999289, 7.499987229984838244 ) ) ;
#724 = DIRECTION ( 'NONE',  ( 1.000000000000000000, -1.836970198721029688E-16, 0.000000000000000000 ) ) ;
#725 = AXIS2_PLACEMENT_3D ( 'NONE', #924, #37, #1278 ) ;
#726 = CARTESIAN_POINT ( 'NONE',  ( -23.99999999999999645, 0.3316012897173118978, 355.5000052601100720 ) ) ;
#727 = VECTOR ( 'NONE', #73, 1000.000000000000000 ) ;
#728 = CARTESIAN_POINT ( 'NONE',  ( -23.99312818058072239, 0.6508958473115311616, 350.5636001751169033 ) ) ;
#729 = CARTESIAN_POINT ( 'NONE',  ( 0.000000000000000000, 0.000000000000000000, 0.000000000000000000 ) ) ;
#730 = ORIENTED_EDGE ( 'NONE', *, *, #1386, .F. ) ;
#731 = CARTESIAN_POINT ( 'NONE',  ( 20.85066866268907049, -2.499923263768167647, 10.33173578656881375 ) ) ;
#732 = CARTESIAN_POINT ( 'NONE',  ( 23.91749123972111590, -2.002218497517519680, 351.4666726166259423 ) ) ;
#733 = CARTESIAN_POINT ( 'NONE',  ( 20.99215516504716561, -0.6507537008115437116, 7.563491253623761068 ) ) ;
#734 = CARTESIAN_POINT ( 'NONE',  ( 2.500000000000000000, 20.85065946199300058, 10.00000000000000000 ) ) ;
#735 = AXIS2_PLACEMENT_3D ( 'NONE', #782, #677, #1347 ) ;
#736 = ORIENTED_EDGE ( 'NONE', *, *, #604, .F. ) ;
#737 = CARTESIAN_POINT ( 'NONE',  ( -1.263338502765666282, 23.96868691107163585, 7.817375429123742947 ) ) ;
#738 = B_SPLINE_CURVE_WITH_KNOTS ( 'NONE', 3,
 ( #531, #643, #1432, #277, #1420, #305, #410, #519, #1190, #1300, #72, #618, #980, #526, #973, #966, #1072, #405 ),
 .UNSPECIFIED., .F., .F.,
 ( 4, 2, 2, 2, 2, 2, 2, 2, 4 ),
 ( 0.000000000000000000, 0.1249999999999994726, 0.2499999999999989453, 0.3749999999999988898, 0.4999999999999988898, 0.6249999999999987788, 0.7499999999999987788, 0.8749999999999994449, 1.000000000000000000 ),
 .UNSPECIFIED. ) ;
#739 = CARTESIAN_POINT ( 'NONE',  ( 23.90089319629983677, -2.182563941942844199, 351.7365190248137310 ) ) ;
#740 = CARTESIAN_POINT ( 'NONE',  ( 21.00000000000000000, 4.382798748120701134E-14, 7.500000000000000000 ) ) ;
#741 = CARTESIAN_POINT ( 'NONE',  ( 0.3315133430427005257, -21.00000000000000000, 350.4999924858363443 ) ) ;
#742 = EDGE_CURVE ( 'NONE', #665, #1351, #1315, .T. ) ;
#743 = B_SPLINE_CURVE_WITH_KNOTS ( 'NONE', 3,
 ( #952, #946, #615, #1097, #1200, #732, #739, #628, #1405, #1412 ),
 .UNSPECIFIED., .F., .F.,
 ( 4, 2, 2, 2, 4 ),
 ( 0.5000000000000000000, 0.6250000000000000000, 0.7500000000000000000, 0.8750000000000000000, 1.000000000000000000 ),
 .UNSPECIFIED. ) ;
#744 = CARTESIAN_POINT ( 'NONE',  ( -20.85065946199300058, 2.500000000000000000, 10.00000000000000000 ) ) ;
#745 = DIRECTION ( 'NONE',  ( 0.000000000000000000, 0.000000000000000000, 1.000000000000000000 ) ) ;
#746 = DIRECTION ( 'NONE',  ( 1.000000000000000000, 0.000000000000000000, 0.000000000000000000 ) ) ;
#747 = CARTESIAN_POINT ( 'NONE',  ( 2.499923279998981673, 20.85066866074298986, 9.668334386332487540 ) ) ;
#748 = EDGE_CURVE ( 'NONE', #331, #508, #1196, .T. ) ;
#749 = CARTESIAN_POINT ( 'NONE',  ( 2.500000000000000000, -23.86943652456000109, 353.0000052601100151 ) ) ;
#750 = VERTEX_POINT ( 'NONE', #522 ) ;
#751 = LINE ( 'NONE', #296, #788 ) ;
#752 = CARTESIAN_POINT ( 'NONE',  ( 23.91749123971912994, 2.002218497544360876, 11.53333264346588294 ) ) ;
#753 = DIRECTION ( 'NONE',  ( -1.836970198721029688E-16, -1.000000000000000000, 0.000000000000000000 ) ) ;
#754 = CARTESIAN_POINT ( 'NONE',  ( -23.95210954783797774, -1.533502146539119204, 350.9979543015962236 ) ) ;
#755 = ORIENTED_EDGE ( 'NONE', *, *, #159, .F. ) ;
#756 = CARTESIAN_POINT ( 'NONE',  ( -2.436573156553274888, 23.87633540127891862, 10.65055986267224064 ) ) ;
#757 = LINE ( 'NONE', #196, #221 ) ;
#758 = CARTESIAN_POINT ( 'NONE',  ( -20.88663929071166336, -2.182787041793485372, 11.26298293328486544 ) ) ;
#759 = CARTESIAN_POINT ( 'NONE',  ( -20.94525087744233716, 1.533533418644643209, 350.9979850608311267 ) ) ;
#760 = EDGE_LOOP ( 'NONE', ( #670, #822 ) ) ;
#761 = CARTESIAN_POINT ( 'NONE',  ( 0.3314993133191804775, -24.00000000000000000, 350.5000180302043873 ) ) ;
#762 = EDGE_LOOP ( 'NONE', ( #895, #323 ) ) ;
#763 = EDGE_CURVE ( 'NONE', #1161, #879, #1067, .T. ) ;
#764 = CARTESIAN_POINT ( 'NONE',  ( 23.90089319629984033, -2.182563941942844643, 8.736513764671457238 ) ) ;
#765 = FACE_OUTER_BOUND ( 'NONE', #1191, .T. ) ;
#766 = CARTESIAN_POINT ( 'NONE',  ( 21.00000000000000000, 0.000000000000000000, 0.000000000000000000 ) ) ;
#767 = CARTESIAN_POINT ( 'NONE',  ( 1.263465764481309872, 20.96420029916881944, 350.8174487488712998 ) ) ;
#768 = ORIENTED_EDGE ( 'NONE', *, *, #293, .T. ) ;
#769 = CARTESIAN_POINT ( 'NONE',  ( 0.3314993133376373247, 24.00000000000000355, 350.4999924900156429 ) ) ;
#770 = CARTESIAN_POINT ( 'NONE',  ( -1.533320746708919824, 23.95212294561084931, 12.00219592413154679 ) ) ;
#771 = CARTESIAN_POINT ( 'NONE',  ( 23.87635871992558023, -2.436331964250812110, 10.65107180487345495 ) ) ;
#772 = CYLINDRICAL_SURFACE ( 'NONE', #584, 2.500000000000000000 ) ;
#773 = APPROVAL ( #841, 'UNSPECIFIED' ) ;
#774 = CARTESIAN_POINT ( 'NONE',  ( -20.96421124218498377, -1.263225916504821189, 350.8173199252008772 ) ) ;
#775 = VERTEX_POINT ( 'NONE', #496 ) ;
#776 = EDGE_CURVE ( 'NONE', #224, #1205, #1127, .T. ) ;
#777 = CARTESIAN_POINT ( 'NONE',  ( 2.182563941942866403, 23.90089319629983677, 351.7365190248576710 ) ) ;
#778 = ORIENTED_EDGE ( 'NONE', *, *, #1426, .F. ) ;
#779 = LINE ( 'NONE', #1239, #680 ) ;
#780 = CARTESIAN_POINT ( 'NONE',  ( 20.99215516505738321, -0.6507537005877812586, 350.5634965137335826 ) ) ;
#781 = FACE_BOUND ( 'NONE', #1274, .T. ) ;
#782 = CARTESIAN_POINT ( 'NONE',  ( 0.000000000000000000, 0.000000000000000000, 10.00000000000000000 ) ) ;
#783 = EDGE_LOOP ( 'NONE', ( #1342, #228, #165, #1163, #345, #834 ) ) ;
#784 = EDGE_CURVE ( 'NONE', #142, #567, #843, .T. ) ;
#785 = CYLINDRICAL_SURFACE ( 'NONE', #1044, 2.500000000000000000 ) ;
#786 = ORIENTED_EDGE ( 'NONE', *, *, #1349, .F. ) ;
#787 = CARTESIAN_POINT ( 'NONE',  ( 24.00000000000000000, -2.296212748401286986E-16, 350.5000052601100151 ) ) ;
#788 = VECTOR ( 'NONE', #745, 1000.000000000000000 ) ;
#789 = CARTESIAN_POINT ( 'NONE',  ( -2.500000000000000000, 20.85065946199300058, 353.0000052601100151 ) ) ;
#790 = CARTESIAN_POINT ( 'NONE',  ( -1.263465764016826087, 20.96420029919001138, 12.18255651134915318 ) ) ;
#791 = ORIENTED_EDGE ( 'NONE', *, *, #570, .T. ) ;
#792 = DIRECTION ( 'NONE',  ( 0.000000000000000000, 1.000000000000000000, 0.000000000000000000 ) ) ;
#793 = VECTOR ( 'NONE', #672, 1000.000000000000000 ) ;
#794 = ORIENTED_EDGE ( 'NONE', *, *, #1090, .T. ) ;
#795 = DIRECTION ( 'NONE',  ( 0.000000000000000000, 0.000000000000000000, 1.000000000000000000 ) ) ;
#796 = CARTESIAN_POINT ( 'NONE',  ( 1.263465763716075996, -20.96420029920373906, 355.1825617715505814 ) ) ;
#797 = CARTESIAN_POINT ( 'NONE',  ( 20.90567414273240843, 2.002011087610864770, 11.53350358023105926 ) ) ;
#798 = ORIENTED_EDGE ( 'NONE', *, *, #104, .F. ) ;
#799 = CARTESIAN_POINT ( 'NONE',  ( 2.500000000000022204, 23.86943652456002241, 353.3314872496814587 ) ) ;
#800 = VERTEX_POINT ( 'NONE', #184 ) ;
#801 = CARTESIAN_POINT ( 'NONE',  ( -23.91750463752127942, 2.002037097317951542, 11.53347760939565703 ) ) ;
#802 = AXIS2_PLACEMENT_3D ( 'NONE', #623, #511, #1174 ) ;
#803 = CC_DESIGN_APPROVAL ( #773, ( #424 ) ) ;
#804 = DIRECTION ( 'NONE',  ( 1.000000000000000000, 0.000000000000000000, 0.000000000000000000 ) ) ;
#805 = CARTESIAN_POINT ( 'NONE',  ( 2.002240475273996623, 20.90565476418933599, 11.53331011532950612 ) ) ;
#806 = CARTESIAN_POINT ( 'NONE',  ( 2.500000000000000000, -23.86943652456000109, 353.0000052601100151 ) ) ;
#807 = CARTESIAN_POINT ( 'NONE',  ( -2.500000000000000000, 23.86943652456000109, 353.0000052601100151 ) ) ;
#808 = FACE_BOUND ( 'NONE', #1080, .T. ) ;
#809 = ORIENTED_EDGE ( 'NONE', *, *, #1401, .F. ) ;
#810 = CARTESIAN_POINT ( 'NONE',  ( -24.00000000000000000, 0.3315292335221964315, 7.499999999999998224 ) ) ;
#811 = CARTESIAN_POINT ( 'NONE',  ( 2.436271467665620527, -20.85859155649044894, 353.6512589959108368 ) ) ;
#812 = B_SPLINE_CURVE_WITH_KNOTS ( 'NONE', 3,
 ( #964, #1416, #1089, #402, #849, #74, #1423, #194, #497, #1398, #225, #1445, #433, #978, #449, #682, #98, #90 ),
 .UNSPECIFIED., .F., .F.,
 ( 4, 2, 2, 2, 2, 2, 2, 2, 4 ),
 ( 0.000000000000000000, 0.1250000000000000000, 0.2500000000000000000, 0.3750000000000000000, 0.5000000000000000000, 0.6250000000000000000, 0.7500000000000000000, 0.8750000000000000000, 1.000000000000000000 ),
 .UNSPECIFIED. ) ;
#813 = CARTESIAN_POINT ( 'NONE',  ( -2.499923279997573911, 20.85066866074315683, 10.33166561366657277 ) ) ;
#814 = FACE_OUTER_BOUND ( 'NONE', #606, .T. ) ;
#815 = EDGE_CURVE ( 'NONE', #314, #224, #969, .T. ) ;
#816 = ORIENTED_EDGE ( 'NONE', *, *, #662, .T. ) ;
#817 = CARTESIAN_POINT ( 'NONE',  ( 23.87635871992631209, 2.436331964243123593, 9.348928195141443354 ) ) ;
#818 = CARTESIAN_POINT ( 'NONE',  ( 20.96419889243993495, 1.263496597029917012, 355.1825489919908136 ) ) ;
#819 = CARTESIAN_POINT ( 'NONE',  ( 24.00000000000000000, 0.000000000000000000, 360.0000000000000000 ) ) ;
#820 = VERTEX_POINT ( 'NONE', #963 ) ;
#821 = EDGE_CURVE ( 'NONE', #389, #1220, #627, .T. ) ;
#822 = ORIENTED_EDGE ( 'NONE', *, *, #1005, .T. ) ;
#823 = CARTESIAN_POINT ( 'NONE',  ( 21.00000000000000000, 2.019430718040733413E-15, 12.50000000000000000 ) ) ;
#824 = CARTESIAN_POINT ( 'NONE',  ( -23.95212287233898252, -1.533321738777064125, 12.00219445811359087 ) ) ;
#825 = CARTESIAN_POINT ( 'NONE',  ( -23.96868571780429491, 1.263368403332696621, 355.1826170558900913 ) ) ;
#826 = CARTESIAN_POINT ( 'NONE',  ( 2.500000000000000000, -20.85065946199300058, 353.0000052601100151 ) ) ;
#827 = EDGE_CURVE ( 'NONE', #1120, #775, #1310, .T. ) ;
#828 = EDGE_CURVE ( 'NONE', #481, #1157, #1421, .T. ) ;
#829 = DATE_TIME_ROLE ( 'creation_date' ) ;
#830 = ORIENTED_EDGE ( 'NONE', *, *, #1314, .T. ) ;
#831 = CARTESIAN_POINT ( 'NONE',  ( 20.99999999999999645, -0.3315442026133371134, 12.49999999999999822 ) ) ;
#832 = CARTESIAN_POINT ( 'NONE',  ( -20.99214281530399262, 0.6510243812955162079, 355.4363724034165557 ) ) ;
#833 = CARTESIAN_POINT ( 'NONE',  ( 20.90565476418944257, 2.002240475272726528, 8.466689884660176801 ) ) ;
#834 = ORIENTED_EDGE ( 'NONE', *, *, #1283, .F. ) ;
#835 = CYLINDRICAL_SURFACE ( 'NONE', #868, 21.00000000000000000 ) ;
#836 = ORIENTED_EDGE ( 'NONE', *, *, #853, .T. ) ;
#837 = CARTESIAN_POINT ( 'NONE',  ( 2.002218497550248166, 23.91749123971869651, 8.466667356540421352 ) ) ;
#838 = CARTESIAN_POINT ( 'NONE',  ( -2.500000000000000000, 1.530808498934192557E-16, 353.0000052601100151 ) ) ;
#839 = CARTESIAN_POINT ( 'NONE',  ( -20.85066890370300285, -2.499921253648371255, 353.3316748426166782 ) ) ;
#840 = DIRECTION ( 'NONE',  ( 1.000000000000000000, -1.836970198721029688E-16, 0.000000000000000000 ) ) ;
#841 = APPROVAL_STATUS ( 'not_yet_approved' ) ;
#842 = ORIENTED_EDGE ( 'NONE', *, *, #1296, .T. ) ;
#843 = LINE ( 'NONE', #385, #610 ) ;
#844 = DIRECTION ( 'NONE',  ( -1.836970198721029688E-16, -1.000000000000000000, 0.000000000000000000 ) ) ;
#845 = CARTESIAN_POINT ( 'NONE',  ( 20.88666454430017794, 2.182558809761133034, 8.736537337951471471 ) ) ;
#846 = CARTESIAN_POINT ( 'NONE',  ( -1.263465764473221675, -20.96420029916919248, 350.8174487488713567 ) ) ;
#847 = AXIS2_PLACEMENT_3D ( 'NONE', #344, #1031, #699 ) ;
#848 = DIRECTION ( 'NONE',  ( 0.000000000000000000, 0.000000000000000000, 1.000000000000000000 ) ) ;
#849 = CARTESIAN_POINT ( 'NONE',  ( -2.002038564246853447, -23.91750452917728964, 11.53347661685249825 ) ) ;
#850 = CARTESIAN_POINT ( 'NONE',  ( -23.86943652456002951, -2.499999999999954259, 353.3315583642011575 ) ) ;
#851 = CARTESIAN_POINT ( 'NONE',  ( -23.96869414031632317, 1.263157354326954751, 350.8172761901680587 ) ) ;
#852 = EDGE_CURVE ( 'NONE', #390, #1442, #1126, .T. ) ;
#853 = EDGE_CURVE ( 'NONE', #1157, #321, #958, .T. ) ;
#854 = CARTESIAN_POINT ( 'NONE',  ( -20.88663929071439540, 2.182787041768887715, 8.737017066687338129 ) ) ;
#855 = EDGE_CURVE ( 'NONE', #339, #14, #1, .T. ) ;
#856 = ORIENTED_EDGE ( 'NONE', *, *, #821, .F. ) ;
#857 = CARTESIAN_POINT ( 'NONE',  ( 3.061616997868375253E-16, 2.500000000000000000, 353.0000052601100151 ) ) ;
#858 = CARTESIAN_POINT ( 'NONE',  ( 24.00000000000000000, 4.626475694665623967E-14, 355.5000052601100151 ) ) ;
#859 = B_SPLINE_CURVE_WITH_KNOTS ( 'NONE', 3,
 ( #429, #335, #1216, #443, #869, #759, #1242, #564, #85, #342 ),
 .UNSPECIFIED., .F., .F.,
 ( 4, 2, 2, 2, 4 ),
 ( 0.000000000000000000, 0.2500000000000000000, 0.5000000000000000000, 0.7500000000000000000, 1.000000000000000000 ),
 .UNSPECIFIED. ) ;
#860 = CARTESIAN_POINT ( 'NONE',  ( 0.000000000000000000, 0.000000000000000000, 10.00000000000000000 ) ) ;
#861 = CIRCLE ( 'NONE', #847, 21.00000000000000000 ) ;
#862 = PRODUCT_DEFINITION_SHAPE ( 'NONE', 'NONE',  #515 ) ;
#863 = CARTESIAN_POINT ( 'NONE',  ( 2.436573156553280217, 23.87633540127891507, 352.3494453973543727 ) ) ;
#864 = EDGE_LOOP ( 'NONE', ( #893, #415, #1113, #1245 ) ) ;
#865 = CARTESIAN_POINT ( 'NONE',  ( 1.533500680023175633, 23.95210965615146037, 12.00205195075388076 ) ) ;
#866 = CARTESIAN_POINT ( 'NONE',  ( 23.91750452918028458, -2.002038564206237492, 11.53347661685411651 ) ) ;
#867 = CARTESIAN_POINT ( 'NONE',  ( -21.00000000000000000, 2.571758278209441661E-15, 0.000000000000000000 ) ) ;
#868 = AXIS2_PLACEMENT_3D ( 'NONE', #729, #39, #487 ) ;
#869 = CARTESIAN_POINT ( 'NONE',  ( -20.90567426662197548, 2.002009621105459658, 351.4665006872977528 ) ) ;
#870 = ORIENTED_EDGE ( 'NONE', *, *, #1197, .T. ) ;
#871 = LOCAL_TIME ( 3, 10, 0.000000000000000000, #1162 ) ;
#872 = EDGE_CURVE ( 'NONE', #956, #907, #696, .T. ) ;
#873 = DATE_AND_TIME ( #1408, #1070 ) ;
#874 = FACE_BOUND ( 'NONE', #647, .T. ) ;
#875 = CARTESIAN_POINT ( 'NONE',  ( 23.99312823915731130, -0.6508943795155827106, 7.563593924103265920 ) ) ;
#876 = CARTESIAN_POINT ( 'NONE',  ( 23.99313664003543778, -0.6506838726057219136, 12.43652235915600279 ) ) ;
#877 = CARTESIAN_POINT ( 'NONE',  ( 2.499923263768151660, -20.85066866268906338, 352.6682694736713870 ) ) ;
#878 = CARTESIAN_POINT ( 'NONE',  ( 2.436271467765378063, 20.85859155647940000, 352.3487515242643440 ) ) ;
#879 = VERTEX_POINT ( 'NONE', #192 ) ;
#880 = CARTESIAN_POINT ( 'NONE',  ( -0.6508943794236694558, -23.99312823916097059, 350.5635991841015766 ) ) ;
#881 = ORIENTED_EDGE ( 'NONE', *, *, #1090, .F. ) ;
#882 = CARTESIAN_POINT ( 'NONE',  ( -21.00000000000000000, 1.365941111962610115E-16, 7.500000000000000000 ) ) ;
#883 = CARTESIAN_POINT ( 'NONE',  ( 0.6507146988912516639, -23.99313540982467075, 7.563490415940237632 ) ) ;
#884 = CARTESIAN_POINT ( 'NONE',  ( -20.99215512282878748, -0.6507546261498834417, 12.43650874637624604 ) ) ;
#885 = CARTESIAN_POINT ( 'NONE',  ( -20.99214281529835802, -0.6510243814190220801, 350.5636381167610125 ) ) ;
#886 = ORIENTED_EDGE ( 'NONE', *, *, #4, .T. ) ;
#887 = CARTESIAN_POINT ( 'NONE',  ( -2.182805134135661795, 23.90086987766376936, 351.7370309668588675 ) ) ;
#888 = ORIENTED_EDGE ( 'NONE', *, *, #1387, .T. ) ;
#889 = CARTESIAN_POINT ( 'NONE',  ( 23.95212294561239474, -1.533320746687872438, 7.997804075811600910 ) ) ;
#890 = CARTESIAN_POINT ( 'NONE',  ( 23.99312823917564685, 0.6508943790559686970, 355.4364113362777857 ) ) ;
#891 = FACE_OUTER_BOUND ( 'NONE', #678, .T. ) ;
#892 = CARTESIAN_POINT ( 'NONE',  ( -2.002240475329471803, 20.90565476418464641, 351.4666951448222108 ) ) ;
#893 = ORIENTED_EDGE ( 'NONE', *, *, #113, .F. ) ;
#894 = CARTESIAN_POINT ( 'NONE',  ( 2.436331964324299104, -23.87635871991848546, 352.3489334552876926 ) ) ;
#895 = ORIENTED_EDGE ( 'NONE', *, *, #1426, .T. ) ;
#896 = DIRECTION ( 'NONE',  ( -1.836970198721029688E-16, -1.000000000000000000, 0.000000000000000000 ) ) ;
#897 = CARTESIAN_POINT ( 'NONE',  ( 2.500000000000000000, -20.85065946199300058, 353.0000052601100151 ) ) ;
#898 = DIRECTION ( 'NONE',  ( 6.123233995736769734E-17, 1.000000000000000000, 0.000000000000000000 ) ) ;
#899 = ORIENTED_EDGE ( 'NONE', *, *, #1455, .F. ) ;
#900 = EDGE_CURVE ( 'NONE', #1293, #537, #330, .T. ) ;
#901 = CARTESIAN_POINT ( 'NONE',  ( 2.002038564773910956, 23.91750452913836256, 354.5334818765973068 ) ) ;
#902 = VERTEX_POINT ( 'NONE', #995 ) ;
#903 = CARTESIAN_POINT ( 'NONE',  ( -0.3315133426712774667, -20.99999999999999645, 12.50001277438141045 ) ) ;
#904 = VECTOR ( 'NONE', #635, 1000.000000000000000 ) ;
#905 = CARTESIAN_POINT ( 'NONE',  ( 2.499923280000395209, -20.85066866074281577, 353.3316708736859937 ) ) ;
#906 = CYLINDRICAL_SURFACE ( 'NONE', #920, 2.500000000000000000 ) ;
#907 = VERTEX_POINT ( 'NONE', #207 ) ;
#908 = CARTESIAN_POINT ( 'NONE',  ( -1.263158822591501584, 23.96869408172104698, 355.1827333388733905 ) ) ;
#909 = VECTOR ( 'NONE', #676, 1000.000000000000000 ) ;
#910 = VECTOR ( 'NONE', #848, 1000.000000000000000 ) ;
#911 = ORIENTED_EDGE ( 'NONE', *, *, #1199, .T. ) ;
#912 = CARTESIAN_POINT ( 'NONE',  ( 23.86943652456001885, 2.500000000000005773, 9.668518010513869498 ) ) ;
#913 = CARTESIAN_POINT ( 'NONE',  ( -20.85065946199300058, 2.500000000000000000, 10.00000000000000000 ) ) ;
#914 = CARTESIAN_POINT ( 'NONE',  ( -1.533531952139750354, 20.94525100133186157, 12.00202119186031524 ) ) ;
#915 = ORIENTED_EDGE ( 'NONE', *, *, #373, .F. ) ;
#916 = LINE ( 'NONE', #1371, #1372 ) ;
#917 = DATE_AND_TIME ( #470, #994 ) ;
#918 = ORIENTED_EDGE ( 'NONE', *, *, #748, .T. ) ;
#919 = CARTESIAN_POINT ( 'NONE',  ( 2.436271467694292703, -20.85859155648727281, 10.65125373581521373 ) ) ;
#920 = AXIS2_PLACEMENT_3D ( 'NONE', #1258, #147, #485 ) ;
#921 = B_SPLINE_CURVE_WITH_KNOTS ( 'NONE', 3,
 ( #285, #498, #1413, #524, #268, #398, #718, #733, #1306, #740 ),
 .UNSPECIFIED., .F., .F.,
 ( 4, 2, 2, 2, 4 ),
 ( 0.000000000000000000, 0.1250000000000002220, 0.2500000000000004441, 0.3750000000000002220, 0.5000000000000000000 ),
 .UNSPECIFIED. ) ;
#922 = FACE_OUTER_BOUND ( 'NONE', #1363, .T. ) ;
#923 = CARTESIAN_POINT ( 'NONE',  ( 23.90086987767636018, -2.182805134005513015, 354.2629795537036443 ) ) ;
#924 = CARTESIAN_POINT ( 'NONE',  ( 0.000000000000000000, 0.000000000000000000, 353.0000052601100151 ) ) ;
#925 = CARTESIAN_POINT ( 'NONE',  ( -20.99214281531272519, 0.6510243811041246387, 12.43636714352067152 ) ) ;
#926 = B_SPLINE_CURVE_WITH_KNOTS ( 'NONE', 3,
 ( #463, #912, #817, #1367, #702, #143, #354, #1043, #482, #33 ),
 .UNSPECIFIED., .F., .F.,
 ( 4, 2, 2, 2, 4 ),
 ( 0.000000000000000000, 0.1250000000000000833, 0.2500000000000001665, 0.3750000000000001110, 0.5000000000000000000 ),
 .UNSPECIFIED. ) ;
#927 = APPROVAL_DATE_TIME ( #917, #258 ) ;
#928 = EDGE_LOOP ( 'NONE', ( #881, #128, #575, #47, #655, #985 ) ) ;
#929 = CARTESIAN_POINT ( 'NONE',  ( -24.00000000000000000, 0.3316012895956313433, 12.50000000000000178 ) ) ;
#930 = CARTESIAN_POINT ( 'NONE',  ( -23.91749131299174636, -2.002217505466153291, 11.53333410950009608 ) ) ;
#931 = CC_DESIGN_PERSON_AND_ORGANIZATION_ASSIGNMENT ( #590, #706, ( #515 ) ) ;
#932 = CARTESIAN_POINT ( 'NONE',  ( 20.85066866074312841, 2.499923279997823489, 10.33166561367194447 ) ) ;
#933 = DIRECTION ( 'NONE',  ( 1.000000000000000000, 0.000000000000000000, 0.000000000000000000 ) ) ;
#934 = EDGE_CURVE ( 'NONE', #232, #1356, #503, .T. ) ;
#935 = CARTESIAN_POINT ( 'NONE',  ( -20.94527029612040891, -1.533303555895728199, 7.997786807685829835 ) ) ;
#936 = ORIENTED_EDGE ( 'NONE', *, *, #293, .F. ) ;
#937 = CARTESIAN_POINT ( 'NONE',  ( -23.86943652456002596, 2.499999999999991562, 9.668446895936931185 ) ) ;
#938 = CARTESIAN_POINT ( 'NONE',  ( -23.99312818058298191, -0.6508958472548936891, 12.43640508501126796 ) ) ;
#939 = ADVANCED_FACE ( 'NONE', ( #874, #1443, #1327 ), #315, .T. ) ;
#940 = CARTESIAN_POINT ( 'NONE',  ( 1.263227383407481641, 20.96421117525784439, 12.18268434480528661 ) ) ;
#941 = FACE_OUTER_BOUND ( 'NONE', #587, .T. ) ;
#942 = CARTESIAN_POINT ( 'NONE',  ( -20.85065946199300058, -2.500000000000000000, 10.00000000000000000 ) ) ;
#943 = ORIENTED_EDGE ( 'NONE', *, *, #306, .T. ) ;
#944 = CARTESIAN_POINT ( 'NONE',  ( 2.182563941942865515, 23.90089319629982967, 8.736513764649430414 ) ) ;
#945 = APPLICATION_CONTEXT ( 'configuration controlled 3d designs of mechanical parts and assemblies' ) ;
#946 = CARTESIAN_POINT ( 'NONE',  ( 23.99999999999999645, -0.3315301591098783196, 350.5000052601100151 ) ) ;
#947 = CARTESIAN_POINT ( 'NONE',  ( -23.86943652456002596, 2.499999999999991118, 353.3314863227494129 ) ) ;
#948 = CARTESIAN_POINT ( 'NONE',  ( 2.182563941942685659, -23.90089319629984743, 354.2634914955010004 ) ) ;
#949 = CARTESIAN_POINT ( 'NONE',  ( -2.002218497590309898, -23.91749123971574775, 8.466667356570678038 ) ) ;
#950 = ORIENTED_EDGE ( 'NONE', *, *, #742, .F. ) ;
#951 = CARTESIAN_POINT ( 'NONE',  ( 20.96421117525798650, -1.263227383404299964, 12.18268434479997886 ) ) ;
#952 = CARTESIAN_POINT ( 'NONE',  ( 24.00000000000000000, -2.296212748401286986E-16, 350.5000052601100151 ) ) ;
#953 = CARTESIAN_POINT ( 'NONE',  ( -21.00000000000000000, 7.957890320674479786E-16, 355.5000052601100151 ) ) ;
#954 = CARTESIAN_POINT ( 'NONE',  ( -1.263227383396991588, 20.96421117525831690, 7.817315655187390355 ) ) ;
#955 = SHAPE_DEFINITION_REPRESENTATION ( #862, #1388 ) ;
#956 = VERTEX_POINT ( 'NONE', #1253 ) ;
#957 = CARTESIAN_POINT ( 'NONE',  ( 0.6508943795719678294, 23.99312823915504467, 7.563593924130437074 ) ) ;
#958 = B_SPLINE_CURVE_WITH_KNOTS ( 'NONE', 3,
 ( #749, #414, #894, #1002, #536, #1112, #431, #1094, #761, #1119, #880, #559, #308, #1011, #977, #1341, #79, #1450 ),
 .UNSPECIFIED., .F., .F.,
 ( 4, 2, 2, 2, 2, 2, 2, 2, 4 ),
 ( 0.000000000000000000, 0.1250000000000000000, 0.2500000000000000000, 0.3750000000000000000, 0.5000000000000000000, 0.6250000000000000000, 0.7500000000000000000, 0.8750000000000000000, 1.000000000000000000 ),
 .UNSPECIFIED. ) ;
#959 = CARTESIAN_POINT ( 'NONE',  ( -21.00000000000000000, 2.571758278209441661E-15, 360.0000000000000000 ) ) ;
#960 = AXIS2_PLACEMENT_3D ( 'NONE', #1447, #1107, #457 ) ;
#961 = CARTESIAN_POINT ( 'NONE',  ( -23.90089319629984388, -2.182563941942719410, 354.2634905710240218 ) ) ;
#962 = CARTESIAN_POINT ( 'NONE',  ( -2.182786049732335698, -20.88663940048198242, 351.7370208576189157 ) ) ;
#963 = CARTESIAN_POINT ( 'NONE',  ( 23.86943652456000109, 2.500000000000000000, 10.00000000000000000 ) ) ;
#964 = CARTESIAN_POINT ( 'NONE',  ( -2.500000000000000000, -23.86943652456000109, 10.00000000000000000 ) ) ;
#965 = CARTESIAN_POINT ( 'NONE',  ( -24.00000000000000000, 4.039251950781280106E-16, 355.5000052601100151 ) ) ;
#966 = CARTESIAN_POINT ( 'NONE',  ( 2.436498707704708000, -20.85856641266475009, 9.349224523632885919 ) ) ;
#967 = EDGE_CURVE ( 'NONE', #1120, #103, #861, .T. ) ;
#968 = DATE_AND_TIME ( #294, #56 ) ;
#969 = LINE ( 'NONE', #289, #983 ) ;
#970 = CARTESIAN_POINT ( 'NONE',  ( 20.99999999999999645, 0.3315442027692669935, 355.5000052601100151 ) ) ;
#971 = CARTESIAN_POINT ( 'NONE',  ( 20.85065946199300058, 2.500000000000000000, 10.00000000000000000 ) ) ;
#972 = CC_DESIGN_DATE_AND_TIME_ASSIGNMENT ( #968, #1073, ( #424 ) ) ;
#973 = CARTESIAN_POINT ( 'NONE',  ( 2.182558809758236240, -20.88666454430050123, 8.736537338003856235 ) ) ;
#974 = EDGE_CURVE ( 'NONE', #1262, #820, #916, .T. ) ;
#975 = VECTOR ( 'NONE', #1311, 1000.000000000000000 ) ;
#976 = SECURITY_CLASSIFICATION_LEVEL ( 'unclassified' ) ;
#977 = CARTESIAN_POINT ( 'NONE',  ( -2.182563941943062247, -23.90089319629981546, 351.7365190248137310 ) ) ;
#978 = CARTESIAN_POINT ( 'NONE',  ( 2.002218497534150821, -23.91749123971988666, 11.53333264348212062 ) ) ;
#979 = CARTESIAN_POINT ( 'NONE',  ( -24.00000000000000000, 9.243422378711698431E-16, 350.5000052601100151 ) ) ;
#980 = CARTESIAN_POINT ( 'NONE',  ( 1.533302564521458855, -20.94527037987115392, 7.997785343295985783 ) ) ;
#981 = CLOSED_SHELL ( 'NONE', ( #1030, #1017, #1452, #939, #1419, #631, #406, #1133, #1062, #563, #69, #201, #1237, #1309, #35, #1236, #189, #411, #51, #231, #674, #338 ) ) ;
#982 = EDGE_CURVE ( 'NONE', #1042, #232, #1379, .T. ) ;
#983 = VECTOR ( 'NONE', #1192, 1000.000000000000000 ) ;
#984 = CARTESIAN_POINT ( 'NONE',  ( -0.6510229144386268096, 20.99214288222905012, 350.5636371265666753 ) ) ;
#985 = ORIENTED_EDGE ( 'NONE', *, *, #1145, .F. ) ;
#986 = PERSON_AND_ORGANIZATION ( #520, #1068 ) ;
#987 = CARTESIAN_POINT ( 'NONE',  ( -2.500000000000000000, 23.86943652456000109, 353.0000052601100151 ) ) ;
#988 = ORIENTED_EDGE ( 'NONE', *, *, #569, .T. ) ;
#989 = CARTESIAN_POINT ( 'NONE',  ( 23.87635871991548342, 2.436331964355191282, 352.3489334553416938 ) ) ;
#990 = CARTESIAN_POINT ( 'NONE',  ( 24.00000000000000000, 3.988097455506158956E-14, 12.50000000000000000 ) ) ;
#991 = CARTESIAN_POINT ( 'NONE',  ( 2.436498707704709332, -20.85856641266474654, 352.3492297839442813 ) ) ;
#992 = CARTESIAN_POINT ( 'NONE',  ( 20.85066866268940800, 2.499923263765367221, 352.6682694736070403 ) ) ;
#993 = ORIENTED_EDGE ( 'NONE', *, *, #1349, .T. ) ;
#994 = LOCAL_TIME ( 3, 10, 0.000000000000000000, #164 ) ;
#995 = CARTESIAN_POINT ( 'NONE',  ( 21.00000000000000000, -4.086795917397627559E-15, 355.5000052601100151 ) ) ;
#996 = ORIENTED_EDGE ( 'NONE', *, *, #1145, .T. ) ;
#997 = CARTESIAN_POINT ( 'NONE',  ( -0.3314993133083634635, 24.00000000000000355, 12.50001277001515376 ) ) ;
#998 = CARTESIAN_POINT ( 'NONE',  ( 1.533500679975783765, -23.95210965615496335, 7.997948049221256461 ) ) ;
#999 = DIRECTION ( 'NONE',  ( 0.000000000000000000, 0.000000000000000000, 1.000000000000000000 ) ) ;
#1000 = CARTESIAN_POINT ( 'NONE',  ( -21.00000000000000000, -1.062671754404910080E-16, 12.50000000000000000 ) ) ;
#1001 = ORIENTED_EDGE ( 'NONE', *, *, #1281, .F. ) ;
#1002 = CARTESIAN_POINT ( 'NONE',  ( 2.182805134172016270, -23.90086987766025928, 351.7370309669243511 ) ) ;
#1003 = ORIENTED_EDGE ( 'NONE', *, *, #855, .F. ) ;
#1004 = CARTESIAN_POINT ( 'NONE',  ( 23.99313664003897628, 0.6506838725172759963, 350.5634829009541136 ) ) ;
#1005 = EDGE_CURVE ( 'NONE', #907, #956, #363, .T. ) ;
#1006 = CARTESIAN_POINT ( 'NONE',  ( 23.87633540127892573, 2.436573156553232256, 10.65055986266395927 ) ) ;
#1007 = DIRECTION ( 'NONE',  ( -1.224646799147350002E-16, -1.000000000000000000, 0.000000000000000000 ) ) ;
#1008 = CARTESIAN_POINT ( 'NONE',  ( -20.90565484795123652, -2.002239483767674244, 351.4666936801015709 ) ) ;
#1009 = B_SPLINE_CURVE_WITH_KNOTS ( 'NONE', 3,
 ( #1256, #472, #919, #1280, #1026, #456, #1137, #592, #240, #903, #364, #1034, #1275, #25, #1375, #568, #41, #266 ),
 .UNSPECIFIED., .F., .F.,
 ( 4, 2, 2, 2, 2, 2, 2, 2, 4 ),
 ( 0.000000000000000000, 0.1249999999999999445, 0.2499999999999998890, 0.3749999999999998890, 0.4999999999999998890, 0.6249999999999998890, 0.7500000000000000000, 0.8750000000000000000, 1.000000000000000000 ),
 .UNSPECIFIED. ) ;
#1010 = ORIENTED_EDGE ( 'NONE', *, *, #77, .F. ) ;
#1011 = CARTESIAN_POINT ( 'NONE',  ( -2.002218497517549434, -23.91749123972111235, 351.4666726166259423 ) ) ;
#1012 = ORIENTED_EDGE ( 'NONE', *, *, #1254, .T. ) ;
#1013 = CARTESIAN_POINT ( 'NONE',  ( 23.90086987766326487, 2.182805134140934467, 351.7370309668703499 ) ) ;
#1014 = CARTESIAN_POINT ( 'NONE',  ( 0.6510229142898890098, 20.99214288223583580, 355.4363733937335610 ) ) ;
#1015 = LINE ( 'NONE', #436, #544 ) ;
#1016 = ORIENTED_EDGE ( 'NONE', *, *, #484, .F. ) ;
#1017 = ADVANCED_FACE ( 'NONE', ( #1142 ), #785, .F. ) ;
#1018 = CYLINDRICAL_SURFACE ( 'NONE', #288, 2.500000000000000000 ) ;
#1019 = ORIENTED_EDGE ( 'NONE', *, *, #1130, .F. ) ;
#1020 = CARTESIAN_POINT ( 'NONE',  ( -24.00000000000000000, 1.957583779609110113E-16, 12.50000000000000000 ) ) ;
#1021 = DIRECTION ( 'NONE',  ( 1.000000000000000000, 0.000000000000000000, 0.000000000000000000 ) ) ;
#1022 = CARTESIAN_POINT ( 'NONE',  ( 21.00000000000000000, 0.3315442026133370024, 12.50000000000000178 ) ) ;
#1023 = ORIENTED_EDGE ( 'NONE', *, *, #554, .T. ) ;
#1024 = CARTESIAN_POINT ( 'NONE',  ( 0.3314993130930792842, 24.00000000000000000, 355.4999924899142911 ) ) ;
#1025 = VERTEX_POINT ( 'NONE', #1357 ) ;
#1026 = CARTESIAN_POINT ( 'NONE',  ( 2.002011087591529570, -20.90567414273403912, 11.53350358024044553 ) ) ;
#1027 = CARTESIAN_POINT ( 'NONE',  ( 24.00000000000000000, 0.000000000000000000, 0.000000000000000000 ) ) ;
#1028 = CARTESIAN_POINT ( 'NONE',  ( 20.85065946199300058, 2.500000000000000000, 10.00000000000000000 ) ) ;
#1029 = CARTESIAN_POINT ( 'NONE',  ( 2.436573156553163866, -23.87633540127893639, 353.6505651227250837 ) ) ;
#1030 = ADVANCED_FACE ( 'NONE', ( #1267 ), #1018, .F. ) ;
#1031 = DIRECTION ( 'NONE',  ( 0.000000000000000000, 0.000000000000000000, -1.000000000000000000 ) ) ;
#1032 = VECTOR ( 'NONE', #999, 1000.000000000000000 ) ;
#1033 = ORIENTED_EDGE ( 'NONE', *, *, #195, .F. ) ;
#1034 = CARTESIAN_POINT ( 'NONE',  ( -1.263227383409431637, -20.96421117525775557, 12.18268434479485940 ) ) ;
#1035 = CARTESIAN_POINT ( 'NONE',  ( -2.500000000000000000, -20.85065946199300058, 353.0000052601100151 ) ) ;
#1036 = CARTESIAN_POINT ( 'NONE',  ( 23.87635871990239167, -2.436331964490653146, 353.6510770645223829 ) ) ;
#1037 = CARTESIAN_POINT ( 'NONE',  ( -2.500000000000000000, -23.86943652456000109, 353.0000052601100151 ) ) ;
#1038 = DIRECTION ( 'NONE',  ( 1.000000000000000000, 0.000000000000000000, 0.000000000000000000 ) ) ;
#1039 = CC_DESIGN_PERSON_AND_ORGANIZATION_ASSIGNMENT ( #183, #1102, ( #172 ) ) ;
#1040 = DIRECTION ( 'NONE',  ( 0.000000000000000000, 0.000000000000000000, 1.000000000000000000 ) ) ;
#1041 = B_SPLINE_CURVE_WITH_KNOTS ( 'NONE', 3,
 ( #356, #813, #13, #690, #467, #914, #790, #1384, #236, #1369, #262, #940, #711, #805, #375, #458, #249, #1154 ),
 .UNSPECIFIED., .F., .F.,
 ( 4, 2, 2, 2, 2, 2, 2, 2, 4 ),
 ( 0.000000000000000000, 0.1250000000000001110, 0.2500000000000002220, 0.3750000000000002776, 0.5000000000000003331, 0.6250000000000003331, 0.7500000000000003331, 0.8750000000000002220, 1.000000000000000000 ),
 .UNSPECIFIED. ) ;
#1042 = VERTEX_POINT ( 'NONE', #686 ) ;
#1043 = CARTESIAN_POINT ( 'NONE',  ( 23.99313664003532409, 0.6506838726087817992, 7.563477640843998095 ) ) ;
#1044 = AXIS2_PLACEMENT_3D ( 'NONE', #1156, #679, #792 ) ;
#1045 = EDGE_CURVE ( 'NONE', #1140, #331, #6, .T. ) ;
#1046 = CARTESIAN_POINT ( 'NONE',  ( -23.95210954781094514, -1.533502146905004082, 7.997949041761863498 ) ) ;
#1047 = CARTESIAN_POINT ( 'NONE',  ( 24.00000000000000000, -2.296212748401286986E-16, 350.5000052601100151 ) ) ;
#1048 = CARTESIAN_POINT ( 'NONE',  ( 21.00000000000000000, -4.086795917397627559E-15, 355.5000052601100151 ) ) ;
#1049 = CARTESIAN_POINT ( 'NONE',  ( -2.500000000000000000, -23.86943652456000109, 10.00000000000000000 ) ) ;
#1050 = EDGE_LOOP ( 'NONE', ( #626, #208, #459, #150, #611, #996, #830, #791, #755, #1058, #1136, #135, #950, #501, #1217, #273 ) ) ;
#1051 = DIRECTION ( 'NONE',  ( 0.000000000000000000, 1.000000000000000000, 0.000000000000000000 ) ) ;
#1052 = CARTESIAN_POINT ( 'NONE',  ( -23.87635881582247777, -2.436330972358116576, 9.348926726250564201 ) ) ;
#1053 = DIRECTION ( 'NONE',  ( -1.000000000000000000, 6.123233995736769734E-17, 0.000000000000000000 ) ) ;
#1054 = B_SPLINE_CURVE_WITH_KNOTS ( 'NONE', 3,
 ( #1360, #810, #1269, #688, #136, #247, #129, #576, #937, #1158 ),
 .UNSPECIFIED., .F., .F.,
 ( 4, 2, 2, 2, 4 ),
 ( 0.000000000000000000, 0.2499999999999997224, 0.4999999999999992228, 0.7499999999999995559, 1.000000000000000000 ),
 .UNSPECIFIED. ) ;
#1055 = CARTESIAN_POINT ( 'NONE',  ( 20.99214288223331693, -0.6510229143450757539, 355.4363733937042866 ) ) ;
#1056 = B_SPLINE_CURVE_WITH_KNOTS ( 'NONE', 3,
 ( #667, #211, #771, #1207, #866, #581, #409, #876, #427, #990 ),
 .UNSPECIFIED., .F., .F.,
 ( 4, 2, 2, 2, 4 ),
 ( 0.000000000000000000, 0.1250000000000000278, 0.2500000000000000555, 0.3750000000000000000, 0.5000000000000000000 ),
 .UNSPECIFIED. ) ;
#1057 =( LENGTH_UNIT ( ) NAMED_UNIT ( * ) SI_UNIT ( .MILLI., .METRE. ) );
#1058 = ORIENTED_EDGE ( 'NONE', *, *, #122, .F. ) ;
#1059 = CARTESIAN_POINT ( 'NONE',  ( 1.533320746692987235, 23.95212294561201460, 7.997804075845833971 ) ) ;
#1060 = VECTOR ( 'NONE', #638, 1000.000000000000000 ) ;
#1061 = CARTESIAN_POINT ( 'NONE',  ( -2.500000000000000000, -20.85065946199300058, 10.00000000000000000 ) ) ;
#1062 = ADVANCED_FACE ( 'NONE', ( #478 ), #9, .F. ) ;
#1063 = CARTESIAN_POINT ( 'NONE',  ( -20.85065946199300058, -2.500000000000000000, 353.0000052601100151 ) ) ;
#1064 = CARTESIAN_POINT ( 'NONE',  ( -2.436331964490713986, -23.87635871990238456, 353.6510770645224397 ) ) ;
#1065 = CARTESIAN_POINT ( 'NONE',  ( -20.90565484794389661, -2.002239483854512336, 8.466688420223912104 ) ) ;
#1066 = EDGE_LOOP ( 'NONE', ( #1010, #328, #778, #707 ) ) ;
#1067 = LINE ( 'NONE', #1087, #466 ) ;
#1068 = ORGANIZATION ( 'UNSPECIFIED', 'UNSPECIFIED', '' ) ;
#1069 = CARTESIAN_POINT ( 'NONE',  ( 0.000000000000000000, 0.000000000000000000, 360.0000000000000000 ) ) ;
#1070 = LOCAL_TIME ( 3, 10, 0.000000000000000000, #78 ) ;
#1071 = CARTESIAN_POINT ( 'NONE',  ( -23.95210954778954004, 1.533502147194814702, 355.0020562181650803 ) ) ;
#1072 = CARTESIAN_POINT ( 'NONE',  ( 2.499923263768152548, -20.85066866268907049, 9.668264213360096448 ) ) ;
#1073 = DATE_TIME_ROLE ( 'classification_date' ) ;
#1074 = ORIENTED_EDGE ( 'NONE', *, *, #600, .T. ) ;
#1075 = CARTESIAN_POINT ( 'NONE',  ( -0.6507146988728219617, 23.99313540982540616, 7.563490415940240297 ) ) ;
#1076 = CARTESIAN_POINT ( 'NONE',  ( -20.85065946199300058, 2.500000000000000000, 353.0000052601100151 ) ) ;
#1077 = CARTESIAN_POINT ( 'NONE',  ( -20.99215512283026897, -0.6507546261175066737, 355.4365140064862771 ) ) ;
#1078 = CARTESIAN_POINT ( 'NONE',  ( -2.500000000000000000, 20.85065946199300058, 10.00000000000000000 ) ) ;
#1079 = APPROVAL_ROLE ( '' ) ;
#1080 = EDGE_LOOP ( 'NONE', ( #222, #1434 ) ) ;
#1081 = CARTESIAN_POINT ( 'NONE',  ( 24.00000000000000000, 0.000000000000000000, 0.000000000000000000 ) ) ;
#1082 = B_SPLINE_CURVE_WITH_KNOTS ( 'NONE', 3,
 ( #332, #107, #875, #553, #889, #1328, #764, #1221, #656, #1343 ),
 .UNSPECIFIED., .F., .F.,
 ( 4, 2, 2, 2, 4 ),
 ( 0.5000000000000000000, 0.6250000000000001110, 0.7500000000000004441, 0.8750000000000002220, 1.000000000000000000 ),
 .UNSPECIFIED. ) ;
#1083 = EDGE_CURVE ( 'NONE', #1169, #907, #1015, .T. ) ;
#1084 = LINE ( 'NONE', #70, #1101 ) ;
#1085 = CARTESIAN_POINT ( 'NONE',  ( -24.00000000000000000, 2.939152317953647894E-15, 0.000000000000000000 ) ) ;
#1086 = CARTESIAN_POINT ( 'NONE',  ( 2.002240475352385030, -20.90565476418269952, 351.4666951448194254 ) ) ;
#1087 = CARTESIAN_POINT ( 'NONE',  ( -3.061616997868375253E-16, -2.500000000000000000, 10.00000000000000000 ) ) ;
#1088 = EDGE_CURVE ( 'NONE', #309, #1321, #1110, .T. ) ;
#1089 = CARTESIAN_POINT ( 'NONE',  ( -2.436331964278583673, -23.87635871992289793, 10.65107180480693216 ) ) ;
#1090 = EDGE_CURVE ( 'NONE', #495, #533, #859, .T. ) ;
#1091 = CARTESIAN_POINT ( 'NONE',  ( -21.00000000000000000, -0.3316153233906458109, 355.5000052601100720 ) ) ;
#1092 = CARTESIAN_POINT ( 'NONE',  ( -2.182558809761011354, 20.88666454430019215, 8.736537337952880122 ) ) ;
#1093 = B_SPLINE_CURVE_WITH_KNOTS ( 'NONE', 3,
 ( #435, #1324, #312, #758, #650, #92, #116, #884, #1337, #540 ),
 .UNSPECIFIED., .F., .F.,
 ( 4, 2, 2, 2, 4 ),
 ( 0.000000000000000000, 0.2500000000000000000, 0.5000000000000000000, 0.7500000000000000000, 1.000000000000000000 ),
 .UNSPECIFIED. ) ;
#1094 = CARTESIAN_POINT ( 'NONE',  ( 0.6507146990092355088, -23.99313540981996340, 350.5634956761296053 ) ) ;
#1095 = ORIENTED_EDGE ( 'NONE', *, *, #748, .F. ) ;
#1096 = EDGE_CURVE ( 'NONE', #1351, #1293, #1203, .T. ) ;
#1097 = CARTESIAN_POINT ( 'NONE',  ( 23.96869408173606431, -1.263158822214944355, 350.8172771811834423 ) ) ;
#1098 = CARTESIAN_POINT ( 'NONE',  ( 20.85065946199300058, -2.500000000000000000, 353.0000052601100151 ) ) ;
#1099 = CARTESIAN_POINT ( 'NONE',  ( -24.00000000000000000, 9.243422378711698431E-16, 350.5000052601100151 ) ) ;
#1100 = CARTESIAN_POINT ( 'NONE',  ( 0.3315133430506158607, 21.00000000000000355, 350.5000180343836860 ) ) ;
#1101 = VECTOR ( 'NONE', #516, 1000.000000000000000 ) ;
#1102 = PERSON_AND_ORGANIZATION_ROLE ( 'creator' ) ;
#1103 = CARTESIAN_POINT ( 'NONE',  ( -24.00000000000000000, -0.3316012892675606061, 350.5000052601100151 ) ) ;
#1104 = EDGE_LOOP ( 'NONE', ( #488, #1177, #253, #95 ) ) ;
#1105 = DIRECTION ( 'NONE',  ( -1.836970198721029688E-16, -1.000000000000000000, 0.000000000000000000 ) ) ;
#1106 = CARTESIAN_POINT ( 'NONE',  ( 2.182805134219798049, -23.90086987765564785, 8.737025706799013136 ) ) ;
#1107 = DIRECTION ( 'NONE',  ( 0.000000000000000000, 0.000000000000000000, 1.000000000000000000 ) ) ;
#1108 = AXIS2_PLACEMENT_3D ( 'NONE', #1131, #571, #1021 ) ;
#1109 = VECTOR ( 'NONE', #166, 1000.000000000000000 ) ;
#1110 = LINE ( 'NONE', #1124, #101 ) ;
#1111 = ORIENTED_EDGE ( 'NONE', *, *, #491, .F. ) ;
#1112 = CARTESIAN_POINT ( 'NONE',  ( 1.533500680033067498, -23.95210965615072496, 350.9979533093250552 ) ) ;
#1113 = ORIENTED_EDGE ( 'NONE', *, *, #853, .F. ) ;
#1114 = CARTESIAN_POINT ( 'NONE',  ( 23.86943652456000109, 2.500000000000000000, 353.0000052601100151 ) ) ;
#1115 = DIRECTION ( 'NONE',  ( -1.000000000000000000, 6.123233995736769734E-17, 0.000000000000000000 ) ) ;
#1116 = FACE_BOUND ( 'NONE', #444, .T. ) ;
#1117 = CARTESIAN_POINT ( 'NONE',  ( 0.000000000000000000, 0.000000000000000000, 10.00000000000000000 ) ) ;
#1118 = ORIENTED_EDGE ( 'NONE', *, *, #616, .F. ) ;
#1119 = CARTESIAN_POINT ( 'NONE',  ( -0.3314993133191893038, -24.00000000000000355, 350.4999924900156429 ) ) ;
#1120 = VERTEX_POINT ( 'NONE', #213 ) ;
#1121 = CARTESIAN_POINT ( 'NONE',  ( 0.6507146989036343143, 23.99313540982418402, 12.43650958405976503 ) ) ;
#1122 = CARTESIAN_POINT ( 'NONE',  ( 23.86943652456002951, 2.499999999999983125, 10.33155217966283956 ) ) ;
#1123 = CARTESIAN_POINT ( 'NONE',  ( 0.000000000000000000, 0.000000000000000000, 10.00000000000000000 ) ) ;
#1124 = CARTESIAN_POINT ( 'NONE',  ( 0.000000000000000000, -2.500000000000000000, 353.0000052601100151 ) ) ;
#1125 = ORIENTED_EDGE ( 'NONE', *, *, #763, .T. ) ;
#1126 = LINE ( 'NONE', #322, #653 ) ;
#1127 = B_SPLINE_CURVE_WITH_KNOTS ( 'NONE', 3,
 ( #391, #1170, #158, #173, #621, #1294, #737, #1075, #509, #723, #957, #396, #1059, #837, #944, #1397, #178, #1178 ),
 .UNSPECIFIED., .F., .F.,
 ( 4, 2, 2, 2, 2, 2, 2, 2, 4 ),
 ( 0.000000000000000000, 0.1250000000000002498, 0.2500000000000004996, 0.3750000000000003886, 0.5000000000000004441, 0.6250000000000005551, 0.7500000000000006661, 0.8750000000000004441, 1.000000000000000000 ),
 .UNSPECIFIED. ) ;
#1128 = ORIENTED_EDGE ( 'NONE', *, *, #352, .F. ) ;
#1129 = CARTESIAN_POINT ( 'NONE',  ( -2.499999999999992895, 23.86943652456002596, 10.33155217967111916 ) ) ;
#1130 = EDGE_CURVE ( 'NONE', #1169, #800, #439, .T. ) ;
#1131 = CARTESIAN_POINT ( 'NONE',  ( 0.000000000000000000, 0.000000000000000000, 360.0000000000000000 ) ) ;
#1132 = CARTESIAN_POINT ( 'NONE',  ( 20.88666454430017438, 2.182558809761133478, 351.7365425979772340 ) ) ;
#1133 = ADVANCED_FACE ( 'NONE', ( #659 ), #451, .F. ) ;
#1134 = VERTEX_POINT ( 'NONE', #110 ) ;
#1135 = DIRECTION ( 'NONE',  ( 0.000000000000000000, 0.000000000000000000, 1.000000000000000000 ) ) ;
#1136 = ORIENTED_EDGE ( 'NONE', *, *, #50, .T. ) ;
#1137 = CARTESIAN_POINT ( 'NONE',  ( 1.263465764018019577, -20.96420029918996164, 12.18255651134598061 ) ) ;
#1138 = CARTESIAN_POINT ( 'NONE',  ( -2.002011087606388795, 20.90567414273278501, 354.5335088403786017 ) ) ;
#1139 = CARTESIAN_POINT ( 'NONE',  ( -23.95212287233454518, -1.533321738837218229, 355.0021997180669473 ) ) ;
#1140 = VERTEX_POINT ( 'NONE', #1000 ) ;
#1141 = AXIS2_PLACEMENT_3D ( 'NONE', #1431, #657, #1115 ) ;
#1142 = FACE_OUTER_BOUND ( 'NONE', #200, .T. ) ;
#1143 = ORIENTED_EDGE ( 'NONE', *, *, #763, .F. ) ;
#1144 = CARTESIAN_POINT ( 'NONE',  ( 0.000000000000000000, 0.000000000000000000, 360.0000000000000000 ) ) ;
#1145 = EDGE_CURVE ( 'NONE', #533, #1042, #179, .T. ) ;
#1146 = DIRECTION ( 'NONE',  ( 1.000000000000000000, 0.000000000000000000, 0.000000000000000000 ) ) ;
#1147 = CARTESIAN_POINT ( 'NONE',  ( -20.85856663659219734, -2.436496683936230756, 352.3492239784021081 ) ) ;
#1148 = CARTESIAN_POINT ( 'NONE',  ( 20.94527037987748486, -1.533302564446576310, 355.0022199169288228 ) ) ;
#1149 = CARTESIAN_POINT ( 'NONE',  ( -3.061616997868375253E-16, -2.500000000000000000, 353.0000052601100151 ) ) ;
#1150 = CARTESIAN_POINT ( 'NONE',  ( 2.500000000000000000, -23.86943652456000109, 10.00000000000000000 ) ) ;
#1151 = ORIENTED_EDGE ( 'NONE', *, *, #306, .F. ) ;
#1152 = CARTESIAN_POINT ( 'NONE',  ( -23.90086978175625987, 2.182806126138040703, 11.26297282425727708 ) ) ;
#1153 = CARTESIAN_POINT ( 'NONE',  ( -2.002240475327834890, -20.90565476418478141, 354.5333153753239230 ) ) ;
#1154 = CARTESIAN_POINT ( 'NONE',  ( 2.500000000000000000, 20.85065946199300058, 10.00000000000000000 ) ) ;
#1155 = CARTESIAN_POINT ( 'NONE',  ( 2.499999999999920508, -23.86943652456003306, 353.3315574397240653 ) ) ;
#1156 = CARTESIAN_POINT ( 'NONE',  ( 0.000000000000000000, 0.000000000000000000, 353.0000052601100151 ) ) ;
#1157 = VERTEX_POINT ( 'NONE', #242 ) ;
#1158 = CARTESIAN_POINT ( 'NONE',  ( -23.86943652456000109, 2.500000000000000000, 10.00000000000000000 ) ) ;
#1159 = DIRECTION ( 'NONE',  ( 1.000000000000000000, 0.000000000000000000, 0.000000000000000000 ) ) ;
#1160 = FACE_OUTER_BOUND ( 'NONE', #55, .T. ) ;
#1161 = VERTEX_POINT ( 'NONE', #475 ) ;
#1162 = COORDINATED_UNIVERSAL_TIME_OFFSET ( 8, 0, .AHEAD. ) ;
#1163 = ORIENTED_EDGE ( 'NONE', *, *, #982, .T. ) ;
#1164 = FACE_OUTER_BOUND ( 'NONE', #86, .T. ) ;
#1165 = CARTESIAN_POINT ( 'NONE',  ( 0.000000000000000000, 0.000000000000000000, 0.000000000000000000 ) ) ;
#1166 = CARTESIAN_POINT ( 'NONE',  ( 24.00000000000000000, 4.626475694665623967E-14, 355.5000052601100151 ) ) ;
#1167 = ORIENTED_EDGE ( 'NONE', *, *, #601, .F. ) ;
#1168 = APPLICATION_PROTOCOL_DEFINITION ( 'international standard', 'config_control_design', 1994, #641 ) ;
#1169 = VERTEX_POINT ( 'NONE', #578 ) ;
#1170 = CARTESIAN_POINT ( 'NONE',  ( -2.499999999999992450, 23.86943652456001530, 9.668518010508368121 ) ) ;
#1171 = EDGE_CURVE ( 'NONE', #1262, #665, #513, .T. ) ;
#1172 = CARTESIAN_POINT ( 'NONE',  ( 21.00000000000000000, 0.000000000000000000, 360.0000000000000000 ) ) ;
#1173 = AXIS2_PLACEMENT_3D ( 'NONE', #290, #844, #724 ) ;
#1174 = DIRECTION ( 'NONE',  ( 1.000000000000000000, -1.836970198721029688E-16, 0.000000000000000000 ) ) ;
#1175 = CYLINDRICAL_SURFACE ( 'NONE', #725, 2.500000000000000000 ) ;
#1176 = APPLICATION_PROTOCOL_DEFINITION ( 'international standard', 'config_control_design', 1994, #945 ) ;
#1177 = ORIENTED_EDGE ( 'NONE', *, *, #1197, .F. ) ;
#1178 = CARTESIAN_POINT ( 'NONE',  ( 2.500000000000000000, 23.86943652456000109, 10.00000000000000000 ) ) ;
#1179 = CIRCLE ( 'NONE', #534, 24.00000000000000000 ) ;
#1180 = AXIS2_PLACEMENT_3D ( 'NONE', #598, #1263, #1051 ) ;
#1181 = CARTESIAN_POINT ( 'NONE',  ( -21.00000000000000000, 2.571758278209441661E-15, 0.000000000000000000 ) ) ;
#1182 = CARTESIAN_POINT ( 'NONE',  ( -23.87635881582950503, 2.436330972285484897, 353.6510785340390157 ) ) ;
#1183 = CARTESIAN_POINT ( 'NONE',  ( 2.182786049761749059, 20.88663940047873524, 8.737015597439796721 ) ) ;
#1184 = CARTESIAN_POINT ( 'NONE',  ( -20.99214281531296677, -0.6510243810987222934, 7.563632856477143562 ) ) ;
#1185 = EDGE_LOOP ( 'NONE', ( #157, #681, #693, #177, #545, #685 ) ) ;
#1186 = CARTESIAN_POINT ( 'NONE',  ( -20.99999999999999645, 0.3316153234229802793, 7.499999999999999112 ) ) ;
#1187 = FACE_OUTER_BOUND ( 'NONE', #652, .T. ) ;
#1188 = AXIS2_PLACEMENT_3D ( 'NONE', #297, #161, #276 ) ;
#1189 = CARTESIAN_POINT ( 'NONE',  ( -2.500000000000000000, -23.86943652456000109, 10.00000000000000000 ) ) ;
#1190 = CARTESIAN_POINT ( 'NONE',  ( -0.3315133426644263359, -20.99999999999999645, 7.500012774378247649 ) ) ;
#1191 = EDGE_LOOP ( 'NONE', ( #1019, #362, #420, #660 ) ) ;
#1192 = DIRECTION ( 'NONE',  ( 6.123233995736769734E-17, 1.000000000000000000, 0.000000000000000000 ) ) ;
#1193 = CARTESIAN_POINT ( 'NONE',  ( -21.00000000000000000, 7.957890320674479786E-16, 355.5000052601100151 ) ) ;
#1194 = CARTESIAN_POINT ( 'NONE',  ( 23.86943652456000109, -2.500000000000000000, 353.0000052601100151 ) ) ;
#1195 = CARTESIAN_POINT ( 'NONE',  ( 0.6510229144880282925, -20.99214288222679414, 350.5636371265903790 ) ) ;
#1196 = B_SPLINE_CURVE_WITH_KNOTS ( 'NONE', 3,
 ( #744, #48, #1415, #854, #502, #1410, #282, #607, #1186, #274 ),
 .UNSPECIFIED., .F., .F.,
 ( 4, 2, 2, 2, 4 ),
 ( 0.000000000000000000, 0.2500000000000001110, 0.5000000000000002220, 0.7500000000000001110, 1.000000000000000000 ),
 .UNSPECIFIED. ) ;
#1197 = EDGE_CURVE ( 'NONE', #314, #24, #1041, .T. ) ;
#1198 = DIRECTION ( 'NONE',  ( -1.000000000000000000, 1.224646799147350002E-16, 0.000000000000000000 ) ) ;
#1199 = EDGE_CURVE ( 'NONE', #1321, #1025, #1238, .T. ) ;
#1200 = CARTESIAN_POINT ( 'NONE',  ( 23.95212294560960231, -1.533320746725682415, 350.9978093359799232 ) ) ;
#1201 = CARTESIAN_POINT ( 'NONE',  ( -20.90567426662617834, -2.002009621055724775, 354.5335098330389769 ) ) ;
#1202 = CARTESIAN_POINT ( 'NONE',  ( 1.263465764029479521, 20.96420029918943939, 7.817443488657236372 ) ) ;
#1203 = B_SPLINE_CURVE_WITH_KNOTS ( 'NONE', 3,
 ( #1232, #419, #94, #541, #1441, #1209, #1132, #645, #992, #117 ),
 .UNSPECIFIED., .F., .F.,
 ( 4, 2, 2, 2, 4 ),
 ( 0.5000000000000000000, 0.6250000000000000000, 0.7500000000000000000, 0.8750000000000000000, 1.000000000000000000 ),
 .UNSPECIFIED. ) ;
#1204 = CARTESIAN_POINT ( 'NONE',  ( 0.6508943794104978808, 23.99312823916148929, 350.5635991840885026 ) ) ;
#1205 = VERTEX_POINT ( 'NONE', #256 ) ;
#1206 = CARTESIAN_POINT ( 'NONE',  ( -20.90565484793577511, 2.002239483950630117, 354.5333168397710324 ) ) ;
#1207 = CARTESIAN_POINT ( 'NONE',  ( 23.90086987765317161, -2.182805134245354051, 11.26297429313326859 ) ) ;
#1208 = CARTESIAN_POINT ( 'NONE',  ( -23.95212287234203075, 1.533321738735781814, 350.9978108019942056 ) ) ;
#1209 = CARTESIAN_POINT ( 'NONE',  ( 20.90565476418485247, 2.002240475326920954, 351.4666951448158443 ) ) ;
#1210 = PERSON_AND_ORGANIZATION ( #520, #1068 ) ;
#1211 = CARTESIAN_POINT ( 'NONE',  ( -23.96868571778636081, -1.263368403782060945, 350.8173934643308485 ) ) ;
#1212 = ORIENTED_EDGE ( 'NONE', *, *, #616, .T. ) ;
#1213 = CARTESIAN_POINT ( 'NONE',  ( -2.500000000000000000, 23.86943652456000109, 10.00000000000000000 ) ) ;
#1214 = CARTESIAN_POINT ( 'NONE',  ( 21.00000000000000355, -0.3315442027325826158, 350.5000052601100720 ) ) ;
#1215 = CARTESIAN_POINT ( 'NONE',  ( -2.182786049742734935, 20.88663940048083845, 354.2629896627267954 ) ) ;
#1216 = CARTESIAN_POINT ( 'NONE',  ( -20.85859166626015337, 2.436270475610091246, 352.3487500549600782 ) ) ;
#1217 = ORIENTED_EDGE ( 'NONE', *, *, #1319, .T. ) ;
#1218 = B_SPLINE_CURVE_WITH_KNOTS ( 'NONE', 3,
 ( #67, #83, #512, #962, #1414, #399, #846, #1308, #292, #741, #1195, #182, #630, #1086, #562, #991, #877, #897 ),
 .UNSPECIFIED., .F., .F.,
 ( 4, 2, 2, 2, 2, 2, 2, 2, 4 ),
 ( 0.000000000000000000, 0.1250000000000000278, 0.2500000000000000555, 0.3750000000000000000, 0.5000000000000000000, 0.6249999999999998890, 0.7499999999999998890, 0.8750000000000000000, 1.000000000000000000 ),
 .UNSPECIFIED. ) ;
#1219 = CARTESIAN_POINT ( 'NONE',  ( -23.87635881582527730, -2.436330972329296962, 352.3489319864213485 ) ) ;
#1220 = VERTEX_POINT ( 'NONE', #1047 ) ;
#1221 = CARTESIAN_POINT ( 'NONE',  ( 23.87633540127892573, -2.436573156553266006, 9.349440137321783695 ) ) ;
#1222 = CYLINDRICAL_SURFACE ( 'NONE', #1141, 2.500000000000000000 ) ;
#1223 = LINE ( 'NONE', #100, #1032 ) ;
#1224 = CIRCLE ( 'NONE', #84, 24.00000000000000000 ) ;
#1225 = CARTESIAN_POINT ( 'NONE',  ( -2.182558809761011798, 20.88666454430019215, 351.7365425979774614 ) ) ;
#1226 = VERTEX_POINT ( 'NONE', #819 ) ;
#1227 = CARTESIAN_POINT ( 'NONE',  ( 2.500000000000021316, 23.86943652456002241, 352.6684530803556754 ) ) ;
#1228 = VERTEX_POINT ( 'NONE', #704 ) ;
#1229 = CARTESIAN_POINT ( 'NONE',  ( -2.002218497534151265, 23.91749123971989732, 11.53333264348213483 ) ) ;
#1230 = CARTESIAN_POINT ( 'NONE',  ( -1.263158822056289043, -23.96869408174239169, 7.817271920933142937 ) ) ;
#1231 = CARTESIAN_POINT ( 'NONE',  ( 0.000000000000000000, 0.000000000000000000, 360.0000000000000000 ) ) ;
#1232 = CARTESIAN_POINT ( 'NONE',  ( 21.00000000000000000, 8.157557031846233371E-14, 350.5000052601100151 ) ) ;
#1233 = EDGE_LOOP ( 'NONE', ( #1095, #437, #551, #2, #1143, #899 ) ) ;
#1234 = VECTOR ( 'NONE', #119, 1000.000000000000000 ) ;
#1235 = CARTESIAN_POINT ( 'NONE',  ( -0.6507146989725028918, 23.99313540982142712, 350.5634956761295484 ) ) ;
#1236 = ADVANCED_FACE ( 'NONE', ( #1160 ), #906, .F. ) ;
#1237 = ADVANCED_FACE ( 'NONE', ( #594 ), #1277, .F. ) ;
#1238 = B_SPLINE_CURVE_WITH_KNOTS ( 'NONE', 3,
 ( #138, #602, #1036, #923, #1377, #36, #366, #125, #1271, #1166 ),
 .UNSPECIFIED., .F., .F.,
 ( 4, 2, 2, 2, 4 ),
 ( 0.000000000000000000, 0.1250000000000000278, 0.2500000000000000555, 0.3750000000000000000, 0.5000000000000000000 ),
 .UNSPECIFIED. ) ;
#1239 = CARTESIAN_POINT ( 'NONE',  ( 24.00000000000000000, 0.000000000000000000, 0.000000000000000000 ) ) ;
#1240 = CARTESIAN_POINT ( 'NONE',  ( 20.96419889242596213, -1.263496597336022154, 350.8174615282283639 ) ) ;
#1241 = CARTESIAN_POINT ( 'NONE',  ( -0.3315133426064967304, 21.00000000000000000, 355.4999924856336975 ) ) ;
#1242 = CARTESIAN_POINT ( 'NONE',  ( -20.96419893464259587, 1.263495672035930051, 350.8174615282283639 ) ) ;
#1243 = ORIENTED_EDGE ( 'NONE', *, *, #185, .T. ) ;
#1244 = CARTESIAN_POINT ( 'NONE',  ( 0.000000000000000000, 0.000000000000000000, 10.00000000000000000 ) ) ;
#1245 = ORIENTED_EDGE ( 'NONE', *, *, #828, .F. ) ;
#1246 = DIRECTION ( 'NONE',  ( 1.000000000000000000, -1.836970198721029688E-16, 0.000000000000000000 ) ) ;
#1247 = EDGE_CURVE ( 'NONE', #142, #232, #633, .T. ) ;
#1248 = CARTESIAN_POINT ( 'NONE',  ( -2.436271467720168005, 20.85859155648440932, 353.6512589958562103 ) ) ;
#1249 = MANIFOLD_SOLID_BREP ( 'assembled-motor-final-ni-philip.step<1>[1]', #981 ) ;
#1250 = CARTESIAN_POINT ( 'NONE',  ( 20.88663940047924683, 2.182786049757166502, 11.26298440256954336 ) ) ;
#1251 = VERTEX_POINT ( 'NONE', #1189 ) ;
#1252 = VECTOR ( 'NONE', #1437, 1000.000000000000000 ) ;
#1253 = CARTESIAN_POINT ( 'NONE',  ( -2.500000000000000000, 23.86943652456000109, 353.0000052601100151 ) ) ;
#1254 = EDGE_CURVE ( 'NONE', #775, #1262, #38, .T. ) ;
#1255 = ORIENTED_EDGE ( 'NONE', *, *, #852, .T. ) ;
#1256 = CARTESIAN_POINT ( 'NONE',  ( 2.500000000000000000, -20.85065946199300058, 10.00000000000000000 ) ) ;
#1257 = CYLINDRICAL_SURFACE ( 'NONE', #1358, 2.500000000000000000 ) ;
#1258 = CARTESIAN_POINT ( 'NONE',  ( 0.000000000000000000, 0.000000000000000000, 353.0000052601100151 ) ) ;
#1259 = ORIENTED_EDGE ( 'NONE', *, *, #445, .T. ) ;
#1260 = CARTESIAN_POINT ( 'NONE',  ( -2.436573156553234920, 23.87633540127892573, 353.6505651227690237 ) ) ;
#1261 = APPROVAL_PERSON_ORGANIZATION ( #507, #773, #1079 ) ;
#1262 = VERTEX_POINT ( 'NONE', #971 ) ;
#1263 = DIRECTION ( 'NONE',  ( 1.000000000000000000, 0.000000000000000000, 0.000000000000000000 ) ) ;
#1264 = CARTESIAN_POINT ( 'NONE',  ( -23.87633540127891862, -2.436573156553239361, 10.65056078710421339 ) ) ;
#1265 = CARTESIAN_POINT ( 'NONE',  ( 21.00000000000000000, 2.019430718040733413E-15, 12.50000000000000000 ) ) ;
#1266 = CARTESIAN_POINT ( 'NONE',  ( 24.00000000000000000, -2.296212748401286986E-16, 7.500000000000000000 ) ) ;
#1267 = FACE_OUTER_BOUND ( 'NONE', #1185, .T. ) ;
#1268 = EDGE_LOOP ( 'NONE', ( #836, #886 ) ) ;
#1269 = CARTESIAN_POINT ( 'NONE',  ( -23.99312818058428931, 0.6508958472221589853, 7.563594914978035710 ) ) ;
#1270 = CARTESIAN_POINT ( 'NONE',  ( 20.90567414273342450, 2.002011087598809524, 354.5335088403808754 ) ) ;
#1271 = CARTESIAN_POINT ( 'NONE',  ( 24.00000000000000355, -0.3315301591254911084, 355.5000052601100720 ) ) ;
#1272 = FACE_BOUND ( 'NONE', #762, .T. ) ;
#1273 = PERSON_AND_ORGANIZATION ( #520, #1068 ) ;
#1274 = EDGE_LOOP ( 'NONE', ( #870, #565 ) ) ;
#1275 = CARTESIAN_POINT ( 'NONE',  ( -1.533302564468745244, -20.94527037987560902, 12.00221465675981847 ) ) ;
#1276 = CARTESIAN_POINT ( 'NONE',  ( -23.86943652456000109, -2.500000000000000000, 10.00000000000000000 ) ) ;
#1277 = CYLINDRICAL_SURFACE ( 'NONE', #1305, 2.500000000000000000 ) ;
#1278 = DIRECTION ( 'NONE',  ( -1.224646799147350002E-16, -1.000000000000000000, 0.000000000000000000 ) ) ;
#1279 = ORIENTED_EDGE ( 'NONE', *, *, #1045, .F. ) ;
#1280 = CARTESIAN_POINT ( 'NONE',  ( 2.182786049768650649, -20.88663940047796430, 11.26298440254798372 ) ) ;
#1281 = EDGE_CURVE ( 'NONE', #103, #1120, #357, .T. ) ;
#1282 = CARTESIAN_POINT ( 'NONE',  ( -24.00000000000000000, 1.957583779609110113E-16, 12.50000000000000000 ) ) ;
#1283 = EDGE_CURVE ( 'NONE', #1134, #142, #589, .T. ) ;
#1284 = FACE_OUTER_BOUND ( 'NONE', #613, .T. ) ;
#1285 = CARTESIAN_POINT ( 'NONE',  ( -1.263338502651701667, -23.96868691107619043, 355.1826298311671621 ) ) ;
#1286 = PERSON_AND_ORGANIZATION ( #520, #1068 ) ;
#1287 = EDGE_LOOP ( 'NONE', ( #1444, #1279, #1033, #1125, #1151, #206 ) ) ;
#1288 = CARTESIAN_POINT ( 'NONE',  ( 20.90565476418867874, -2.002240475281620302, 11.53331011533036232 ) ) ;
#1289 = LINE ( 'NONE', #838, #975 ) ;
#1290 = CARTESIAN_POINT ( 'NONE',  ( 20.85065946199300058, 2.500000000000000000, 10.00000000000000000 ) ) ;
#1291 = CARTESIAN_POINT ( 'NONE',  ( 0.000000000000000000, 0.000000000000000000, 0.000000000000000000 ) ) ;
#1292 = MECHANICAL_CONTEXT ( 'NONE', #641, 'mechanical' ) ;
#1293 = VERTEX_POINT ( 'NONE', #75 ) ;
#1294 = CARTESIAN_POINT ( 'NONE',  ( -1.533500679995970950, 23.95210965615346765, 7.997948049222065592 ) ) ;
#1295 = AXIS2_PLACEMENT_3D ( 'NONE', #860, #753, #840 ) ;
#1296 = EDGE_CURVE ( 'NONE', #24, #1205, #617, .T. ) ;
#1297 = CIRCLE ( 'NONE', #348, 21.00000000000000000 ) ;
#1298 = CARTESIAN_POINT ( 'NONE',  ( -24.00000000000000000, 1.957583779609110113E-16, 12.50000000000000000 ) ) ;
#1299 = CARTESIAN_POINT ( 'NONE',  ( 20.96421117525876099, 1.263227383387267810, 7.817315655183588063 ) ) ;
#1300 = CARTESIAN_POINT ( 'NONE',  ( 0.3315133426644181758, -21.00000000000000355, 7.499987225621752351 ) ) ;
#1301 = DATE_AND_TIME ( #527, #1440 ) ;
#1302 = ORIENTED_EDGE ( 'NONE', *, *, #1083, .F. ) ;
#1303 = DIRECTION ( 'NONE',  ( 0.000000000000000000, 0.000000000000000000, 1.000000000000000000 ) ) ;
#1304 = LINE ( 'NONE', #1181, #721 ) ;
#1305 = AXIS2_PLACEMENT_3D ( 'NONE', #1362, #154, #1053 ) ;
#1306 = CARTESIAN_POINT ( 'NONE',  ( 21.00000000000000000, -0.3315442025903442280, 7.499999999999999112 ) ) ;
#1307 = EDGE_CURVE ( 'NONE', #567, #1226, #476, .T. ) ;
#1308 = CARTESIAN_POINT ( 'NONE',  ( -0.6507845334503180590, -20.99215375831415997, 350.5635092930905898 ) ) ;
#1309 = ADVANCED_FACE ( 'NONE', ( #1284 ), #505, .F. ) ;
#1310 = LINE ( 'NONE', #632, #727 ) ;
#1311 = DIRECTION ( 'NONE',  ( 6.123233995736769734E-17, 1.000000000000000000, 0.000000000000000000 ) ) ;
#1312 = CARTESIAN_POINT ( 'NONE',  ( 2.500000000000000000, -1.530808498934192557E-16, 10.00000000000000000 ) ) ;
#1313 = CARTESIAN_POINT ( 'NONE',  ( -23.90089319629984388, 2.182563941942756713, 351.7365199491093790 ) ) ;
#1314 = EDGE_CURVE ( 'NONE', #1042, #1332, #65, .T. ) ;
#1315 = LINE ( 'NONE', #714, #1109 ) ;
#1316 = CARTESIAN_POINT ( 'NONE',  ( 24.00000000000000000, 3.988097455506158956E-14, 12.50000000000000000 ) ) ;
#1317 = CARTESIAN_POINT ( 'NONE',  ( 23.96869408172141291, 1.263158822582265639, 355.1827333388782790 ) ) ;
#1318 = CARTESIAN_POINT ( 'NONE',  ( -23.91749131298869102, 2.002217505507508211, 351.4666711506116599 ) ) ;
#1319 = EDGE_CURVE ( 'NONE', #214, #775, #921, .T. ) ;
#1320 = CARTESIAN_POINT ( 'NONE',  ( -23.91750463749275823, -2.002037097704097324, 351.4665276510095850 ) ) ;
#1321 = VERTEX_POINT ( 'NONE', #1194 ) ;
#1322 = CARTESIAN_POINT ( 'NONE',  ( 0.3314993133084412347, 24.00000000000000000, 12.49998722998484446 ) ) ;
#1323 = CARTESIAN_POINT ( 'NONE',  ( 24.00000000000000000, 0.3315301591256923364, 355.5000052601100151 ) ) ;
#1324 = CARTESIAN_POINT ( 'NONE',  ( -20.85066890370300641, -2.499921253648302866, 10.33166958254006573 ) ) ;
#1325 = CARTESIAN_POINT ( 'NONE',  ( -1.263227383485275190, 20.96421117525429167, 350.8173209153953849 ) ) ;
#1326 = VERTEX_POINT ( 'NONE', #1085 ) ;
#1327 = FACE_OUTER_BOUND ( 'NONE', #597, .T. ) ;
#1328 = CARTESIAN_POINT ( 'NONE',  ( 23.91749123971832347, -2.002218497555286358, 8.466667356574657077 ) ) ;
#1329 = CARTESIAN_POINT ( 'NONE',  ( 23.91749123970722835, 2.002218497705669620, 354.5333379031965251 ) ) ;
#1330 = LINE ( 'NONE', #766, #909 ) ;
#1331 = CARTESIAN_POINT ( 'NONE',  ( 1.533531952188420755, 20.94525100132774753, 350.9979840681877477 ) ) ;
#1332 = VERTEX_POINT ( 'NONE', #518 ) ;
#1333 = CARTESIAN_POINT ( 'NONE',  ( -1.263338502665985574, 23.96868691107561489, 350.8173806891555273 ) ) ;
#1334 = ORIENTED_EDGE ( 'NONE', *, *, #1283, .T. ) ;
#1335 = CARTESIAN_POINT ( 'NONE',  ( 23.96868568085807283, 1.263369329121218465, 350.8173934643307916 ) ) ;
#1336 = CARTESIAN_POINT ( 'NONE',  ( -0.3314993133319928398, -23.99999999999999645, 7.499987229984840020 ) ) ;
#1337 = CARTESIAN_POINT ( 'NONE',  ( -20.99999999999999289, -0.3316153234230561631, 12.50000000000000178 ) ) ;
#1338 = CARTESIAN_POINT ( 'NONE',  ( -2.499923263765333026, 20.85066866268940800, 352.6682694736066424 ) ) ;
#1339 = ORIENTED_EDGE ( 'NONE', *, *, #828, .T. ) ;
#1340 = EDGE_CURVE ( 'NONE', #389, #820, #720, .T. ) ;
#1341 = CARTESIAN_POINT ( 'NONE',  ( -2.436573156553227815, -23.87633540127892573, 352.3494453973983127 ) ) ;
#1342 = ORIENTED_EDGE ( 'NONE', *, *, #460, .F. ) ;
#1343 = CARTESIAN_POINT ( 'NONE',  ( 23.86943652456000109, -2.500000000000000000, 10.00000000000000000 ) ) ;
#1344 = CARTESIAN_POINT ( 'NONE',  ( 23.95212294562351119, 1.533320746537392143, 355.0022011846365899 ) ) ;
#1345 = FACE_BOUND ( 'NONE', #542, .T. ) ;
#1346 = CC_DESIGN_PERSON_AND_ORGANIZATION_ASSIGNMENT ( #986, #1427, ( #424 ) ) ;
#1347 = DIRECTION ( 'NONE',  ( -1.224646799147350002E-16, -1.000000000000000000, 0.000000000000000000 ) ) ;
#1348 = ORIENTED_EDGE ( 'NONE', *, *, #446, .T. ) ;
#1349 = EDGE_CURVE ( 'NONE', #750, #389, #1056, .T. ) ;
#1350 = CARTESIAN_POINT ( 'NONE',  ( -2.499999999999992895, 23.86943652456001885, 353.3315574397680052 ) ) ;
#1351 = VERTEX_POINT ( 'NONE', #108 ) ;
#1352 = FACE_OUTER_BOUND ( 'NONE', #1066, .T. ) ;
#1353 = CARTESIAN_POINT ( 'NONE',  ( 2.436498707701941768, 20.85856641266505207, 353.6507807364176870 ) ) ;
#1354 = B_SPLINE_CURVE_WITH_KNOTS ( 'NONE', 3,
 ( #483, #1376, #365, #1383, #1270, #255, #818, #622, #970, #167 ),
 .UNSPECIFIED., .F., .F.,
 ( 4, 2, 2, 2, 4 ),
 ( 0.000000000000000000, 0.1250000000000000000, 0.2500000000000000000, 0.3750000000000000000, 0.5000000000000000000 ),
 .UNSPECIFIED. ) ;
#1355 = CARTESIAN_POINT ( 'NONE',  ( -21.00000000000000000, 3.744818941228019940E-15, 350.5000052601100151 ) ) ;
#1356 = VERTEX_POINT ( 'NONE', #979 ) ;
#1357 = CARTESIAN_POINT ( 'NONE',  ( 24.00000000000000000, 4.626475694665623967E-14, 355.5000052601100151 ) ) ;
#1358 = AXIS2_PLACEMENT_3D ( 'NONE', #1368, #1146, #261 ) ;
#1359 = ORIENTED_EDGE ( 'NONE', *, *, #1005, .F. ) ;
#1360 = CARTESIAN_POINT ( 'NONE',  ( -24.00000000000000000, -4.710290867584170455E-17, 7.500000000000000000 ) ) ;
#1361 = CARTESIAN_POINT ( 'NONE',  ( -23.91750463751978373, -2.002037097338212224, 8.466522390624398042 ) ) ;
#1362 = CARTESIAN_POINT ( 'NONE',  ( 0.000000000000000000, 0.000000000000000000, 10.00000000000000000 ) ) ;
#1363 = EDGE_LOOP ( 'NONE', ( #1016, #246, #493, #1390, #430, #786 ) ) ;
#1364 = VECTOR ( 'NONE', #896, 1000.000000000000000 ) ;
#1365 = CARTESIAN_POINT ( 'NONE',  ( -1.533320746538187285, 23.95212294562345789, 355.0022011846400005 ) ) ;
#1366 = ORIENTED_EDGE ( 'NONE', *, *, #1096, .F. ) ;
#1367 = CARTESIAN_POINT ( 'NONE',  ( 23.90086987765243265, 2.182805134252991497, 8.737025706851790474 ) ) ;
#1368 = CARTESIAN_POINT ( 'NONE',  ( 0.000000000000000000, 0.000000000000000000, 10.00000000000000000 ) ) ;
#1369 = CARTESIAN_POINT ( 'NONE',  ( 0.3315133426403054639, 21.00000000000000000, 12.50001277438458835 ) ) ;
#1370 = VERTEX_POINT ( 'NONE', #1438 ) ;
#1371 = CARTESIAN_POINT ( 'NONE',  ( 0.000000000000000000, 2.500000000000000000, 10.00000000000000000 ) ) ;
#1372 = VECTOR ( 'NONE', #1038, 1000.000000000000000 ) ;
#1373 =( NAMED_UNIT ( * ) SI_UNIT ( $, .STERADIAN. ) SOLID_ANGLE_UNIT ( ) );
#1374 = ORIENTED_EDGE ( 'NONE', *, *, #144, .F. ) ;
#1375 = CARTESIAN_POINT ( 'NONE',  ( -2.182558809758256668, -20.88666454430049058, 11.26346266206718560 ) ) ;
#1376 = CARTESIAN_POINT ( 'NONE',  ( 20.85066866074315683, 2.499923279997577907, 353.3316708737659155 ) ) ;
#1377 = CARTESIAN_POINT ( 'NONE',  ( 23.91750452913543157, -2.002038564813545918, 354.5334818765767864 ) ) ;
#1378 = CARTESIAN_POINT ( 'NONE',  ( -0.6507146989868519693, -23.99313540982086224, 355.4365148439890163 ) ) ;
#1379 = LINE ( 'NONE', #1149, #1234 ) ;
#1380 = CARTESIAN_POINT ( 'NONE',  ( -20.85066890508424819, -2.499921242128449794, 9.668258407996061621 ) ) ;
#1381 = ORIENTED_EDGE ( 'NONE', *, *, #50, .F. ) ;
#1382 = DIRECTION ( 'NONE',  ( -1.000000000000000000, 1.224646799147350002E-16, 0.000000000000000000 ) ) ;
#1383 = CARTESIAN_POINT ( 'NONE',  ( 20.88663940048013501, 2.182786049749075197, 354.2629896627150288 ) ) ;
#1384 = CARTESIAN_POINT ( 'NONE',  ( -0.6507845339068708546, 20.99215375829334107, 12.43649596690832837 ) ) ;
#1385 = CARTESIAN_POINT ( 'NONE',  ( -1.533500679429749436, -23.95210965619528665, 355.0020572112562718 ) ) ;
#1386 = EDGE_CURVE ( 'NONE', #1025, #537, #124, .T. ) ;
#1387 = EDGE_CURVE ( 'NONE', #1326, #40, #757, .T. ) ;
#1388 = ADVANCED_BREP_SHAPE_REPRESENTATION ( 'motorcasing', ( #1249, #54 ), #307 ) ;
#1389 = CARTESIAN_POINT ( 'NONE',  ( -20.85856663659220445, -2.436496683936193453, 9.349218718268843986 ) ) ;
#1390 = ORIENTED_EDGE ( 'NONE', *, *, #974, .T. ) ;
#1391 = CARTESIAN_POINT ( 'NONE',  ( 0.000000000000000000, 0.000000000000000000, 353.0000052601100151 ) ) ;
#1392 = CYLINDRICAL_SURFACE ( 'NONE', #1411, 21.00000000000000000 ) ;
#1393 = CARTESIAN_POINT ( 'NONE',  ( -23.99312818057529029, -0.6508958474476174150, 355.4364103450253083 ) ) ;
#1394 = CARTESIAN_POINT ( 'NONE',  ( 0.6508943790765806536, -23.99312823917482618, 355.4364113362627791 ) ) ;
#1395 = CARTESIAN_POINT ( 'NONE',  ( 2.500000000000000000, -23.86943652456000109, 10.00000000000000000 ) ) ;
#1396 = ORIENTED_EDGE ( 'NONE', *, *, #1088, .F. ) ;
#1397 = CARTESIAN_POINT ( 'NONE',  ( 2.436573156553280661, 23.87633540127891862, 9.349440137343808743 ) ) ;
#1398 = CARTESIAN_POINT ( 'NONE',  ( 0.3314993133176029061, -23.99999999999999645, 12.50001277001515554 ) ) ;
#1399 = CARTESIAN_POINT ( 'NONE',  ( 20.99214288222458435, 0.6510229145364397896, 7.563631866558990779 ) ) ;
#1400 = CARTESIAN_POINT ( 'NONE',  ( 20.96421117525002131, -1.263227383578643837, 355.1826896047728042 ) ) ;
#1401 = EDGE_CURVE ( 'NONE', #309, #1351, #386, .T. ) ;
#1402 = CARTESIAN_POINT ( 'NONE',  ( -20.96421124217037502, -1.263225916824916251, 7.817314665265435281 ) ) ;
#1403 = ORIENTED_EDGE ( 'NONE', *, *, #453, .F. ) ;
#1404 = CARTESIAN_POINT ( 'NONE',  ( 20.85065946199300058, -2.500000000000000000, 10.00000000000000000 ) ) ;
#1405 = CARTESIAN_POINT ( 'NONE',  ( 23.86943652456002241, -2.500000000000010214, 352.6684530803997291 ) ) ;
#1406 = CARTESIAN_POINT ( 'NONE',  ( 20.85856641266504852, 2.436498707701993727, 9.349224523685272459 ) ) ;
#1407 = CARTESIAN_POINT ( 'NONE',  ( -2.002240475275936848, 20.90565476418916191, 8.466689884669303723 ) ) ;
#1408 = CALENDAR_DATE ( 2026, 6, 3 ) ;
#1409 = ORIENTED_EDGE ( 'NONE', *, *, #570, .F. ) ;
#1410 = CARTESIAN_POINT ( 'NONE',  ( -20.94525087742874447, 1.533533418805562709, 7.997979800897333291 ) ) ;
#1411 = AXIS2_PLACEMENT_3D ( 'NONE', #577, #347, #804 ) ;
#1412 = CARTESIAN_POINT ( 'NONE',  ( 23.86943652456000109, -2.500000000000000000, 353.0000052601100151 ) ) ;
#1413 = CARTESIAN_POINT ( 'NONE',  ( 20.85859155648602581, -2.436271467705511728, 9.348746264226885927 ) ) ;
#1414 = CARTESIAN_POINT ( 'NONE',  ( -2.002011087570386927, -20.90567414273582969, 351.4665016799414161 ) ) ;
#1415 = CARTESIAN_POINT ( 'NONE',  ( -20.85859166625086303, 2.436270475693996573, 9.348744794949402248 ) ) ;
#1416 = CARTESIAN_POINT ( 'NONE',  ( -2.499999999999908518, -23.86943652456002596, 10.33148198951963970 ) ) ;
#1417 = VECTOR ( 'NONE', #403, 1000.000000000000000 ) ;
#1418 = CARTESIAN_POINT ( 'NONE',  ( -23.99313660309275065, 0.6506847983057894025, 355.4365276192660872 ) ) ;
#1419 = ADVANCED_FACE ( 'NONE', ( #765 ), #1222, .F. ) ;
#1420 = CARTESIAN_POINT ( 'NONE',  ( -2.002011087611350160, -20.90567414273237290, 8.466496419782506777 ) ) ;
#1421 = LINE ( 'NONE', #407, #793 ) ;
#1422 = B_SPLINE_CURVE_WITH_KNOTS ( 'NONE', 3,
 ( #490, #380, #1052, #26, #1361, #1046, #599, #465, #49, #42 ),
 .UNSPECIFIED., .F., .F.,
 ( 4, 2, 2, 2, 4 ),
 ( 0.000000000000000000, 0.2500000000000004441, 0.5000000000000008882, 0.7500000000000004441, 1.000000000000000000 ),
 .UNSPECIFIED. ) ;
#1423 = CARTESIAN_POINT ( 'NONE',  ( -1.263338502725723789, -23.96868691107323102, 12.18262457087623929 ) ) ;
#1424 = CARTESIAN_POINT ( 'NONE',  ( 23.86943652456000109, 2.500000000000000000, 10.00000000000000000 ) ) ;
#1425 = CARTESIAN_POINT ( 'NONE',  ( 2.002011087603035477, 20.90567414273306923, 8.466496419765812576 ) ) ;
#1426 = EDGE_CURVE ( 'NONE', #1442, #1251, #329, .T. ) ;
#1427 = PERSON_AND_ORGANIZATION_ROLE ( 'classification_officer' ) ;
#1428 = CARTESIAN_POINT ( 'NONE',  ( -23.86943652456002951, -2.499999999999953815, 352.6685241976063594 ) ) ;
#1429 = CARTESIAN_POINT ( 'NONE',  ( -2.500000000000000000, 4.592425496802573972E-16, 353.0000052601100151 ) ) ;
#1430 = VECTOR ( 'NONE', #295, 1000.000000000000000 ) ;
#1431 = CARTESIAN_POINT ( 'NONE',  ( 0.000000000000000000, 0.000000000000000000, 353.0000052601100151 ) ) ;
#1432 = CARTESIAN_POINT ( 'NONE',  ( -2.436271467681509595, -20.85859155648867969, 9.348746264168712017 ) ) ;
#1433 = CARTESIAN_POINT ( 'NONE',  ( -1.533302564420846004, 20.94527037987966267, 350.9977906033068393 ) ) ;
#1434 = ORIENTED_EDGE ( 'NONE', *, *, #77, .T. ) ;
#1435 = PERSON_AND_ORGANIZATION_ROLE ( 'design_supplier' ) ;
#1436 = CARTESIAN_POINT ( 'NONE',  ( -2.002038564285874234, 23.91750452917441194, 351.4665286433275924 ) ) ;
#1437 = DIRECTION ( 'NONE',  ( 0.000000000000000000, 0.000000000000000000, 1.000000000000000000 ) ) ;
#1438 = CARTESIAN_POINT ( 'NONE',  ( -2.500000000000000000, -20.85065946199300058, 353.0000052601100151 ) ) ;
#1439 = CARTESIAN_POINT ( 'NONE',  ( -1.263465763708237155, 20.96420029920409434, 355.1825617715505814 ) ) ;
#1440 = LOCAL_TIME ( 3, 10, 0.000000000000000000, #61 ) ;
#1441 = CARTESIAN_POINT ( 'NONE',  ( 20.94527037987942109, 1.533302564423610903, 350.9977906033130921 ) ) ;
#1442 = VERTEX_POINT ( 'NONE', #1395 ) ;
#1443 = FACE_BOUND ( 'NONE', #760, .T. ) ;
#1444 = ORIENTED_EDGE ( 'NONE', *, *, #152, .F. ) ;
#1445 = CARTESIAN_POINT ( 'NONE',  ( 1.263158822051480668, -23.96869408174259419, 12.18272807907483468 ) ) ;
#1446 = CARTESIAN_POINT ( 'NONE',  ( 2.436331964276517326, -23.87635871992310044, 9.348928195194222468 ) ) ;
#1447 = CARTESIAN_POINT ( 'NONE',  ( 0.000000000000000000, 0.000000000000000000, 0.000000000000000000 ) ) ;
#1448 = CARTESIAN_POINT ( 'NONE',  ( -21.00000000000000000, -0.3315432781352725122, 350.5000052601100151 ) ) ;
#1449 = ORIENTED_EDGE ( 'NONE', *, *, #634, .T. ) ;
#1450 = CARTESIAN_POINT ( 'NONE',  ( -2.500000000000000000, -23.86943652456000109, 353.0000052601100151 ) ) ;
#1451 = CARTESIAN_POINT ( 'NONE',  ( 2.182805134247133960, 23.90086987765299398, 11.26297429315088117 ) ) ;
#1452 = ADVANCED_FACE ( 'NONE', ( #808, #264, #361 ), #835, .F. ) ;
#1453 = CARTESIAN_POINT ( 'NONE',  ( 23.90089319629984033, 2.182563941942782471, 354.2634914954624605 ) ) ;
#1454 = CARTESIAN_POINT ( 'NONE',  ( 20.85065946199300058, -2.500000000000000000, 10.00000000000000000 ) ) ;
#1455 = EDGE_CURVE ( 'NONE', #508, #1161, #715, .T. ) ;
#1456 = CARTESIAN_POINT ( 'NONE',  ( -20.88666432037303977, -2.182560833526810296, 351.7365484034548899 ) ) ;
#1457 = ORIENTED_EDGE ( 'NONE', *, *, #1045, .T. ) ;
ENDSEC;
END-ISO-10303-21;
