ISO-10303-21;
HEADER;
FILE_DESCRIPTION (( 'STEP AP203' ),
    '1' );
FILE_NAME ('prop jig.STEP',
    '2026-03-05T17:56:28',
    ( '' ),
    ( '' ),
    'SwSTEP 2.0',
    'SolidWorks 2024',
    '' );
FILE_SCHEMA (( 'CONFIG_CONTROL_DESIGN' ));
ENDSEC;

DATA;
#1 = EDGE_LOOP ( 'NONE', ( #1216, #1098, #1117, #1201 ) ) ;
#2 = CARTESIAN_POINT ( 'NONE',  ( -2.550000000000007816, 6.833551378970134316, 23.96471364318797725 ) ) ;
#3 = VECTOR ( 'NONE', #96, 1000.000000000000000 ) ;
#4 = DATE_AND_TIME ( #1225, #878 ) ;
#5 = AXIS2_PLACEMENT_3D ( 'NONE', #221, #537, #1353 ) ;
#6 = CC_DESIGN_PERSON_AND_ORGANIZATION_ASSIGNMENT ( #829, #86, ( #850 ) ) ;
#7 = FACE_OUTER_BOUND ( 'NONE', #1194, .T. ) ;
#8 = CARTESIAN_POINT ( 'NONE',  ( -26.98130143908279877, 7.332033493772077470, -2.533861061614060883 ) ) ;
#9 = DIRECTION ( 'NONE',  ( 0.000000000000000000, 0.000000000000000000, -1.000000000000000000 ) ) ;
#10 = FACE_OUTER_BOUND ( 'NONE', #184, .T. ) ;
#11 = ORIENTED_EDGE ( 'NONE', *, *, #524, .F. ) ;
#12 = DIRECTION ( 'NONE',  ( 1.000000000000000000, 0.000000000000000000, 0.000000000000000000 ) ) ;
#13 = EDGE_CURVE ( 'NONE', #58, #114, #798, .T. ) ;
#14 = CARTESIAN_POINT ( 'NONE',  ( 2.292335862787053813, 8.129292766169637474, 27.00294927245828802 ) ) ;
#15 = DIRECTION ( 'NONE',  ( 0.000000000000000000, 0.000000000000000000, -1.000000000000000000 ) ) ;
#16 = VERTEX_POINT ( 'NONE', #32 ) ;
#17 = CARTESIAN_POINT ( 'NONE',  ( -2.419881914833953651, 6.178659090441778190, -26.99181898253673495 ) ) ;
#18 =( BOUNDED_CURVE ( )  B_SPLINE_CURVE ( 3, ( #830, #203, #736, #1055 ),
 .UNSPECIFIED., .F., .F. ) 
 B_SPLINE_CURVE_WITH_KNOTS ( ( 4, 4 ),
 ( 4.637500648744341980, 4.712388980384689674 ),
 .UNSPECIFIED. ) 
 CURVE ( )  GEOMETRIC_REPRESENTATION_ITEM ( )  RATIONAL_B_SPLINE_CURVE ( ( 1.000000000000000000, 0.9995326994180089297, 0.9995326994180089297, 1.000000000000000000 ) ) 
 REPRESENTATION_ITEM ( '' )  );
#19 = CARTESIAN_POINT ( 'NONE',  ( -27.10099999999998843, 7.000000000000010658, 2.550000000000102407 ) ) ;
#20 = CARTESIAN_POINT ( 'NONE',  ( -2.807381233234153746E-16, 3.393755415948626286, 27.09999999999999787 ) ) ;
#21 = CARTESIAN_POINT ( 'NONE',  ( 3.318792825689328668E-15, 9.550000000000018474, 27.09999999999999787 ) ) ;
#22 = ORIENTED_EDGE ( 'NONE', *, *, #318, .T. ) ;
#23 = CARTESIAN_POINT ( 'NONE',  ( -2.292294710966628735, 8.129376747793424229, 23.99082047666542650 ) ) ;
#24 = MANIFOLD_SOLID_BREP ( 'CirPattern1', #116 ) ;
#25 = AXIS2_PLACEMENT_3D ( 'NONE', #568, #252, #973 ) ;
#26 = DIRECTION ( 'NONE',  ( -1.000000000000000000, 0.000000000000000000, 1.047444401652940007E-14 ) ) ;
#27 = CARTESIAN_POINT ( 'NONE',  ( -0.6606853538635815148, 9.468530421177032252, -24.09149436993683935 ) ) ;
#28 = CARTESIAN_POINT ( 'NONE',  ( -2.807381233234153746E-16, 3.393755415948626286, 27.09999999999999787 ) ) ;
#29 = ORIENTED_EDGE ( 'NONE', *, *, #620, .F. ) ;
#30 = CARTESIAN_POINT ( 'NONE',  ( -24.03245201805258446, 5.196877707974298488, 1.803122292025775453 ) ) ;
#31 = EDGE_CURVE ( 'NONE', #434, #551, #614, .T. ) ;
#32 = CARTESIAN_POINT ( 'NONE',  ( -2.550000000000007816, 7.000000000000010658, -23.96471364318798081 ) ) ;
#33 = FACE_BOUND ( 'NONE', #712, .T. ) ;
#34 = CARTESIAN_POINT ( 'NONE',  ( 0.6605302935319012914, 9.468571603191060504, -24.09149860413826261 ) ) ;
#35 = CARTESIAN_POINT ( 'NONE',  ( 27.05570187516557823, 9.027811816185923988, 1.555072539327751135 ) ) ;
#36 = EDGE_LOOP ( 'NONE', ( #733, #271, #399, #693 ) ) ;
#37 = CARTESIAN_POINT ( 'NONE',  ( -2.419466665060991950, 7.822367276246241730, 23.97832903357057077 ) ) ;
#38 = EDGE_CURVE ( 'NONE', #94, #1064, #618, .T. ) ;
#39 = CARTESIAN_POINT ( 'NONE',  ( -26.99185123126128616, 7.822226813938058854, -2.419511909791282722 ) ) ;
#40 = DIRECTION ( 'NONE',  ( -0.000000000000000000, -1.000000000000000000, -0.000000000000000000 ) ) ;
#41 = CARTESIAN_POINT ( 'NONE',  ( 0.8226165422884926803, 9.419451249286886707, -24.08645224306670229 ) ) ;
#42 = CARTESIAN_POINT ( 'NONE',  ( 27.02426300618069277, 8.556497061956733319, -2.026807913849117959 ) ) ;
#43 = ORIENTED_EDGE ( 'NONE', *, *, #1044, .T. ) ;
#44 = CARTESIAN_POINT ( 'NONE',  ( -27.02420412705692598, 5.444647156939638855, -2.027551728624265692 ) ) ;
#45 = CARTESIAN_POINT ( 'NONE',  ( -2.807381233234153746E-16, 3.393755415948626286, 27.10099999999999909 ) ) ;
#46 = VECTOR ( 'NONE', #1197, 1000.000000000000000 ) ;
#47 = EDGE_CURVE ( 'NONE', #493, #778, #1184, .T. ) ;
#48 = AXIS2_PLACEMENT_3D ( 'NONE', #574, #675, #985 ) ;
#49 = CARTESIAN_POINT ( 'NONE',  ( 23.96471364318800212, 7.166520163892928785, 2.549999999999758238 ) ) ;
#50 = CARTESIAN_POINT ( 'NONE',  ( 23.97829172086354887, 6.178559333584262347, -2.419845848845751934 ) ) ;
#51 = ORIENTED_EDGE ( 'NONE', *, *, #13, .F. ) ;
#52 = CARTESIAN_POINT ( 'NONE',  ( 23.96650502488576251, 6.664476553658331248, 2.533320465936314658 ) ) ;
#53 = CYLINDRICAL_SURFACE ( 'NONE', #681, 2.550000000000007816 ) ;
#54 = CARTESIAN_POINT ( 'NONE',  ( -2.212183736687801883, 5.720808226340716729, 27.00971710011457816 ) ) ;
#55 = EDGE_CURVE ( 'NONE', #16, #83, #862, .T. ) ;
#56 = CARTESIAN_POINT ( 'NONE',  ( 24.10000000000000497, 3.995498970636512936, 0.6017435546876407360 ) ) ;
#57 = FACE_BOUND ( 'NONE', #376, .T. ) ;
#58 = VERTEX_POINT ( 'NONE', #919 ) ;
#59 = CARTESIAN_POINT ( 'NONE',  ( -23.96644873262530240, 7.332078258513818447, 2.533854129094053498 ) ) ;
#60 = FACE_OUTER_BOUND ( 'NONE', #412, .T. ) ;
#61 = CARTESIAN_POINT ( 'NONE',  ( -2.533320465936564680, 6.664476553658333025, 23.96650502488574119 ) ) ;
#62 = CARTESIAN_POINT ( 'NONE',  ( -1.803122292025701512, 5.196877707974308258, 24.03245201805259157 ) ) ;
#63 = VERTEX_POINT ( 'NONE', #1127 ) ;
#64 = CARTESIAN_POINT ( 'NONE',  ( -23.96471364318797015, 7.000000000000010658, 2.550000000000091749 ) ) ;
#65 = APPROVAL ( #729, 'UNSPECIFIED' ) ;
#66 = FACE_OUTER_BOUND ( 'NONE', #1043, .T. ) ;
#67 = VECTOR ( 'NONE', #728, 1000.000000000000000 ) ;
#68 = CARTESIAN_POINT ( 'NONE',  ( 0.8225968236740642814, 9.419462257294620500, -27.08795347315718161 ) ) ;
#69 = VECTOR ( 'NONE', #548, 1000.000000000000000 ) ;
#70 = VERTEX_POINT ( 'NONE', #924 ) ;
#71 = CARTESIAN_POINT ( 'NONE',  ( 24.02352177699218316, 5.315902130634586165, 1.922146714685728286 ) ) ;
#72 = ORIENTED_EDGE ( 'NONE', *, *, #708, .T. ) ;
#73 = ADVANCED_FACE ( 'NONE', ( #1345, #825 ), #691, .T. ) ;
#74 = DIRECTION ( 'NONE',  ( 1.088453945710934391E-14, 0.000000000000000000, 1.000000000000000000 ) ) ;
#75 = CARTESIAN_POINT ( 'NONE',  ( 1.686278938894342883, 8.920058181316209200, -27.04774193833733520 ) ) ;
#76 = ORIENTED_EDGE ( 'NONE', *, *, #318, .F. ) ;
#77 = CARTESIAN_POINT ( 'NONE',  ( 1.803122292025691520, 5.196877707974298488, 24.03245201805259157 ) ) ;
#78 = ORIENTED_EDGE ( 'NONE', *, *, #462, .F. ) ;
#79 = ADVANCED_BREP_SHAPE_REPRESENTATION ( 'prop jig', ( #24, #638 ), #659 ) ;
#80 = DIRECTION ( 'NONE',  ( -1.000000000000000000, 0.000000000000000000, 1.047444401652940007E-14 ) ) ;
#81 = ADVANCED_FACE ( 'NONE', ( #120 ), #1062, .F. ) ;
#82 = CARTESIAN_POINT ( 'NONE',  ( 2.292401151355441868, 8.129154789281241023, -27.00294367987693533 ) ) ;
#83 = VERTEX_POINT ( 'NONE', #1251 ) ;
#84 = CARTESIAN_POINT ( 'NONE',  ( 0.6606853538635850676, 9.468530421177028700, 24.09149436993683580 ) ) ;
#85 = ORIENTED_EDGE ( 'NONE', *, *, #653, .F. ) ;
#86 = PERSON_AND_ORGANIZATION_ROLE ( 'design_supplier' ) ;
#87 = DIRECTION ( 'NONE',  ( -1.000000000000000000, 0.000000000000000000, 0.000000000000000000 ) ) ;
#88 = EDGE_CURVE ( 'NONE', #717, #1213, #125, .T. ) ;
#89 = VECTOR ( 'NONE', #760, 1000.000000000000000 ) ;
#90 = ORIENTED_EDGE ( 'NONE', *, *, #1299, .T. ) ;
#91 = CARTESIAN_POINT ( 'NONE',  ( -1.803122292025691520, 5.196877707974298488, -24.03245201805259157 ) ) ;
#92 = CARTESIAN_POINT ( 'NONE',  ( 27.10100000000002751, 7.000000000000010658, 2.549999999999724043 ) ) ;
#93 = LOCAL_TIME ( 1, 56, 28.00000000000000000, #102 ) ;
#94 = VERTEX_POINT ( 'NONE', #1034 ) ;
#95 = AXIS2_PLACEMENT_3D ( 'NONE', #707, #499, #1333 ) ;
#96 = DIRECTION ( 'NONE',  ( -1.000000000000000000, 0.000000000000000000, 1.047444401652940007E-14 ) ) ;
#97 = CARTESIAN_POINT ( 'NONE',  ( 2.807381233234153746E-16, 3.393755415948626286, -24.10000000000000142 ) ) ;
#98 = EDGE_CURVE ( 'NONE', #778, #818, #1240, .T. ) ;
#99 = CARTESIAN_POINT ( 'NONE',  ( 0.8227032504181825967, 9.419424806035518571, 24.08644952105494497 ) ) ;
#100 = ORIENTED_EDGE ( 'NONE', *, *, #753, .F. ) ;
#101 = CARTESIAN_POINT ( 'NONE',  ( 1.803122292025691520, 5.196877707974298488, 27.10099999999999909 ) ) ;
#102 = COORDINATED_UNIVERSAL_TIME_OFFSET ( 8, 0, .AHEAD. ) ;
#103 = DIRECTION ( 'NONE',  ( 1.000000000000000000, 0.000000000000000000, -3.491481338843133355E-15 ) ) ;
#104 = CARTESIAN_POINT ( 'NONE',  ( 26.98135154056263829, 6.664528103750765098, -2.533326232264472733 ) ) ;
#105 = CARTESIAN_POINT ( 'NONE',  ( -1.803122292025701512, 5.196877707974308258, 27.03994730024450277 ) ) ;
#106 = CARTESIAN_POINT ( 'NONE',  ( 1.278041417200376673, 9.212890060182257201, 24.06648869245963596 ) ) ;
#107 = ORIENTED_EDGE ( 'NONE', *, *, #275, .T. ) ;
#108 = FACE_OUTER_BOUND ( 'NONE', #335, .T. ) ;
#109 = CALENDAR_DATE ( 2026, 6, 3 ) ;
#110 =( BOUNDED_CURVE ( )  B_SPLINE_CURVE ( 3, ( #436, #742, #938, #843 ),
 .UNSPECIFIED., .F., .F. ) 
 B_SPLINE_CURVE_WITH_KNOTS ( ( 4, 4 ),
 ( 4.637500648744341980, 4.712388980384689674 ),
 .UNSPECIFIED. ) 
 CURVE ( )  GEOMETRIC_REPRESENTATION_ITEM ( )  RATIONAL_B_SPLINE_CURVE ( ( 1.000000000000000000, 0.9995326994180089297, 0.9995326994180089297, 1.000000000000000000 ) ) 
 REPRESENTATION_ITEM ( '' )  );
#111 = CARTESIAN_POINT ( 'NONE',  ( -27.09243948342022179, 9.468566433974917373, -0.6605457649894231897 ) ) ;
#112 = CARTESIAN_POINT ( 'NONE',  ( -0.6017435546878930896, 3.995498970636512936, 24.09999999999999787 ) ) ;
#113 = FACE_OUTER_BOUND ( 'NONE', #486, .T. ) ;
#114 = VERTEX_POINT ( 'NONE', #744 ) ;
#115 = FACE_OUTER_BOUND ( 'NONE', #702, .T. ) ;
#116 = CLOSED_SHELL ( 'NONE', ( #1219, #821, #1340, #815, #1348, #1290, #837, #1324, #1154, #1095, #73, #1162, #1177, #566, #1308, #904, #613, #81, #395, #1247, #1141, #501, #338, #238, #301, #943 ) ) ;
#117 = EDGE_CURVE ( 'NONE', #498, #784, #536, .T. ) ;
#118 =( BOUNDED_CURVE ( )  B_SPLINE_CURVE ( 3, ( #162, #933, #1094, #1342 ),
 .UNSPECIFIED., .F., .F. ) 
 B_SPLINE_CURVE_WITH_KNOTS ( ( 4, 4 ),
 ( 1.570796326794896558, 1.645684658435244474 ),
 .UNSPECIFIED. ) 
 CURVE ( )  GEOMETRIC_REPRESENTATION_ITEM ( )  RATIONAL_B_SPLINE_CURVE ( ( 1.000000000000000000, 0.9995326994180089297, 0.9995326994180089297, 1.000000000000000000 ) ) 
 REPRESENTATION_ITEM ( '' )  );
#119 = CARTESIAN_POINT ( 'NONE',  ( 27.03994730024448501, 5.196877707974300264, -1.803122292025977291 ) ) ;
#120 = FACE_OUTER_BOUND ( 'NONE', #1267, .T. ) ;
#121 = CYLINDRICAL_SURFACE ( 'NONE', #5, 24.10000000000000142 ) ;
#122 = ORIENTED_EDGE ( 'NONE', *, *, #771, .T. ) ;
#123 = CARTESIAN_POINT ( 'NONE',  ( -23.96471364318798791, 7.000000000000010658, -2.549999999999924327 ) ) ;
#124 = DIRECTION ( 'NONE',  ( -7.406550393246760138E-15, -0.7071067811865512365, -0.7071067811865439090 ) ) ;
#125 = LINE ( 'NONE', #1352, #337 ) ;
#126 = DIRECTION ( 'NONE',  ( -0.000000000000000000, -1.000000000000000000, -0.000000000000000000 ) ) ;
#127 = ORIENTED_EDGE ( 'NONE', *, *, #559, .F. ) ;
#128 = CARTESIAN_POINT ( 'NONE',  ( 2.951398785945121251E-15, 17.00000000000000000, 24.10000000000000142 ) ) ;
#129 = CARTESIAN_POINT ( 'NONE',  ( -2.419880530732331003, 6.178670070267977543, 26.99181902696465229 ) ) ;
#130 = EDGE_CURVE ( 'NONE', #460, #16, #972, .T. ) ;
#131 = CARTESIAN_POINT ( 'NONE',  ( -2.533854675457104300, 7.332072597789131230, -23.96644867330127937 ) ) ;
#132 = CARTESIAN_POINT ( 'NONE',  ( -2.026892624967797651, 8.556380068667952088, 27.02425651764861669 ) ) ;
#133 = ORIENTED_EDGE ( 'NONE', *, *, #797, .F. ) ;
#134 = CARTESIAN_POINT ( 'NONE',  ( -2.026755089722934944, 8.556562436398113647, 24.01480829173589981 ) ) ;
#135 = AXIS2_PLACEMENT_3D ( 'NONE', #669, #965, #554 ) ;
#136 = CARTESIAN_POINT ( 'NONE',  ( -27.05570187516556757, 9.027811816185923988, -1.555072539327939873 ) ) ;
#137 = CARTESIAN_POINT ( 'NONE',  ( 2.951398785945121251E-15, 17.00000000000000000, 24.10000000000000142 ) ) ;
#138 = CARTESIAN_POINT ( 'NONE',  ( 2.550000000000006928, 6.833643127279185769, -26.97976093296603040 ) ) ;
#139 = CARTESIAN_POINT ( 'NONE',  ( 26.97976093296600197, 7.000000000000010658, -2.550000000000290701 ) ) ;
#140 = EDGE_CURVE ( 'NONE', #1130, #551, #430, .T. ) ;
#141 = ORIENTED_EDGE ( 'NONE', *, *, #995, .F. ) ;
#142 = CARTESIAN_POINT ( 'NONE',  ( -1.803122292025694184, 5.196877707974300264, -27.03994730024450277 ) ) ;
#143 = CARTESIAN_POINT ( 'NONE',  ( -27.00294464809459782, 8.129178334488640800, -2.292389823765164536 ) ) ;
#144 = CARTESIAN_POINT ( 'NONE',  ( 2.212111567577554450, 5.720688979975031785, 23.99844052548963802 ) ) ;
#145 = CARTESIAN_POINT ( 'NONE',  ( 2.468456384066518350, 7.661357177610931046, -23.97327269405169048 ) ) ;
#146 = CARTESIAN_POINT ( 'NONE',  ( 26.98736138433304177, 7.661255055735737507, -2.468481914321629223 ) ) ;
#147 = ORIENTED_EDGE ( 'NONE', *, *, #1135, .T. ) ;
#148 = CARTESIAN_POINT ( 'NONE',  ( -26.98134940430191619, 6.664667388005118376, -2.533349093714837075 ) ) ;
#149 = DIRECTION ( 'NONE',  ( -0.7071067811865512365, -0.7071067811865439090, 0.000000000000000000 ) ) ;
#150 = CARTESIAN_POINT ( 'NONE',  ( 1.686137618930215298, 8.920180436449536288, -24.04123198991559107 ) ) ;
#151 = CARTESIAN_POINT ( 'NONE',  ( 27.07021244198113763, 9.213011263706309961, -1.277832947711109002 ) ) ;
#152 = ORIENTED_EDGE ( 'NONE', *, *, #863, .T. ) ;
#153 = CARTESIAN_POINT ( 'NONE',  ( 2.212143128628823785, 5.720743236129967713, 27.00972035571487950 ) ) ;
#154 = CARTESIAN_POINT ( 'NONE',  ( 27.10099999999999909, 7.000000000000010658, -2.838679072919632629E-13 ) ) ;
#155 = CARTESIAN_POINT ( 'NONE',  ( -2.550000000000006928, 6.833643127279185769, 26.97976093296603040 ) ) ;
#156 = VECTOR ( 'NONE', #838, 1000.000000000000000 ) ;
#157 = DIRECTION ( 'NONE',  ( 0.000000000000000000, 0.000000000000000000, 1.000000000000000000 ) ) ;
#158 = DIRECTION ( 'NONE',  ( 1.000000000000000000, 0.000000000000000000, -3.491481338843133355E-15 ) ) ;
#159 = VERTEX_POINT ( 'NONE', #953 ) ;
#160 = CARTESIAN_POINT ( 'NONE',  ( -24.10000048368335257, 9.550004571281958121, 0.1685255806851534977 ) ) ;
#161 = CARTESIAN_POINT ( 'NONE',  ( 26.97976093296605882, 7.000000000000010658, 2.549999999999725375 ) ) ;
#162 = CARTESIAN_POINT ( 'NONE',  ( -24.10000000000000142, 3.393755415948626286, 8.386396214279610652E-14 ) ) ;
#163 = LINE ( 'NONE', #1076, #446 ) ;
#164 = CARTESIAN_POINT ( 'NONE',  ( 24.02352239413099610, 5.315893905258107566, -1.922138489309753284 ) ) ;
#165 = EDGE_LOOP ( 'NONE', ( #884, #1294, #90, #679 ) ) ;
#166 = CARTESIAN_POINT ( 'NONE',  ( -24.06649616134884795, 9.212970414063928359, -1.277899673510518586 ) ) ;
#167 = DIRECTION ( 'NONE',  ( 1.088453945710934391E-14, 0.000000000000000000, 1.000000000000000000 ) ) ;
#168 = CARTESIAN_POINT ( 'NONE',  ( 2.807381233234153746E-16, 3.393755415948626286, -24.10000000000000142 ) ) ;
#169 = CARTESIAN_POINT ( 'NONE',  ( 23.99081489132828793, 8.129253336735722257, -2.292352570067543116 ) ) ;
#170 = EDGE_CURVE ( 'NONE', #1011, #1103, #239, .T. ) ;
#171 = ORIENTED_EDGE ( 'NONE', *, *, #1204, .F. ) ;
#172 = CARTESIAN_POINT ( 'NONE',  ( -24.02358565951704250, 8.684911016860406008, -1.921256582862314932 ) ) ;
#173 = ORIENTED_EDGE ( 'NONE', *, *, #385, .F. ) ;
#174 = DIRECTION ( 'NONE',  ( 1.000000000000000000, 0.000000000000000000, 0.000000000000000000 ) ) ;
#175 = CARTESIAN_POINT ( 'NONE',  ( 0.000000000000000000, 0.000000000000000000, -24.10000000000000142 ) ) ;
#176 = AXIS2_PLACEMENT_3D ( 'NONE', #380, #791, #1206 ) ;
#177 = CARTESIAN_POINT ( 'NONE',  ( 2.468442020951848281, 7.661430879664000493, -26.98736506436791061 ) ) ;
#178 = ORIENTED_EDGE ( 'NONE', *, *, #462, .T. ) ;
#179 = CARTESIAN_POINT ( 'NONE',  ( 2.550000000000007372, 6.833575257027113103, 26.97976093296602684 ) ) ;
#180 = EDGE_CURVE ( 'NONE', #70, #192, #1320, .T. ) ;
#181 = VERTEX_POINT ( 'NONE', #233 ) ;
#182 = CARTESIAN_POINT ( 'NONE',  ( 1.803122292025701512, 5.196877707974308258, -27.10099999999999909 ) ) ;
#183 = CARTESIAN_POINT ( 'NONE',  ( 2.951398785945121251E-15, 0.000000000000000000, 24.10000000000000142 ) ) ;
#184 = EDGE_LOOP ( 'NONE', ( #665, #1022, #903, #186 ) ) ;
#185 = CARTESIAN_POINT ( 'NONE',  ( -1.803122292025701512, 5.196877707974308258, 27.03994730024450277 ) ) ;
#186 = ORIENTED_EDGE ( 'NONE', *, *, #541, .T. ) ;
#187 = DATE_AND_TIME ( #916, #984 ) ;
#188 = EDGE_CURVE ( 'NONE', #853, #587, #1090, .T. ) ;
#189 = CARTESIAN_POINT ( 'NONE',  ( 0.000000000000000000, 7.000000000000010658, 27.10099999999999909 ) ) ;
#190 = EDGE_LOOP ( 'NONE', ( #1091, #1171 ) ) ;
#191 = CARTESIAN_POINT ( 'NONE',  ( 0.1685926327077389986, 9.550000000000020250, 24.10000000000000497 ) ) ;
#192 = VERTEX_POINT ( 'NONE', #683 ) ;
#193 =( BOUNDED_CURVE ( )  B_SPLINE_CURVE ( 3, ( #555, #56, #361, #769 ),
 .UNSPECIFIED., .F., .T. ) 
 B_SPLINE_CURVE_WITH_KNOTS ( ( 4, 4 ),
 ( 1.570796326794896558, 1.645684658435244474 ),
 .UNSPECIFIED. ) 
 CURVE ( )  GEOMETRIC_REPRESENTATION_ITEM ( )  RATIONAL_B_SPLINE_CURVE ( ( 1.000000000000000000, 0.9995326994180089297, 0.9995326994180089297, 1.000000000000000000 ) ) 
 REPRESENTATION_ITEM ( '' )  );
#194 = EDGE_CURVE ( 'NONE', #1213, #460, #780, .T. ) ;
#195 = CARTESIAN_POINT ( 'NONE',  ( 2.468079092775345540, 6.337524220832741584, -23.97331143757181593 ) ) ;
#196 = ORIENTED_EDGE ( 'NONE', *, *, #1259, .T. ) ;
#197 = B_SPLINE_CURVE_WITH_KNOTS ( 'NONE', 3,
 ( #539, #1045, #758, #741, #651, #558, #1167, #969, #552, #854, #236, #640, #870, #747, #1173, #1065, #645, #324 ),
 .UNSPECIFIED., .F., .F.,
 ( 4, 2, 2, 2, 2, 2, 2, 2, 4 ),
 ( 0.001993832379252438551, 0.002492518624828402550, 0.002991204870404366549, 0.003489891115980330114, 0.003988577361556293679, 0.004487263607132257678, 0.004985949852708221677, 0.005484636098284185676, 0.005983322343860150543 ),
 .UNSPECIFIED. ) ;
#198 = CARTESIAN_POINT ( 'NONE',  ( 0.3345272894947545206, 9.533424376149721269, 24.09823017580526994 ) ) ;
#199 = CIRCLE ( 'NONE', #95, 24.10000000000000142 ) ;
#200 = B_SPLINE_CURVE_WITH_KNOTS ( 'NONE', 3,
 ( #661, #464, #470, #1168, #266, #359, #144, #561, #477, #957 ),
 .UNSPECIFIED., .F., .F.,
 ( 4, 2, 2, 2, 4 ),
 ( 0.009974147779698887967, 0.01047264784602700526, 0.01097114791235512254, 0.01146964797868323810, 0.01196814804501135539 ),
 .UNSPECIFIED. ) ;
#201 = ORIENTED_EDGE ( 'NONE', *, *, #898, .T. ) ;
#202 = LINE ( 'NONE', #101, #67 ) ;
#203 = CARTESIAN_POINT ( 'NONE',  ( 24.07747347936130922, 4.596820732654430586, -1.203065316706069865 ) ) ;
#204 = CARTESIAN_POINT ( 'NONE',  ( 1.686130043783471866, 8.920188408645572054, 27.04775124268482500 ) ) ;
#205 = CARTESIAN_POINT ( 'NONE',  ( 2.419486381070426351, 7.822300500594106865, 23.97832698160098275 ) ) ;
#206 = ORIENTED_EDGE ( 'NONE', *, *, #720, .T. ) ;
#207 = CARTESIAN_POINT ( 'NONE',  ( -23.96471364318798791, 7.000000000000010658, -2.549999999999924327 ) ) ;
#208 = COORDINATED_UNIVERSAL_TIME_OFFSET ( 8, 0, .AHEAD. ) ;
#209 = B_SPLINE_CURVE_WITH_KNOTS ( 'NONE', 3,
 ( #983, #1295, #1085, #153, #371, #263, #1092, #1321, #179, #802 ),
 .UNSPECIFIED., .F., .F.,
 ( 4, 2, 2, 2, 4 ),
 ( 0.000000000000000000, 0.0004984580948131096378, 0.0009969161896262192755, 0.001495374284439328913, 0.001993832379252438551 ),
 .UNSPECIFIED. ) ;
#210 = DIRECTION ( 'NONE',  ( 0.7071067811865439090, -0.7071067811865512365, 0.000000000000000000 ) ) ;
#211 = CARTESIAN_POINT ( 'NONE',  ( -1.922138489309501264, 5.315893905258107566, -24.02352239413101742 ) ) ;
#212 = CARTESIAN_POINT ( 'NONE',  ( -1.202859149002596162, 4.596614564951210902, 27.07997503558911490 ) ) ;
#213 = CARTESIAN_POINT ( 'NONE',  ( 0.000000000000000000, 0.000000000000000000, 0.000000000000000000 ) ) ;
#214 = EDGE_CURVE ( 'NONE', #1130, #181, #762, .T. ) ;
#215 = ORIENTED_EDGE ( 'NONE', *, *, #385, .T. ) ;
#216 = CARTESIAN_POINT ( 'NONE',  ( -2.550000000000007372, 6.833575257027113103, -26.97976093296602684 ) ) ;
#217 = CALENDAR_DATE ( 2026, 6, 3 ) ;
#218 = CARTESIAN_POINT ( 'NONE',  ( 27.07997503558912555, 4.596614564951210902, 1.202859149002312389 ) ) ;
#219 = CARTESIAN_POINT ( 'NONE',  ( -27.04774894852457123, 8.920156051400882191, 1.686166508085992888 ) ) ;
#220 = CARTESIAN_POINT ( 'NONE',  ( -2.550000000000007816, 7.000000000000010658, 27.10099999999999909 ) ) ;
#221 = CARTESIAN_POINT ( 'NONE',  ( 0.000000000000000000, 17.00000000000000000, 0.000000000000000000 ) ) ;
#222 = VERTEX_POINT ( 'NONE', #662 ) ;
#223 = CARTESIAN_POINT ( 'NONE',  ( 2.807381233234153746E-16, 3.393755415948626286, -27.10099999999999909 ) ) ;
#224 = AXIS2_PLACEMENT_3D ( 'NONE', #801, #1214, #285 ) ;
#225 = LOCAL_TIME ( 1, 56, 28.00000000000000000, #513 ) ;
#226 = CARTESIAN_POINT ( 'NONE',  ( 0.6017435546878930896, 3.995498970636512936, -24.09999999999999787 ) ) ;
#227 = CARTESIAN_POINT ( 'NONE',  ( 1.131329346483238130, 9.291404001166103654, 27.07681596259937606 ) ) ;
#228 = CARTESIAN_POINT ( 'NONE',  ( -2.550000000000007816, 7.000000000000010658, -27.10099999999999909 ) ) ;
#229 = EDGE_LOOP ( 'NONE', ( #907, #249, #827, #624 ) ) ;
#230 = CARTESIAN_POINT ( 'NONE',  ( -23.96644953009532131, 7.332102118277649794, -2.533846370666931413 ) ) ;
#231 = EDGE_CURVE ( 'NONE', #772, #807, #163, .T. ) ;
#232 = PLANE ( 'NONE',  #764 ) ;
#233 = CARTESIAN_POINT ( 'NONE',  ( 2.550000000000007816, 7.000000000000010658, 23.96471364318798081 ) ) ;
#234 = CARTESIAN_POINT ( 'NONE',  ( 0.000000000000000000, 17.00000000000000000, 0.000000000000000000 ) ) ;
#235 = EDGE_LOOP ( 'NONE', ( #1229, #996, #1335, #314, #1253, #890 ) ) ;
#236 = CARTESIAN_POINT ( 'NONE',  ( -1.554963246894336626, 9.027897024078997745, -27.05570825819614456 ) ) ;
#237 = DIRECTION ( 'NONE',  ( 0.000000000000000000, 1.000000000000000000, 0.000000000000000000 ) ) ;
#238 = ADVANCED_FACE ( 'NONE', ( #562 ), #1185, .F. ) ;
#239 =( BOUNDED_CURVE ( )  B_SPLINE_CURVE ( 3, ( #105, #212, #1164, #20 ),
 .UNSPECIFIED., .F., .T. ) 
 B_SPLINE_CURVE_WITH_KNOTS ( ( 4, 4 ),
 ( 4.645803911747005799, 4.712388980384689674 ),
 .UNSPECIFIED. ) 
 CURVE ( )  GEOMETRIC_REPRESENTATION_ITEM ( )  RATIONAL_B_SPLINE_CURVE ( ( 1.000000000000000000, 0.9996305698442455867, 0.9996305698442455867, 1.000000000000000000 ) ) 
 REPRESENTATION_ITEM ( '' )  );
#240 = CARTESIAN_POINT ( 'NONE',  ( 1.803122292025701512, 5.196877707974308258, -27.03994730024450277 ) ) ;
#241 = CARTESIAN_POINT ( 'NONE',  ( -1.555114272582980739, 9.027779528544183307, 27.05569945135265186 ) ) ;
#242 = EDGE_LOOP ( 'NONE', ( #685, #178, #505, #29 ) ) ;
#243 = CARTESIAN_POINT ( 'NONE',  ( -1.921236145065745582, 8.684934613980049178, 24.02358731201078257 ) ) ;
#244 = VECTOR ( 'NONE', #776, 1000.000000000000000 ) ;
#245 = CARTESIAN_POINT ( 'NONE',  ( -27.00963541812428304, 8.277608882851101413, -2.213216964091076822 ) ) ;
#246 = CYLINDRICAL_SURFACE ( 'NONE', #936, 24.10000000000000142 ) ;
#247 = CARTESIAN_POINT ( 'NONE',  ( 2.292051614356256373, 5.869998215214740078, -27.00297419849441738 ) ) ;
#248 = CARTESIAN_POINT ( 'NONE',  ( -27.10100000000000975, 7.000000000000010658, -2.549999999999913669 ) ) ;
#249 = ORIENTED_EDGE ( 'NONE', *, *, #541, .F. ) ;
#250 = CARTESIAN_POINT ( 'NONE',  ( -26.97976093296604105, 7.000000000000010658, -2.549999999999913669 ) ) ;
#251 = DIRECTION ( 'NONE',  ( -0.000000000000000000, -1.000000000000000000, -0.000000000000000000 ) ) ;
#252 = DIRECTION ( 'NONE',  ( -2.468850131082252327E-15, -0.7071067811865513475, -0.7071067811865437980 ) ) ;
#253 = CARTESIAN_POINT ( 'NONE',  ( -24.03245201805258446, 5.196877707974298488, 1.803122292025775453 ) ) ;
#254 = VERTEX_POINT ( 'NONE', #670 ) ;
#255 = CARTESIAN_POINT ( 'NONE',  ( 23.97829106290433643, 6.178573256754541276, 2.419852708894428606 ) ) ;
#256 = EDGE_CURVE ( 'NONE', #717, #493, #365, .T. ) ;
#257 =( LENGTH_UNIT ( ) NAMED_UNIT ( * ) SI_UNIT ( .MILLI., .METRE. ) );
#258 = B_SPLINE_CURVE_WITH_KNOTS ( 'NONE', 3,
 ( #21, #1063, #334, #433, #1261, #329, #732, #241, #833, #342, #132, #531, #543, #745, #739, #756, #859, #845 ),
 .UNSPECIFIED., .F., .F.,
 ( 4, 2, 2, 2, 2, 2, 2, 2, 4 ),
 ( 0.005983322343860147073, 0.006481986214357840850, 0.006980650084855535495, 0.007479313955353229272, 0.007977977825850923049, 0.008476641696348615959, 0.008975305566846308869, 0.009473969437344003514, 0.009972633307841696423 ),
 .UNSPECIFIED. ) ;
#259 = CARTESIAN_POINT ( 'NONE',  ( 0.000000000000000000, 17.00000000000000000, 0.000000000000000000 ) ) ;
#260 = CARTESIAN_POINT ( 'NONE',  ( 24.04123002369408724, 8.920155787105397138, 1.686165396743298128 ) ) ;
#261 = CARTESIAN_POINT ( 'NONE',  ( 2.550000000000007816, 7.000000000000010658, -23.96471364318797725 ) ) ;
#262 = ORIENTED_EDGE ( 'NONE', *, *, #437, .F. ) ;
#263 = CARTESIAN_POINT ( 'NONE',  ( 2.419881914833953651, 6.178659090441778190, 26.99181898253673495 ) ) ;
#264 =( NAMED_UNIT ( * ) PLANE_ANGLE_UNIT ( ) SI_UNIT ( $, .RADIAN. ) );
#265 = AXIS2_PLACEMENT_3D ( 'NONE', #1303, #237, #768 ) ;
#266 = CARTESIAN_POINT ( 'NONE',  ( 2.419845848845499692, 6.178559333584262347, 23.97829172086357374 ) ) ;
#267 = CC_DESIGN_SECURITY_CLASSIFICATION ( #1111, ( #850 ) ) ;
#268 = B_SPLINE_CURVE_WITH_KNOTS ( 'NONE', 3,
 ( #1087, #155, #575, #1060, #129, #986, #54, #1277, #1037, #512 ),
 .UNSPECIFIED., .F., .F.,
 ( 4, 2, 2, 2, 4 ),
 ( 0.009972633307841696423, 0.01047104103628231607, 0.01096944876472293398, 0.01146785649316355363, 0.01196626422160417327 ),
 .UNSPECIFIED. ) ;
#269 = CARTESIAN_POINT ( 'NONE',  ( 24.08645044687091996, 9.419433416665611958, 0.8226683298825707702 ) ) ;
#270 = CARTESIAN_POINT ( 'NONE',  ( 23.97331121245031582, 6.337519317979825040, -2.468081376899058821 ) ) ;
#271 = ORIENTED_EDGE ( 'NONE', *, *, #1330, .F. ) ;
#272 = CARTESIAN_POINT ( 'NONE',  ( -24.01480682858754534, 8.556539752693002043, -2.026772293627133070 ) ) ;
#273 = CARTESIAN_POINT ( 'NONE',  ( 26.99185123126130392, 7.822226813938057077, 2.419511909791094428 ) ) ;
#274 = DIRECTION ( 'NONE',  ( -0.000000000000000000, -1.000000000000000000, -0.000000000000000000 ) ) ;
#275 = EDGE_CURVE ( 'NONE', #1105, #354, #193, .T. ) ;
#276 = CARTESIAN_POINT ( 'NONE',  ( -27.10100000000000620, 5.196877707974308258, -1.803122292025606921 ) ) ;
#277 = ORIENTED_EDGE ( 'NONE', *, *, #761, .T. ) ;
#278 = DIRECTION ( 'NONE',  ( -4.081702296416004164E-15, 0.000000000000000000, -1.000000000000000000 ) ) ;
#279 = EDGE_LOOP ( 'NONE', ( #122, #968 ) ) ;
#280 = FACE_OUTER_BOUND ( 'NONE', #1036, .T. ) ;
#281 = FACE_OUTER_BOUND ( 'NONE', #397, .T. ) ;
#282 = EDGE_CURVE ( 'NONE', #1073, #1180, #1249, .T. ) ;
#283 = CARTESIAN_POINT ( 'NONE',  ( 2.213232009702034819, 8.277582366239451872, -27.00963417219960760 ) ) ;
#284 = ORIENTED_EDGE ( 'NONE', *, *, #1330, .T. ) ;
#285 = DIRECTION ( 'NONE',  ( 0.000000000000000000, -0.000000000000000000, 1.000000000000000000 ) ) ;
#286 = CARTESIAN_POINT ( 'NONE',  ( -0.6015962603514221074, 3.995351676300042953, -27.10000000000000142 ) ) ;
#287 = VERTEX_POINT ( 'NONE', #183 ) ;
#288 = PLANE ( 'NONE',  #48 ) ;
#289 = AXIS2_PLACEMENT_3D ( 'NONE', #491, #1316, #796 ) ;
#290 = CARTESIAN_POINT ( 'NONE',  ( 23.97327503008672522, 7.661458074560314913, -2.468433902883434339 ) ) ;
#291 = AXIS2_PLACEMENT_3D ( 'NONE', #1279, #522, #348 ) ;
#292 = ORIENTED_EDGE ( 'NONE', *, *, #140, .T. ) ;
#293 = CARTESIAN_POINT ( 'NONE',  ( -0.6017435546878971975, 3.995498970636517377, -24.09999999999999787 ) ) ;
#294 = EDGE_CURVE ( 'NONE', #820, #222, #1331, .T. ) ;
#295 = ORIENTED_EDGE ( 'NONE', *, *, #534, .T. ) ;
#296 = PERSON_AND_ORGANIZATION_ROLE ( 'classification_officer' ) ;
#297 = CYLINDRICAL_SURFACE ( 'NONE', #549, 2.550000000000007816 ) ;
#298 = ORIENTED_EDGE ( 'NONE', *, *, #632, .T. ) ;
#299 = CARTESIAN_POINT ( 'NONE',  ( -26.99181898253673140, 6.178659090441778190, 2.419881914834046022 ) ) ;
#300 = ORIENTED_EDGE ( 'NONE', *, *, #1003, .T. ) ;
#301 = ADVANCED_FACE ( 'NONE', ( #388 ), #591, .F. ) ;
#302 = SHAPE_DEFINITION_REPRESENTATION ( #319, #79 ) ;
#303 = CARTESIAN_POINT ( 'NONE',  ( 0.000000000000000000, 9.550000000000018474, -27.09999999999999787 ) ) ;
#304 = ORIENTED_EDGE ( 'NONE', *, *, #1187, .F. ) ;
#305 = CARTESIAN_POINT ( 'NONE',  ( 27.02420412705693309, 5.444647156939638855, 2.027551728624076510 ) ) ;
#306 = EDGE_LOOP ( 'NONE', ( #1017, #841, #284, #22 ) ) ;
#307 = DIRECTION ( 'NONE',  ( 0.000000000000000000, 1.000000000000000000, 0.000000000000000000 ) ) ;
#308 = APPROVAL_DATE_TIME ( #710, #65 ) ;
#309 = CC_DESIGN_PERSON_AND_ORGANIZATION_ASSIGNMENT ( #420, #1147, ( #667 ) ) ;
#310 = PLANE ( 'NONE',  #786 ) ;
#311 = VECTOR ( 'NONE', #1175, 1000.000000000000000 ) ;
#312 = CARTESIAN_POINT ( 'NONE',  ( 2.550000000000007816, 7.000000000000010658, 26.97976093296602684 ) ) ;
#313 = CARTESIAN_POINT ( 'NONE',  ( 1.921366258508281577, 8.684784775488935793, 24.02357680642408155 ) ) ;
#314 = ORIENTED_EDGE ( 'NONE', *, *, #88, .T. ) ;
#315 = CARTESIAN_POINT ( 'NONE',  ( 0.000000000000000000, 0.000000000000000000, 0.000000000000000000 ) ) ;
#316 = APPLICATION_PROTOCOL_DEFINITION ( 'international standard', 'config_control_design', 1994, #951 ) ;
#317 = CARTESIAN_POINT ( 'NONE',  ( 27.03994730024451698, 5.196877707974308258, 1.803122292025418183 ) ) ;
#318 = EDGE_CURVE ( 'NONE', #1242, #1213, #457, .T. ) ;
#319 = PRODUCT_DEFINITION_SHAPE ( 'NONE', 'NONE',  #667 ) ;
#320 = CARTESIAN_POINT ( 'NONE',  ( -27.10000056426768467, 9.550005996727179536, -0.1684562261744344536 ) ) ;
#321 = CARTESIAN_POINT ( 'NONE',  ( -2.419486381070427239, 7.822300500594106865, -23.97832698160097920 ) ) ;
#322 = CYLINDRICAL_SURFACE ( 'NONE', #787, 27.09999999999999787 ) ;
#323 = ORIENTED_EDGE ( 'NONE', *, *, #753, .T. ) ;
#324 = CARTESIAN_POINT ( 'NONE',  ( 0.000000000000000000, 9.550000000000018474, -27.09999999999999787 ) ) ;
#325 = DATE_TIME_ROLE ( 'creation_date' ) ;
#326 = CARTESIAN_POINT ( 'NONE',  ( -24.03245201805259512, 5.196877707974308258, -1.803122292025617579 ) ) ;
#327 = EDGE_CURVE ( 'NONE', #807, #717, #695, .T. ) ;
#328 = CARTESIAN_POINT ( 'NONE',  ( -2.213230248653141441, 8.277587873394196549, -23.99834082513228850 ) ) ;
#329 = CARTESIAN_POINT ( 'NONE',  ( -1.131516526591537453, 9.291316979128396270, 27.07680851297466162 ) ) ;
#330 = VERTEX_POINT ( 'NONE', #1019 ) ;
#331 = CARTESIAN_POINT ( 'NONE',  ( -2.533326232264189848, 6.664528103750765098, -26.98135154056265606 ) ) ;
#332 = B_SPLINE_CURVE_WITH_KNOTS ( 'NONE', 3,
 ( #1221, #902, #1228, #417, #1232, #299, #390, #1108, #726, #398 ),
 .UNSPECIFIED., .F., .F.,
 ( 4, 2, 2, 2, 4 ),
 ( 0.000000000000000000, 0.0004984580948131096378, 0.0009969161896262192755, 0.001495374284439328913, 0.001993832379252438551 ),
 .UNSPECIFIED. ) ;
#333 = DIRECTION ( 'NONE',  ( -0.000000000000000000, -0.000000000000000000, 1.000000000000000000 ) ) ;
#334 = CARTESIAN_POINT ( 'NONE',  ( -0.3345050127747712376, 9.533425772376592278, 27.09842620505770583 ) ) ;
#335 = EDGE_LOOP ( 'NONE', ( #698, #292, #1009, #1227, #152, #876 ) ) ;
#336 = CARTESIAN_POINT ( 'NONE',  ( -23.96471364318798436, 7.166520163892927009, -2.549999999999924327 ) ) ;
#337 = VECTOR ( 'NONE', #333, 1000.000000000000000 ) ;
#338 = ADVANCED_FACE ( 'NONE', ( #1226 ), #297, .F. ) ;
#339 = CARTESIAN_POINT ( 'NONE',  ( -1.181932107183989297E-14, 9.550000000000018474, 24.10000000000000142 ) ) ;
#340 =( BOUNDED_CURVE ( )  B_SPLINE_CURVE ( 3, ( #1339, #1021, #293, #819 ),
 .UNSPECIFIED., .F., .F. ) 
 B_SPLINE_CURVE_WITH_KNOTS ( ( 4, 4 ),
 ( 4.637500648744341980, 4.712388980384689674 ),
 .UNSPECIFIED. ) 
 CURVE ( )  GEOMETRIC_REPRESENTATION_ITEM ( )  RATIONAL_B_SPLINE_CURVE ( ( 1.000000000000000000, 0.9995326994180089297, 0.9995326994180089297, 1.000000000000000000 ) ) 
 REPRESENTATION_ITEM ( '' )  );
#341 = CARTESIAN_POINT ( 'NONE',  ( 1.554963246894338624, 9.027897024078995969, 27.05570825819614456 ) ) ;
#342 = CARTESIAN_POINT ( 'NONE',  ( -1.921388482001839870, 8.684763004291285782, 27.03205776340162458 ) ) ;
#343 = VERTEX_POINT ( 'NONE', #917 ) ;
#344 = CARTESIAN_POINT ( 'NONE',  ( -0.3343774066072576212, 9.533443857421207923, 24.09823223831615735 ) ) ;
#345 = EDGE_CURVE ( 'NONE', #222, #727, #1066, .T. ) ;
#346 = CARTESIAN_POINT ( 'NONE',  ( -1.803122292025691520, 5.196877707974298488, -27.10099999999999909 ) ) ;
#347 = CARTESIAN_POINT ( 'NONE',  ( 0.000000000000000000, 17.00000000000000000, 0.000000000000000000 ) ) ;
#348 = DIRECTION ( 'NONE',  ( -0.7071067811865513475, 0.7071067811865437980, 0.000000000000000000 ) ) ;
#349 = ORIENTED_EDGE ( 'NONE', *, *, #653, .T. ) ;
#350 = CARTESIAN_POINT ( 'NONE',  ( -1.922164493440567057, 5.315919909389172915, -27.03200913214530487 ) ) ;
#351 = CARTESIAN_POINT ( 'NONE',  ( 27.10099999999998133, 5.196877707974298488, -1.803122292025975293 ) ) ;
#352 = CARTESIAN_POINT ( 'NONE',  ( 1.554985257629198925, 9.027877548057125168, -24.05018268000051762 ) ) ;
#353 = LINE ( 'NONE', #248, #573 ) ;
#354 = VERTEX_POINT ( 'NONE', #1148 ) ;
#355 = CARTESIAN_POINT ( 'NONE',  ( -24.09149707043792787, 9.468556678020776829, -0.6605853821839231532 ) ) ;
#356 = CIRCLE ( 'NONE', #1269, 27.09999999999999787 ) ;
#357 = APPROVAL_PERSON_ORGANIZATION ( #836, #65, #1235 ) ;
#358 = CARTESIAN_POINT ( 'NONE',  ( -2.212111567577554450, 5.720688979975031785, -23.99844052548963802 ) ) ;
#359 = CARTESIAN_POINT ( 'NONE',  ( 2.291965632912016826, 5.869817608451388224, 23.99085286771939352 ) ) ;
#360 = EDGE_CURVE ( 'NONE', #564, #557, #668, .T. ) ;
#361 = CARTESIAN_POINT ( 'NONE',  ( 24.07747347936133409, 4.596820732654428809, 1.203065316705563825 ) ) ;
#362 = FACE_OUTER_BOUND ( 'NONE', #242, .T. ) ;
#363 = ORIENTED_EDGE ( 'NONE', *, *, #583, .F. ) ;
#364 = CARTESIAN_POINT ( 'NONE',  ( -23.99834723524127966, 8.277708499835355838, -2.213161295833773856 ) ) ;
#365 = B_SPLINE_CURVE_WITH_KNOTS ( 'NONE', 3,
 ( #1169, #138, #585, #465, #478, #247, #987, #994, #979, #240 ),
 .UNSPECIFIED., .F., .F.,
 ( 4, 2, 2, 2, 4 ),
 ( 0.009972633307841696423, 0.01047104103628231607, 0.01096944876472293398, 0.01146785649316355363, 0.01196626422160417327 ),
 .UNSPECIFIED. ) ;
#366 = LINE ( 'NONE', #182, #469 ) ;
#367 = LINE ( 'NONE', #346, #89 ) ;
#368 = CARTESIAN_POINT ( 'NONE',  ( 24.02358565951705671, 8.684911016860406008, 1.921256582862147289 ) ) ;
#369 = CARTESIAN_POINT ( 'NONE',  ( 0.000000000000000000, 17.00000000000000000, 0.000000000000000000 ) ) ;
#370 = ORIENTED_EDGE ( 'NONE', *, *, #912, .T. ) ;
#371 = CARTESIAN_POINT ( 'NONE',  ( 2.291986228393601444, 5.869854655228616380, 27.00297982809721375 ) ) ;
#372 = CARTESIAN_POINT ( 'NONE',  ( 0.000000000000000000, 7.000000000000010658, 27.10099999999999909 ) ) ;
#373 = CARTESIAN_POINT ( 'NONE',  ( 0.000000000000000000, 17.00000000000000000, -24.10000000000000142 ) ) ;
#374 = CARTESIAN_POINT ( 'NONE',  ( 0.1685983956333896583, 9.550000000000018474, -24.10000000000000853 ) ) ;
#375 = CARTESIAN_POINT ( 'NONE',  ( 24.01474050373144209, 5.444606001022696873, -2.027516653769867894 ) ) ;
#376 = EDGE_LOOP ( 'NONE', ( #714, #579, #1029, #650, #511 ) ) ;
#377 = CARTESIAN_POINT ( 'NONE',  ( -24.08645044687089865, 9.419433416665604852, -0.8226683298827383028 ) ) ;
#378 = FACE_OUTER_BOUND ( 'NONE', #1126, .T. ) ;
#379 = DIRECTION ( 'NONE',  ( 0.000000000000000000, 0.000000000000000000, -1.000000000000000000 ) ) ;
#380 = CARTESIAN_POINT ( 'NONE',  ( -27.10099999999999909, 3.393755415948626286, 9.434189764066434486E-14 ) ) ;
#381 = CARTESIAN_POINT ( 'NONE',  ( 26.99181898253671008, 6.178659090441778190, -2.419881914834235204 ) ) ;
#382 = CARTESIAN_POINT ( 'NONE',  ( -23.99081964631000474, 8.129358811468893720, -2.292303342255677112 ) ) ;
#383 = B_SPLINE_CURVE_WITH_KNOTS ( 'NONE', 3,
 ( #142, #350, #949, #1268, #1146, #17, #1281, #331, #216, #631 ),
 .UNSPECIFIED., .F., .F.,
 ( 4, 2, 2, 2, 4 ),
 ( 0.000000000000000000, 0.0004984580948131096378, 0.0009969161896262192755, 0.001495374284439328913, 0.001993832379252438551 ),
 .UNSPECIFIED. ) ;
#384 = CARTESIAN_POINT ( 'NONE',  ( -1.803122292025701512, 5.196877707974308258, 27.10099999999999909 ) ) ;
#385 = EDGE_CURVE ( 'NONE', #254, #1105, #18, .T. ) ;
#386 = DIRECTION ( 'NONE',  ( 1.000000000000000000, 0.000000000000000000, 0.000000000000000000 ) ) ;
#387 = UNCERTAINTY_MEASURE_WITH_UNIT (LENGTH_MEASURE( 1.000000000000000082E-05 ), #257, 'distance_accuracy_value', 'NONE');
#388 = FACE_OUTER_BOUND ( 'NONE', #1, .T. ) ;
#389 = ORIENTED_EDGE ( 'NONE', *, *, #977, .T. ) ;
#390 = CARTESIAN_POINT ( 'NONE',  ( -26.98739624036348062, 6.337605652095742670, 2.468099860239833632 ) ) ;
#391 = EDGE_LOOP ( 'NONE', ( #869, #672, #1286, #989, #1233, #1274, #277, #570, #1322, #706, #813, #915 ) ) ;
#392 = CARTESIAN_POINT ( 'NONE',  ( 26.98130143908281298, 7.332033493772077470, 2.533861061613872145 ) ) ;
#393 = B_SPLINE_CURVE_WITH_KNOTS ( 'NONE', 3,
 ( #466, #1179, #980, #270, #50, #1077, #1193, #375, #164, #1293 ),
 .UNSPECIFIED., .F., .F.,
 ( 4, 2, 2, 2, 4 ),
 ( 0.009974147779698887967, 0.01047264784602700526, 0.01097114791235512254, 0.01146964797868323810, 0.01196814804501135539 ),
 .UNSPECIFIED. ) ;
#394 = CARTESIAN_POINT ( 'NONE',  ( 0.1685442100887846739, 9.550000000000022027, -27.10000000000000142 ) ) ;
#395 = ADVANCED_FACE ( 'NONE', ( #7 ), #310, .F. ) ;
#396 = B_SPLINE_CURVE_WITH_KNOTS ( 'NONE', 3,
 ( #1314, #71, #793, #475, #1189, #255, #494, #52, #468, #990 ),
 .UNSPECIFIED., .F., .F.,
 ( 4, 2, 2, 2, 4 ),
 ( 0.000000000000000000, 0.0004985359646017723011, 0.0009970719292035446022, 0.001495607893805317012, 0.001994143858407089204 ),
 .UNSPECIFIED. ) ;
#397 = EDGE_LOOP ( 'NONE', ( #201, #147, #594, #846 ) ) ;
#398 = CARTESIAN_POINT ( 'NONE',  ( -26.97976093296601974, 7.000000000000010658, 2.550000000000101963 ) ) ;
#399 = ORIENTED_EDGE ( 'NONE', *, *, #47, .T. ) ;
#400 = DIRECTION ( 'NONE',  ( 0.000000000000000000, 0.000000000000000000, 1.000000000000000000 ) ) ;
#401 =( BOUNDED_CURVE ( )  B_SPLINE_CURVE ( 3, ( #1343, #723, #1157, #119 ),
 .UNSPECIFIED., .F., .T. ) 
 B_SPLINE_CURVE_WITH_KNOTS ( ( 4, 4 ),
 ( 1.570796326794896780, 1.637381395432580655 ),
 .UNSPECIFIED. ) 
 CURVE ( )  GEOMETRIC_REPRESENTATION_ITEM ( )  RATIONAL_B_SPLINE_CURVE ( ( 1.000000000000000000, 0.9996305698442455867, 0.9996305698442455867, 1.000000000000000000 ) ) 
 REPRESENTATION_ITEM ( '' )  );
#402 = CARTESIAN_POINT ( 'NONE',  ( 2.550000000000007816, 7.000000000000010658, -26.97976093296603040 ) ) ;
#403 = CC_DESIGN_APPROVAL ( #789, ( #1111 ) ) ;
#404 = EDGE_CURVE ( 'NONE', #1115, #330, #445, .T. ) ;
#405 = VERTEX_POINT ( 'NONE', #339 ) ;
#406 = CARTESIAN_POINT ( 'NONE',  ( 2.550000000000007816, 7.000000000000010658, 23.96471364318798081 ) ) ;
#407 = ORIENTED_EDGE ( 'NONE', *, *, #1061, .T. ) ;
#408 = APPROVAL_DATE_TIME ( #526, #789 ) ;
#409 = CARTESIAN_POINT ( 'NONE',  ( 23.97832743196725502, 7.822314041703666732, -2.419481973654913798 ) ) ;
#410 = ORIENTED_EDGE ( 'NONE', *, *, #180, .F. ) ;
#411 = CARTESIAN_POINT ( 'NONE',  ( -26.97976093296604105, 7.000000000000010658, -2.549999999999913669 ) ) ;
#412 = EDGE_LOOP ( 'NONE', ( #608, #407, #206, #418 ) ) ;
#413 = CARTESIAN_POINT ( 'NONE',  ( 2.550000000000007816, 7.000000000000010658, -26.97976093296603040 ) ) ;
#414 = PERSON_AND_ORGANIZATION ( #879, #722 ) ;
#415 = CARTESIAN_POINT ( 'NONE',  ( -23.99844135672790557, 5.720674619725303778, -2.212102238881898497 ) ) ;
#416 = CARTESIAN_POINT ( 'NONE',  ( -26.98130237211302784, 7.332056404149452256, 2.533850775900479135 ) ) ;
#417 = CARTESIAN_POINT ( 'NONE',  ( -27.00972035571487240, 5.720743236129967713, 2.212143128628918376 ) ) ;
#418 = ORIENTED_EDGE ( 'NONE', *, *, #935, .T. ) ;
#419 = CYLINDRICAL_SURFACE ( 'NONE', #1155, 2.550000000000007816 ) ;
#420 = PERSON_AND_ORGANIZATION ( #879, #722 ) ;
#421 = CARTESIAN_POINT ( 'NONE',  ( -2.807381233234153746E-16, 3.393755415948626286, 27.10099999999999909 ) ) ;
#422 = VECTOR ( 'NONE', #1289, 1000.000000000000000 ) ;
#423 = CARTESIAN_POINT ( 'NONE',  ( -27.09244027376690411, 9.468575084817372201, 0.6605140470604513592 ) ) ;
#424 = CARTESIAN_POINT ( 'NONE',  ( 2.533850058524773630, 7.332063833051001289, 26.98130244129369260 ) ) ;
#425 = FACE_BOUND ( 'NONE', #279, .T. ) ;
#426 = ORIENTED_EDGE ( 'NONE', *, *, #1118, .F. ) ;
#427 = DIRECTION ( 'NONE',  ( 0.000000000000000000, 0.000000000000000000, 1.000000000000000000 ) ) ;
#428 = EDGE_CURVE ( 'NONE', #557, #58, #401, .T. ) ;
#429 = CARTESIAN_POINT ( 'NONE',  ( -23.97331143757182659, 6.337524220832742472, -2.468079092775262495 ) ) ;
#430 = B_SPLINE_CURVE_WITH_KNOTS ( 'NONE', 3,
 ( #312, #1041, #424, #738, #1272, #14, #443, #1265, #1136, #204, #341, #622, #227, #438, #642, #844, #1056, #749 ),
 .UNSPECIFIED., .F., .F.,
 ( 4, 2, 2, 2, 2, 2, 2, 2, 4 ),
 ( 0.001993832379252438551, 0.002492518624828402116, 0.002991204870404365682, 0.003489891115980329247, 0.003988577361556292812, 0.004487263607132255944, 0.004985949852708219943, 0.005484636098284183942, 0.005983322343860147073 ),
 .UNSPECIFIED. ) ;
#431 = CARTESIAN_POINT ( 'NONE',  ( 0.6015962603514228846, 3.995351676300042953, -27.10000000000000142 ) ) ;
#432 = CARTESIAN_POINT ( 'NONE',  ( -1.131584413359588037, 9.291282118323772821, -24.07391550795212964 ) ) ;
#433 = CARTESIAN_POINT ( 'NONE',  ( -0.6606180542931603394, 9.468546846639798176, 27.09243769358658938 ) ) ;
#434 = VERTEX_POINT ( 'NONE', #1049 ) ;
#435 = DIRECTION ( 'NONE',  ( -0.7071067811865439090, -0.7071067811865512365, 0.000000000000000000 ) ) ;
#436 = CARTESIAN_POINT ( 'NONE',  ( 1.803122292025691520, 5.196877707974298488, 24.03245201805259157 ) ) ;
#437 = EDGE_CURVE ( 'NONE', #114, #1180, #950, .T. ) ;
#438 = CARTESIAN_POINT ( 'NONE',  ( 0.8225398124418575874, 9.419476522664011142, 27.08795483272295357 ) ) ;
#439 = CARTESIAN_POINT ( 'NONE',  ( -27.09999999999999787, 3.393755415948626286, 9.433840615932549397E-14 ) ) ;
#440 = ORIENTED_EDGE ( 'NONE', *, *, #1013, .T. ) ;
#441 = CARTESIAN_POINT ( 'NONE',  ( -1.554985257629197370, 9.027877548057126944, 24.05018268000051762 ) ) ;
#442 = CARTESIAN_POINT ( 'NONE',  ( 1.803122292025701512, 5.196877707974308258, -24.03245201805259157 ) ) ;
#443 = CARTESIAN_POINT ( 'NONE',  ( 2.213210147202711475, 8.277628828472368028, 27.00963611188874935 ) ) ;
#444 = CARTESIAN_POINT ( 'NONE',  ( -23.96471364318795949, 6.833602086851735535, 2.550000000000092193 ) ) ;
#445 =( BOUNDED_CURVE ( )  B_SPLINE_CURVE ( 3, ( #646, #514, #1140, #730 ),
 .UNSPECIFIED., .F., .F. ) 
 B_SPLINE_CURVE_WITH_KNOTS ( ( 4, 4 ),
 ( 1.570796326794896780, 1.637381395432580655 ),
 .UNSPECIFIED. ) 
 CURVE ( )  GEOMETRIC_REPRESENTATION_ITEM ( )  RATIONAL_B_SPLINE_CURVE ( ( 1.000000000000000000, 0.9996305698442455867, 0.9996305698442455867, 1.000000000000000000 ) ) 
 REPRESENTATION_ITEM ( '' )  );
#446 = VECTOR ( 'NONE', #1278, 1000.000000000000000 ) ;
#447 = ORIENTED_EDGE ( 'NONE', *, *, #1003, .F. ) ;
#448 = CARTESIAN_POINT ( 'NONE',  ( -1.131423192032041447, 9.291358523639322797, 24.07392284596990706 ) ) ;
#449 = LINE ( 'NONE', #373, #1176 ) ;
#450 = CARTESIAN_POINT ( 'NONE',  ( 27.10099999999999909, 3.393755415948626286, -2.835871691686398619E-13 ) ) ;
#451 = CARTESIAN_POINT ( 'NONE',  ( -23.96650325215422939, 6.664577429840699452, 2.533337331756825517 ) ) ;
#452 = PRODUCT ( 'prop jig', 'prop jig', '', ( #519 ) ) ;
#453 = ORIENTED_EDGE ( 'NONE', *, *, #345, .T. ) ;
#454 = CARTESIAN_POINT ( 'NONE',  ( -24.07747347936131632, 4.596820732654430586, 1.203065316705901555 ) ) ;
#455 = CARTESIAN_POINT ( 'NONE',  ( -27.03205969121958319, 8.684793983473529266, -1.921361655042391536 ) ) ;
#456 = DIRECTION ( 'NONE',  ( -0.000000000000000000, -1.000000000000000000, -0.000000000000000000 ) ) ;
#457 = B_SPLINE_CURVE_WITH_KNOTS ( 'NONE', 3,
 ( #1325, #1120, #689, #1000, #597, #705, #195, #817, #602, #1008 ),
 .UNSPECIFIED., .F., .F.,
 ( 4, 2, 2, 2, 4 ),
 ( 0.000000000000000000, 0.0004985359646017723011, 0.0009970719292035446022, 0.001495607893805317012, 0.001994143858407089204 ),
 .UNSPECIFIED. ) ;
#458 = CARTESIAN_POINT ( 'NONE',  ( 1.131423192032044778, 9.291358523639319245, -24.07392284596990706 ) ) ;
#459 = CARTESIAN_POINT ( 'NONE',  ( 27.04774423302072961, 8.920090547863766872, 1.686242468988218945 ) ) ;
#460 = VERTEX_POINT ( 'NONE', #944 ) ;
#461 = CARTESIAN_POINT ( 'NONE',  ( -1.686137618930213966, 8.920180436449541617, 24.04123198991559107 ) ) ;
#462 = EDGE_CURVE ( 'NONE', #94, #343, #922, .T. ) ;
#463 = CARTESIAN_POINT ( 'NONE',  ( -2.533337331756742028, 6.664577429840699452, -23.96650325215424004 ) ) ;
#464 = CARTESIAN_POINT ( 'NONE',  ( 2.550000000000007816, 6.833602086851735535, 23.96471364318797725 ) ) ;
#465 = CARTESIAN_POINT ( 'NONE',  ( 2.468105910641673173, 6.337611288479942040, -26.98739569727883847 ) ) ;
#466 = CARTESIAN_POINT ( 'NONE',  ( 23.96471364318794883, 7.000000000000010658, -2.550000000000259170 ) ) ;
#467 = EDGE_LOOP ( 'NONE', ( #709, #523, #982, #1319, #51 ) ) ;
#468 = CARTESIAN_POINT ( 'NONE',  ( 23.96471364318800568, 6.833551378970134316, 2.549999999999756906 ) ) ;
#469 = VECTOR ( 'NONE', #991, 1000.000000000000000 ) ;
#470 = CARTESIAN_POINT ( 'NONE',  ( 2.533337331756742028, 6.664577429840699452, 23.96650325215424004 ) ) ;
#471 = EDGE_CURVE ( 'NONE', #1005, #70, #110, .T. ) ;
#472 = CARTESIAN_POINT ( 'NONE',  ( 23.96644953009534618, 7.332102118277650682, 2.533846370666763548 ) ) ;
#473 = CARTESIAN_POINT ( 'NONE',  ( 26.99185230119347523, 7.822266689058209543, -2.419500385316601498 ) ) ;
#474 = ORIENTED_EDGE ( 'NONE', *, *, #697, .T. ) ;
#475 = CARTESIAN_POINT ( 'NONE',  ( 23.99844135672792333, 5.720674619725303778, 2.212102238881731520 ) ) ;
#476 = CARTESIAN_POINT ( 'NONE',  ( -27.03994730024450632, 5.196877707974308258, -1.803122292025607143 ) ) ;
#477 = CARTESIAN_POINT ( 'NONE',  ( 1.922138489309501264, 5.315893905258107566, 24.02352239413101742 ) ) ;
#478 = CARTESIAN_POINT ( 'NONE',  ( 2.419880530732331003, 6.178670070267977543, -26.99181902696465229 ) ) ;
#479 = CARTESIAN_POINT ( 'NONE',  ( 27.10000056426769177, 9.550005996727179536, 0.1684562261742450218 ) ) ;
#480 = EDGE_CURVE ( 'NONE', #818, #1242, #716, .T. ) ;
#481 = ORIENTED_EDGE ( 'NONE', *, *, #1035, .F. ) ;
#482 = CARTESIAN_POINT ( 'NONE',  ( -24.07392078764383925, 9.291336949874622775, -1.131466402863780418 ) ) ;
#483 = CYLINDRICAL_SURFACE ( 'NONE', #1224, 2.550000000000007816 ) ;
#484 = DIRECTION ( 'NONE',  ( 0.000000000000000000, 0.000000000000000000, 1.000000000000000000 ) ) ;
#485 = CARTESIAN_POINT ( 'NONE',  ( 24.08645131797932848, 9.419442645951086490, -0.8226514447497637050 ) ) ;
#486 = EDGE_LOOP ( 'NONE', ( #913, #1341 ) ) ;
#487 = CARTESIAN_POINT ( 'NONE',  ( -24.09149590371788818, 9.468545347307447457, 0.6606302734615425720 ) ) ;
#488 = EDGE_CURVE ( 'NONE', #778, #1300, #928, .T. ) ;
#489 =( NAMED_UNIT ( * ) SI_UNIT ( $, .STERADIAN. ) SOLID_ANGLE_UNIT ( ) );
#490 = AXIS2_PLACEMENT_3D ( 'NONE', #1234, #307, #1030 ) ;
#491 = CARTESIAN_POINT ( 'NONE',  ( -27.10099999999999909, 7.000000000000010658, 9.462263576398775851E-14 ) ) ;
#492 = CARTESIAN_POINT ( 'NONE',  ( 1.131516526591538341, 9.291316979128390940, -27.07680851297466162 ) ) ;
#493 = VERTEX_POINT ( 'NONE', #1350 ) ;
#494 = CARTESIAN_POINT ( 'NONE',  ( 23.97331143757184435, 6.337524220832742472, 2.468079092775095074 ) ) ;
#495 = ORIENTED_EDGE ( 'NONE', *, *, #130, .F. ) ;
#496 = CC_DESIGN_PERSON_AND_ORGANIZATION_ASSIGNMENT ( #1329, #1256, ( #850 ) ) ;
#497 = CARTESIAN_POINT ( 'NONE',  ( 2.533861778479330695, 7.332026063638832802, -26.98130136994559791 ) ) ;
#498 = VERTEX_POINT ( 'NONE', #1271 ) ;
#499 = DIRECTION ( 'NONE',  ( 0.000000000000000000, 1.000000000000000000, 0.000000000000000000 ) ) ;
#500 = SECURITY_CLASSIFICATION_LEVEL ( 'unclassified' ) ;
#501 = ADVANCED_FACE ( 'NONE', ( #1163 ), #232, .F. ) ;
#502 = CARTESIAN_POINT ( 'NONE',  ( 2.550000000000007372, 7.166442366964116850, -26.97976093296603040 ) ) ;
#503 = ORIENTED_EDGE ( 'NONE', *, *, #952, .T. ) ;
#504 = CARTESIAN_POINT ( 'NONE',  ( 1.686308362024394158, 8.920029204783102017, 24.04121991458956131 ) ) ;
#505 = ORIENTED_EDGE ( 'NONE', *, *, #1118, .T. ) ;
#506 = APPROVAL_ROLE ( '' ) ;
#507 = VECTOR ( 'NONE', #103, 1000.000000000000000 ) ;
#508 = CARTESIAN_POINT ( 'NONE',  ( 24.07391756695491480, 9.291303699687054163, -1.131541193415530167 ) ) ;
#509 = ORIENTED_EDGE ( 'NONE', *, *, #805, .T. ) ;
#510 = CARTESIAN_POINT ( 'NONE',  ( 27.00297419849444225, 5.869998215214740966, 2.292051614355973044 ) ) ;
#511 = ORIENTED_EDGE ( 'NONE', *, *, #1054, .F. ) ;
#512 = CARTESIAN_POINT ( 'NONE',  ( -1.803122292025701512, 5.196877707974308258, 27.03994730024450277 ) ) ;
#513 = COORDINATED_UNIVERSAL_TIME_OFFSET ( 8, 0, .AHEAD. ) ;
#514 = CARTESIAN_POINT ( 'NONE',  ( -27.09999999999999787, 3.995351676300042953, 0.6015962603515166984 ) ) ;
#515 = CARTESIAN_POINT ( 'NONE',  ( 2.533854675457103411, 7.332072597789132118, 23.96644867330128648 ) ) ;
#516 = EDGE_CURVE ( 'NONE', #58, #254, #872, .T. ) ;
#517 = ORIENTED_EDGE ( 'NONE', *, *, #516, .F. ) ;
#518 = LINE ( 'NONE', #927, #1004 ) ;
#519 = MECHANICAL_CONTEXT ( 'NONE', #951, 'mechanical' ) ;
#520 = CARTESIAN_POINT ( 'NONE',  ( 26.97976093296600197, 7.000000000000010658, -2.550000000000290701 ) ) ;
#521 = CARTESIAN_POINT ( 'NONE',  ( -1.921366258508280467, 8.684784775488937569, -24.02357680642408511 ) ) ;
#522 = DIRECTION ( 'NONE',  ( -0.7071067811865437980, -0.7071067811865513475, 0.000000000000000000 ) ) ;
#523 = ORIENTED_EDGE ( 'NONE', *, *, #360, .F. ) ;
#524 = EDGE_CURVE ( 'NONE', #587, #460, #567, .T. ) ;
#525 = CARTESIAN_POINT ( 'NONE',  ( -2.468079092775345540, 6.337524220832741584, 23.97331143757181593 ) ) ;
#526 = DATE_AND_TIME ( #109, #1291 ) ;
#527 = CARTESIAN_POINT ( 'NONE',  ( 27.10099999999997067, 7.000000000000010658, -2.550000000000292033 ) ) ;
#528 = AXIS2_PLACEMENT_3D ( 'NONE', #835, #379, #1100 ) ;
#529 = CARTESIAN_POINT ( 'NONE',  ( -27.09842771483168278, 9.533441844154323164, 0.3343862707007400625 ) ) ;
#530 = CARTESIAN_POINT ( 'NONE',  ( -1.203065316705815624, 4.596820732654428809, 24.07747347936132343 ) ) ;
#531 = CARTESIAN_POINT ( 'NONE',  ( -2.213232009702034375, 8.277582366239458977, 27.00963417219960760 ) ) ;
#532 = ORIENTED_EDGE ( 'NONE', *, *, #516, .T. ) ;
#533 = CARTESIAN_POINT ( 'NONE',  ( -0.8226165422884892386, 9.419451249286890260, 24.08645224306670229 ) ) ;
#534 = EDGE_CURVE ( 'NONE', #434, #772, #811, .T. ) ;
#535 = CARTESIAN_POINT ( 'NONE',  ( 27.10099999999999909, 3.393755415948626286, -2.835871691686398619E-13 ) ) ;
#536 = LINE ( 'NONE', #220, #1222 ) ;
#537 = DIRECTION ( 'NONE',  ( -0.000000000000000000, -1.000000000000000000, -0.000000000000000000 ) ) ;
#538 = ORIENTED_EDGE ( 'NONE', *, *, #576, .F. ) ;
#539 = CARTESIAN_POINT ( 'NONE',  ( -2.550000000000007816, 7.000000000000010658, -26.97976093296602684 ) ) ;
#540 = CARTESIAN_POINT ( 'NONE',  ( 1.203065316705815624, 4.596820732654428809, -24.07747347936132343 ) ) ;
#541 = EDGE_CURVE ( 'NONE', #1103, #70, #1296, .T. ) ;
#542 = CARTESIAN_POINT ( 'NONE',  ( -2.468436710778358911, 7.661446847010374483, -23.97327473940934084 ) ) ;
#543 = CARTESIAN_POINT ( 'NONE',  ( -2.292401151355443201, 8.129154789281242799, 27.00294367987694955 ) ) ;
#544 = ORIENTED_EDGE ( 'NONE', *, *, #1204, .T. ) ;
#545 = CARTESIAN_POINT ( 'NONE',  ( -23.97832858301028836, 7.822353730505745339, -2.419471074404945909 ) ) ;
#546 = DIRECTION ( 'NONE',  ( -0.000000000000000000, -1.000000000000000000, -0.000000000000000000 ) ) ;
#547 = CARTESIAN_POINT ( 'NONE',  ( -2.026867409630265016, 8.556414922691203628, -24.01479874986551977 ) ) ;
#548 = DIRECTION ( 'NONE',  ( -0.000000000000000000, -0.000000000000000000, 1.000000000000000000 ) ) ;
#549 = AXIS2_PLACEMENT_3D ( 'NONE', #189, #711, #87 ) ;
#550 = CC_DESIGN_PERSON_AND_ORGANIZATION_ASSIGNMENT ( #414, #735, ( #452 ) ) ;
#551 = VERTEX_POINT ( 'NONE', #978 ) ;
#552 = CARTESIAN_POINT ( 'NONE',  ( -1.921249731733717603, 8.684920626486359652, -27.03206764713015886 ) ) ;
#553 = CARTESIAN_POINT ( 'NONE',  ( -27.04774423302071895, 8.920090547863766872, -1.686242468988408127 ) ) ;
#554 = DIRECTION ( 'NONE',  ( 1.000000000000000000, 0.000000000000000000, 0.000000000000000000 ) ) ;
#555 = CARTESIAN_POINT ( 'NONE',  ( 24.10000000000000142, 3.393755415948626286, -2.521533626750350964E-13 ) ) ;
#556 = CARTESIAN_POINT ( 'NONE',  ( 27.07020776994495748, 9.212954023926720026, 1.277930300298576238 ) ) ;
#557 = VERTEX_POINT ( 'NONE', #1068 ) ;
#558 = CARTESIAN_POINT ( 'NONE',  ( -2.292335862787053813, 8.129292766169635698, -27.00294927245828092 ) ) ;
#559 = EDGE_CURVE ( 'NONE', #1103, #1001, #1075, .T. ) ;
#560 = CARTESIAN_POINT ( 'NONE',  ( 2.807381233234153746E-16, 3.393755415948626286, -27.09999999999999787 ) ) ;
#561 = CARTESIAN_POINT ( 'NONE',  ( 2.027516653769615651, 5.444606001022696873, 24.01474050373147051 ) ) ;
#562 = FACE_OUTER_BOUND ( 'NONE', #165, .T. ) ;
#563 = CYLINDRICAL_SURFACE ( 'NONE', #1070, 27.09999999999999787 ) ;
#564 = VERTEX_POINT ( 'NONE', #971 ) ;
#565 = CARTESIAN_POINT ( 'NONE',  ( -26.99181902696465940, 6.178670070267978431, -2.419880530732236412 ) ) ;
#566 = ADVANCED_FACE ( 'NONE', ( #1283, #33 ), #246, .F. ) ;
#567 = LINE ( 'NONE', #857, #46 ) ;
#568 = CARTESIAN_POINT ( 'NONE',  ( -27.10099999999999909, 3.393755415948626286, 9.434189764066434486E-14 ) ) ;
#569 = CARTESIAN_POINT ( 'NONE',  ( -27.10099999999999909, 7.000000000000010658, 9.462263576398775851E-14 ) ) ;
#570 = ORIENTED_EDGE ( 'NONE', *, *, #488, .F. ) ;
#571 = CARTESIAN_POINT ( 'NONE',  ( -24.09823105948041544, 9.533432740169788033, 0.3344653060675429335 ) ) ;
#572 = CIRCLE ( 'NONE', #743, 27.09999999999999787 ) ;
#573 = VECTOR ( 'NONE', #158, 1000.000000000000000 ) ;
#574 = CARTESIAN_POINT ( 'NONE',  ( 2.807381233234153746E-16, 3.393755415948626286, -27.10099999999999909 ) ) ;
#575 = CARTESIAN_POINT ( 'NONE',  ( -2.533349093714931666, 6.664667388005118376, 26.98134940430190909 ) ) ;
#576 = EDGE_CURVE ( 'NONE', #818, #794, #449, .T. ) ;
#577 = CARTESIAN_POINT ( 'NONE',  ( 1.921236145065747136, 8.684934613980050955, -24.02358731201078257 ) ) ;
#578 = CARTESIAN_POINT ( 'NONE',  ( 27.07681356047633159, 9.291375684153493353, -1.131386070025696355 ) ) ;
#579 = ORIENTED_EDGE ( 'NONE', *, *, #1299, .F. ) ;
#580 = CARTESIAN_POINT ( 'NONE',  ( -24.08645131797933203, 9.419442645951084714, 0.8226514447495952842 ) ) ;
#581 = CARTESIAN_POINT ( 'NONE',  ( 27.10099999999999909, 7.000000000000010658, -2.838679072919632629E-13 ) ) ;
#582 = DIRECTION ( 'NONE',  ( 0.000000000000000000, 1.000000000000000000, 0.000000000000000000 ) ) ;
#583 = EDGE_CURVE ( 'NONE', #181, #1005, #200, .T. ) ;
#584 = APPLICATION_CONTEXT ( 'configuration controlled 3d designs of mechanical parts and assemblies' ) ;
#585 = CARTESIAN_POINT ( 'NONE',  ( 2.533349093714931666, 6.664667388005118376, -26.98134940430190909 ) ) ;
#586 = CARTESIAN_POINT ( 'NONE',  ( 27.05570583378948157, 9.027864730165983786, -1.555004994106467642 ) ) ;
#587 = VERTEX_POINT ( 'NONE', #880 ) ;
#588 = CARTESIAN_POINT ( 'NONE',  ( -24.05017228287227837, 9.027755189707251660, 1.555146953311692837 ) ) ;
#589 = DIRECTION ( 'NONE',  ( -1.000000000000000000, 0.000000000000000000, 1.047444401652940007E-14 ) ) ;
#590 = CARTESIAN_POINT ( 'NONE',  ( -27.03994730024450632, 5.196877707974308258, -1.803122292025607143 ) ) ;
#591 = PLANE ( 'NONE',  #176 ) ;
#592 = EDGE_LOOP ( 'NONE', ( #389, #955, #941, #133 ) ) ;
#593 = CARTESIAN_POINT ( 'NONE',  ( -24.05018060278693071, 9.027852952255736696, -1.555017052352870355 ) ) ;
#594 = ORIENTED_EDGE ( 'NONE', *, *, #55, .T. ) ;
#595 = VECTOR ( 'NONE', #251, 1000.000000000000000 ) ;
#596 = CARTESIAN_POINT ( 'NONE',  ( -2.212102238881982874, 5.720674619725303778, 23.99844135672790557 ) ) ;
#597 = CARTESIAN_POINT ( 'NONE',  ( 2.291946978659348044, 5.869775210731049242, -23.99085468417322176 ) ) ;
#598 = ORIENTED_EDGE ( 'NONE', *, *, #188, .T. ) ;
#599 = CARTESIAN_POINT ( 'NONE',  ( -1.181932107183989297E-14, 9.550000000000018474, 24.10000000000000142 ) ) ;
#600 = EDGE_CURVE ( 'NONE', #853, #405, #1183, .T. ) ;
#601 = DIRECTION ( 'NONE',  ( 1.088453945710934391E-14, 0.000000000000000000, 1.000000000000000000 ) ) ;
#602 = CARTESIAN_POINT ( 'NONE',  ( 2.550000000000007816, 6.833551378970134316, -23.96471364318797725 ) ) ;
#603 = EDGE_LOOP ( 'NONE', ( #43, #1347, #901, #100, #410, #509, #751, #538, #141, #1078, #495, #11 ) ) ;
#604 = CARTESIAN_POINT ( 'NONE',  ( 2.213230248653142329, 8.277587873394198326, 23.99834082513227429 ) ) ;
#605 = EDGE_LOOP ( 'NONE', ( #1188, #598, #1107, #975, #76, #792, #1160, #1223, #1328, #948, #363, #481 ) ) ;
#606 = CALENDAR_DATE ( 2026, 6, 3 ) ;
#607 = CARTESIAN_POINT ( 'NONE',  ( 0.6606180542931628930, 9.468546846639794623, -27.09243769358658582 ) ) ;
#608 = ORIENTED_EDGE ( 'NONE', *, *, #1013, .F. ) ;
#609 = EDGE_LOOP ( 'NONE', ( #1166, #740, #1262, #926, #909, #447, #1280, #503, #127, #765, #85, #1306 ) ) ;
#610 = CIRCLE ( 'NONE', #490, 27.09999999999999787 ) ;
#611 = APPROVAL_PERSON_ORGANIZATION ( #626, #789, #506 ) ;
#612 = DIRECTION ( 'NONE',  ( 1.000000000000000000, 0.000000000000000000, -3.491481338843133355E-15 ) ) ;
#613 = ADVANCED_FACE ( 'NONE', ( #887 ), #781, .F. ) ;
#614 = LINE ( 'NONE', #1282, #156 ) ;
#615 = ORIENTED_EDGE ( 'NONE', *, *, #664, .F. ) ;
#616 = CARTESIAN_POINT ( 'NONE',  ( -2.027522109788418181, 5.444614569246327029, 24.01474001445558670 ) ) ;
#617 = PERSON_AND_ORGANIZATION ( #879, #722 ) ;
#618 = B_SPLINE_CURVE_WITH_KNOTS ( 'NONE', 3,
 ( #1258, #1250, #416, #621, #1033, #737, #1174, #1344, #1149, #219, #1182, #1074, #831, #1040, #423, #529, #1026, #320, #1239, #111, #660, #1067, #864, #136, #553, #455, #759, #245, #143, #39, #1142, #8, #731, #929 ),
 .UNSPECIFIED., .F., .F.,
 ( 4, 2, 2, 2, 2, 2, 2, 2, 2, 2, 2, 2, 2, 2, 2, 2, 4 ),
 ( 0.001993832379252438551, 0.002492507437289267005, 0.002991182495326095460, 0.003489857553362923914, 0.003988532611399752369, 0.004487207669436580823, 0.004985882727473410145, 0.005484557785510239467, 0.005983232843547068788, 0.006481907901583898110, 0.006980582959620726564, 0.007479258017657555019, 0.007977933075694384341, 0.008476608133731211928, 0.008975283191768039515, 0.009473958249804868836, 0.009972633307841698158 ),
 .UNSPECIFIED. ) ;
#619 = CARTESIAN_POINT ( 'NONE',  ( 27.09999999999999787, 3.393755415948626286, -2.835766947246233344E-13 ) ) ;
#620 = EDGE_CURVE ( 'NONE', #330, #1209, #1191, .T. ) ;
#621 = CARTESIAN_POINT ( 'NONE',  ( -26.98736138433305598, 7.661255055735735731, 2.468481914321440485 ) ) ;
#622 = CARTESIAN_POINT ( 'NONE',  ( 1.277781420966408676, 9.213041273834198464, 27.07021489925871549 ) ) ;
#623 = CARTESIAN_POINT ( 'NONE',  ( 26.97976093296605171, 6.833643127279185769, 2.549999999999725375 ) ) ;
#624 = ORIENTED_EDGE ( 'NONE', *, *, #797, .T. ) ;
#625 = CARTESIAN_POINT ( 'NONE',  ( -1.803122292025701512, 5.196877707974308258, 24.03245201805259157 ) ) ;
#626 = PERSON_AND_ORGANIZATION ( #879, #722 ) ;
#627 = CARTESIAN_POINT ( 'NONE',  ( -23.96471364318798791, 7.000000000000010658, -2.549999999999924327 ) ) ;
#628 = CARTESIAN_POINT ( 'NONE',  ( 1.803122292025701512, 5.196877707974308258, -27.03994730024450277 ) ) ;
#629 = DIRECTION ( 'NONE',  ( 0.000000000000000000, 1.000000000000000000, 0.000000000000000000 ) ) ;
#630 = ORIENTED_EDGE ( 'NONE', *, *, #360, .T. ) ;
#631 = CARTESIAN_POINT ( 'NONE',  ( -2.550000000000007816, 7.000000000000010658, -26.97976093296602684 ) ) ;
#632 = EDGE_CURVE ( 'NONE', #1110, #83, #367, .T. ) ;
#633 = DIRECTION ( 'NONE',  ( 1.000000000000000000, 0.000000000000000000, 0.000000000000000000 ) ) ;
#634 = DIRECTION ( 'NONE',  ( 7.406550393246835868E-15, -0.7071067811865439090, 0.7071067811865512365 ) ) ;
#635 = VECTOR ( 'NONE', #612, 1000.000000000000000 ) ;
#636 = CARTESIAN_POINT ( 'NONE',  ( 1.477071985857687240E-14, 9.550000000000018474, -24.10000000000000142 ) ) ;
#637 = CARTESIAN_POINT ( 'NONE',  ( -23.97829172086357019, 6.178559333584262347, 2.419845848845583625 ) ) ;
#638 = AXIS2_PLACEMENT_3D ( 'NONE', #1119, #400, #633 ) ;
#639 = EDGE_LOOP ( 'NONE', ( #72, #295 ) ) ;
#640 = CARTESIAN_POINT ( 'NONE',  ( -1.277781420966406678, 9.213041273834198464, -27.07021489925872260 ) ) ;
#641 = EDGE_CURVE ( 'NONE', #1115, #159, #775, .T. ) ;
#642 = CARTESIAN_POINT ( 'NONE',  ( 0.6604417331775127575, 9.468594673908929948, 27.09244206378575726 ) ) ;
#643 = FACE_OUTER_BOUND ( 'NONE', #391, .T. ) ;
#644 = EDGE_LOOP ( 'NONE', ( #1121, #349, #196, #323 ) ) ;
#645 = CARTESIAN_POINT ( 'NONE',  ( -0.1685517726777656655, 9.550000000000016698, -27.09999999999999076 ) ) ;
#646 = CARTESIAN_POINT ( 'NONE',  ( -27.09999999999999787, 3.393755415948626286, 9.433840615932549397E-14 ) ) ;
#647 = CC_DESIGN_PERSON_AND_ORGANIZATION_ASSIGNMENT ( #1245, #296, ( #1111 ) ) ;
#648 = CARTESIAN_POINT ( 'NONE',  ( -1.555178748584662207, 9.027730589226196756, -24.05017020539184003 ) ) ;
#649 = LINE ( 'NONE', #228, #69 ) ;
#650 = ORIENTED_EDGE ( 'NONE', *, *, #38, .F. ) ;
#651 = CARTESIAN_POINT ( 'NONE',  ( -2.419494598185878864, 7.822284469567613030, -26.99185282651275841 ) ) ;
#652 = CARTESIAN_POINT ( 'NONE',  ( 3.318792825689327090E-15, 17.00000000000000000, 27.09999999999999787 ) ) ;
#653 = EDGE_CURVE ( 'NONE', #498, #1011, #268, .T. ) ;
#654 = CARTESIAN_POINT ( 'NONE',  ( 0.3343774066072602302, 9.533443857421207923, -24.09823223831615380 ) ) ;
#655 = CARTESIAN_POINT ( 'NONE',  ( -23.97331121245033358, 6.337519317979825040, 2.468081376898891399 ) ) ;
#656 = AXIS2_PLACEMENT_3D ( 'NONE', #1309, #893, #427 ) ;
#657 = VERTEX_POINT ( 'NONE', #1254 ) ;
#658 = CARTESIAN_POINT ( 'NONE',  ( -1.181932107183989297E-14, 9.550000000000018474, 24.10000000000000142 ) ) ;
#659 =( GEOMETRIC_REPRESENTATION_CONTEXT ( 3 ) GLOBAL_UNCERTAINTY_ASSIGNED_CONTEXT ( ( #387 ) ) GLOBAL_UNIT_ASSIGNED_CONTEXT ( ( #257, #264, #489 ) ) REPRESENTATION_CONTEXT ( 'NONE', 'WORKASPACE' ) );
#660 = CARTESIAN_POINT ( 'NONE',  ( -27.08795557063241688, 9.419485675542400571, -0.8225288091372492394 ) ) ;
#661 = CARTESIAN_POINT ( 'NONE',  ( 2.550000000000007816, 7.000000000000010658, 23.96471364318798081 ) ) ;
#662 = CARTESIAN_POINT ( 'NONE',  ( -24.03245201805259512, 5.196877707974308258, -1.803122292025617579 ) ) ;
#663 = CARTESIAN_POINT ( 'NONE',  ( 26.97976093296599842, 7.166497182460036086, -2.550000000000291145 ) ) ;
#664 = EDGE_CURVE ( 'NONE', #159, #222, #118, .T. ) ;
#665 = ORIENTED_EDGE ( 'NONE', *, *, #180, .T. ) ;
#666 = CARTESIAN_POINT ( 'NONE',  ( -26.97976093296603750, 6.833643127279185769, -2.549999999999913669 ) ) ;
#667 = PRODUCT_DEFINITION ( 'UNKNOWN', '', #850, #1113 ) ;
#668 =( BOUNDED_CURVE ( )  B_SPLINE_CURVE ( 3, ( #317, #218, #1238, #619 ),
 .UNSPECIFIED., .F., .F. ) 
 B_SPLINE_CURVE_WITH_KNOTS ( ( 4, 4 ),
 ( 4.645803911747005799, 4.712388980384689674 ),
 .UNSPECIFIED. ) 
 CURVE ( )  GEOMETRIC_REPRESENTATION_ITEM ( )  RATIONAL_B_SPLINE_CURVE ( ( 1.000000000000000000, 0.9996305698442455867, 0.9996305698442455867, 1.000000000000000000 ) ) 
 REPRESENTATION_ITEM ( '' )  );
#669 = CARTESIAN_POINT ( 'NONE',  ( 0.000000000000000000, 7.000000000000010658, -27.10099999999999909 ) ) ;
#670 = CARTESIAN_POINT ( 'NONE',  ( 24.03245201805257381, 5.196877707974298488, -1.803122292025943318 ) ) ;
#671 = DIRECTION ( 'NONE',  ( 1.000000000000000000, 0.000000000000000000, -3.491481338843133355E-15 ) ) ;
#672 = ORIENTED_EDGE ( 'NONE', *, *, #31, .T. ) ;
#673 = CARTESIAN_POINT ( 'NONE',  ( -23.96471364318797370, 7.166481422108794241, 2.550000000000091749 ) ) ;
#674 = EDGE_CURVE ( 'NONE', #287, #794, #1047, .T. ) ;
#675 = DIRECTION ( 'NONE',  ( 0.7071067811865437980, -0.7071067811865513475, 0.000000000000000000 ) ) ;
#676 = CARTESIAN_POINT ( 'NONE',  ( -27.10099999999999909, 3.393755415948626286, 9.434189764066434486E-14 ) ) ;
#677 = CARTESIAN_POINT ( 'NONE',  ( 24.05018060278694847, 9.027852952255738472, 1.555017052352702489 ) ) ;
#678 = DIRECTION ( 'NONE',  ( -4.081702296416004164E-15, 0.000000000000000000, -1.000000000000000000 ) ) ;
#679 = ORIENTED_EDGE ( 'NONE', *, *, #641, .T. ) ;
#680 = CARTESIAN_POINT ( 'NONE',  ( -27.03200991708636280, 5.315908138271408845, -1.922152722322707064 ) ) ;
#681 = AXIS2_PLACEMENT_3D ( 'NONE', #372, #774, #1007 ) ;
#682 = CYLINDRICAL_SURFACE ( 'NONE', #528, 2.550000000000007816 ) ;
#683 = CARTESIAN_POINT ( 'NONE',  ( -1.803122292025701512, 5.196877707974308258, 24.03245201805259157 ) ) ;
#684 = CARTESIAN_POINT ( 'NONE',  ( 27.00294830416298453, 8.129269222014688268, -2.292347191568548936 ) ) ;
#685 = ORIENTED_EDGE ( 'NONE', *, *, #1054, .T. ) ;
#686 = CARTESIAN_POINT ( 'NONE',  ( -24.07391756695492546, 9.291303699687050610, 1.131541193415362301 ) ) ;
#687 = CARTESIAN_POINT ( 'NONE',  ( 26.97976093296606237, 7.166446101103693955, 2.549999999999725375 ) ) ;
#688 = CARTESIAN_POINT ( 'NONE',  ( 0.000000000000000000, 9.550000000000018474, -27.09999999999999787 ) ) ;
#689 = CARTESIAN_POINT ( 'NONE',  ( 2.027522109788418181, 5.444614569246327029, -24.01474001445558670 ) ) ;
#690 = ORIENTED_EDGE ( 'NONE', *, *, #995, .T. ) ;
#691 = PLANE ( 'NONE',  #224 ) ;
#692 = DIRECTION ( 'NONE',  ( 1.000000000000000000, 0.000000000000000000, -3.491481338843133355E-15 ) ) ;
#693 = ORIENTED_EDGE ( 'NONE', *, *, #98, .T. ) ;
#694 = CARTESIAN_POINT ( 'NONE',  ( -2.550000000000007816, 7.000000000000010658, 23.96471364318797725 ) ) ;
#695 = B_SPLINE_CURVE_WITH_KNOTS ( 'NONE', 3,
 ( #303, #394, #1230, #607, #68, #492, #900, #1317, #75, #1212, #1014, #283, #82, #696, #177, #497, #502, #402 ),
 .UNSPECIFIED., .F., .F.,
 ( 4, 2, 2, 2, 2, 2, 2, 2, 4 ),
 ( 0.005983322343860150543, 0.006481986214357844320, 0.006980650084855537230, 0.007479313955353230139, 0.007977977825850923049, 0.008476641696348615959, 0.008975305566846308869, 0.009473969437344003514, 0.009972633307841696423 ),
 .UNSPECIFIED. ) ;
#696 = CARTESIAN_POINT ( 'NONE',  ( 2.419517693563367988, 7.822209041197134560, -26.99185070623864036 ) ) ;
#697 = EDGE_CURVE ( 'NONE', #557, #1105, #1023, .T. ) ;
#698 = ORIENTED_EDGE ( 'NONE', *, *, #214, .F. ) ;
#699 = B_SPLINE_CURVE_WITH_KNOTS ( 'NONE', 3,
 ( #940, #444, #451, #655, #637, #852, #1273, #1144, #1165, #1266 ),
 .UNSPECIFIED., .F., .F.,
 ( 4, 2, 2, 2, 4 ),
 ( 0.009974147779698887967, 0.01047264784602700526, 0.01097114791235512254, 0.01146964797868323810, 0.01196814804501135539 ),
 .UNSPECIFIED. ) ;
#700 = CARTESIAN_POINT ( 'NONE',  ( 3.318792825689327090E-15, 0.000000000000000000, 27.09999999999999787 ) ) ;
#701 = B_SPLINE_CURVE_WITH_KNOTS ( 'NONE', 3,
 ( #718, #623, #1122, #713, #1137, #510, #1215, #305, #808, #920 ),
 .UNSPECIFIED., .F., .F.,
 ( 4, 2, 2, 2, 4 ),
 ( 0.009972633307841696423, 0.01047104103628231607, 0.01096944876472293398, 0.01146785649316355363, 0.01196626422160417327 ),
 .UNSPECIFIED. ) ;
#702 = EDGE_LOOP ( 'NONE', ( #690, #932, #300, #298 ) ) ;
#703 = CARTESIAN_POINT ( 'NONE',  ( 0.000000000000000000, 7.000000000000010658, -27.10099999999999909 ) ) ;
#704 = AXIS2_PLACEMENT_3D ( 'NONE', #223, #435, #1053 ) ;
#705 = CARTESIAN_POINT ( 'NONE',  ( 2.419852708894680404, 6.178573256754540388, -23.97829106290430445 ) ) ;
#706 = ORIENTED_EDGE ( 'NONE', *, *, #256, .F. ) ;
#707 = CARTESIAN_POINT ( 'NONE',  ( 0.000000000000000000, 17.00000000000000000, 0.000000000000000000 ) ) ;
#708 = EDGE_CURVE ( 'NONE', #772, #434, #356, .T. ) ;
#709 = ORIENTED_EDGE ( 'NONE', *, *, #428, .F. ) ;
#710 = DATE_AND_TIME ( #217, #93 ) ;
#711 = DIRECTION ( 'NONE',  ( 0.000000000000000000, 0.000000000000000000, -1.000000000000000000 ) ) ;
#712 = EDGE_LOOP ( 'NONE', ( #816, #173, #304, #803, #1052 ) ) ;
#713 = CARTESIAN_POINT ( 'NONE',  ( 26.98739569727885979, 6.337611288479942040, 2.468105910641389844 ) ) ;
#714 = ORIENTED_EDGE ( 'NONE', *, *, #404, .F. ) ;
#715 = CARTESIAN_POINT ( 'NONE',  ( 24.04122188072564370, 8.920053854683246186, -1.686280587724158675 ) ) ;
#716 =( BOUNDED_CURVE ( )  B_SPLINE_CURVE ( 3, ( #97, #226, #540, #442 ),
 .UNSPECIFIED., .F., .F. ) 
 B_SPLINE_CURVE_WITH_KNOTS ( ( 4, 4 ),
 ( 1.570796326794896558, 1.645684658435244474 ),
 .UNSPECIFIED. ) 
 CURVE ( )  GEOMETRIC_REPRESENTATION_ITEM ( )  RATIONAL_B_SPLINE_CURVE ( ( 1.000000000000000000, 0.9995326994180089297, 0.9995326994180089297, 1.000000000000000000 ) ) 
 REPRESENTATION_ITEM ( '' )  );
#717 = VERTEX_POINT ( 'NONE', #413 ) ;
#718 = CARTESIAN_POINT ( 'NONE',  ( 26.97976093296605882, 7.000000000000010658, 2.549999999999725375 ) ) ;
#719 = CARTESIAN_POINT ( 'NONE',  ( -2.550000000000007816, 7.000000000000010658, 23.96471364318797725 ) ) ;
#720 = EDGE_CURVE ( 'NONE', #564, #354, #822, .T. ) ;
#721 = VECTOR ( 'NONE', #26, 1000.000000000000000 ) ;
#722 = ORGANIZATION ( 'UNSPECIFIED', 'UNSPECIFIED', '' ) ;
#723 = CARTESIAN_POINT ( 'NONE',  ( 27.09999999999999432, 3.995351676300042953, -0.6015962603517059915 ) ) ;
#724 = CARTESIAN_POINT ( 'NONE',  ( 1.202859149002596162, 4.596614564951210902, -27.07997503558911490 ) ) ;
#725 = CARTESIAN_POINT ( 'NONE',  ( -1.686308362024392382, 8.920029204783103793, -24.04121991458956131 ) ) ;
#726 = CARTESIAN_POINT ( 'NONE',  ( -26.97976093296601974, 6.833575257027113103, 2.550000000000101519 ) ) ;
#727 = VERTEX_POINT ( 'NONE', #207 ) ;
#728 = DIRECTION ( 'NONE',  ( 0.000000000000000000, 0.000000000000000000, -1.000000000000000000 ) ) ;
#729 = APPROVAL_STATUS ( 'not_yet_approved' ) ;
#730 = CARTESIAN_POINT ( 'NONE',  ( -27.03994730024449566, 5.196877707974300264, 1.803122292025788331 ) ) ;
#731 = CARTESIAN_POINT ( 'NONE',  ( -26.97976093296604461, 7.166446101103693955, -2.549999999999913669 ) ) ;
#732 = CARTESIAN_POINT ( 'NONE',  ( -1.277981829768101818, 9.212924006819198652, 27.07020531221545667 ) ) ;
#733 = ORIENTED_EDGE ( 'NONE', *, *, #480, .T. ) ;
#734 = CARTESIAN_POINT ( 'NONE',  ( -0.1685983956333861888, 9.550000000000016698, 24.10000000000000853 ) ) ;
#735 = PERSON_AND_ORGANIZATION_ROLE ( 'design_owner' ) ;
#736 = CARTESIAN_POINT ( 'NONE',  ( 24.09999999999999076, 3.995498970636517377, -0.6017435546881497732 ) ) ;
#737 = CARTESIAN_POINT ( 'NONE',  ( -27.00294830416298808, 8.129269222014688268, 2.292347191568359310 ) ) ;
#738 = CARTESIAN_POINT ( 'NONE',  ( 2.468478232088034741, 7.661269783079536211, 26.98736172295013347 ) ) ;
#739 = CARTESIAN_POINT ( 'NONE',  ( -2.468442020951848725, 7.661430879664001381, 26.98736506436791061 ) ) ;
#740 = ORIENTED_EDGE ( 'NONE', *, *, #708, .F. ) ;
#741 = CARTESIAN_POINT ( 'NONE',  ( -2.468478232088035185, 7.661269783079539764, -26.98736172295013702 ) ) ;
#742 = CARTESIAN_POINT ( 'NONE',  ( 1.203065316705817622, 4.596820732654430586, 24.07747347936132343 ) ) ;
#743 = AXIS2_PLACEMENT_3D ( 'NONE', #1287, #1104, #766 ) ;
#744 = CARTESIAN_POINT ( 'NONE',  ( 26.97976093296600197, 7.000000000000010658, -2.550000000000290701 ) ) ;
#745 = CARTESIAN_POINT ( 'NONE',  ( -2.419517693563367988, 7.822209041197132784, 26.99185070623863680 ) ) ;
#746 = EDGE_LOOP ( 'NONE', ( #171, #1084, #963, #453 ) ) ;
#747 = CARTESIAN_POINT ( 'NONE',  ( -0.8225398124418557000, 9.419476522664007589, -27.08795483272294646 ) ) ;
#748 = CARTESIAN_POINT ( 'NONE',  ( 0.000000000000000000, 17.00000000000000000, -27.09999999999999787 ) ) ;
#749 = CARTESIAN_POINT ( 'NONE',  ( 3.318792825689328668E-15, 9.550000000000018474, 27.09999999999999787 ) ) ;
#750 = CARTESIAN_POINT ( 'NONE',  ( -2.807381233234153746E-16, 3.393755415948626286, 27.09999999999999787 ) ) ;
#751 = ORIENTED_EDGE ( 'NONE', *, *, #771, .F. ) ;
#752 = DIRECTION ( 'NONE',  ( -0.000000000000000000, -0.000000000000000000, 1.000000000000000000 ) ) ;
#753 = EDGE_CURVE ( 'NONE', #192, #784, #866, .T. ) ;
#754 = DIRECTION ( 'NONE',  ( 0.000000000000000000, 0.000000000000000000, -1.000000000000000000 ) ) ;
#755 = CARTESIAN_POINT ( 'NONE',  ( 2.550000000000007816, 7.166523009885969131, -23.96471364318798081 ) ) ;
#756 = CARTESIAN_POINT ( 'NONE',  ( -2.533861778479331139, 7.332026063638833691, 26.98130136994558725 ) ) ;
#757 = ORIENTED_EDGE ( 'NONE', *, *, #345, .F. ) ;
#758 = CARTESIAN_POINT ( 'NONE',  ( -2.533850058524773186, 7.332063833051002177, -26.98130244129369260 ) ) ;
#759 = CARTESIAN_POINT ( 'NONE',  ( -27.02425822421223245, 8.556409845268523995, -2.026870045472039195 ) ) ;
#760 = DIRECTION ( 'NONE',  ( -0.000000000000000000, -0.000000000000000000, 1.000000000000000000 ) ) ;
#761 = EDGE_CURVE ( 'NONE', #1001, #1300, #610, .T. ) ;
#762 = LINE ( 'NONE', #1071, #244 ) ;
#763 = CARTESIAN_POINT ( 'NONE',  ( 27.09244027376690056, 9.468575084817372201, -0.6605140470606407632 ) ) ;
#764 = AXIS2_PLACEMENT_3D ( 'NONE', #421, #210, #149 ) ;
#765 = ORIENTED_EDGE ( 'NONE', *, *, #170, .F. ) ;
#766 = DIRECTION ( 'NONE',  ( 1.000000000000000000, 0.000000000000000000, 0.000000000000000000 ) ) ;
#767 = CARTESIAN_POINT ( 'NONE',  ( -2.027516653769615651, 5.444606001022696873, -24.01474050373147051 ) ) ;
#768 = DIRECTION ( 'NONE',  ( 1.000000000000000000, 0.000000000000000000, 0.000000000000000000 ) ) ;
#769 = CARTESIAN_POINT ( 'NONE',  ( 24.03245201805260578, 5.196877707974308258, 1.803122292025449713 ) ) ;
#770 = CARTESIAN_POINT ( 'NONE',  ( 26.98130237211301008, 7.332056404149453144, -2.533850775900668317 ) ) ;
#771 = EDGE_CURVE ( 'NONE', #794, #287, #981, .T. ) ;
#772 = VERTEX_POINT ( 'NONE', #1243 ) ;
#773 = CARTESIAN_POINT ( 'NONE',  ( -24.06649079850301476, 9.212912928241149046, 1.278002162675199394 ) ) ;
#774 = DIRECTION ( 'NONE',  ( 0.000000000000000000, 0.000000000000000000, -1.000000000000000000 ) ) ;
#775 = LINE ( 'NONE', #676, #311 ) ;
#776 = DIRECTION ( 'NONE',  ( 0.000000000000000000, 0.000000000000000000, -1.000000000000000000 ) ) ;
#777 = CARTESIAN_POINT ( 'NONE',  ( 27.09842771483168633, 9.533441844154323164, -0.3343862707009291890 ) ) ;
#778 = VERTEX_POINT ( 'NONE', #1139 ) ;
#779 = CARTESIAN_POINT ( 'NONE',  ( -23.97832743196726923, 7.822314041703663179, 2.419481973654745044 ) ) ;
#780 = B_SPLINE_CURVE_WITH_KNOTS ( 'NONE', 3,
 ( #873, #755, #1088, #145, #1082, #1096, #1292, #867, #577, #150, #352, #858, #458, #41, #34, #654, #374, #1178 ),
 .UNSPECIFIED., .F., .F.,
 ( 4, 2, 2, 2, 2, 2, 2, 2, 4 ),
 ( 0.001994143858407089204, 0.002492902627619033966, 0.002991661396830979161, 0.003490420166042924356, 0.003989178935254869551, 0.004487937704466813879, 0.004986696473678759074, 0.005485455242890702535, 0.005984214012102646862 ),
 .UNSPECIFIED. ) ;
#781 = CYLINDRICAL_SURFACE ( 'NONE', #135, 2.550000000000007816 ) ;
#782 = CARTESIAN_POINT ( 'NONE',  ( 23.99081964631001540, 8.129358811468893720, 2.292303342255508802 ) ) ;
#783 = CARTESIAN_POINT ( 'NONE',  ( 27.04774894852455702, 8.920156051400882191, -1.686166508086181848 ) ) ;
#784 = VERTEX_POINT ( 'NONE', #719 ) ;
#785 = CARTESIAN_POINT ( 'NONE',  ( -24.04123002369408013, 8.920155787105397138, -1.686165396743465106 ) ) ;
#786 = AXIS2_PLACEMENT_3D ( 'NONE', #535, #124, #634 ) ;
#787 = AXIS2_PLACEMENT_3D ( 'NONE', #234, #126, #15 ) ;
#788 = CARTESIAN_POINT ( 'NONE',  ( 1.803122292025701512, 5.196877707974308258, -24.03245201805259157 ) ) ;
#789 = APPROVAL ( #1038, 'UNSPECIFIED' ) ;
#790 = CARTESIAN_POINT ( 'NONE',  ( 27.10099999999999909, 3.393755415948626286, -2.835871691686398619E-13 ) ) ;
#791 = DIRECTION ( 'NONE',  ( 2.468850131082253116E-15, -0.7071067811865512365, 0.7071067811865439090 ) ) ;
#792 = ORIENTED_EDGE ( 'NONE', *, *, #480, .F. ) ;
#793 = CARTESIAN_POINT ( 'NONE',  ( 24.01474001445561157, 5.444614569246327918, 2.027522109788166826 ) ) ;
#794 = VERTEX_POINT ( 'NONE', #175 ) ;
#795 = FACE_OUTER_BOUND ( 'NONE', #235, .T. ) ;
#796 = DIRECTION ( 'NONE',  ( -4.081702296416004164E-15, 0.000000000000000000, -1.000000000000000000 ) ) ;
#797 = EDGE_CURVE ( 'NONE', #1138, #1005, #202, .T. ) ;
#798 = B_SPLINE_CURVE_WITH_KNOTS ( 'NONE', 3,
 ( #918, #1015, #1020, #895, #1313, #381, #1207, #104, #923, #520 ),
 .UNSPECIFIED., .F., .F.,
 ( 4, 2, 2, 2, 4 ),
 ( 0.000000000000000000, 0.0004984580948131096378, 0.0009969161896262192755, 0.001495374284439328913, 0.001993832379252438551 ),
 .UNSPECIFIED. ) ;
#799 = CARTESIAN_POINT ( 'NONE',  ( 24.09149707043793853, 9.468556678020780382, 0.6605853821837549544 ) ) ;
#800 = ORIENTED_EDGE ( 'NONE', *, *, #38, .T. ) ;
#801 = CARTESIAN_POINT ( 'NONE',  ( 0.000000000000000000, 17.00000000000000000, 0.000000000000000000 ) ) ;
#802 = CARTESIAN_POINT ( 'NONE',  ( 2.550000000000007816, 7.000000000000010658, 26.97976093296602684 ) ) ;
#803 = ORIENTED_EDGE ( 'NONE', *, *, #282, .F. ) ;
#804 = CARTESIAN_POINT ( 'NONE',  ( -27.07997503558912200, 4.596614564951210902, -1.202859149002501571 ) ) ;
#805 = EDGE_CURVE ( 'NONE', #70, #287, #518, .T. ) ;
#806 = CARTESIAN_POINT ( 'NONE',  ( 24.09149590371787752, 9.468545347307443905, -0.6606302734617108818 ) ) ;
#807 = VERTEX_POINT ( 'NONE', #688 ) ;
#808 = CARTESIAN_POINT ( 'NONE',  ( 27.03200991708637346, 5.315908138271408845, 1.922152722322518104 ) ) ;
#809 = ORIENTED_EDGE ( 'NONE', *, *, #437, .T. ) ;
#810 = APPROVAL_STATUS ( 'not_yet_approved' ) ;
#811 = CIRCLE ( 'NONE', #265, 27.09999999999999787 ) ;
#812 = CARTESIAN_POINT ( 'NONE',  ( 24.09823105948041544, 9.533432740169788033, -0.3344653060677110212 ) ) ;
#813 = ORIENTED_EDGE ( 'NONE', *, *, #327, .F. ) ;
#814 = CARTESIAN_POINT ( 'NONE',  ( 1.555178748584663539, 9.027730589226194979, 24.05017020539184358 ) ) ;
#815 = ADVANCED_FACE ( 'NONE', ( #108 ), #682, .F. ) ;
#816 = ORIENTED_EDGE ( 'NONE', *, *, #275, .F. ) ;
#817 = CARTESIAN_POINT ( 'NONE',  ( 2.533320465936564680, 6.664476553658333025, -23.96650502488574119 ) ) ;
#818 = VERTEX_POINT ( 'NONE', #168 ) ;
#819 = CARTESIAN_POINT ( 'NONE',  ( 2.807381233234153746E-16, 3.393755415948626286, -24.10000000000000142 ) ) ;
#820 = VERTEX_POINT ( 'NONE', #590 ) ;
#821 = ADVANCED_FACE ( 'NONE', ( #66 ), #1349, .F. ) ;
#822 = LINE ( 'NONE', #992, #1198 ) ;
#823 = CARTESIAN_POINT ( 'NONE',  ( -23.99085468417322886, 5.869775210731049242, -2.291946978659264111 ) ) ;
#824 = CARTESIAN_POINT ( 'NONE',  ( -2.291965632912016826, 5.869817608451388224, -23.99085286771939352 ) ) ;
#825 = FACE_BOUND ( 'NONE', #190, .T. ) ;
#826 = LINE ( 'NONE', #92, #1024 ) ;
#827 = ORIENTED_EDGE ( 'NONE', *, *, #1080, .T. ) ;
#828 = CARTESIAN_POINT ( 'NONE',  ( 0.000000000000000000, 7.000000000000010658, -27.10099999999999909 ) ) ;
#829 = PERSON_AND_ORGANIZATION ( #879, #722 ) ;
#830 = CARTESIAN_POINT ( 'NONE',  ( 24.03245201805257381, 5.196877707974298488, -1.803122292025943318 ) ) ;
#831 = CARTESIAN_POINT ( 'NONE',  ( -27.07681356047634580, 9.291375684153495129, 1.131386070025507395 ) ) ;
#832 = DIRECTION ( 'NONE',  ( 7.406550393246835868E-15, 0.7071067811865437980, 0.7071067811865513475 ) ) ;
#833 = CARTESIAN_POINT ( 'NONE',  ( -1.686278938894341550, 8.920058181316214529, 27.04774193833734230 ) ) ;
#834 = ORIENTED_EDGE ( 'NONE', *, *, #428, .T. ) ;
#835 = CARTESIAN_POINT ( 'NONE',  ( 0.000000000000000000, 7.000000000000010658, 27.10099999999999909 ) ) ;
#836 = PERSON_AND_ORGANIZATION ( #879, #722 ) ;
#837 = ADVANCED_FACE ( 'NONE', ( #281 ), #419, .F. ) ;
#838 = DIRECTION ( 'NONE',  ( -0.000000000000000000, -1.000000000000000000, -0.000000000000000000 ) ) ;
#839 = DIRECTION ( 'NONE',  ( 7.406550393246756982E-15, -0.7071067811865513475, 0.7071067811865437980 ) ) ;
#840 = CARTESIAN_POINT ( 'NONE',  ( 1.803122292025694184, 5.196877707974300264, 27.03994730024450277 ) ) ;
#841 = ORIENTED_EDGE ( 'NONE', *, *, #256, .T. ) ;
#842 = CARTESIAN_POINT ( 'NONE',  ( -2.533845824013226888, 7.332107778510192908, 23.96644958944762749 ) ) ;
#843 = CARTESIAN_POINT ( 'NONE',  ( -2.807381233234153746E-16, 3.393755415948626286, 24.10000000000000142 ) ) ;
#844 = CARTESIAN_POINT ( 'NONE',  ( 0.3343049372107111950, 9.533452813045981244, 27.09842874543590341 ) ) ;
#845 = CARTESIAN_POINT ( 'NONE',  ( -2.550000000000007816, 7.000000000000010658, 26.97976093296603040 ) ) ;
#846 = ORIENTED_EDGE ( 'NONE', *, *, #632, .F. ) ;
#847 = CARTESIAN_POINT ( 'NONE',  ( -2.550000000000007816, 7.166523009885968243, 23.96471364318797725 ) ) ;
#848 = DIRECTION ( 'NONE',  ( -0.000000000000000000, -1.000000000000000000, -0.000000000000000000 ) ) ;
#849 = AXIS2_PLACEMENT_3D ( 'NONE', #450, #839, #832 ) ;
#850 = PRODUCT_DEFINITION_FORMATION_WITH_SPECIFIED_SOURCE ( 'ANY', '', #452, .NOT_KNOWN. ) ;
#851 = CARTESIAN_POINT ( 'NONE',  ( -2.292361199144175909, 8.129235402438691693, -23.99081406116551918 ) ) ;
#852 = CARTESIAN_POINT ( 'NONE',  ( -23.99085286771938641, 5.869817608451388224, 2.291965632912100315 ) ) ;
#853 = VERTEX_POINT ( 'NONE', #128 ) ;
#854 = CARTESIAN_POINT ( 'NONE',  ( -1.686130043783470978, 8.920188408645572054, -27.04775124268482855 ) ) ;
#855 = EDGE_CURVE ( 'NONE', #63, #807, #197, .T. ) ;
#856 =( BOUNDED_CURVE ( )  B_SPLINE_CURVE ( 3, ( #30, #454, #1161, #861 ),
 .UNSPECIFIED., .F., .T. ) 
 B_SPLINE_CURVE_WITH_KNOTS ( ( 4, 4 ),
 ( 4.637500648744341980, 4.712388980384689674 ),
 .UNSPECIFIED. ) 
 CURVE ( )  GEOMETRIC_REPRESENTATION_ITEM ( )  RATIONAL_B_SPLINE_CURVE ( ( 1.000000000000000000, 0.9995326994180089297, 0.9995326994180089297, 1.000000000000000000 ) ) 
 REPRESENTATION_ITEM ( '' )  );
#857 = CARTESIAN_POINT ( 'NONE',  ( 0.000000000000000000, 17.00000000000000000, -24.10000000000000142 ) ) ;
#858 = CARTESIAN_POINT ( 'NONE',  ( 1.277860424766099179, 9.212993275221354139, -24.06649826683677418 ) ) ;
#859 = CARTESIAN_POINT ( 'NONE',  ( -2.550000000000007816, 7.166442366964117738, 26.97976093296603395 ) ) ;
#860 = ORIENTED_EDGE ( 'NONE', *, *, #720, .F. ) ;
#861 = CARTESIAN_POINT ( 'NONE',  ( -24.10000000000000142, 3.393755415948626286, 8.386396214279610652E-14 ) ) ;
#862 = B_SPLINE_CURVE_WITH_KNOTS ( 'NONE', 3,
 ( #871, #970, #463, #1288, #1351, #824, #358, #767, #211, #91 ),
 .UNSPECIFIED., .F., .F.,
 ( 4, 2, 2, 2, 4 ),
 ( 0.009974147779698887967, 0.01047264784602700526, 0.01097114791235512254, 0.01146964797868323810, 0.01196814804501135539 ),
 .UNSPECIFIED. ) ;
#863 = EDGE_CURVE ( 'NONE', #784, #405, #1237, .T. ) ;
#864 = CARTESIAN_POINT ( 'NONE',  ( -27.07020776994494682, 9.212954023926720026, -1.277930300298764976 ) ) ;
#865 = DIRECTION ( 'NONE',  ( 1.000000000000000000, 0.000000000000000000, -3.491481338843133355E-15 ) ) ;
#866 = B_SPLINE_CURVE_WITH_KNOTS ( 'NONE', 3,
 ( #625, #1131, #616, #596, #899, #1205, #525, #61, #2, #694 ),
 .UNSPECIFIED., .F., .F.,
 ( 4, 2, 2, 2, 4 ),
 ( 0.000000000000000000, 0.0004985359646017723011, 0.0009970719292035446022, 0.001495607893805317012, 0.001994143858407089204 ),
 .UNSPECIFIED. ) ;
#867 = CARTESIAN_POINT ( 'NONE',  ( 2.026755089722936276, 8.556562436398113647, -24.01480829173590337 ) ) ;
#868 = CARTESIAN_POINT ( 'NONE',  ( 27.03205969121959384, 8.684793983473531043, 1.921361655042202132 ) ) ;
#869 = ORIENTED_EDGE ( 'NONE', *, *, #534, .F. ) ;
#870 = CARTESIAN_POINT ( 'NONE',  ( -1.131329346483236575, 9.291404001166105431, -27.07681596259937962 ) ) ;
#871 = CARTESIAN_POINT ( 'NONE',  ( -2.550000000000007816, 7.000000000000010658, -23.96471364318798081 ) ) ;
#872 = LINE ( 'NONE', #351, #721 ) ;
#873 = CARTESIAN_POINT ( 'NONE',  ( 2.550000000000007816, 7.000000000000010658, -23.96471364318797725 ) ) ;
#874 = CARTESIAN_POINT ( 'NONE',  ( 27.00963541812430080, 8.277608882851104966, 2.213216964090888972 ) ) ;
#875 = VECTOR ( 'NONE', #546, 1000.000000000000000 ) ;
#876 = ORIENTED_EDGE ( 'NONE', *, *, #1035, .T. ) ;
#877 = CARTESIAN_POINT ( 'NONE',  ( -27.03994730024450632, 5.196877707974308258, -1.803122292025607143 ) ) ;
#878 = LOCAL_TIME ( 1, 56, 28.00000000000000000, #1124 ) ;
#879 = PERSON ( 'UNSPECIFIED', 'UNSPECIFIED', 'UNSPECIFIED', ('UNSPECIFIED'), ('UNSPECIFIED'), ('UNSPECIFIED') ) ;
#880 = CARTESIAN_POINT ( 'NONE',  ( 0.000000000000000000, 17.00000000000000000, -24.10000000000000142 ) ) ;
#881 = EDGE_CURVE ( 'NONE', #1209, #159, #856, .T. ) ;
#882 = CARTESIAN_POINT ( 'NONE',  ( 23.97327240357227396, 7.661345956544127311, 2.468459190035031003 ) ) ;
#883 = CARTESIAN_POINT ( 'NONE',  ( 27.00963486529080271, 8.277602298442717554, -2.213225201043794943 ) ) ;
#884 = ORIENTED_EDGE ( 'NONE', *, *, #664, .T. ) ;
#885 = CARTESIAN_POINT ( 'NONE',  ( -27.10099999999999909, 7.000000000000010658, 9.462263576398775851E-14 ) ) ;
#886 = CARTESIAN_POINT ( 'NONE',  ( 0.000000000000000000, 0.000000000000000000, -27.09999999999999787 ) ) ;
#887 = FACE_OUTER_BOUND ( 'NONE', #306, .T. ) ;
#888 = CARTESIAN_POINT ( 'NONE',  ( 24.06649616134885861, 9.212970414063928359, 1.277899673510350276 ) ) ;
#889 = CARTESIAN_POINT ( 'NONE',  ( 27.09842723641494899, 9.533436749444545555, 0.3344236581895783100 ) ) ;
#890 = ORIENTED_EDGE ( 'NONE', *, *, #130, .T. ) ;
#891 = CARTESIAN_POINT ( 'NONE',  ( -23.99081489132830214, 8.129253336735720481, 2.292352570067374806 ) ) ;
#892 = CARTESIAN_POINT ( 'NONE',  ( 27.10099999999999909, 7.000000000000010658, -2.838679072919632629E-13 ) ) ;
#893 = DIRECTION ( 'NONE',  ( 0.000000000000000000, 1.000000000000000000, 0.000000000000000000 ) ) ;
#894 = CARTESIAN_POINT ( 'NONE',  ( 24.02357845880748499, 8.684808372807269805, -1.921345823202567082 ) ) ;
#895 = CARTESIAN_POINT ( 'NONE',  ( 27.00972035571484753, 5.720743236129967713, -2.212143128629107558 ) ) ;
#896 = CARTESIAN_POINT ( 'NONE',  ( -24.04122188072565436, 8.920053854683244410, 1.686280587723990365 ) ) ;
#897 = APPROVAL_PERSON_ORGANIZATION ( #617, #945, #1046 ) ;
#898 = EDGE_CURVE ( 'NONE', #1110, #63, #383, .T. ) ;
#899 = CARTESIAN_POINT ( 'NONE',  ( -2.291946978659348044, 5.869775210731049242, 23.99085468417322176 ) ) ;
#900 = CARTESIAN_POINT ( 'NONE',  ( 1.277981829768104260, 9.212924006819195100, -27.07020531221545312 ) ) ;
#901 = ORIENTED_EDGE ( 'NONE', *, *, #863, .F. ) ;
#902 = CARTESIAN_POINT ( 'NONE',  ( -27.03200913214529066, 5.315919909389172915, 1.922164493440660316 ) ) ;
#903 = ORIENTED_EDGE ( 'NONE', *, *, #170, .T. ) ;
#904 = ADVANCED_FACE ( 'NONE', ( #115 ), #942, .F. ) ;
#905 = PRODUCT_RELATED_PRODUCT_CATEGORY ( 'detail', '', ( #452 ) ) ;
#906 = CARTESIAN_POINT ( 'NONE',  ( 24.09999951611820279, 9.549995426842627921, 0.1686638905804867528 ) ) ;
#907 = ORIENTED_EDGE ( 'NONE', *, *, #471, .T. ) ;
#908 = CARTESIAN_POINT ( 'NONE',  ( 2.550000000000007372, 7.166478576777886467, 23.96471364318797370 ) ) ;
#909 = ORIENTED_EDGE ( 'NONE', *, *, #898, .F. ) ;
#910 = APPLICATION_PROTOCOL_DEFINITION ( 'international standard', 'config_control_design', 1994, #584 ) ;
#911 = CARTESIAN_POINT ( 'NONE',  ( 23.96471364318795594, 7.166481422108794241, -2.550000000000259170 ) ) ;
#912 = EDGE_CURVE ( 'NONE', #727, #343, #1172, .T. ) ;
#913 = ORIENTED_EDGE ( 'NONE', *, *, #952, .F. ) ;
#914 = CARTESIAN_POINT ( 'NONE',  ( 2.292361199144175909, 8.129235402438693470, 23.99081406116551918 ) ) ;
#915 = ORIENTED_EDGE ( 'NONE', *, *, #231, .F. ) ;
#916 = CALENDAR_DATE ( 2026, 6, 3 ) ;
#917 = CARTESIAN_POINT ( 'NONE',  ( -23.96471364318797015, 7.000000000000010658, 2.550000000000091749 ) ) ;
#918 = CARTESIAN_POINT ( 'NONE',  ( 27.03994730024448501, 5.196877707974300264, -1.803122292025977291 ) ) ;
#919 = CARTESIAN_POINT ( 'NONE',  ( 27.03994730024448501, 5.196877707974300264, -1.803122292025977291 ) ) ;
#920 = CARTESIAN_POINT ( 'NONE',  ( 27.03994730024451698, 5.196877707974308258, 1.803122292025418183 ) ) ;
#921 = DIRECTION ( 'NONE',  ( 0.000000000000000000, 1.000000000000000000, 0.000000000000000000 ) ) ;
#922 = LINE ( 'NONE', #19, #507 ) ;
#923 = CARTESIAN_POINT ( 'NONE',  ( 26.97976093296600197, 6.833575257027113103, -2.550000000000290257 ) ) ;
#924 = CARTESIAN_POINT ( 'NONE',  ( -2.807381233234153746E-16, 3.393755415948626286, 24.10000000000000142 ) ) ;
#925 = CARTESIAN_POINT ( 'NONE',  ( 2.026867409630266348, 8.556414922691201852, 24.01479874986551977 ) ) ;
#926 = ORIENTED_EDGE ( 'NONE', *, *, #855, .F. ) ;
#927 = CARTESIAN_POINT ( 'NONE',  ( 2.951398785945121251E-15, 17.00000000000000000, 24.10000000000000142 ) ) ;
#928 = LINE ( 'NONE', #748, #1310 ) ;
#929 = CARTESIAN_POINT ( 'NONE',  ( -26.97976093296604105, 7.000000000000010658, -2.549999999999913669 ) ) ;
#930 = CARTESIAN_POINT ( 'NONE',  ( -0.3345272894947503572, 9.533424376149719492, -24.09823017580526994 ) ) ;
#931 = FACE_BOUND ( 'NONE', #1231, .T. ) ;
#932 = ORIENTED_EDGE ( 'NONE', *, *, #98, .F. ) ;
#933 = CARTESIAN_POINT ( 'NONE',  ( -24.10000000000000142, 3.995498970636512936, -0.6017435546878090458 ) ) ;
#934 = APPROVAL_DATE_TIME ( #4, #945 ) ;
#935 = EDGE_CURVE ( 'NONE', #354, #1073, #396, .T. ) ;
#936 = AXIS2_PLACEMENT_3D ( 'NONE', #259, #456, #754 ) ;
#937 = CC_DESIGN_APPROVAL ( #945, ( #667 ) ) ;
#938 = CARTESIAN_POINT ( 'NONE',  ( 0.6017435546878971975, 3.995498970636517377, 24.09999999999999787 ) ) ;
#939 = DIRECTION ( 'NONE',  ( -0.000000000000000000, -0.000000000000000000, 1.000000000000000000 ) ) ;
#940 = CARTESIAN_POINT ( 'NONE',  ( -23.96471364318797015, 7.000000000000010658, 2.550000000000091749 ) ) ;
#941 = ORIENTED_EDGE ( 'NONE', *, *, #583, .T. ) ;
#942 = PLANE ( 'NONE',  #704 ) ;
#943 = ADVANCED_FACE ( 'NONE', ( #1208 ), #1195, .F. ) ;
#944 = CARTESIAN_POINT ( 'NONE',  ( 1.477071985857687240E-14, 9.550000000000018474, -24.10000000000000142 ) ) ;
#945 = APPROVAL ( #810, 'UNSPECIFIED' ) ;
#946 = CARTESIAN_POINT ( 'NONE',  ( -2.550000000000007816, 7.166478576777890019, -23.96471364318798081 ) ) ;
#947 = FACE_OUTER_BOUND ( 'NONE', #609, .T. ) ;
#948 = ORIENTED_EDGE ( 'NONE', *, *, #471, .F. ) ;
#949 = CARTESIAN_POINT ( 'NONE',  ( -2.027551999844554587, 5.444651814745879115, -27.02420403644453017 ) ) ;
#950 = LINE ( 'NONE', #527, #958 ) ;
#951 = APPLICATION_CONTEXT ( 'configuration controlled 3d designs of mechanical parts and assemblies' ) ;
#952 = EDGE_CURVE ( 'NONE', #1300, #1001, #572, .T. ) ;
#953 = CARTESIAN_POINT ( 'NONE',  ( -24.10000000000000142, 3.393755415948626286, 8.386396214279610652E-14 ) ) ;
#954 = CARTESIAN_POINT ( 'NONE',  ( 1.202859149002595274, 4.596614564951210014, 27.07997503558911490 ) ) ;
#955 = ORIENTED_EDGE ( 'NONE', *, *, #214, .T. ) ;
#956 = CARTESIAN_POINT ( 'NONE',  ( -2.468456384066518350, 7.661357177610929270, 23.97327269405168337 ) ) ;
#957 = CARTESIAN_POINT ( 'NONE',  ( 1.803122292025691520, 5.196877707974298488, 24.03245201805259157 ) ) ;
#958 = VECTOR ( 'NONE', #1032, 1000.000000000000000 ) ;
#959 = AXIS2_PLACEMENT_3D ( 'NONE', #213, #629, #1042 ) ;
#960 = CARTESIAN_POINT ( 'NONE',  ( -2.550000000000007816, 7.000000000000010658, -23.96471364318798081 ) ) ;
#961 = CARTESIAN_POINT ( 'NONE',  ( 1.803122292025694184, 5.196877707974300264, 27.03994730024450277 ) ) ;
#962 = EDGE_CURVE ( 'NONE', #1064, #820, #1318, .T. ) ;
#963 = ORIENTED_EDGE ( 'NONE', *, *, #294, .T. ) ;
#964 = CARTESIAN_POINT ( 'NONE',  ( -1.277860424766097625, 9.212993275221357692, 24.06649826683677773 ) ) ;
#965 = DIRECTION ( 'NONE',  ( -0.000000000000000000, -0.000000000000000000, 1.000000000000000000 ) ) ;
#966 = CARTESIAN_POINT ( 'NONE',  ( 23.97832858301030967, 7.822353730505747116, 2.419471074404778044 ) ) ;
#967 = CARTESIAN_POINT ( 'NONE',  ( 27.09243948342021469, 9.468566433974917373, 0.6605457649892340077 ) ) ;
#968 = ORIENTED_EDGE ( 'NONE', *, *, #674, .T. ) ;
#969 = CARTESIAN_POINT ( 'NONE',  ( -2.026785327698189754, 8.556526843473013955, -27.02426471317495427 ) ) ;
#970 = CARTESIAN_POINT ( 'NONE',  ( -2.550000000000007816, 6.833602086851735535, -23.96471364318797725 ) ) ;
#971 = CARTESIAN_POINT ( 'NONE',  ( 27.03994730024451698, 5.196877707974308258, 1.803122292025418183 ) ) ;
#972 = B_SPLINE_CURVE_WITH_KNOTS ( 'NONE', 3,
 ( #636, #1158, #930, #27, #1050, #432, #1260, #648, #725, #521, #547, #328, #851, #321, #542, #131, #946, #960 ),
 .UNSPECIFIED., .F., .F.,
 ( 4, 2, 2, 2, 2, 2, 2, 2, 4 ),
 ( 0.005984214012102646862, 0.006482955733052177434, 0.006981697454001708006, 0.007480439174951237710, 0.007979180895900767415, 0.008477922616850298854, 0.008976664337799828558, 0.009475406058749358262, 0.009974147779698887967 ),
 .UNSPECIFIED. ) ;
#973 = DIRECTION ( 'NONE',  ( -2.468850131082278754E-15, 0.7071067811865437980, -0.7071067811865513475 ) ) ;
#974 = CARTESIAN_POINT ( 'NONE',  ( 23.96471364318794883, 7.000000000000010658, -2.550000000000259170 ) ) ;
#975 = ORIENTED_EDGE ( 'NONE', *, *, #194, .F. ) ;
#976 = CARTESIAN_POINT ( 'NONE',  ( -27.00971710011459237, 5.720808226340716729, -2.212183736687708180 ) ) ;
#977 = EDGE_CURVE ( 'NONE', #1138, #1130, #209, .T. ) ;
#978 = CARTESIAN_POINT ( 'NONE',  ( 3.318792825689328668E-15, 9.550000000000018474, 27.09999999999999787 ) ) ;
#979 = CARTESIAN_POINT ( 'NONE',  ( 1.922152722322801432, 5.315908138271408845, -27.03200991708635570 ) ) ;
#980 = CARTESIAN_POINT ( 'NONE',  ( 23.96650325215420807, 6.664577429840699452, -2.533337331756992494 ) ) ;
#981 = CIRCLE ( 'NONE', #656, 24.10000000000000142 ) ;
#982 = ORIENTED_EDGE ( 'NONE', *, *, #1061, .F. ) ;
#983 = CARTESIAN_POINT ( 'NONE',  ( 1.803122292025694184, 5.196877707974300264, 27.03994730024450277 ) ) ;
#984 = LOCAL_TIME ( 1, 56, 28.00000000000000000, #208 ) ;
#985 = DIRECTION ( 'NONE',  ( 0.7071067811865513475, 0.7071067811865437980, 0.000000000000000000 ) ) ;
#986 = CARTESIAN_POINT ( 'NONE',  ( -2.292051614356256373, 5.869998215214740078, 27.00297419849441738 ) ) ;
#987 = CARTESIAN_POINT ( 'NONE',  ( 2.212183736687801883, 5.720808226340716729, -27.00971710011457816 ) ) ;
#988 = CARTESIAN_POINT ( 'NONE',  ( 27.09999943542841194, 9.549994000043168896, -0.1686377277641906147 ) ) ;
#989 = ORIENTED_EDGE ( 'NONE', *, *, #977, .F. ) ;
#990 = CARTESIAN_POINT ( 'NONE',  ( 23.96471364318800568, 7.000000000000010658, 2.549999999999756906 ) ) ;
#991 = DIRECTION ( 'NONE',  ( -0.000000000000000000, -0.000000000000000000, 1.000000000000000000 ) ) ;
#992 = CARTESIAN_POINT ( 'NONE',  ( 27.10100000000001685, 5.196877707974308258, 1.803122292025417517 ) ) ;
#993 =( BOUNDED_CURVE ( )  B_SPLINE_CURVE ( 3, ( #1116, #286, #1346, #1327 ),
 .UNSPECIFIED., .F., .T. ) 
 B_SPLINE_CURVE_WITH_KNOTS ( ( 4, 4 ),
 ( 1.570796326794896780, 1.637381395432580655 ),
 .UNSPECIFIED. ) 
 CURVE ( )  GEOMETRIC_REPRESENTATION_ITEM ( )  RATIONAL_B_SPLINE_CURVE ( ( 1.000000000000000000, 0.9996305698442455867, 0.9996305698442455867, 1.000000000000000000 ) ) 
 REPRESENTATION_ITEM ( '' )  );
#994 = CARTESIAN_POINT ( 'NONE',  ( 2.027551728624359395, 5.444647156939638855, -27.02420412705691177 ) ) ;
#995 = EDGE_CURVE ( 'NONE', #83, #818, #340, .T. ) ;
#996 = ORIENTED_EDGE ( 'NONE', *, *, #855, .T. ) ;
#997 = CARTESIAN_POINT ( 'NONE',  ( -23.99834189368576887, 8.277608078996710361, 2.213218783660885869 ) ) ;
#998 = CARTESIAN_POINT ( 'NONE',  ( -27.09999999999999787, 3.393755415948626286, 9.433840615932549397E-14 ) ) ;
#999 = DIRECTION ( 'NONE',  ( -1.000000000000000000, 0.000000000000000000, 1.047444401652940007E-14 ) ) ;
#1000 = CARTESIAN_POINT ( 'NONE',  ( 2.212102238881982874, 5.720674619725303778, -23.99844135672790557 ) ) ;
#1001 = VERTEX_POINT ( 'NONE', #700 ) ;
#1002 = CARTESIAN_POINT ( 'NONE',  ( -24.09999951611819924, 9.549995426842624369, -0.1686638905806552013 ) ) ;
#1003 = EDGE_CURVE ( 'NONE', #778, #1110, #993, .T. ) ;
#1004 = VECTOR ( 'NONE', #274, 1000.000000000000000 ) ;
#1005 = VERTEX_POINT ( 'NONE', #77 ) ;
#1006 = B_SPLINE_CURVE_WITH_KNOTS ( 'NONE', 3,
 ( #139, #663, #770, #146, #473, #684, #883, #42, #1089, #783, #586, #151, #578, #1298, #763, #777, #988, #479, #889, #967, #1200, #1097, #556, #35, #459, #868, #1285, #874, #1315, #273, #1190, #392, #687, #161 ),
 .UNSPECIFIED., .F., .F.,
 ( 4, 2, 2, 2, 2, 2, 2, 2, 2, 2, 2, 2, 2, 2, 2, 2, 4 ),
 ( 0.001993832379252438551, 0.002492507437289267005, 0.002991182495326095894, 0.003489857553362924782, 0.003988532611399753236, 0.004487207669436581690, 0.004985882727473410145, 0.005484557785510239467, 0.005983232843547067921, 0.006481907901583896375, 0.006980582959620724830, 0.007479258017657554151, 0.007977933075694382606, 0.008476608133731210193, 0.008975283191768039515, 0.009473958249804868836, 0.009972633307841698158 ),
 .UNSPECIFIED. ) ;
#1007 = DIRECTION ( 'NONE',  ( -1.000000000000000000, 0.000000000000000000, 0.000000000000000000 ) ) ;
#1008 = CARTESIAN_POINT ( 'NONE',  ( 2.550000000000007816, 7.000000000000010658, -23.96471364318797725 ) ) ;
#1009 = ORIENTED_EDGE ( 'NONE', *, *, #1101, .T. ) ;
#1010 = CARTESIAN_POINT ( 'NONE',  ( 1.131584413359591590, 9.291282118323772821, 24.07391550795212964 ) ) ;
#1011 = VERTEX_POINT ( 'NONE', #185 ) ;
#1012 = FACE_OUTER_BOUND ( 'NONE', #592, .T. ) ;
#1013 = EDGE_CURVE ( 'NONE', #657, #1073, #826, .T. ) ;
#1014 = CARTESIAN_POINT ( 'NONE',  ( 2.026892624967798984, 8.556380068667952088, -27.02425651764861669 ) ) ;
#1015 = CARTESIAN_POINT ( 'NONE',  ( 27.03200913214527290, 5.315919909389172915, -1.922164493440850608 ) ) ;
#1016 = CARTESIAN_POINT ( 'NONE',  ( 2.468436710778358467, 7.661446847010374483, 23.97327473940934084 ) ) ;
#1017 = ORIENTED_EDGE ( 'NONE', *, *, #88, .F. ) ;
#1018 = DATE_TIME_ROLE ( 'classification_date' ) ;
#1019 = CARTESIAN_POINT ( 'NONE',  ( -27.03994730024449566, 5.196877707974300264, 1.803122292025788331 ) ) ;
#1020 = CARTESIAN_POINT ( 'NONE',  ( 27.02420403644450175, 5.444651814745879115, -2.027551999844838360 ) ) ;
#1021 = CARTESIAN_POINT ( 'NONE',  ( -1.203065316705817622, 4.596820732654430586, -24.07747347936132343 ) ) ;
#1022 = ORIENTED_EDGE ( 'NONE', *, *, #1259, .F. ) ;
#1023 = LINE ( 'NONE', #790, #3 ) ;
#1024 = VECTOR ( 'NONE', #1241, 1000.000000000000000 ) ;
#1025 = CARTESIAN_POINT ( 'NONE',  ( 24.09823135514765724, 9.533435498271728648, 0.3344393754519282003 ) ) ;
#1026 = CARTESIAN_POINT ( 'NONE',  ( -27.09999943542841194, 9.549994000043168896, 0.1686377277640013772 ) ) ;
#1027 = CC_DESIGN_DATE_AND_TIME_ASSIGNMENT ( #1031, #325, ( #667 ) ) ;
#1028 = FACE_BOUND ( 'NONE', #467, .T. ) ;
#1029 = ORIENTED_EDGE ( 'NONE', *, *, #962, .F. ) ;
#1030 = DIRECTION ( 'NONE',  ( 1.000000000000000000, 0.000000000000000000, 0.000000000000000000 ) ) ;
#1031 = DATE_AND_TIME ( #606, #225 ) ;
#1032 = DIRECTION ( 'NONE',  ( -1.000000000000000000, 0.000000000000000000, 1.047444401652940007E-14 ) ) ;
#1033 = CARTESIAN_POINT ( 'NONE',  ( -26.99185230119348589, 7.822266689058205991, 2.419500385316413205 ) ) ;
#1034 = CARTESIAN_POINT ( 'NONE',  ( -26.97976093296601974, 7.000000000000010658, 2.550000000000101963 ) ) ;
#1035 = EDGE_CURVE ( 'NONE', #405, #181, #1255, .T. ) ;
#1036 = EDGE_LOOP ( 'NONE', ( #1123, #809, #1152, #517 ) ) ;
#1037 = CARTESIAN_POINT ( 'NONE',  ( -1.922152722322801432, 5.315908138271408845, 27.03200991708635570 ) ) ;
#1038 = APPROVAL_STATUS ( 'not_yet_approved' ) ;
#1039 = CARTESIAN_POINT ( 'NONE',  ( -24.02352177699216895, 5.315902130634587053, -1.922146714685896818 ) ) ;
#1040 = CARTESIAN_POINT ( 'NONE',  ( -27.08795273671949744, 9.419453120827986581, 0.8226077810799596879 ) ) ;
#1041 = CARTESIAN_POINT ( 'NONE',  ( 2.550000000000007372, 7.166500917745598720, 26.97976093296602329 ) ) ;
#1042 = DIRECTION ( 'NONE',  ( 0.000000000000000000, -0.000000000000000000, 1.000000000000000000 ) ) ;
#1043 = EDGE_LOOP ( 'NONE', ( #78, #800, #544, #370 ) ) ;
#1044 = EDGE_CURVE ( 'NONE', #587, #853, #199, .T. ) ;
#1045 = CARTESIAN_POINT ( 'NONE',  ( -2.550000000000008260, 7.166500917745600496, -26.97976093296603395 ) ) ;
#1046 = APPROVAL_ROLE ( '' ) ;
#1047 = CIRCLE ( 'NONE', #1244, 24.10000000000000142 ) ;
#1048 = AXIS2_PLACEMENT_3D ( 'NONE', #581, #1086, #601 ) ;
#1049 = CARTESIAN_POINT ( 'NONE',  ( 3.318792825689327090E-15, 17.00000000000000000, 27.09999999999999787 ) ) ;
#1050 = CARTESIAN_POINT ( 'NONE',  ( -0.8227032504181792660, 9.419424806035515019, -24.08644952105494497 ) ) ;
#1051 = FACE_OUTER_BOUND ( 'NONE', #603, .T. ) ;
#1052 = ORIENTED_EDGE ( 'NONE', *, *, #935, .F. ) ;
#1053 = DIRECTION ( 'NONE',  ( 0.7071067811865512365, -0.7071067811865439090, 0.000000000000000000 ) ) ;
#1054 = EDGE_CURVE ( 'NONE', #330, #94, #332, .T. ) ;
#1055 = CARTESIAN_POINT ( 'NONE',  ( 24.10000000000000142, 3.393755415948626286, -2.521533626750350964E-13 ) ) ;
#1056 = CARTESIAN_POINT ( 'NONE',  ( 0.1685517726777693293, 9.550000000000018474, 27.09999999999999787 ) ) ;
#1057 = CARTESIAN_POINT ( 'NONE',  ( 0.6015962603514221074, 3.995351676300042953, 27.10000000000000142 ) ) ;
#1058 = ORIENTED_EDGE ( 'NONE', *, *, #881, .F. ) ;
#1059 = CARTESIAN_POINT ( 'NONE',  ( -23.97327240357225975, 7.661345956544128200, -2.468459190035198869 ) ) ;
#1060 = CARTESIAN_POINT ( 'NONE',  ( -2.468105910641673173, 6.337611288479942040, 26.98739569727883847 ) ) ;
#1061 = EDGE_CURVE ( 'NONE', #657, #564, #701, .T. ) ;
#1062 = PLANE ( 'NONE',  #849 ) ;
#1063 = CARTESIAN_POINT ( 'NONE',  ( -0.1685442100887808992, 9.550000000000022027, 27.10000000000000142 ) ) ;
#1064 = VERTEX_POINT ( 'NONE', #411 ) ;
#1065 = CARTESIAN_POINT ( 'NONE',  ( -0.3343049372107079753, 9.533452813045983021, -27.09842874543589275 ) ) ;
#1066 = B_SPLINE_CURVE_WITH_KNOTS ( 'NONE', 3,
 ( #326, #1039, #1257, #415, #823, #1248, #429, #1134, #1264, #627 ),
 .UNSPECIFIED., .F., .F.,
 ( 4, 2, 2, 2, 4 ),
 ( 0.000000000000000000, 0.0004985359646017723011, 0.0009970719292035446022, 0.001495607893805317012, 0.001994143858407089204 ),
 .UNSPECIFIED. ) ;
#1067 = CARTESIAN_POINT ( 'NONE',  ( -27.07681091606262314, 9.291345308286565796, -1.131459789037456920 ) ) ;
#1068 = CARTESIAN_POINT ( 'NONE',  ( 27.09999999999999787, 3.393755415948626286, -2.835766947246233344E-13 ) ) ;
#1069 = VECTOR ( 'NONE', #865, 1000.000000000000000 ) ;
#1070 = AXIS2_PLACEMENT_3D ( 'NONE', #369, #1305, #1083 ) ;
#1071 = CARTESIAN_POINT ( 'NONE',  ( 2.550000000000007816, 7.000000000000010658, 27.10099999999999909 ) ) ;
#1072 = PLANE ( 'NONE',  #291 ) ;
#1073 = VERTEX_POINT ( 'NONE', #1128 ) ;
#1074 = CARTESIAN_POINT ( 'NONE',  ( -27.07021244198115184, 9.213011263706313514, 1.277832947710920708 ) ) ;
#1075 = LINE ( 'NONE', #652, #875 ) ;
#1076 = CARTESIAN_POINT ( 'NONE',  ( 0.000000000000000000, 17.00000000000000000, -27.09999999999999787 ) ) ;
#1077 = CARTESIAN_POINT ( 'NONE',  ( 23.99085286771937220, 5.869817608451388224, -2.291965632912267736 ) ) ;
#1078 = ORIENTED_EDGE ( 'NONE', *, *, #55, .F. ) ;
#1079 = CARTESIAN_POINT ( 'NONE',  ( -24.01480021290276312, 8.556437606497244275, 2.026850207822012528 ) ) ;
#1080 = EDGE_CURVE ( 'NONE', #1103, #1138, #1129, .T. ) ;
#1081 = CARTESIAN_POINT ( 'NONE',  ( -27.10099999999999199, 5.196877707974298488, 1.803122292025786111 ) ) ;
#1082 = CARTESIAN_POINT ( 'NONE',  ( 2.419466665060991950, 7.822367276246241730, -23.97832903357057077 ) ) ;
#1083 = DIRECTION ( 'NONE',  ( 0.000000000000000000, 0.000000000000000000, -1.000000000000000000 ) ) ;
#1084 = ORIENTED_EDGE ( 'NONE', *, *, #962, .T. ) ;
#1085 = CARTESIAN_POINT ( 'NONE',  ( 2.027551999844554587, 5.444651814745879115, 27.02420403644453017 ) ) ;
#1086 = DIRECTION ( 'NONE',  ( -1.000000000000000000, 0.000000000000000000, 1.047444401652940007E-14 ) ) ;
#1087 = CARTESIAN_POINT ( 'NONE',  ( -2.550000000000007816, 7.000000000000010658, 26.97976093296603040 ) ) ;
#1088 = CARTESIAN_POINT ( 'NONE',  ( 2.533845824013226888, 7.332107778510191132, -23.96644958944762394 ) ) ;
#1089 = CARTESIAN_POINT ( 'NONE',  ( 27.03206571913843348, 8.684889647169590887, -1.921276563013202487 ) ) ;
#1090 = CIRCLE ( 'NONE', #1132, 24.10000000000000142 ) ;
#1091 = ORIENTED_EDGE ( 'NONE', *, *, #1044, .F. ) ;
#1092 = CARTESIAN_POINT ( 'NONE',  ( 2.468099860239739929, 6.337605652095742670, 26.98739624036349127 ) ) ;
#1093 = LINE ( 'NONE', #384, #1336 ) ;
#1094 = CARTESIAN_POINT ( 'NONE',  ( -24.07747347936132698, 4.596820732654428809, -1.203065316705731691 ) ) ;
#1095 = ADVANCED_FACE ( 'NONE', ( #1028, #643 ), #322, .T. ) ;
#1096 = CARTESIAN_POINT ( 'NONE',  ( 2.292294710966629623, 8.129376747793424229, -23.99082047666543360 ) ) ;
#1097 = CARTESIAN_POINT ( 'NONE',  ( 27.07681091606263024, 9.291345308286564020, 1.131459789037267516 ) ) ;
#1098 = ORIENTED_EDGE ( 'NONE', *, *, #641, .F. ) ;
#1099 = CARTESIAN_POINT ( 'NONE',  ( -24.09823135514765013, 9.533435498271726871, -0.3344393754520958995 ) ) ;
#1100 = DIRECTION ( 'NONE',  ( -1.000000000000000000, 0.000000000000000000, 0.000000000000000000 ) ) ;
#1101 = EDGE_CURVE ( 'NONE', #551, #498, #258, .T. ) ;
#1102 = CARTESIAN_POINT ( 'NONE',  ( 24.06649079850300055, 9.212912928241145494, -1.278002162675367037 ) ) ;
#1103 = VERTEX_POINT ( 'NONE', #28 ) ;
#1104 = DIRECTION ( 'NONE',  ( 0.000000000000000000, 1.000000000000000000, 0.000000000000000000 ) ) ;
#1105 = VERTEX_POINT ( 'NONE', #1170 ) ;
#1106 = CARTESIAN_POINT ( 'NONE',  ( 23.96471364318794883, 7.000000000000010658, -2.550000000000259170 ) ) ;
#1107 = ORIENTED_EDGE ( 'NONE', *, *, #524, .T. ) ;
#1108 = CARTESIAN_POINT ( 'NONE',  ( -26.98135154056264895, 6.664528103750765098, 2.533326232264283995 ) ) ;
#1109 = CC_DESIGN_DATE_AND_TIME_ASSIGNMENT ( #187, #1018, ( #1111 ) ) ;
#1110 = VERTEX_POINT ( 'NONE', #1151 ) ;
#1111 = SECURITY_CLASSIFICATION ( '', '', #500 ) ;
#1112 = CYLINDRICAL_SURFACE ( 'NONE', #1312, 2.550000000000007816 ) ;
#1113 = DESIGN_CONTEXT ( 'detailed design', #584, 'design' ) ;
#1114 = CARTESIAN_POINT ( 'NONE',  ( 24.01480021290275602, 8.556437606497246051, -2.026850207822179950 ) ) ;
#1115 = VERTEX_POINT ( 'NONE', #439 ) ;
#1116 = CARTESIAN_POINT ( 'NONE',  ( 2.807381233234153746E-16, 3.393755415948626286, -27.09999999999999787 ) ) ;
#1117 = ORIENTED_EDGE ( 'NONE', *, *, #404, .T. ) ;
#1118 = EDGE_CURVE ( 'NONE', #343, #1209, #699, .T. ) ;
#1119 = CARTESIAN_POINT ( 'NONE',  ( 0.000000000000000000, 0.000000000000000000, 0.000000000000000000 ) ) ;
#1120 = CARTESIAN_POINT ( 'NONE',  ( 1.922146714685980307, 5.315902130634587053, -24.02352177699216895 ) ) ;
#1121 = ORIENTED_EDGE ( 'NONE', *, *, #117, .F. ) ;
#1122 = CARTESIAN_POINT ( 'NONE',  ( 26.98134940430193751, 6.664667388005118376, 2.533349093714648781 ) ) ;
#1123 = ORIENTED_EDGE ( 'NONE', *, *, #13, .T. ) ;
#1124 = COORDINATED_UNIVERSAL_TIME_OFFSET ( 8, 0, .AHEAD. ) ;
#1125 = CARTESIAN_POINT ( 'NONE',  ( 23.99834189368575466, 8.277608078996708585, -2.213218783661053291 ) ) ;
#1126 = EDGE_LOOP ( 'NONE', ( #262, #1332, #440, #1326 ) ) ;
#1127 = CARTESIAN_POINT ( 'NONE',  ( -2.550000000000007816, 7.000000000000010658, -26.97976093296602684 ) ) ;
#1128 = CARTESIAN_POINT ( 'NONE',  ( 23.96471364318800568, 7.000000000000010658, 2.549999999999756906 ) ) ;
#1129 =( BOUNDED_CURVE ( )  B_SPLINE_CURVE ( 3, ( #750, #1057, #954, #840 ),
 .UNSPECIFIED., .F., .F. ) 
 B_SPLINE_CURVE_WITH_KNOTS ( ( 4, 4 ),
 ( 1.570796326794896780, 1.637381395432580655 ),
 .UNSPECIFIED. ) 
 CURVE ( )  GEOMETRIC_REPRESENTATION_ITEM ( )  RATIONAL_B_SPLINE_CURVE ( ( 1.000000000000000000, 0.9996305698442455867, 0.9996305698442455867, 1.000000000000000000 ) ) 
 REPRESENTATION_ITEM ( '' )  );
#1130 = VERTEX_POINT ( 'NONE', #1159 ) ;
#1131 = CARTESIAN_POINT ( 'NONE',  ( -1.922146714685980307, 5.315902130634587053, 24.02352177699216895 ) ) ;
#1132 = AXIS2_PLACEMENT_3D ( 'NONE', #347, #1284, #157 ) ;
#1133 = AXIS2_PLACEMENT_3D ( 'NONE', #569, #671, #678 ) ;
#1134 = CARTESIAN_POINT ( 'NONE',  ( -23.96650502488575540, 6.664476553658331248, -2.533320465936482080 ) ) ;
#1135 = EDGE_CURVE ( 'NONE', #63, #16, #649, .T. ) ;
#1136 = CARTESIAN_POINT ( 'NONE',  ( 1.921249731733719379, 8.684920626486354323, 27.03206764713015886 ) ) ;
#1137 = CARTESIAN_POINT ( 'NONE',  ( 26.99181902696467361, 6.178670070267978431, 2.419880530732047674 ) ) ;
#1138 = VERTEX_POINT ( 'NONE', #961 ) ;
#1139 = CARTESIAN_POINT ( 'NONE',  ( 2.807381233234153746E-16, 3.393755415948626286, -27.09999999999999787 ) ) ;
#1140 = CARTESIAN_POINT ( 'NONE',  ( -27.07997503558911134, 4.596614564951210014, 1.202859149002689643 ) ) ;
#1141 = ADVANCED_FACE ( 'NONE', ( #10 ), #1072, .F. ) ;
#1142 = CARTESIAN_POINT ( 'NONE',  ( -26.98736540335272593, 7.661445620149333280, -2.468438334683632718 ) ) ;
#1143 = CARTESIAN_POINT ( 'NONE',  ( -2.807381233234153746E-16, 3.393755415948626286, 24.10000000000000142 ) ) ;
#1144 = CARTESIAN_POINT ( 'NONE',  ( -24.01474050373146341, 5.444606001022696873, 2.027516653769700028 ) ) ;
#1145 = ORIENTED_EDGE ( 'NONE', *, *, #912, .F. ) ;
#1146 = CARTESIAN_POINT ( 'NONE',  ( -2.291986228393601444, 5.869854655228616380, -27.00297982809721375 ) ) ;
#1147 = PERSON_AND_ORGANIZATION_ROLE ( 'creator' ) ;
#1148 = CARTESIAN_POINT ( 'NONE',  ( 24.03245201805260578, 5.196877707974308258, 1.803122292025449713 ) ) ;
#1149 = CARTESIAN_POINT ( 'NONE',  ( -27.03206571913844414, 8.684889647169590887, 1.921276563013012417 ) ) ;
#1150 = CARTESIAN_POINT ( 'NONE',  ( 2.807381233234153746E-16, 3.393755415948626286, -27.10099999999999909 ) ) ;
#1151 = CARTESIAN_POINT ( 'NONE',  ( -1.803122292025694184, 5.196877707974300264, -27.03994730024450277 ) ) ;
#1152 = ORIENTED_EDGE ( 'NONE', *, *, #1187, .T. ) ;
#1153 = CARTESIAN_POINT ( 'NONE',  ( -2.213149829402992541, 8.277728705452354063, 23.99834830389705687 ) ) ;
#1154 = ADVANCED_FACE ( 'NONE', ( #931, #1051 ), #121, .F. ) ;
#1155 = AXIS2_PLACEMENT_3D ( 'NONE', #828, #752, #12 ) ;
#1156 = CC_DESIGN_APPROVAL ( #65, ( #850 ) ) ;
#1157 = CARTESIAN_POINT ( 'NONE',  ( 27.07997503558910424, 4.596614564951210014, -1.202859149002878825 ) ) ;
#1158 = CARTESIAN_POINT ( 'NONE',  ( -0.1685926327077353071, 9.550000000000022027, -24.10000000000000497 ) ) ;
#1159 = CARTESIAN_POINT ( 'NONE',  ( 2.550000000000007816, 7.000000000000010658, 26.97976093296602684 ) ) ;
#1160 = ORIENTED_EDGE ( 'NONE', *, *, #576, .T. ) ;
#1161 = CARTESIAN_POINT ( 'NONE',  ( -24.09999999999999432, 3.995498970636517377, 0.6017435546879814634 ) ) ;
#1162 = ADVANCED_FACE ( 'NONE', ( #113, #425 ), #1252, .F. ) ;
#1163 = FACE_OUTER_BOUND ( 'NONE', #229, .T. ) ;
#1164 = CARTESIAN_POINT ( 'NONE',  ( -0.6015962603514228846, 3.995351676300042953, 27.10000000000000142 ) ) ;
#1165 = CARTESIAN_POINT ( 'NONE',  ( -24.02352239413100676, 5.315893905258107566, 1.922138489309585418 ) ) ;
#1166 = ORIENTED_EDGE ( 'NONE', *, *, #31, .F. ) ;
#1167 = CARTESIAN_POINT ( 'NONE',  ( -2.213210147202709699, 8.277628828472366251, -27.00963611188874225 ) ) ;
#1168 = CARTESIAN_POINT ( 'NONE',  ( 2.468081376898807910, 6.337519317979825040, 23.97331121245033358 ) ) ;
#1169 = CARTESIAN_POINT ( 'NONE',  ( 2.550000000000007816, 7.000000000000010658, -26.97976093296603040 ) ) ;
#1170 = CARTESIAN_POINT ( 'NONE',  ( 24.10000000000000142, 3.393755415948626286, -2.521533626750350964E-13 ) ) ;
#1171 = ORIENTED_EDGE ( 'NONE', *, *, #188, .F. ) ;
#1172 = B_SPLINE_CURVE_WITH_KNOTS ( 'NONE', 3,
 ( #123, #336, #230, #1059, #545, #382, #364, #272, #172, #785, #593, #166, #482, #377, #355, #1099, #1002, #160, #571, #487, #580, #686, #773, #588, #896, #1181, #1079, #997, #891, #779, #1202, #59, #673, #64 ),
 .UNSPECIFIED., .F., .F.,
 ( 4, 2, 2, 2, 2, 2, 2, 2, 2, 2, 2, 2, 2, 2, 2, 2, 4 ),
 ( 0.001994143858407089204, 0.002492894103487822751, 0.002991644348568555864, 0.003490394593649294615, 0.003989144838730033366, 0.004487895083810771249, 0.004986645328891509132, 0.005485395573972247016, 0.005984145819052984899, 0.006482896064133722783, 0.006981646309214460666, 0.007480396554295198550, 0.007979146799375936433, 0.008477897044456674316, 0.008976647289537412200, 0.009475397534618150083, 0.009974147779698887967 ),
 .UNSPECIFIED. ) ;
#1173 = CARTESIAN_POINT ( 'NONE',  ( -0.6604417331775099820, 9.468594673908928172, -27.09244206378575370 ) ) ;
#1174 = CARTESIAN_POINT ( 'NONE',  ( -27.00963486529081337, 8.277602298442715778, 2.213225201043605761 ) ) ;
#1175 = DIRECTION ( 'NONE',  ( 1.000000000000000000, 0.000000000000000000, -3.491481338843133355E-15 ) ) ;
#1176 = VECTOR ( 'NONE', #40, 1000.000000000000000 ) ;
#1177 = ADVANCED_FACE ( 'NONE', ( #947, #57 ), #563, .T. ) ;
#1178 = CARTESIAN_POINT ( 'NONE',  ( 1.477071985857687240E-14, 9.550000000000018474, -24.10000000000000142 ) ) ;
#1179 = CARTESIAN_POINT ( 'NONE',  ( 23.96471364318794883, 6.833602086851735535, -2.550000000000259615 ) ) ;
#1180 = VERTEX_POINT ( 'NONE', #974 ) ;
#1181 = CARTESIAN_POINT ( 'NONE',  ( -24.02357845880749565, 8.684808372807275134, 1.921345823202399217 ) ) ;
#1182 = CARTESIAN_POINT ( 'NONE',  ( -27.05570583378950289, 9.027864730165987339, 1.555004994106279792 ) ) ;
#1183 = LINE ( 'NONE', #137, #595 ) ;
#1184 =( BOUNDED_CURVE ( )  B_SPLINE_CURVE ( 3, ( #628, #724, #431, #560 ),
 .UNSPECIFIED., .F., .T. ) 
 B_SPLINE_CURVE_WITH_KNOTS ( ( 4, 4 ),
 ( 4.645803911747005799, 4.712388980384689674 ),
 .UNSPECIFIED. ) 
 CURVE ( )  GEOMETRIC_REPRESENTATION_ITEM ( )  RATIONAL_B_SPLINE_CURVE ( ( 1.000000000000000000, 0.9996305698442455867, 0.9996305698442455867, 1.000000000000000000 ) ) 
 REPRESENTATION_ITEM ( '' )  );
#1185 = PLANE ( 'NONE',  #25 ) ;
#1186 = CYLINDRICAL_SURFACE ( 'NONE', #1133, 2.550000000000007816 ) ;
#1187 = EDGE_CURVE ( 'NONE', #1180, #254, #393, .T. ) ;
#1188 = ORIENTED_EDGE ( 'NONE', *, *, #600, .F. ) ;
#1189 = CARTESIAN_POINT ( 'NONE',  ( 23.99085468417324307, 5.869775210731050130, 2.291946978659097134 ) ) ;
#1190 = CARTESIAN_POINT ( 'NONE',  ( 26.98736540335274015, 7.661445620149333280, 2.468438334683444424 ) ) ;
#1191 = LINE ( 'NONE', #1081, #1069 ) ;
#1192 = CARTESIAN_POINT ( 'NONE',  ( 24.01480682858755600, 8.556539752693000267, 2.026772293626964760 ) ) ;
#1193 = CARTESIAN_POINT ( 'NONE',  ( 23.99844052548960960, 5.720688979975031785, -2.212111567577806248 ) ) ;
#1194 = EDGE_LOOP ( 'NONE', ( #215, #1220, #834, #532 ) ) ;
#1195 = CYLINDRICAL_SURFACE ( 'NONE', #1334, 2.550000000000007816 ) ;
#1196 = CYLINDRICAL_SURFACE ( 'NONE', #1048, 2.550000000000007816 ) ;
#1197 = DIRECTION ( 'NONE',  ( -0.000000000000000000, -1.000000000000000000, -0.000000000000000000 ) ) ;
#1198 = VECTOR ( 'NONE', #999, 1000.000000000000000 ) ;
#1199 = CARTESIAN_POINT ( 'NONE',  ( 24.07392078764384635, 9.291336949874620998, 1.131466402863612108 ) ) ;
#1200 = CARTESIAN_POINT ( 'NONE',  ( 27.08795557063243820, 9.419485675542404124, 0.8225288091370602794 ) ) ;
#1201 = ORIENTED_EDGE ( 'NONE', *, *, #620, .T. ) ;
#1202 = CARTESIAN_POINT ( 'NONE',  ( -23.97327503008673588, 7.661458074560312248, 2.468433902883266473 ) ) ;
#1203 = DIRECTION ( 'NONE',  ( -0.000000000000000000, -0.000000000000000000, 1.000000000000000000 ) ) ;
#1204 = EDGE_CURVE ( 'NONE', #1064, #727, #353, .T. ) ;
#1205 = CARTESIAN_POINT ( 'NONE',  ( -2.419852708894680404, 6.178573256754540388, 23.97829106290430445 ) ) ;
#1206 = DIRECTION ( 'NONE',  ( -2.468850131082278360E-15, -0.7071067811865439090, -0.7071067811865512365 ) ) ;
#1207 = CARTESIAN_POINT ( 'NONE',  ( 26.98739624036346640, 6.337605652095742670, -2.468099860240022370 ) ) ;
#1208 = FACE_OUTER_BOUND ( 'NONE', #746, .T. ) ;
#1209 = VERTEX_POINT ( 'NONE', #253 ) ;
#1210 = CYLINDRICAL_SURFACE ( 'NONE', #1246, 2.550000000000007816 ) ;
#1211 = CARTESIAN_POINT ( 'NONE',  ( 0.000000000000000000, 17.00000000000000000, 0.000000000000000000 ) ) ;
#1212 = CARTESIAN_POINT ( 'NONE',  ( 1.921388482001840758, 8.684763004291284005, -27.03205776340161748 ) ) ;
#1213 = VERTEX_POINT ( 'NONE', #261 ) ;
#1214 = DIRECTION ( 'NONE',  ( 0.000000000000000000, 1.000000000000000000, 0.000000000000000000 ) ) ;
#1215 = CARTESIAN_POINT ( 'NONE',  ( 27.00971710011459592, 5.720808226340716729, 2.212183736687518110 ) ) ;
#1216 = ORIENTED_EDGE ( 'NONE', *, *, #881, .T. ) ;
#1217 = CARTESIAN_POINT ( 'NONE',  ( -27.10000000000000497, 3.995351676300042953, -0.6015962603513280715 ) ) ;
#1218 = CARTESIAN_POINT ( 'NONE',  ( 23.96644873262528463, 7.332078258513818447, -2.533854129094220475 ) ) ;
#1219 = ADVANCED_FACE ( 'NONE', ( #362 ), #1186, .F. ) ;
#1220 = ORIENTED_EDGE ( 'NONE', *, *, #697, .F. ) ;
#1221 = CARTESIAN_POINT ( 'NONE',  ( -27.03994730024449566, 5.196877707974300264, 1.803122292025788331 ) ) ;
#1222 = VECTOR ( 'NONE', #9, 1000.000000000000000 ) ;
#1223 = ORIENTED_EDGE ( 'NONE', *, *, #674, .F. ) ;
#1224 = AXIS2_PLACEMENT_3D ( 'NONE', #892, #589, #167 ) ;
#1225 = CALENDAR_DATE ( 2026, 6, 3 ) ;
#1226 = FACE_OUTER_BOUND ( 'NONE', #644, .T. ) ;
#1227 = ORIENTED_EDGE ( 'NONE', *, *, #117, .T. ) ;
#1228 = CARTESIAN_POINT ( 'NONE',  ( -27.02420403644452307, 5.444651814745879115, 2.027551999844649178 ) ) ;
#1229 = ORIENTED_EDGE ( 'NONE', *, *, #1135, .F. ) ;
#1230 = CARTESIAN_POINT ( 'NONE',  ( 0.3345050127747739022, 9.533425772376592278, -27.09842620505770228 ) ) ;
#1231 = EDGE_LOOP ( 'NONE', ( #615, #1058, #426, #1145, #757 ) ) ;
#1232 = CARTESIAN_POINT ( 'NONE',  ( -27.00297982809720665, 5.869854655228616380, 2.291986228393696035 ) ) ;
#1233 = ORIENTED_EDGE ( 'NONE', *, *, #1080, .F. ) ;
#1234 = CARTESIAN_POINT ( 'NONE',  ( 0.000000000000000000, 0.000000000000000000, 0.000000000000000000 ) ) ;
#1235 = APPROVAL_ROLE ( '' ) ;
#1236 = EDGE_CURVE ( 'NONE', #114, #657, #1006, .T. ) ;
#1237 = B_SPLINE_CURVE_WITH_KNOTS ( 'NONE', 3,
 ( #1263, #847, #842, #956, #37, #23, #1153, #134, #243, #461, #441, #964, #448, #533, #1275, #344, #734, #658 ),
 .UNSPECIFIED., .F., .F.,
 ( 4, 2, 2, 2, 2, 2, 2, 2, 4 ),
 ( 0.001994143858407089204, 0.002492902627619034400, 0.002991661396830979595, 0.003490420166042924790, 0.003989178935254869551, 0.004487937704466815614, 0.004986696473678759942, 0.005485455242890706004, 0.005984214012102650332 ),
 .UNSPECIFIED. ) ;
#1238 = CARTESIAN_POINT ( 'NONE',  ( 27.10000000000000853, 3.995351676300042953, 0.6015962603511390006 ) ) ;
#1239 = CARTESIAN_POINT ( 'NONE',  ( -27.09842723641495255, 9.533436749444545555, -0.3344236581897672145 ) ) ;
#1240 = LINE ( 'NONE', #1150, #1270 ) ;
#1241 = DIRECTION ( 'NONE',  ( -1.000000000000000000, 0.000000000000000000, 1.047444401652940007E-14 ) ) ;
#1242 = VERTEX_POINT ( 'NONE', #788 ) ;
#1243 = CARTESIAN_POINT ( 'NONE',  ( 0.000000000000000000, 17.00000000000000000, -27.09999999999999787 ) ) ;
#1244 = AXIS2_PLACEMENT_3D ( 'NONE', #315, #582, #484 ) ;
#1245 = PERSON_AND_ORGANIZATION ( #879, #722 ) ;
#1246 = AXIS2_PLACEMENT_3D ( 'NONE', #154, #80, #74 ) ;
#1247 = ADVANCED_FACE ( 'NONE', ( #60 ), #1210, .F. ) ;
#1248 = CARTESIAN_POINT ( 'NONE',  ( -23.97829106290432222, 6.178573256754541276, -2.419852708894595583 ) ) ;
#1249 = B_SPLINE_CURVE_WITH_KNOTS ( 'NONE', 3,
 ( #1304, #49, #472, #882, #966, #782, #1297, #1192, #368, #260, #677, #888, #1199, #269, #799, #1025, #906, #1338, #812, #806, #485, #508, #1102, #1311, #715, #894, #1114, #1125, #169, #409, #290, #1218, #911, #1106 ),
 .UNSPECIFIED., .F., .F.,
 ( 4, 2, 2, 2, 2, 2, 2, 2, 2, 2, 2, 2, 2, 2, 2, 2, 4 ),
 ( 0.001994143858407089204, 0.002492894103487822317, 0.002991644348568555864, 0.003490394593649293747, 0.003989144838730032498, 0.004487895083810771249, 0.004986645328891509132, 0.005485395573972247016, 0.005984145819052984899, 0.006482896064133722783, 0.006981646309214460666, 0.007480396554295198550, 0.007979146799375936433, 0.008477897044456674316, 0.008976647289537412200, 0.009475397534618150083, 0.009974147779698887967 ),
 .UNSPECIFIED. ) ;
#1250 = CARTESIAN_POINT ( 'NONE',  ( -26.97976093296602684, 7.166497182460036086, 2.550000000000101963 ) ) ;
#1251 = CARTESIAN_POINT ( 'NONE',  ( -1.803122292025691520, 5.196877707974298488, -24.03245201805259157 ) ) ;
#1252 = PLANE ( 'NONE',  #959 ) ;
#1253 = ORIENTED_EDGE ( 'NONE', *, *, #194, .T. ) ;
#1254 = CARTESIAN_POINT ( 'NONE',  ( 26.97976093296605882, 7.000000000000010658, 2.549999999999725375 ) ) ;
#1255 = B_SPLINE_CURVE_WITH_KNOTS ( 'NONE', 3,
 ( #599, #191, #198, #84, #99, #1010, #106, #814, #504, #313, #925, #604, #914, #205, #1016, #515, #908, #406 ),
 .UNSPECIFIED., .F., .F.,
 ( 4, 2, 2, 2, 2, 2, 2, 2, 4 ),
 ( 0.005984214012102650332, 0.006482955733052180036, 0.006981697454001708873, 0.007480439174951238578, 0.007979180895900769149, 0.008477922616850298854, 0.008976664337799828558, 0.009475406058749358262, 0.009974147779698887967 ),
 .UNSPECIFIED. ) ;
#1256 = PERSON_AND_ORGANIZATION_ROLE ( 'creator' ) ;
#1257 = CARTESIAN_POINT ( 'NONE',  ( -24.01474001445559026, 5.444614569246327029, -2.027522109788334248 ) ) ;
#1258 = CARTESIAN_POINT ( 'NONE',  ( -26.97976093296601974, 7.000000000000010658, 2.550000000000101963 ) ) ;
#1259 = EDGE_CURVE ( 'NONE', #1011, #192, #1093, .T. ) ;
#1260 = CARTESIAN_POINT ( 'NONE',  ( -1.278041417200375118, 9.212890060182253649, -24.06648869245962885 ) ) ;
#1261 = CARTESIAN_POINT ( 'NONE',  ( -0.8225968236740620609, 9.419462257294624052, 27.08795347315719226 ) ) ;
#1262 = ORIENTED_EDGE ( 'NONE', *, *, #231, .T. ) ;
#1263 = CARTESIAN_POINT ( 'NONE',  ( -2.550000000000007816, 7.000000000000010658, 23.96471364318797725 ) ) ;
#1264 = CARTESIAN_POINT ( 'NONE',  ( -23.96471364318798791, 6.833551378970134316, -2.549999999999924327 ) ) ;
#1265 = CARTESIAN_POINT ( 'NONE',  ( 2.026785327698191974, 8.556526843473010402, 27.02426471317495427 ) ) ;
#1266 = CARTESIAN_POINT ( 'NONE',  ( -24.03245201805258446, 5.196877707974298488, 1.803122292025775453 ) ) ;
#1267 = EDGE_LOOP ( 'NONE', ( #107, #860, #630, #474 ) ) ;
#1268 = CARTESIAN_POINT ( 'NONE',  ( -2.212143128628823785, 5.720743236129967713, -27.00972035571487950 ) ) ;
#1269 = AXIS2_PLACEMENT_3D ( 'NONE', #1211, #921, #386 ) ;
#1270 = VECTOR ( 'NONE', #939, 1000.000000000000000 ) ;
#1271 = CARTESIAN_POINT ( 'NONE',  ( -2.550000000000007816, 7.000000000000010658, 26.97976093296603040 ) ) ;
#1272 = CARTESIAN_POINT ( 'NONE',  ( 2.419494598185878864, 7.822284469567614806, 26.99185282651275841 ) ) ;
#1273 = CARTESIAN_POINT ( 'NONE',  ( -23.99844052548962736, 5.720688979975031785, 2.212111567577638827 ) ) ;
#1274 = ORIENTED_EDGE ( 'NONE', *, *, #559, .T. ) ;
#1275 = CARTESIAN_POINT ( 'NONE',  ( -0.6605302935318991819, 9.468571603191064057, 24.09149860413826971 ) ) ;
#1276 =( BOUNDED_CURVE ( )  B_SPLINE_CURVE ( 3, ( #476, #804, #1217, #998 ),
 .UNSPECIFIED., .F., .F. ) 
 B_SPLINE_CURVE_WITH_KNOTS ( ( 4, 4 ),
 ( 4.645803911747005799, 4.712388980384689674 ),
 .UNSPECIFIED. ) 
 CURVE ( )  GEOMETRIC_REPRESENTATION_ITEM ( )  RATIONAL_B_SPLINE_CURVE ( ( 1.000000000000000000, 0.9996305698442455867, 0.9996305698442455867, 1.000000000000000000 ) ) 
 REPRESENTATION_ITEM ( '' )  );
#1277 = CARTESIAN_POINT ( 'NONE',  ( -2.027551728624359395, 5.444647156939638855, 27.02420412705691177 ) ) ;
#1278 = DIRECTION ( 'NONE',  ( -0.000000000000000000, -1.000000000000000000, -0.000000000000000000 ) ) ;
#1279 = CARTESIAN_POINT ( 'NONE',  ( -2.807381233234153746E-16, 3.393755415948626286, 27.10099999999999909 ) ) ;
#1280 = ORIENTED_EDGE ( 'NONE', *, *, #488, .T. ) ;
#1281 = CARTESIAN_POINT ( 'NONE',  ( -2.468099860239739929, 6.337605652095742670, -26.98739624036349127 ) ) ;
#1282 = CARTESIAN_POINT ( 'NONE',  ( 3.318792825689327090E-15, 17.00000000000000000, 27.09999999999999787 ) ) ;
#1283 = FACE_OUTER_BOUND ( 'NONE', #605, .T. ) ;
#1284 = DIRECTION ( 'NONE',  ( 0.000000000000000000, 1.000000000000000000, 0.000000000000000000 ) ) ;
#1285 = CARTESIAN_POINT ( 'NONE',  ( 27.02425822421224311, 8.556409845268523995, 2.026870045471850457 ) ) ;
#1286 = ORIENTED_EDGE ( 'NONE', *, *, #140, .F. ) ;
#1287 = CARTESIAN_POINT ( 'NONE',  ( 0.000000000000000000, 0.000000000000000000, 0.000000000000000000 ) ) ;
#1288 = CARTESIAN_POINT ( 'NONE',  ( -2.468081376898807910, 6.337519317979825040, -23.97331121245033358 ) ) ;
#1289 = DIRECTION ( 'NONE',  ( 0.000000000000000000, 0.000000000000000000, -1.000000000000000000 ) ) ;
#1290 = ADVANCED_FACE ( 'NONE', ( #378 ), #1196, .F. ) ;
#1291 = LOCAL_TIME ( 1, 56, 28.00000000000000000, #1337 ) ;
#1292 = CARTESIAN_POINT ( 'NONE',  ( 2.213149829402993429, 8.277728705452354063, -23.99834830389705687 ) ) ;
#1293 = CARTESIAN_POINT ( 'NONE',  ( 24.03245201805257381, 5.196877707974298488, -1.803122292025943318 ) ) ;
#1294 = ORIENTED_EDGE ( 'NONE', *, *, #294, .F. ) ;
#1295 = CARTESIAN_POINT ( 'NONE',  ( 1.922164493440567057, 5.315919909389172915, 27.03200913214530487 ) ) ;
#1296 = LINE ( 'NONE', #45, #422 ) ;
#1297 = CARTESIAN_POINT ( 'NONE',  ( 23.99834723524129743, 8.277708499835355838, 2.213161295833605990 ) ) ;
#1298 = CARTESIAN_POINT ( 'NONE',  ( 27.08795273671950454, 9.419453120827991910, -0.8226077810801497581 ) ) ;
#1299 = EDGE_CURVE ( 'NONE', #820, #1115, #1276, .T. ) ;
#1300 = VERTEX_POINT ( 'NONE', #886 ) ;
#1301 = CARTESIAN_POINT ( 'NONE',  ( -26.98739569727884557, 6.337611288479942040, -2.468105910641579914 ) ) ;
#1302 = FACE_OUTER_BOUND ( 'NONE', #36, .T. ) ;
#1303 = CARTESIAN_POINT ( 'NONE',  ( 0.000000000000000000, 17.00000000000000000, 0.000000000000000000 ) ) ;
#1304 = CARTESIAN_POINT ( 'NONE',  ( 23.96471364318800568, 7.000000000000010658, 2.549999999999756906 ) ) ;
#1305 = DIRECTION ( 'NONE',  ( -0.000000000000000000, -1.000000000000000000, -0.000000000000000000 ) ) ;
#1306 = ORIENTED_EDGE ( 'NONE', *, *, #1101, .F. ) ;
#1307 = CARTESIAN_POINT ( 'NONE',  ( -27.00297419849442804, 5.869998215214740966, -2.292051614356162670 ) ) ;
#1308 = ADVANCED_FACE ( 'NONE', ( #1302 ), #288, .F. ) ;
#1309 = CARTESIAN_POINT ( 'NONE',  ( 0.000000000000000000, 0.000000000000000000, 0.000000000000000000 ) ) ;
#1310 = VECTOR ( 'NONE', #848, 1000.000000000000000 ) ;
#1311 = CARTESIAN_POINT ( 'NONE',  ( 24.05017228287226061, 9.027755189707249883, -1.555146953311860925 ) ) ;
#1312 = AXIS2_PLACEMENT_3D ( 'NONE', #703, #1203, #174 ) ;
#1313 = CARTESIAN_POINT ( 'NONE',  ( 27.00297982809719244, 5.869854655228616380, -2.291986228393884328 ) ) ;
#1314 = CARTESIAN_POINT ( 'NONE',  ( 24.03245201805260578, 5.196877707974308258, 1.803122292025449713 ) ) ;
#1315 = CARTESIAN_POINT ( 'NONE',  ( 27.00294464809462269, 8.129178334488640800, 2.292389823764977130 ) ) ;
#1316 = DIRECTION ( 'NONE',  ( 1.000000000000000000, 0.000000000000000000, -3.491481338843133355E-15 ) ) ;
#1317 = CARTESIAN_POINT ( 'NONE',  ( 1.555114272582982293, 9.027779528544181531, -27.05569945135264831 ) ) ;
#1318 = B_SPLINE_CURVE_WITH_KNOTS ( 'NONE', 3,
 ( #250, #666, #148, #1301, #565, #1307, #976, #44, #680, #877 ),
 .UNSPECIFIED., .F., .F.,
 ( 4, 2, 2, 2, 4 ),
 ( 0.009972633307841696423, 0.01047104103628231607, 0.01096944876472293398, 0.01146785649316355363, 0.01196626422160417327 ),
 .UNSPECIFIED. ) ;
#1319 = ORIENTED_EDGE ( 'NONE', *, *, #1236, .F. ) ;
#1320 =( BOUNDED_CURVE ( )  B_SPLINE_CURVE ( 3, ( #1143, #112, #530, #62 ),
 .UNSPECIFIED., .F., .T. ) 
 B_SPLINE_CURVE_WITH_KNOTS ( ( 4, 4 ),
 ( 1.570796326794896558, 1.645684658435244474 ),
 .UNSPECIFIED. ) 
 CURVE ( )  GEOMETRIC_REPRESENTATION_ITEM ( )  RATIONAL_B_SPLINE_CURVE ( ( 1.000000000000000000, 0.9995326994180089297, 0.9995326994180089297, 1.000000000000000000 ) ) 
 REPRESENTATION_ITEM ( '' )  );
#1321 = CARTESIAN_POINT ( 'NONE',  ( 2.533326232264189848, 6.664528103750765098, 26.98135154056265606 ) ) ;
#1322 = ORIENTED_EDGE ( 'NONE', *, *, #47, .F. ) ;
#1323 = DIRECTION ( 'NONE',  ( 0.000000000000000000, 0.000000000000000000, -1.000000000000000000 ) ) ;
#1324 = ADVANCED_FACE ( 'NONE', ( #795 ), #1112, .F. ) ;
#1325 = CARTESIAN_POINT ( 'NONE',  ( 1.803122292025701512, 5.196877707974308258, -24.03245201805259157 ) ) ;
#1326 = ORIENTED_EDGE ( 'NONE', *, *, #282, .T. ) ;
#1327 = CARTESIAN_POINT ( 'NONE',  ( -1.803122292025694184, 5.196877707974300264, -27.03994730024450277 ) ) ;
#1328 = ORIENTED_EDGE ( 'NONE', *, *, #805, .F. ) ;
#1329 = PERSON_AND_ORGANIZATION ( #879, #722 ) ;
#1330 = EDGE_CURVE ( 'NONE', #493, #1242, #366, .T. ) ;
#1331 = LINE ( 'NONE', #276, #635 ) ;
#1332 = ORIENTED_EDGE ( 'NONE', *, *, #1236, .T. ) ;
#1333 = DIRECTION ( 'NONE',  ( 0.000000000000000000, 0.000000000000000000, 1.000000000000000000 ) ) ;
#1334 = AXIS2_PLACEMENT_3D ( 'NONE', #885, #692, #278 ) ;
#1335 = ORIENTED_EDGE ( 'NONE', *, *, #327, .T. ) ;
#1336 = VECTOR ( 'NONE', #1323, 1000.000000000000000 ) ;
#1337 = COORDINATED_UNIVERSAL_TIME_OFFSET ( 8, 0, .AHEAD. ) ;
#1338 = CARTESIAN_POINT ( 'NONE',  ( 24.10000048368334902, 9.550004571281956345, -0.1685255806853215577 ) ) ;
#1339 = CARTESIAN_POINT ( 'NONE',  ( -1.803122292025691520, 5.196877707974298488, -24.03245201805259157 ) ) ;
#1340 = ADVANCED_FACE ( 'NONE', ( #1012 ), #53, .F. ) ;
#1341 = ORIENTED_EDGE ( 'NONE', *, *, #761, .F. ) ;
#1342 = CARTESIAN_POINT ( 'NONE',  ( -24.03245201805259512, 5.196877707974308258, -1.803122292025617579 ) ) ;
#1343 = CARTESIAN_POINT ( 'NONE',  ( 27.09999999999999787, 3.393755415948626286, -2.835766947246233344E-13 ) ) ;
#1344 = CARTESIAN_POINT ( 'NONE',  ( -27.02426300618070343, 8.556497061956733319, 2.026807913848929221 ) ) ;
#1345 = FACE_OUTER_BOUND ( 'NONE', #639, .T. ) ;
#1346 = CARTESIAN_POINT ( 'NONE',  ( -1.202859149002595274, 4.596614564951210014, -27.07997503558911490 ) ) ;
#1347 = ORIENTED_EDGE ( 'NONE', *, *, #600, .T. ) ;
#1348 = ADVANCED_FACE ( 'NONE', ( #280 ), #483, .F. ) ;
#1349 = CYLINDRICAL_SURFACE ( 'NONE', #289, 2.550000000000007816 ) ;
#1350 = CARTESIAN_POINT ( 'NONE',  ( 1.803122292025701512, 5.196877707974308258, -27.03994730024450277 ) ) ;
#1351 = CARTESIAN_POINT ( 'NONE',  ( -2.419845848845499692, 6.178559333584262347, -23.97829172086357374 ) ) ;
#1352 = CARTESIAN_POINT ( 'NONE',  ( 2.550000000000007816, 7.000000000000010658, -27.10099999999999909 ) ) ;
#1353 = DIRECTION ( 'NONE',  ( 0.000000000000000000, 0.000000000000000000, -1.000000000000000000 ) ) ;
ENDSEC;
END-ISO-10303-21;
