ISO-10303-21;
HEADER;
/* Generated by software containing ST-Developer
 * from STEP Tools, Inc. (www.steptools.com) 
 */

FILE_DESCRIPTION(
/* description */ ('STEP AP242'),
/* implementation_level */ '2;1');

FILE_NAME(
/* name */ 'new elevaz (1) (1) v1.step',
/* time_stamp */ '2025-11-11T13:44:51+08:00',
/* author */ (''),
/* organization */ (''),
/* preprocessor_version */ 'ST-DEVELOPER v20.1',
/* originating_system */ 'Autodesk Translation Framework v14.17.0.0',
/* authorisation */ '');

FILE_SCHEMA (('AUTOMOTIVE_DESIGN { 1 0 10303 214 3 1 1 }'));
ENDSEC;

DATA;
#10=MECHANICAL_DESIGN_GEOMETRIC_PRESENTATION_REPRESENTATION('',(#129,#130,
#131,#132,#133,#134,#135,#136,#137,#138),#7000);
#11=ITEM_DEFINED_TRANSFORMATION($,$,#3919,#4345);
#12=ITEM_DEFINED_TRANSFORMATION($,$,#3949,#4346);
#13=ITEM_DEFINED_TRANSFORMATION($,$,#4024,#4347);
#14=ITEM_DEFINED_TRANSFORMATION($,$,#4024,#4348);
#15=ITEM_DEFINED_TRANSFORMATION($,$,#4331,#4349);
#16=ITEM_DEFINED_TRANSFORMATION($,$,#4331,#4350);
#17=(
REPRESENTATION_RELATIONSHIP($,$,#7021,#7020)
REPRESENTATION_RELATIONSHIP_WITH_TRANSFORMATION(#11)
SHAPE_REPRESENTATION_RELATIONSHIP()
);
#18=(
REPRESENTATION_RELATIONSHIP($,$,#7022,#7020)
REPRESENTATION_RELATIONSHIP_WITH_TRANSFORMATION(#12)
SHAPE_REPRESENTATION_RELATIONSHIP()
);
#19=(
REPRESENTATION_RELATIONSHIP($,$,#7023,#7020)
REPRESENTATION_RELATIONSHIP_WITH_TRANSFORMATION(#13)
SHAPE_REPRESENTATION_RELATIONSHIP()
);
#20=(
REPRESENTATION_RELATIONSHIP($,$,#7023,#7020)
REPRESENTATION_RELATIONSHIP_WITH_TRANSFORMATION(#14)
SHAPE_REPRESENTATION_RELATIONSHIP()
);
#21=(
REPRESENTATION_RELATIONSHIP($,$,#7024,#7020)
REPRESENTATION_RELATIONSHIP_WITH_TRANSFORMATION(#15)
SHAPE_REPRESENTATION_RELATIONSHIP()
);
#22=(
REPRESENTATION_RELATIONSHIP($,$,#7024,#7020)
REPRESENTATION_RELATIONSHIP_WITH_TRANSFORMATION(#16)
SHAPE_REPRESENTATION_RELATIONSHIP()
);
#23=CONTEXT_DEPENDENT_SHAPE_REPRESENTATION(#17,#7014);
#24=CONTEXT_DEPENDENT_SHAPE_REPRESENTATION(#18,#7015);
#25=CONTEXT_DEPENDENT_SHAPE_REPRESENTATION(#19,#7016);
#26=CONTEXT_DEPENDENT_SHAPE_REPRESENTATION(#20,#7017);
#27=CONTEXT_DEPENDENT_SHAPE_REPRESENTATION(#21,#7018);
#28=CONTEXT_DEPENDENT_SHAPE_REPRESENTATION(#22,#7019);
#29=NEXT_ASSEMBLY_USAGE_OCCURRENCE('elev:1','elev:1','elev:1',#7026,#7027,
'elev:1');
#30=NEXT_ASSEMBLY_USAGE_OCCURRENCE('again:1','again:1','again:1',#7026,
#7028,'again:1');
#31=NEXT_ASSEMBLY_USAGE_OCCURRENCE('Servo-MG90S no head:1',
'Servo-MG90S no head:1','Servo-MG90S no head:1',#7026,#7029,
'Servo-MG90S no head:1');
#32=NEXT_ASSEMBLY_USAGE_OCCURRENCE('Servo-MG90S no head:2',
'Servo-MG90S no head:2','Servo-MG90S no head:2',#7026,#7029,
'Servo-MG90S no head:2');
#33=NEXT_ASSEMBLY_USAGE_OCCURRENCE('idk v5:1','idk v5:1','idk v5:1',#7026,
#7030,'idk v5:1');
#34=NEXT_ASSEMBLY_USAGE_OCCURRENCE('idk v5:2','idk v5:2','idk v5:2',#7026,
#7030,'idk v5:2');
#35=TOROIDAL_SURFACE('',#4135,0.0013,0.0003);
#36=TOROIDAL_SURFACE('',#4160,0.0006,0.0003);
#37=TOROIDAL_SURFACE('',#4166,0.0006,0.0003);
#38=TOROIDAL_SURFACE('',#4171,0.0013,0.0003);
#39=TOROIDAL_SURFACE('',#4180,0.0013,0.0003);
#40=TOROIDAL_SURFACE('',#4204,0.0006,0.0003);
#41=TOROIDAL_SURFACE('',#4209,0.0013,0.0003);
#42=TOROIDAL_SURFACE('',#4213,0.0006,0.0003);
#43=TOROIDAL_SURFACE('',#4270,0.0006,0.0003);
#44=TOROIDAL_SURFACE('',#4275,0.0006,0.0003);
#45=TOROIDAL_SURFACE('',#4288,0.0006,0.0003);
#46=TOROIDAL_SURFACE('',#4289,0.0006,0.0003);
#47=TOROIDAL_SURFACE('',#4301,0.00605,0.0003);
#48=TOROIDAL_SURFACE('',#4310,0.00605,0.0003);
#49=TOROIDAL_SURFACE('',#4311,0.00605,0.0003);
#50=TOROIDAL_SURFACE('',#4313,0.0028,0.0003);
#51=TOROIDAL_SURFACE('',#4315,0.00605,0.0003);
#52=TOROIDAL_SURFACE('',#4318,0.00545,0.0003);
#53=TOROIDAL_SURFACE('',#4320,0.0022,0.0003);
#54=(
BOUNDED_SURFACE()
B_SPLINE_SURFACE(3,2,((#6410,#6411,#6412),(#6413,#6414,#6415),(#6416,#6417,
#6418),(#6419,#6420,#6421)),.UNSPECIFIED.,.F.,.F.,.F.)
B_SPLINE_SURFACE_WITH_KNOTS((4,4),(3,3),(0.00138563652286903,0.00291899257612057),
(0.,0.674847829647721),.UNSPECIFIED.)
GEOMETRIC_REPRESENTATION_ITEM()
RATIONAL_B_SPLINE_SURFACE(((1.,0.80234164696529,0.871461915045014),(1.,
0.854674366599432,0.905494109783971),(1.,0.854670194940663,0.905491396936166),
(1.,0.80234164696528,0.871461915045008)))
REPRESENTATION_ITEM('')
SURFACE()
);
#55=(
BOUNDED_SURFACE()
B_SPLINE_SURFACE(3,2,((#6428,#6429,#6430),(#6431,#6432,#6433),(#6434,#6435,
#6436),(#6437,#6438,#6439)),.UNSPECIFIED.,.F.,.F.,.F.)
B_SPLINE_SURFACE_WITH_KNOTS((4,4),(3,3),(0.00138563652286905,0.00291899257612062),
(0.,0.674847829646391),.UNSPECIFIED.)
GEOMETRIC_REPRESENTATION_ITEM()
RATIONAL_B_SPLINE_SURFACE(((1.,0.802341646965512,0.871461915044633),(1.,
0.854674366602481,0.905494109785567),(1.,0.854670194939374,0.905491396934941),
(1.,0.802341646965662,0.87146191504473)))
REPRESENTATION_ITEM('')
SURFACE()
);
#56=(
BOUNDED_SURFACE()
B_SPLINE_SURFACE(3,2,((#6448,#6449,#6450),(#6451,#6452,#6453),(#6454,#6455,
#6456),(#6457,#6458,#6459)),.UNSPECIFIED.,.F.,.F.,.F.)
B_SPLINE_SURFACE_WITH_KNOTS((4,4),(3,3),(0.00138563652286903,0.0029189925761207),
(0.,0.674847829647328),.UNSPECIFIED.)
GEOMETRIC_REPRESENTATION_ITEM()
RATIONAL_B_SPLINE_SURFACE(((1.,0.802341646965493,0.871461915044991),(1.,
0.85467436659035,0.905494109777951),(1.,0.854670194940905,0.905491396936209),
(1.,0.802341646965511,0.871461915045003)))
REPRESENTATION_ITEM('')
SURFACE()
);
#57=(
BOUNDED_SURFACE()
B_SPLINE_SURFACE(3,2,((#6763,#6764,#6765),(#6766,#6767,#6768),(#6769,#6770,
#6771),(#6772,#6773,#6774)),.UNSPECIFIED.,.F.,.F.,.F.)
B_SPLINE_SURFACE_WITH_KNOTS((4,4),(3,3),(-1.29236898960272E-16,0.00130934645029496),
(0.,1.),.UNSPECIFIED.)
GEOMETRIC_REPRESENTATION_ITEM()
RATIONAL_B_SPLINE_SURFACE(((1.,0.707106781186608,1.),(1.,0.78896299430885,
1.),(1.,0.838629855060343,1.),(1.,0.866085281327945,1.)))
REPRESENTATION_ITEM('')
SURFACE()
);
#58=(
BOUNDED_SURFACE()
B_SPLINE_SURFACE(3,2,((#6776,#6777,#6778),(#6779,#6780,#6781),(#6782,#6783,
#6784),(#6785,#6786,#6787)),.UNSPECIFIED.,.F.,.F.,.F.)
B_SPLINE_SURFACE_WITH_KNOTS((4,4),(3,3),(2.60208521396521E-18,0.00130934645029538),
(0.,1.),.UNSPECIFIED.)
GEOMETRIC_REPRESENTATION_ITEM()
RATIONAL_B_SPLINE_SURFACE(((1.,0.866085281328337,1.),(1.,0.838629854850829,
1.),(1.,0.788962994495521,1.),(1.,0.707106781186556,1.)))
REPRESENTATION_ITEM('')
SURFACE()
);
#59=(
BOUNDED_SURFACE()
B_SPLINE_SURFACE(3,2,((#6789,#6790,#6791),(#6792,#6793,#6794),(#6795,#6796,
#6797),(#6798,#6799,#6800)),.UNSPECIFIED.,.F.,.F.,.F.)
B_SPLINE_SURFACE_WITH_KNOTS((4,4),(3,3),(9.26450756388864E-17,0.00151393991349615),
(0.,1.),.UNSPECIFIED.)
GEOMETRIC_REPRESENTATION_ITEM()
RATIONAL_B_SPLINE_SURFACE(((1.,0.866085281328374,1.),(1.,0.898789339709632,
1.),(1.,0.898784812365469,1.),(1.,0.866085281328305,1.)))
REPRESENTATION_ITEM('')
SURFACE()
);
#60=(
BOUNDED_SURFACE()
B_SPLINE_SURFACE(3,2,((#6802,#6803,#6804),(#6805,#6806,#6807),(#6808,#6809,
#6810),(#6811,#6812,#6813)),.UNSPECIFIED.,.F.,.F.,.F.)
B_SPLINE_SURFACE_WITH_KNOTS((4,4),(3,3),(-1.96511643762998E-17,0.00151393991349603),
(0.,1.),.UNSPECIFIED.)
GEOMETRIC_REPRESENTATION_ITEM()
RATIONAL_B_SPLINE_SURFACE(((1.,0.86608528132855,1.),(1.,0.898789339524915,
1.),(1.,0.898784812182999,1.),(1.,0.866085281328561,1.)))
REPRESENTATION_ITEM('')
SURFACE()
);
#61=(
BOUNDED_SURFACE()
B_SPLINE_SURFACE(3,2,((#6815,#6816,#6817),(#6818,#6819,#6820),(#6821,#6822,
#6823),(#6824,#6825,#6826)),.UNSPECIFIED.,.F.,.F.,.F.)
B_SPLINE_SURFACE_WITH_KNOTS((4,4),(3,3),(-2.16840434497101E-19,0.0013093464502953),
(0.,1.),.UNSPECIFIED.)
GEOMETRIC_REPRESENTATION_ITEM()
RATIONAL_B_SPLINE_SURFACE(((1.,0.86608528132833,1.),(1.,0.838629854837761,
1.),(1.,0.788962994440831,1.),(1.,0.707106781186573,1.)))
REPRESENTATION_ITEM('')
SURFACE()
);
#62=(
BOUNDED_SURFACE()
B_SPLINE_SURFACE(3,2,((#6828,#6829,#6830),(#6831,#6832,#6833),(#6834,#6835,
#6836),(#6837,#6838,#6839)),.UNSPECIFIED.,.F.,.F.,.F.)
B_SPLINE_SURFACE_WITH_KNOTS((4,4),(3,3),(-7.61109925084824E-16,0.0013093464502945),
(0.,1.),.UNSPECIFIED.)
GEOMETRIC_REPRESENTATION_ITEM()
RATIONAL_B_SPLINE_SURFACE(((1.,0.707106781186564,1.),(1.,0.788962994318814,
1.),(1.,0.8386298550767,1.),(1.,0.866085281327899,1.)))
REPRESENTATION_ITEM('')
SURFACE()
);
#63=(
BOUNDED_SURFACE()
B_SPLINE_SURFACE(3,2,((#6873,#6874,#6875),(#6876,#6877,#6878),(#6879,#6880,
#6881),(#6882,#6883,#6884)),.UNSPECIFIED.,.F.,.F.,.F.)
B_SPLINE_SURFACE_WITH_KNOTS((4,4),(3,3),(2.16840434497101E-19,0.00130934645029534),
(0.,1.),.UNSPECIFIED.)
GEOMETRIC_REPRESENTATION_ITEM()
RATIONAL_B_SPLINE_SURFACE(((1.,0.866085281328309,1.),(1.,0.838629854842831,
1.),(1.,0.788962994441198,1.),(1.,0.707106781186474,1.)))
REPRESENTATION_ITEM('')
SURFACE()
);
#64=(
BOUNDED_SURFACE()
B_SPLINE_SURFACE(3,2,((#6888,#6889,#6890),(#6891,#6892,#6893),(#6894,#6895,
#6896),(#6897,#6898,#6899)),.UNSPECIFIED.,.F.,.F.,.F.)
B_SPLINE_SURFACE_WITH_KNOTS((4,4),(3,3),(3.87602276663568E-18,0.00151393991349602),
(0.,1.),.UNSPECIFIED.)
GEOMETRIC_REPRESENTATION_ITEM()
RATIONAL_B_SPLINE_SURFACE(((1.,0.866085281328311,1.),(1.,0.898789339716365,
1.),(1.,0.898784812319092,1.),(1.,0.866085281328287,1.)))
REPRESENTATION_ITEM('')
SURFACE()
);
#65=(
BOUNDED_SURFACE()
B_SPLINE_SURFACE(3,2,((#6901,#6902,#6903),(#6904,#6905,#6906),(#6907,#6908,
#6909),(#6910,#6911,#6912)),.UNSPECIFIED.,.F.,.F.,.F.)
B_SPLINE_SURFACE_WITH_KNOTS((4,4),(3,3),(2.39608680119296E-17,0.00130934645029531),
(0.,1.),.UNSPECIFIED.)
GEOMETRIC_REPRESENTATION_ITEM()
RATIONAL_B_SPLINE_SURFACE(((1.,0.707106781186593,1.),(1.,0.788962994414829,
1.),(1.,0.838629855122788,1.),(1.,0.866085281327902,1.)))
REPRESENTATION_ITEM('')
SURFACE()
);
#66=SPHERICAL_SURFACE('',#4129,0.0003);
#67=SPHERICAL_SURFACE('',#4136,0.0003);
#68=SPHERICAL_SURFACE('',#4157,0.0003);
#69=SPHERICAL_SURFACE('',#4162,0.0003);
#70=SPHERICAL_SURFACE('',#4164,0.0003);
#71=SPHERICAL_SURFACE('',#4168,0.0003);
#72=SPHERICAL_SURFACE('',#4200,0.0003);
#73=SPHERICAL_SURFACE('',#4202,0.0003);
#74=SPHERICAL_SURFACE('',#4206,0.0003);
#75=SPHERICAL_SURFACE('',#4210,0.0003);
#76=SPHERICAL_SURFACE('',#4215,0.0003);
#77=SPHERICAL_SURFACE('',#4217,0.0003);
#78=SPHERICAL_SURFACE('',#4243,0.0003);
#79=SPHERICAL_SURFACE('',#4245,0.0003);
#80=SPHERICAL_SURFACE('',#4247,0.0003);
#81=SPHERICAL_SURFACE('',#4249,0.0003);
#82=SPHERICAL_SURFACE('',#4251,0.0003);
#83=SPHERICAL_SURFACE('',#4253,0.0003);
#84=SPHERICAL_SURFACE('',#4271,0.0003);
#85=SPHERICAL_SURFACE('',#4273,0.0003);
#86=SPHERICAL_SURFACE('',#4286,0.0003);
#87=SPHERICAL_SURFACE('',#4290,0.0003);
#88=SPHERICAL_SURFACE('',#4296,0.0003);
#89=SPHERICAL_SURFACE('',#4298,0.0003);
#90=ELLIPSE('',#4061,0.00749140781696963,0.00605602944610309);
#91=ELLIPSE('',#4064,0.00749140781696963,0.00605602944610309);
#92=ELLIPSE('',#4066,0.0074914078172419,0.0060560294462109);
#93=ELLIPSE('',#4068,0.00749140781681032,0.00605602944604138);
#94=B_SPLINE_CURVE_WITH_KNOTS('',3,(#6110,#6111,#6112,#6113),
 .UNSPECIFIED.,.F.,.F.,(4,4),(0.,0.00124468039812051),.UNSPECIFIED.);
#95=B_SPLINE_CURVE_WITH_KNOTS('',3,(#6124,#6125,#6126,#6127),
 .UNSPECIFIED.,.F.,.F.,(4,4),(0.,0.00124468039812061),.UNSPECIFIED.);
#96=B_SPLINE_CURVE_WITH_KNOTS('',3,(#6131,#6132,#6133,#6134),
 .UNSPECIFIED.,.F.,.F.,(4,4),(0.,0.00124468039812055),.UNSPECIFIED.);
#97=B_SPLINE_CURVE_WITH_KNOTS('',3,(#6138,#6139,#6140,#6141),
 .UNSPECIFIED.,.F.,.F.,(4,4),(0.,0.00124468039812062),.UNSPECIFIED.);
#98=B_SPLINE_CURVE_WITH_KNOTS('',3,(#6145,#6146,#6147,#6148),
 .UNSPECIFIED.,.F.,.F.,(4,4),(0.,0.0012446803981203),.UNSPECIFIED.);
#99=B_SPLINE_CURVE_WITH_KNOTS('',3,(#6152,#6153,#6154,#6155),
 .UNSPECIFIED.,.F.,.F.,(4,4),(0.,0.00124468039812076),.UNSPECIFIED.);
#100=B_SPLINE_CURVE_WITH_KNOTS('',3,(#6161,#6162,#6163,#6164,#6165,#6166,
#6167,#6168,#6169,#6170,#6171,#6172),.UNSPECIFIED.,.F.,.F.,(4,2,2,2,2,4),
(0.,0.0116706607238423,0.0233737547122052,0.0351241605588851,0.04688231476445,
0.0473291260707783),.UNSPECIFIED.);
#101=B_SPLINE_CURVE_WITH_KNOTS('',3,(#6175,#6176,#6177,#6178,#6179,#6180,
#6181,#6182,#6183,#6184,#6185,#6186),.UNSPECIFIED.,.F.,.F.,(4,2,2,2,2,4),
(0.141899825438834,0.152355411039745,0.164114214793705,0.175862432214839,
0.182534581838417,0.189204274473829),.UNSPECIFIED.);
#102=B_SPLINE_CURVE_WITH_KNOTS('',3,(#6392,#6393,#6394,#6395),
 .UNSPECIFIED.,.F.,.F.,(4,4),(0.,0.00128162786426149),.UNSPECIFIED.);
#103=B_SPLINE_CURVE_WITH_KNOTS('',3,(#6399,#6400,#6401,#6402),
 .UNSPECIFIED.,.F.,.F.,(4,4),(0.,0.00128144396543861),.UNSPECIFIED.);
#104=B_SPLINE_CURVE_WITH_KNOTS('',3,(#6424,#6425,#6426,#6427),
 .UNSPECIFIED.,.F.,.F.,(4,4),(0.,0.00151458052861857),.UNSPECIFIED.);
#105=B_SPLINE_CURVE_WITH_KNOTS('',3,(#6443,#6444,#6445,#6446),
 .UNSPECIFIED.,.F.,.F.,(4,4),(0.,0.00151458052861856),.UNSPECIFIED.);
#106=B_SPLINE_CURVE_WITH_KNOTS('',3,(#6461,#6462,#6463,#6464),
 .UNSPECIFIED.,.F.,.F.,(4,4),(0.,0.00151458052861858),.UNSPECIFIED.);
#107=B_SPLINE_CURVE_WITH_KNOTS('',3,(#6467,#6468,#6469,#6470,#6471,#6472,
#6473,#6474,#6475,#6476,#6477,#6478,#6479,#6480),.UNSPECIFIED.,.F.,.F.,
(4,2,2,2,2,2,4),(-0.0501183670859186,-0.0398518522128337,-0.028843954085562,
-0.0162348642574273,-0.00813938223079869,-2.49592013723543E-14,0.000274895821290575),
 .UNSPECIFIED.);
#108=B_SPLINE_CURVE_WITH_KNOTS('',3,(#6481,#6482,#6483,#6484,#6485,#6486,
#6487,#6488,#6489,#6490,#6491,#6492,#6493,#6494),.UNSPECIFIED.,.F.,.F.,
(4,2,2,2,2,2,4),(0.0501183670853762,0.0603848819583552,0.0713927800855161,
0.0840018699135205,0.092097351940097,0.10023673417083,0.100511629992078),
 .UNSPECIFIED.);
#109=B_SPLINE_CURVE_WITH_KNOTS('',3,(#6500,#6501,#6502,#6503),
 .UNSPECIFIED.,.F.,.F.,(4,4),(0.,0.00128144396543869),.UNSPECIFIED.);
#110=B_SPLINE_CURVE_WITH_KNOTS('',3,(#6506,#6507,#6508,#6509),
 .UNSPECIFIED.,.F.,.F.,(4,4),(6.93889390390723E-18,0.0012816278642615),
 .UNSPECIFIED.);
#111=B_SPLINE_CURVE_WITH_KNOTS('',3,(#6512,#6513,#6514,#6515),
 .UNSPECIFIED.,.F.,.F.,(4,4),(0.,0.00128144396543867),.UNSPECIFIED.);
#112=B_SPLINE_CURVE_WITH_KNOTS('',3,(#6518,#6519,#6520,#6521),
 .UNSPECIFIED.,.F.,.F.,(4,4),(0.,0.00128162786426162),.UNSPECIFIED.);
#113=B_SPLINE_CURVE_WITH_KNOTS('',3,(#6547,#6548,#6549,#6550,#6551,#6552,
#6553,#6554,#6555,#6556,#6557,#6558,#6559,#6560),.UNSPECIFIED.,.F.,.F.,
(4,2,2,2,2,2,4),(0.0501183672020735,0.0603848821009953,0.0713927802559681,
0.0840018701158287,0.0920973521628107,0.100236734404077,0.100511630226963),
 .UNSPECIFIED.);
#114=B_SPLINE_CURVE_WITH_KNOTS('',3,(#6561,#6562,#6563,#6564,#6565,#6566,
#6567,#6568,#6569,#6570,#6571,#6572,#6573,#6574),.UNSPECIFIED.,.F.,.F.,
(4,2,2,2,2,2,4),(-0.0501183672021332,-0.0398518523031821,-0.0288439541481807,
-0.0162348642882865,-0.00813938224128277,-1.93525750979973E-14,0.000274895822866634),
 .UNSPECIFIED.);
#115=B_SPLINE_CURVE_WITH_KNOTS('',3,(#6584,#6585,#6586,#6587,#6588,#6589,
#6590,#6591,#6592,#6593,#6594,#6595,#6596,#6597),.UNSPECIFIED.,.F.,.F.,
(4,2,2,2,2,2,4),(0.0501183670854667,0.0603848819582713,0.0713927800855074,
0.0840018699135936,0.0920973519401826,0.100236734170931,0.100511629992244),
 .UNSPECIFIED.);
#116=B_SPLINE_CURVE_WITH_KNOTS('',3,(#6598,#6599,#6600,#6601,#6602,#6603,
#6604,#6605,#6606,#6607,#6608,#6609,#6610,#6611),.UNSPECIFIED.,.F.,.F.,
(4,2,2,2,2,2,4),(-0.0501183670857856,-0.0398518522125307,-0.0288439540853588,
-0.0162348642573385,-0.0081393822307748,-3.03160274661707E-14,0.000274895821281171),
 .UNSPECIFIED.);
#117=B_SPLINE_CURVE_WITH_KNOTS('',3,(#6641,#6642,#6643,#6644,#6645,#6646,
#6647,#6648,#6649,#6650,#6651,#6652,#6653,#6654),.UNSPECIFIED.,.F.,.F.,
(4,2,2,2,2,2,4),(-0.0501183672015763,-0.0398518523029446,-0.028843954148015,
-0.0162348642882059,-0.00813938224124758,0.,0.000274895822854033),
 .UNSPECIFIED.);
#118=B_SPLINE_CURVE_WITH_KNOTS('',3,(#6655,#6656,#6657,#6658,#6659,#6660,
#6661,#6662,#6663,#6664,#6665,#6666,#6667,#6668),.UNSPECIFIED.,.F.,.F.,
(4,2,2,2,2,2,4),(0.0501183672025168,0.060384882101741,0.0713927802567579,
0.0840018701166743,0.0920973521637117,0.100236734405001,0.100511630227861),
 .UNSPECIFIED.);
#119=B_SPLINE_CURVE_WITH_KNOTS('',3,(#6842,#6843,#6844,#6845,#6846,#6847,
#6848,#6849,#6850,#6851,#6852,#6853,#6854,#6855),.UNSPECIFIED.,.F.,.F.,
(4,2,2,2,2,2,4),(0.0574325965345259,0.064292444347071,0.0746754738437945,
0.0877805228146468,0.102084661820569,0.116852164361985,0.117192391964731),
 .UNSPECIFIED.);
#120=B_SPLINE_CURVE_WITH_KNOTS('',3,(#6859,#6860,#6861,#6862,#6863,#6864,
#6865,#6866,#6867,#6868,#6869,#6870,#6871,#6872),.UNSPECIFIED.,.F.,.F.,
(4,2,2,2,2,2,4),(0.0574066808928695,0.0631279946373611,0.073269489797734,
0.0858880871159928,0.100914635981414,0.116497174762932,0.116834605838504),
 .UNSPECIFIED.);
#121=SHAPE_REPRESENTATION_RELATIONSHIP('SRR','None',#7021,#125);
#122=SHAPE_REPRESENTATION_RELATIONSHIP('SRR','None',#7022,#126);
#123=SHAPE_REPRESENTATION_RELATIONSHIP('SRR','None',#7023,#127);
#124=SHAPE_REPRESENTATION_RELATIONSHIP('SRR','None',#7024,#128);
#125=ADVANCED_BREP_SHAPE_REPRESENTATION('',(#139),#6996);
#126=ADVANCED_BREP_SHAPE_REPRESENTATION('',(#140),#6997);
#127=ADVANCED_BREP_SHAPE_REPRESENTATION('',(#141),#6998);
#128=ADVANCED_BREP_SHAPE_REPRESENTATION('',(#142),#6999);
#129=STYLED_ITEM('',(#7050),#139);
#130=STYLED_ITEM('',(#7050),#140);
#131=STYLED_ITEM('',(#7052),#3740);
#132=STYLED_ITEM('',(#7052),#3741);
#133=STYLED_ITEM('',(#7053),#3742);
#134=STYLED_ITEM('',(#7053),#3743);
#135=STYLED_ITEM('',(#7054),#3744);
#136=STYLED_ITEM('',(#7054),#3745);
#137=STYLED_ITEM('',(#7051),#141);
#138=STYLED_ITEM('',(#7049),#142);
#139=MANIFOLD_SOLID_BREP('Body1',#3869);
#140=MANIFOLD_SOLID_BREP('Body1',#3870);
#141=MANIFOLD_SOLID_BREP('Body1',#3871);
#142=MANIFOLD_SOLID_BREP('Body1',#3872);
#143=CYLINDRICAL_SURFACE('',#3936,0.0016);
#144=CYLINDRICAL_SURFACE('',#3937,0.0025);
#145=CYLINDRICAL_SURFACE('',#3941,0.0016);
#146=CYLINDRICAL_SURFACE('',#3945,0.0025);
#147=CYLINDRICAL_SURFACE('',#3946,0.0016);
#148=CYLINDRICAL_SURFACE('',#3947,0.001);
#149=CYLINDRICAL_SURFACE('',#3948,0.001);
#150=CYLINDRICAL_SURFACE('',#3951,0.003);
#151=CYLINDRICAL_SURFACE('',#3959,0.005);
#152=CYLINDRICAL_SURFACE('',#3964,0.0016);
#153=CYLINDRICAL_SURFACE('',#4000,0.005);
#154=CYLINDRICAL_SURFACE('',#4004,0.0016);
#155=CYLINDRICAL_SURFACE('',#4015,0.01);
#156=CYLINDRICAL_SURFACE('',#4016,0.01);
#157=CYLINDRICAL_SURFACE('',#4017,0.003);
#158=CYLINDRICAL_SURFACE('',#4018,0.003);
#159=CYLINDRICAL_SURFACE('',#4019,0.003);
#160=CYLINDRICAL_SURFACE('',#4020,0.003);
#161=CYLINDRICAL_SURFACE('',#4031,0.0003);
#162=CYLINDRICAL_SURFACE('',#4034,0.0003);
#163=CYLINDRICAL_SURFACE('',#4043,0.0003);
#164=CYLINDRICAL_SURFACE('',#4046,0.0003);
#165=CYLINDRICAL_SURFACE('',#4059,0.00575);
#166=CYLINDRICAL_SURFACE('',#4096,0.0025);
#167=CYLINDRICAL_SURFACE('',#4101,0.001);
#168=CYLINDRICAL_SURFACE('',#4108,0.001);
#169=CYLINDRICAL_SURFACE('',#4111,0.0006);
#170=CYLINDRICAL_SURFACE('',#4114,0.0006);
#171=CYLINDRICAL_SURFACE('',#4117,0.0006);
#172=CYLINDRICAL_SURFACE('',#4120,0.0003);
#173=CYLINDRICAL_SURFACE('',#4123,0.0003);
#174=CYLINDRICAL_SURFACE('',#4126,0.0003);
#175=CYLINDRICAL_SURFACE('',#4138,0.0003);
#176=CYLINDRICAL_SURFACE('',#4140,0.0003);
#177=CYLINDRICAL_SURFACE('',#4142,0.0003);
#178=CYLINDRICAL_SURFACE('',#4144,0.0003);
#179=CYLINDRICAL_SURFACE('',#4146,0.0003);
#180=CYLINDRICAL_SURFACE('',#4148,0.0003);
#181=CYLINDRICAL_SURFACE('',#4150,0.0003);
#182=CYLINDRICAL_SURFACE('',#4152,0.0003);
#183=CYLINDRICAL_SURFACE('',#4155,0.0003);
#184=CYLINDRICAL_SURFACE('',#4172,0.0003);
#185=CYLINDRICAL_SURFACE('',#4174,0.0003);
#186=CYLINDRICAL_SURFACE('',#4176,0.0003);
#187=CYLINDRICAL_SURFACE('',#4178,0.0003);
#188=CYLINDRICAL_SURFACE('',#4181,0.0003);
#189=CYLINDRICAL_SURFACE('',#4183,0.0003);
#190=CYLINDRICAL_SURFACE('',#4185,0.0003);
#191=CYLINDRICAL_SURFACE('',#4187,0.0003);
#192=CYLINDRICAL_SURFACE('',#4190,0.0003);
#193=CYLINDRICAL_SURFACE('',#4192,0.0003);
#194=CYLINDRICAL_SURFACE('',#4194,0.0003);
#195=CYLINDRICAL_SURFACE('',#4196,0.0003);
#196=CYLINDRICAL_SURFACE('',#4198,0.0003);
#197=CYLINDRICAL_SURFACE('',#4219,0.0003);
#198=CYLINDRICAL_SURFACE('',#4221,0.0003);
#199=CYLINDRICAL_SURFACE('',#4223,0.0003);
#200=CYLINDRICAL_SURFACE('',#4225,0.0003);
#201=CYLINDRICAL_SURFACE('',#4227,0.0003);
#202=CYLINDRICAL_SURFACE('',#4229,0.0003);
#203=CYLINDRICAL_SURFACE('',#4231,0.0003);
#204=CYLINDRICAL_SURFACE('',#4233,0.0003);
#205=CYLINDRICAL_SURFACE('',#4235,0.0003);
#206=CYLINDRICAL_SURFACE('',#4237,0.0003);
#207=CYLINDRICAL_SURFACE('',#4239,0.0003);
#208=CYLINDRICAL_SURFACE('',#4241,0.0003);
#209=CYLINDRICAL_SURFACE('',#4255,0.0003);
#210=CYLINDRICAL_SURFACE('',#4257,0.0003);
#211=CYLINDRICAL_SURFACE('',#4259,0.0003);
#212=CYLINDRICAL_SURFACE('',#4261,0.0003);
#213=CYLINDRICAL_SURFACE('',#4263,0.0003);
#214=CYLINDRICAL_SURFACE('',#4265,0.0003);
#215=CYLINDRICAL_SURFACE('',#4267,0.0003);
#216=CYLINDRICAL_SURFACE('',#4276,0.0003);
#217=CYLINDRICAL_SURFACE('',#4278,0.0003);
#218=CYLINDRICAL_SURFACE('',#4281,0.0003);
#219=CYLINDRICAL_SURFACE('',#4283,0.0003);
#220=CYLINDRICAL_SURFACE('',#4292,0.0003);
#221=CYLINDRICAL_SURFACE('',#4294,0.0003);
#222=CYLINDRICAL_SURFACE('',#4300,0.0003);
#223=CYLINDRICAL_SURFACE('',#4341,0.01);
#224=CYLINDRICAL_SURFACE('',#4344,0.0035);
#225=FACE_BOUND('',#673,.T.);
#226=FACE_BOUND('',#675,.T.);
#227=FACE_BOUND('',#677,.T.);
#228=FACE_BOUND('',#680,.T.);
#229=FACE_BOUND('',#685,.T.);
#230=FACE_BOUND('',#688,.T.);
#231=FACE_BOUND('',#694,.T.);
#232=FACE_BOUND('',#697,.T.);
#233=FACE_BOUND('',#704,.T.);
#234=FACE_BOUND('',#707,.T.);
#235=FACE_BOUND('',#717,.T.);
#236=FACE_BOUND('',#729,.T.);
#237=FACE_BOUND('',#731,.T.);
#238=FACE_BOUND('',#737,.T.);
#239=FACE_BOUND('',#739,.T.);
#240=FACE_BOUND('',#755,.T.);
#241=FACE_BOUND('',#760,.T.);
#242=CIRCLE('',#3921,0.0016);
#243=CIRCLE('',#3923,0.0016);
#244=CIRCLE('',#3925,0.0025);
#245=CIRCLE('',#3926,0.0016);
#246=CIRCLE('',#3928,0.001);
#247=CIRCLE('',#3929,0.001);
#248=CIRCLE('',#3931,0.0025);
#249=CIRCLE('',#3932,0.0016);
#250=CIRCLE('',#3934,0.001);
#251=CIRCLE('',#3935,0.001);
#252=CIRCLE('',#3938,0.0025);
#253=CIRCLE('',#3940,0.0016);
#254=CIRCLE('',#3943,0.0025);
#255=CIRCLE('',#3944,0.0016);
#256=CIRCLE('',#3952,0.003);
#257=CIRCLE('',#3953,0.003);
#258=CIRCLE('',#3955,0.003);
#259=CIRCLE('',#3957,0.003);
#260=CIRCLE('',#3958,0.01);
#261=CIRCLE('',#3960,0.005);
#262=CIRCLE('',#3961,0.005);
#263=CIRCLE('',#3965,0.0016);
#264=CIRCLE('',#3966,0.0016);
#265=CIRCLE('',#3968,0.003);
#266=CIRCLE('',#3972,0.003);
#267=CIRCLE('',#3973,0.01);
#268=CIRCLE('',#3975,0.003);
#269=CIRCLE('',#3976,0.01);
#270=CIRCLE('',#3977,0.01);
#271=CIRCLE('',#3980,0.003);
#272=CIRCLE('',#3998,0.005);
#273=CIRCLE('',#3999,0.0016);
#274=CIRCLE('',#4001,0.005);
#275=CIRCLE('',#4005,0.0016);
#276=CIRCLE('',#4009,0.003);
#277=CIRCLE('',#4013,0.003);
#278=CIRCLE('',#4026,0.0006);
#279=CIRCLE('',#4027,0.0006);
#280=CIRCLE('',#4028,0.0006);
#281=CIRCLE('',#4029,0.0006);
#282=CIRCLE('',#4032,0.0003);
#283=CIRCLE('',#4033,0.0003);
#284=CIRCLE('',#4035,0.0003);
#285=CIRCLE('',#4036,0.0003);
#286=CIRCLE('',#4038,0.0006);
#287=CIRCLE('',#4039,0.0006);
#288=CIRCLE('',#4040,0.0006);
#289=CIRCLE('',#4041,0.0006);
#290=CIRCLE('',#4044,0.0003);
#291=CIRCLE('',#4045,0.0003);
#292=CIRCLE('',#4047,0.0003);
#293=CIRCLE('',#4048,0.0003);
#294=CIRCLE('',#4052,0.00605);
#295=CIRCLE('',#4054,0.00605);
#296=CIRCLE('',#4055,0.0028);
#297=CIRCLE('',#4056,0.00605);
#298=CIRCLE('',#4060,0.00575);
#299=CIRCLE('',#4062,0.00575);
#300=CIRCLE('',#4063,0.00575);
#301=CIRCLE('',#4065,0.00575);
#302=CIRCLE('',#4067,0.00575);
#303=CIRCLE('',#4069,0.00575);
#304=CIRCLE('',#4070,0.00575);
#305=CIRCLE('',#4072,0.0013);
#306=CIRCLE('',#4074,0.0013);
#307=CIRCLE('',#4076,0.0006);
#308=CIRCLE('',#4077,0.0006);
#309=CIRCLE('',#4078,0.0006);
#310=CIRCLE('',#4079,0.0006);
#311=CIRCLE('',#4080,0.0006);
#312=CIRCLE('',#4081,0.0006);
#313=CIRCLE('',#4085,0.0013);
#314=CIRCLE('',#4089,0.0013);
#315=CIRCLE('',#4093,0.00605);
#316=CIRCLE('',#4095,0.00545);
#317=CIRCLE('',#4097,0.0025);
#318=CIRCLE('',#4098,0.0025);
#319=CIRCLE('',#4100,0.0022);
#320=CIRCLE('',#4102,0.001);
#321=CIRCLE('',#4103,0.001);
#322=CIRCLE('',#4109,0.001);
#323=CIRCLE('',#4110,0.001);
#324=CIRCLE('',#4112,0.0006);
#325=CIRCLE('',#4115,0.0006);
#326=CIRCLE('',#4118,0.0006);
#327=CIRCLE('',#4121,0.0003);
#328=CIRCLE('',#4122,0.0003);
#329=CIRCLE('',#4124,0.0003);
#330=CIRCLE('',#4125,0.0003);
#331=CIRCLE('',#4127,0.0003);
#332=CIRCLE('',#4128,0.0003);
#333=CIRCLE('',#4130,0.0003);
#334=CIRCLE('',#4131,0.0003);
#335=CIRCLE('',#4132,0.0003);
#336=CIRCLE('',#4133,0.0003);
#337=CIRCLE('',#4134,0.0003);
#338=CIRCLE('',#4137,0.0003);
#339=CIRCLE('',#4139,0.0003);
#340=CIRCLE('',#4141,0.0003);
#341=CIRCLE('',#4143,0.0003);
#342=CIRCLE('',#4145,0.0003);
#343=CIRCLE('',#4147,0.0003);
#344=CIRCLE('',#4149,0.0003);
#345=CIRCLE('',#4151,0.0003);
#346=CIRCLE('',#4153,0.0003);
#347=CIRCLE('',#4154,0.0003);
#348=CIRCLE('',#4156,0.0003);
#349=CIRCLE('',#4158,0.0003);
#350=CIRCLE('',#4159,0.0003);
#351=CIRCLE('',#4161,0.0003);
#352=CIRCLE('',#4163,0.0003);
#353=CIRCLE('',#4165,0.0003);
#354=CIRCLE('',#4167,0.0003);
#355=CIRCLE('',#4169,0.0003);
#356=CIRCLE('',#4170,0.0003);
#357=CIRCLE('',#4173,0.0003);
#358=CIRCLE('',#4175,0.0003);
#359=CIRCLE('',#4177,0.0003);
#360=CIRCLE('',#4179,0.0003);
#361=CIRCLE('',#4182,0.0003);
#362=CIRCLE('',#4184,0.0003);
#363=CIRCLE('',#4186,0.0003);
#364=CIRCLE('',#4188,0.0003);
#365=CIRCLE('',#4189,0.0003);
#366=CIRCLE('',#4191,0.0003);
#367=CIRCLE('',#4193,0.0003);
#368=CIRCLE('',#4195,0.0003);
#369=CIRCLE('',#4197,0.0003);
#370=CIRCLE('',#4199,0.0003);
#371=CIRCLE('',#4201,0.0003);
#372=CIRCLE('',#4203,0.0003);
#373=CIRCLE('',#4205,0.0003);
#374=CIRCLE('',#4207,0.0003);
#375=CIRCLE('',#4208,0.0003);
#376=CIRCLE('',#4211,0.0003);
#377=CIRCLE('',#4212,0.0003);
#378=CIRCLE('',#4214,0.0003);
#379=CIRCLE('',#4216,0.0003);
#380=CIRCLE('',#4218,0.0003);
#381=CIRCLE('',#4220,0.0003);
#382=CIRCLE('',#4222,0.0003);
#383=CIRCLE('',#4224,0.0003);
#384=CIRCLE('',#4226,0.0003);
#385=CIRCLE('',#4228,0.0003);
#386=CIRCLE('',#4230,0.0003);
#387=CIRCLE('',#4232,0.0003);
#388=CIRCLE('',#4234,0.0003);
#389=CIRCLE('',#4236,0.0003);
#390=CIRCLE('',#4238,0.0003);
#391=CIRCLE('',#4240,0.0003);
#392=CIRCLE('',#4242,0.0003);
#393=CIRCLE('',#4244,0.0003);
#394=CIRCLE('',#4246,0.0003);
#395=CIRCLE('',#4248,0.0003);
#396=CIRCLE('',#4250,0.0003);
#397=CIRCLE('',#4252,0.0003);
#398=CIRCLE('',#4254,0.0003);
#399=CIRCLE('',#4256,0.0003);
#400=CIRCLE('',#4258,0.0003);
#401=CIRCLE('',#4260,0.0003);
#402=CIRCLE('',#4262,0.0003);
#403=CIRCLE('',#4264,0.0003);
#404=CIRCLE('',#4266,0.0003);
#405=CIRCLE('',#4268,0.0003);
#406=CIRCLE('',#4269,0.0003);
#407=CIRCLE('',#4272,0.0003);
#408=CIRCLE('',#4274,0.0003);
#409=CIRCLE('',#4277,0.0003);
#410=CIRCLE('',#4279,0.0003);
#411=CIRCLE('',#4280,0.0003);
#412=CIRCLE('',#4282,0.0003);
#413=CIRCLE('',#4284,0.0003);
#414=CIRCLE('',#4285,0.0003);
#415=CIRCLE('',#4287,0.0003);
#416=CIRCLE('',#4291,0.0003);
#417=CIRCLE('',#4293,0.0003);
#418=CIRCLE('',#4295,0.0003);
#419=CIRCLE('',#4297,0.0003);
#420=CIRCLE('',#4299,0.0003);
#421=CIRCLE('',#4302,0.0003);
#422=CIRCLE('',#4303,0.0003);
#423=CIRCLE('',#4304,0.0003);
#424=CIRCLE('',#4305,0.0003);
#425=CIRCLE('',#4306,0.0003);
#426=CIRCLE('',#4307,0.0003);
#427=CIRCLE('',#4308,0.0003);
#428=CIRCLE('',#4309,0.0003);
#429=CIRCLE('',#4312,0.0003);
#430=CIRCLE('',#4314,0.0003);
#431=CIRCLE('',#4316,0.0003);
#432=CIRCLE('',#4317,0.0003);
#433=CIRCLE('',#4319,0.0003);
#434=CIRCLE('',#4334,0.01);
#435=CIRCLE('',#4335,0.0035);
#436=CIRCLE('',#4338,0.0035);
#437=CIRCLE('',#4339,0.0035);
#438=CIRCLE('',#4340,0.01);
#439=CIRCLE('',#4343,0.0035);
#440=FACE_OUTER_BOUND('',#672,.T.);
#441=FACE_OUTER_BOUND('',#674,.T.);
#442=FACE_OUTER_BOUND('',#676,.T.);
#443=FACE_OUTER_BOUND('',#678,.T.);
#444=FACE_OUTER_BOUND('',#679,.T.);
#445=FACE_OUTER_BOUND('',#681,.T.);
#446=FACE_OUTER_BOUND('',#682,.T.);
#447=FACE_OUTER_BOUND('',#683,.T.);
#448=FACE_OUTER_BOUND('',#684,.T.);
#449=FACE_OUTER_BOUND('',#686,.T.);
#450=FACE_OUTER_BOUND('',#687,.T.);
#451=FACE_OUTER_BOUND('',#689,.T.);
#452=FACE_OUTER_BOUND('',#690,.T.);
#453=FACE_OUTER_BOUND('',#691,.T.);
#454=FACE_OUTER_BOUND('',#692,.T.);
#455=FACE_OUTER_BOUND('',#693,.T.);
#456=FACE_OUTER_BOUND('',#695,.T.);
#457=FACE_OUTER_BOUND('',#696,.T.);
#458=FACE_OUTER_BOUND('',#698,.T.);
#459=FACE_OUTER_BOUND('',#699,.T.);
#460=FACE_OUTER_BOUND('',#700,.T.);
#461=FACE_OUTER_BOUND('',#701,.T.);
#462=FACE_OUTER_BOUND('',#702,.T.);
#463=FACE_OUTER_BOUND('',#703,.T.);
#464=FACE_OUTER_BOUND('',#705,.T.);
#465=FACE_OUTER_BOUND('',#706,.T.);
#466=FACE_OUTER_BOUND('',#708,.T.);
#467=FACE_OUTER_BOUND('',#709,.T.);
#468=FACE_OUTER_BOUND('',#710,.T.);
#469=FACE_OUTER_BOUND('',#711,.T.);
#470=FACE_OUTER_BOUND('',#712,.T.);
#471=FACE_OUTER_BOUND('',#713,.T.);
#472=FACE_OUTER_BOUND('',#714,.T.);
#473=FACE_OUTER_BOUND('',#715,.T.);
#474=FACE_OUTER_BOUND('',#716,.T.);
#475=FACE_OUTER_BOUND('',#718,.T.);
#476=FACE_OUTER_BOUND('',#719,.T.);
#477=FACE_OUTER_BOUND('',#720,.T.);
#478=FACE_OUTER_BOUND('',#721,.T.);
#479=FACE_OUTER_BOUND('',#722,.T.);
#480=FACE_OUTER_BOUND('',#723,.T.);
#481=FACE_OUTER_BOUND('',#724,.T.);
#482=FACE_OUTER_BOUND('',#725,.T.);
#483=FACE_OUTER_BOUND('',#726,.T.);
#484=FACE_OUTER_BOUND('',#727,.T.);
#485=FACE_OUTER_BOUND('',#728,.T.);
#486=FACE_OUTER_BOUND('',#730,.T.);
#487=FACE_OUTER_BOUND('',#732,.T.);
#488=FACE_OUTER_BOUND('',#733,.T.);
#489=FACE_OUTER_BOUND('',#734,.T.);
#490=FACE_OUTER_BOUND('',#735,.T.);
#491=FACE_OUTER_BOUND('',#736,.T.);
#492=FACE_OUTER_BOUND('',#738,.T.);
#493=FACE_OUTER_BOUND('',#740,.T.);
#494=FACE_OUTER_BOUND('',#741,.T.);
#495=FACE_OUTER_BOUND('',#742,.T.);
#496=FACE_OUTER_BOUND('',#743,.T.);
#497=FACE_OUTER_BOUND('',#744,.T.);
#498=FACE_OUTER_BOUND('',#745,.T.);
#499=FACE_OUTER_BOUND('',#746,.T.);
#500=FACE_OUTER_BOUND('',#747,.T.);
#501=FACE_OUTER_BOUND('',#748,.T.);
#502=FACE_OUTER_BOUND('',#749,.T.);
#503=FACE_OUTER_BOUND('',#750,.T.);
#504=FACE_OUTER_BOUND('',#751,.T.);
#505=FACE_OUTER_BOUND('',#752,.T.);
#506=FACE_OUTER_BOUND('',#753,.T.);
#507=FACE_OUTER_BOUND('',#754,.T.);
#508=FACE_OUTER_BOUND('',#756,.T.);
#509=FACE_OUTER_BOUND('',#757,.T.);
#510=FACE_OUTER_BOUND('',#758,.T.);
#511=FACE_OUTER_BOUND('',#759,.T.);
#512=FACE_OUTER_BOUND('',#761,.T.);
#513=FACE_OUTER_BOUND('',#762,.T.);
#514=FACE_OUTER_BOUND('',#763,.T.);
#515=FACE_OUTER_BOUND('',#764,.T.);
#516=FACE_OUTER_BOUND('',#765,.T.);
#517=FACE_OUTER_BOUND('',#766,.T.);
#518=FACE_OUTER_BOUND('',#767,.T.);
#519=FACE_OUTER_BOUND('',#768,.T.);
#520=FACE_OUTER_BOUND('',#769,.T.);
#521=FACE_OUTER_BOUND('',#770,.T.);
#522=FACE_OUTER_BOUND('',#771,.T.);
#523=FACE_OUTER_BOUND('',#772,.T.);
#524=FACE_OUTER_BOUND('',#773,.T.);
#525=FACE_OUTER_BOUND('',#774,.T.);
#526=FACE_OUTER_BOUND('',#775,.T.);
#527=FACE_OUTER_BOUND('',#776,.T.);
#528=FACE_OUTER_BOUND('',#777,.T.);
#529=FACE_OUTER_BOUND('',#778,.T.);
#530=FACE_OUTER_BOUND('',#779,.T.);
#531=FACE_OUTER_BOUND('',#780,.T.);
#532=FACE_OUTER_BOUND('',#781,.T.);
#533=FACE_OUTER_BOUND('',#782,.T.);
#534=FACE_OUTER_BOUND('',#783,.T.);
#535=FACE_OUTER_BOUND('',#784,.T.);
#536=FACE_OUTER_BOUND('',#785,.T.);
#537=FACE_OUTER_BOUND('',#786,.T.);
#538=FACE_OUTER_BOUND('',#787,.T.);
#539=FACE_OUTER_BOUND('',#788,.T.);
#540=FACE_OUTER_BOUND('',#789,.T.);
#541=FACE_OUTER_BOUND('',#790,.T.);
#542=FACE_OUTER_BOUND('',#791,.T.);
#543=FACE_OUTER_BOUND('',#792,.T.);
#544=FACE_OUTER_BOUND('',#793,.T.);
#545=FACE_OUTER_BOUND('',#794,.T.);
#546=FACE_OUTER_BOUND('',#795,.T.);
#547=FACE_OUTER_BOUND('',#796,.T.);
#548=FACE_OUTER_BOUND('',#797,.T.);
#549=FACE_OUTER_BOUND('',#798,.T.);
#550=FACE_OUTER_BOUND('',#799,.T.);
#551=FACE_OUTER_BOUND('',#800,.T.);
#552=FACE_OUTER_BOUND('',#801,.T.);
#553=FACE_OUTER_BOUND('',#802,.T.);
#554=FACE_OUTER_BOUND('',#803,.T.);
#555=FACE_OUTER_BOUND('',#804,.T.);
#556=FACE_OUTER_BOUND('',#805,.T.);
#557=FACE_OUTER_BOUND('',#806,.T.);
#558=FACE_OUTER_BOUND('',#807,.T.);
#559=FACE_OUTER_BOUND('',#808,.T.);
#560=FACE_OUTER_BOUND('',#809,.T.);
#561=FACE_OUTER_BOUND('',#810,.T.);
#562=FACE_OUTER_BOUND('',#811,.T.);
#563=FACE_OUTER_BOUND('',#812,.T.);
#564=FACE_OUTER_BOUND('',#813,.T.);
#565=FACE_OUTER_BOUND('',#814,.T.);
#566=FACE_OUTER_BOUND('',#815,.T.);
#567=FACE_OUTER_BOUND('',#816,.T.);
#568=FACE_OUTER_BOUND('',#817,.T.);
#569=FACE_OUTER_BOUND('',#818,.T.);
#570=FACE_OUTER_BOUND('',#819,.T.);
#571=FACE_OUTER_BOUND('',#820,.T.);
#572=FACE_OUTER_BOUND('',#821,.T.);
#573=FACE_OUTER_BOUND('',#822,.T.);
#574=FACE_OUTER_BOUND('',#823,.T.);
#575=FACE_OUTER_BOUND('',#824,.T.);
#576=FACE_OUTER_BOUND('',#825,.T.);
#577=FACE_OUTER_BOUND('',#826,.T.);
#578=FACE_OUTER_BOUND('',#827,.T.);
#579=FACE_OUTER_BOUND('',#828,.T.);
#580=FACE_OUTER_BOUND('',#829,.T.);
#581=FACE_OUTER_BOUND('',#830,.T.);
#582=FACE_OUTER_BOUND('',#831,.T.);
#583=FACE_OUTER_BOUND('',#832,.T.);
#584=FACE_OUTER_BOUND('',#833,.T.);
#585=FACE_OUTER_BOUND('',#834,.T.);
#586=FACE_OUTER_BOUND('',#835,.T.);
#587=FACE_OUTER_BOUND('',#836,.T.);
#588=FACE_OUTER_BOUND('',#837,.T.);
#589=FACE_OUTER_BOUND('',#838,.T.);
#590=FACE_OUTER_BOUND('',#839,.T.);
#591=FACE_OUTER_BOUND('',#840,.T.);
#592=FACE_OUTER_BOUND('',#841,.T.);
#593=FACE_OUTER_BOUND('',#842,.T.);
#594=FACE_OUTER_BOUND('',#843,.T.);
#595=FACE_OUTER_BOUND('',#844,.T.);
#596=FACE_OUTER_BOUND('',#845,.T.);
#597=FACE_OUTER_BOUND('',#846,.T.);
#598=FACE_OUTER_BOUND('',#847,.T.);
#599=FACE_OUTER_BOUND('',#848,.T.);
#600=FACE_OUTER_BOUND('',#849,.T.);
#601=FACE_OUTER_BOUND('',#850,.T.);
#602=FACE_OUTER_BOUND('',#851,.T.);
#603=FACE_OUTER_BOUND('',#852,.T.);
#604=FACE_OUTER_BOUND('',#853,.T.);
#605=FACE_OUTER_BOUND('',#854,.T.);
#606=FACE_OUTER_BOUND('',#855,.T.);
#607=FACE_OUTER_BOUND('',#856,.T.);
#608=FACE_OUTER_BOUND('',#857,.T.);
#609=FACE_OUTER_BOUND('',#858,.T.);
#610=FACE_OUTER_BOUND('',#859,.T.);
#611=FACE_OUTER_BOUND('',#860,.T.);
#612=FACE_OUTER_BOUND('',#861,.T.);
#613=FACE_OUTER_BOUND('',#862,.T.);
#614=FACE_OUTER_BOUND('',#863,.T.);
#615=FACE_OUTER_BOUND('',#864,.T.);
#616=FACE_OUTER_BOUND('',#865,.T.);
#617=FACE_OUTER_BOUND('',#866,.T.);
#618=FACE_OUTER_BOUND('',#867,.T.);
#619=FACE_OUTER_BOUND('',#868,.T.);
#620=FACE_OUTER_BOUND('',#869,.T.);
#621=FACE_OUTER_BOUND('',#870,.T.);
#622=FACE_OUTER_BOUND('',#871,.T.);
#623=FACE_OUTER_BOUND('',#872,.T.);
#624=FACE_OUTER_BOUND('',#873,.T.);
#625=FACE_OUTER_BOUND('',#874,.T.);
#626=FACE_OUTER_BOUND('',#875,.T.);
#627=FACE_OUTER_BOUND('',#876,.T.);
#628=FACE_OUTER_BOUND('',#877,.T.);
#629=FACE_OUTER_BOUND('',#878,.T.);
#630=FACE_OUTER_BOUND('',#879,.T.);
#631=FACE_OUTER_BOUND('',#880,.T.);
#632=FACE_OUTER_BOUND('',#881,.T.);
#633=FACE_OUTER_BOUND('',#882,.T.);
#634=FACE_OUTER_BOUND('',#883,.T.);
#635=FACE_OUTER_BOUND('',#884,.T.);
#636=FACE_OUTER_BOUND('',#885,.T.);
#637=FACE_OUTER_BOUND('',#886,.T.);
#638=FACE_OUTER_BOUND('',#887,.T.);
#639=FACE_OUTER_BOUND('',#888,.T.);
#640=FACE_OUTER_BOUND('',#889,.T.);
#641=FACE_OUTER_BOUND('',#890,.T.);
#642=FACE_OUTER_BOUND('',#891,.T.);
#643=FACE_OUTER_BOUND('',#892,.T.);
#644=FACE_OUTER_BOUND('',#893,.T.);
#645=FACE_OUTER_BOUND('',#894,.T.);
#646=FACE_OUTER_BOUND('',#895,.T.);
#647=FACE_OUTER_BOUND('',#896,.T.);
#648=FACE_OUTER_BOUND('',#897,.T.);
#649=FACE_OUTER_BOUND('',#898,.T.);
#650=FACE_OUTER_BOUND('',#899,.T.);
#651=FACE_OUTER_BOUND('',#900,.T.);
#652=FACE_OUTER_BOUND('',#901,.T.);
#653=FACE_OUTER_BOUND('',#902,.T.);
#654=FACE_OUTER_BOUND('',#903,.T.);
#655=FACE_OUTER_BOUND('',#904,.T.);
#656=FACE_OUTER_BOUND('',#905,.T.);
#657=FACE_OUTER_BOUND('',#906,.T.);
#658=FACE_OUTER_BOUND('',#907,.T.);
#659=FACE_OUTER_BOUND('',#908,.T.);
#660=FACE_OUTER_BOUND('',#909,.T.);
#661=FACE_OUTER_BOUND('',#910,.T.);
#662=FACE_OUTER_BOUND('',#911,.T.);
#663=FACE_OUTER_BOUND('',#912,.T.);
#664=FACE_OUTER_BOUND('',#913,.T.);
#665=FACE_OUTER_BOUND('',#914,.T.);
#666=FACE_OUTER_BOUND('',#915,.T.);
#667=FACE_OUTER_BOUND('',#916,.T.);
#668=FACE_OUTER_BOUND('',#917,.T.);
#669=FACE_OUTER_BOUND('',#918,.T.);
#670=FACE_OUTER_BOUND('',#919,.T.);
#671=FACE_OUTER_BOUND('',#920,.T.);
#672=EDGE_LOOP('',(#2442,#2443,#2444,#2445));
#673=EDGE_LOOP('',(#2446));
#674=EDGE_LOOP('',(#2447,#2448,#2449,#2450));
#675=EDGE_LOOP('',(#2451));
#676=EDGE_LOOP('',(#2452,#2453,#2454,#2455));
#677=EDGE_LOOP('',(#2456));
#678=EDGE_LOOP('',(#2457,#2458,#2459,#2460,#2461,#2462,#2463,#2464,#2465,
#2466));
#679=EDGE_LOOP('',(#2467,#2468,#2469,#2470));
#680=EDGE_LOOP('',(#2471));
#681=EDGE_LOOP('',(#2472,#2473,#2474,#2475,#2476,#2477,#2478,#2479,#2480,
#2481));
#682=EDGE_LOOP('',(#2482,#2483,#2484,#2485));
#683=EDGE_LOOP('',(#2486,#2487,#2488,#2489));
#684=EDGE_LOOP('',(#2490,#2491,#2492,#2493));
#685=EDGE_LOOP('',(#2494));
#686=EDGE_LOOP('',(#2495,#2496,#2497,#2498));
#687=EDGE_LOOP('',(#2499,#2500,#2501,#2502));
#688=EDGE_LOOP('',(#2503));
#689=EDGE_LOOP('',(#2504,#2505,#2506,#2507));
#690=EDGE_LOOP('',(#2508,#2509,#2510,#2511));
#691=EDGE_LOOP('',(#2512,#2513,#2514,#2515));
#692=EDGE_LOOP('',(#2516,#2517,#2518,#2519));
#693=EDGE_LOOP('',(#2520,#2521,#2522,#2523));
#694=EDGE_LOOP('',(#2524,#2525,#2526,#2527));
#695=EDGE_LOOP('',(#2528,#2529,#2530,#2531));
#696=EDGE_LOOP('',(#2532,#2533,#2534,#2535,#2536,#2537,#2538,#2539,#2540));
#697=EDGE_LOOP('',(#2541,#2542,#2543,#2544));
#698=EDGE_LOOP('',(#2545,#2546,#2547,#2548,#2549,#2550,#2551,#2552,#2553,
#2554));
#699=EDGE_LOOP('',(#2555,#2556,#2557,#2558));
#700=EDGE_LOOP('',(#2559,#2560,#2561,#2562));
#701=EDGE_LOOP('',(#2563,#2564,#2565,#2566));
#702=EDGE_LOOP('',(#2567,#2568,#2569,#2570));
#703=EDGE_LOOP('',(#2571,#2572,#2573,#2574,#2575,#2576,#2577,#2578,#2579,
#2580,#2581,#2582,#2583));
#704=EDGE_LOOP('',(#2584,#2585,#2586,#2587));
#705=EDGE_LOOP('',(#2588,#2589,#2590,#2591,#2592,#2593,#2594,#2595));
#706=EDGE_LOOP('',(#2596,#2597,#2598,#2599));
#707=EDGE_LOOP('',(#2600,#2601,#2602,#2603));
#708=EDGE_LOOP('',(#2604,#2605,#2606,#2607,#2608,#2609,#2610,#2611,#2612,
#2613,#2614,#2615,#2616,#2617));
#709=EDGE_LOOP('',(#2618,#2619,#2620,#2621,#2622,#2623,#2624,#2625));
#710=EDGE_LOOP('',(#2626,#2627,#2628,#2629,#2630,#2631,#2632,#2633,#2634));
#711=EDGE_LOOP('',(#2635,#2636,#2637,#2638,#2639,#2640,#2641,#2642,#2643));
#712=EDGE_LOOP('',(#2644,#2645,#2646,#2647));
#713=EDGE_LOOP('',(#2648,#2649,#2650,#2651));
#714=EDGE_LOOP('',(#2652,#2653,#2654,#2655));
#715=EDGE_LOOP('',(#2656,#2657,#2658,#2659));
#716=EDGE_LOOP('',(#2660,#2661,#2662,#2663));
#717=EDGE_LOOP('',(#2664,#2665,#2666,#2667));
#718=EDGE_LOOP('',(#2668,#2669,#2670,#2671));
#719=EDGE_LOOP('',(#2672,#2673,#2674,#2675));
#720=EDGE_LOOP('',(#2676,#2677,#2678,#2679));
#721=EDGE_LOOP('',(#2680,#2681,#2682,#2683));
#722=EDGE_LOOP('',(#2684,#2685,#2686,#2687));
#723=EDGE_LOOP('',(#2688,#2689,#2690,#2691));
#724=EDGE_LOOP('',(#2692,#2693,#2694,#2695));
#725=EDGE_LOOP('',(#2696,#2697,#2698,#2699));
#726=EDGE_LOOP('',(#2700,#2701,#2702,#2703));
#727=EDGE_LOOP('',(#2704,#2705,#2706,#2707));
#728=EDGE_LOOP('',(#2708,#2709,#2710,#2711));
#729=EDGE_LOOP('',(#2712));
#730=EDGE_LOOP('',(#2713,#2714,#2715,#2716));
#731=EDGE_LOOP('',(#2717));
#732=EDGE_LOOP('',(#2718,#2719,#2720,#2721));
#733=EDGE_LOOP('',(#2722,#2723,#2724,#2725));
#734=EDGE_LOOP('',(#2726,#2727,#2728,#2729));
#735=EDGE_LOOP('',(#2730,#2731,#2732,#2733));
#736=EDGE_LOOP('',(#2734,#2735,#2736,#2737,#2738,#2739,#2740,#2741));
#737=EDGE_LOOP('',(#2742));
#738=EDGE_LOOP('',(#2743,#2744,#2745,#2746,#2747,#2748,#2749,#2750));
#739=EDGE_LOOP('',(#2751));
#740=EDGE_LOOP('',(#2752,#2753,#2754,#2755,#2756));
#741=EDGE_LOOP('',(#2757,#2758,#2759,#2760));
#742=EDGE_LOOP('',(#2761,#2762,#2763,#2764));
#743=EDGE_LOOP('',(#2765,#2766,#2767,#2768,#2769));
#744=EDGE_LOOP('',(#2770,#2771,#2772,#2773,#2774,#2775,#2776,#2777));
#745=EDGE_LOOP('',(#2778,#2779,#2780,#2781));
#746=EDGE_LOOP('',(#2782,#2783,#2784,#2785));
#747=EDGE_LOOP('',(#2786,#2787,#2788,#2789));
#748=EDGE_LOOP('',(#2790,#2791,#2792,#2793));
#749=EDGE_LOOP('',(#2794,#2795,#2796,#2797));
#750=EDGE_LOOP('',(#2798,#2799,#2800,#2801));
#751=EDGE_LOOP('',(#2802,#2803,#2804,#2805));
#752=EDGE_LOOP('',(#2806,#2807,#2808,#2809));
#753=EDGE_LOOP('',(#2810,#2811,#2812,#2813));
#754=EDGE_LOOP('',(#2814,#2815,#2816,#2817,#2818,#2819,#2820,#2821,#2822,
#2823,#2824,#2825,#2826,#2827,#2828,#2829,#2830,#2831));
#755=EDGE_LOOP('',(#2832,#2833,#2834,#2835));
#756=EDGE_LOOP('',(#2836,#2837,#2838,#2839,#2840,#2841,#2842));
#757=EDGE_LOOP('',(#2843,#2844,#2845,#2846,#2847,#2848));
#758=EDGE_LOOP('',(#2849,#2850,#2851,#2852,#2853,#2854));
#759=EDGE_LOOP('',(#2855,#2856,#2857,#2858,#2859,#2860,#2861,#2862,#2863,
#2864,#2865,#2866,#2867,#2868,#2869,#2870,#2871,#2872));
#760=EDGE_LOOP('',(#2873,#2874,#2875,#2876));
#761=EDGE_LOOP('',(#2877,#2878,#2879,#2880));
#762=EDGE_LOOP('',(#2881,#2882,#2883,#2884,#2885,#2886));
#763=EDGE_LOOP('',(#2887,#2888,#2889,#2890,#2891,#2892));
#764=EDGE_LOOP('',(#2893,#2894,#2895,#2896));
#765=EDGE_LOOP('',(#2897,#2898,#2899,#2900));
#766=EDGE_LOOP('',(#2901,#2902,#2903));
#767=EDGE_LOOP('',(#2904,#2905,#2906,#2907,#2908,#2909));
#768=EDGE_LOOP('',(#2910,#2911,#2912,#2913));
#769=EDGE_LOOP('',(#2914,#2915,#2916,#2917));
#770=EDGE_LOOP('',(#2918,#2919,#2920,#2921,#2922,#2923,#2924,#2925,#2926,
#2927,#2928,#2929,#2930,#2931,#2932,#2933,#2934,#2935,#2936,#2937,#2938,
#2939,#2940));
#771=EDGE_LOOP('',(#2941,#2942,#2943,#2944,#2945,#2946,#2947,#2948));
#772=EDGE_LOOP('',(#2949,#2950,#2951,#2952,#2953,#2954,#2955,#2956));
#773=EDGE_LOOP('',(#2957,#2958,#2959,#2960,#2961,#2962,#2963,#2964,#2965,
#2966,#2967,#2968,#2969));
#774=EDGE_LOOP('',(#2970,#2971,#2972,#2973));
#775=EDGE_LOOP('',(#2974,#2975,#2976,#2977));
#776=EDGE_LOOP('',(#2978,#2979,#2980,#2981,#2982,#2983,#2984,#2985));
#777=EDGE_LOOP('',(#2986,#2987,#2988,#2989));
#778=EDGE_LOOP('',(#2990,#2991,#2992,#2993));
#779=EDGE_LOOP('',(#2994,#2995,#2996,#2997,#2998,#2999,#3000,#3001));
#780=EDGE_LOOP('',(#3002,#3003,#3004,#3005,#3006,#3007));
#781=EDGE_LOOP('',(#3008,#3009,#3010,#3011));
#782=EDGE_LOOP('',(#3012,#3013,#3014));
#783=EDGE_LOOP('',(#3015));
#784=EDGE_LOOP('',(#3016,#3017,#3018,#3019));
#785=EDGE_LOOP('',(#3020,#3021));
#786=EDGE_LOOP('',(#3022,#3023,#3024,#3025));
#787=EDGE_LOOP('',(#3026,#3027,#3028,#3029));
#788=EDGE_LOOP('',(#3030,#3031,#3032,#3033));
#789=EDGE_LOOP('',(#3034,#3035,#3036,#3037));
#790=EDGE_LOOP('',(#3038,#3039,#3040,#3041));
#791=EDGE_LOOP('',(#3042,#3043,#3044,#3045));
#792=EDGE_LOOP('',(#3046,#3047,#3048,#3049,#3050));
#793=EDGE_LOOP('',(#3051));
#794=EDGE_LOOP('',(#3052,#3053,#3054,#3055,#3056));
#795=EDGE_LOOP('',(#3057));
#796=EDGE_LOOP('',(#3058,#3059,#3060,#3061,#3062));
#797=EDGE_LOOP('',(#3063));
#798=EDGE_LOOP('',(#3064,#3065,#3066,#3067,#3068));
#799=EDGE_LOOP('',(#3069,#3070,#3071,#3072,#3073));
#800=EDGE_LOOP('',(#3074,#3075,#3076,#3077));
#801=EDGE_LOOP('',(#3078,#3079,#3080));
#802=EDGE_LOOP('',(#3081,#3082,#3083,#3084));
#803=EDGE_LOOP('',(#3085,#3086,#3087,#3088));
#804=EDGE_LOOP('',(#3089,#3090,#3091,#3092));
#805=EDGE_LOOP('',(#3093,#3094,#3095,#3096));
#806=EDGE_LOOP('',(#3097,#3098,#3099));
#807=EDGE_LOOP('',(#3100,#3101,#3102,#3103));
#808=EDGE_LOOP('',(#3104,#3105,#3106,#3107,#3108));
#809=EDGE_LOOP('',(#3109,#3110,#3111,#3112,#3113));
#810=EDGE_LOOP('',(#3114,#3115,#3116,#3117,#3118));
#811=EDGE_LOOP('',(#3119,#3120,#3121,#3122,#3123));
#812=EDGE_LOOP('',(#3124,#3125,#3126,#3127));
#813=EDGE_LOOP('',(#3128,#3129,#3130,#3131));
#814=EDGE_LOOP('',(#3132,#3133,#3134,#3135));
#815=EDGE_LOOP('',(#3136,#3137,#3138,#3139));
#816=EDGE_LOOP('',(#3140,#3141,#3142));
#817=EDGE_LOOP('',(#3143,#3144,#3145,#3146));
#818=EDGE_LOOP('',(#3147,#3148,#3149));
#819=EDGE_LOOP('',(#3150,#3151,#3152));
#820=EDGE_LOOP('',(#3153,#3154,#3155,#3156));
#821=EDGE_LOOP('',(#3157,#3158,#3159));
#822=EDGE_LOOP('',(#3160,#3161,#3162,#3163));
#823=EDGE_LOOP('',(#3164,#3165,#3166,#3167));
#824=EDGE_LOOP('',(#3168,#3169,#3170,#3171));
#825=EDGE_LOOP('',(#3172,#3173,#3174,#3175));
#826=EDGE_LOOP('',(#3176,#3177,#3178,#3179));
#827=EDGE_LOOP('',(#3180,#3181,#3182,#3183));
#828=EDGE_LOOP('',(#3184,#3185,#3186,#3187));
#829=EDGE_LOOP('',(#3188,#3189,#3190,#3191));
#830=EDGE_LOOP('',(#3192,#3193,#3194,#3195));
#831=EDGE_LOOP('',(#3196,#3197,#3198,#3199));
#832=EDGE_LOOP('',(#3200,#3201,#3202,#3203));
#833=EDGE_LOOP('',(#3204,#3205,#3206,#3207));
#834=EDGE_LOOP('',(#3208,#3209,#3210,#3211));
#835=EDGE_LOOP('',(#3212,#3213,#3214,#3215));
#836=EDGE_LOOP('',(#3216,#3217,#3218,#3219));
#837=EDGE_LOOP('',(#3220,#3221,#3222));
#838=EDGE_LOOP('',(#3223,#3224,#3225));
#839=EDGE_LOOP('',(#3226,#3227,#3228,#3229));
#840=EDGE_LOOP('',(#3230,#3231,#3232));
#841=EDGE_LOOP('',(#3233,#3234,#3235,#3236));
#842=EDGE_LOOP('',(#3237,#3238,#3239));
#843=EDGE_LOOP('',(#3240,#3241,#3242,#3243));
#844=EDGE_LOOP('',(#3244,#3245,#3246));
#845=EDGE_LOOP('',(#3247,#3248,#3249));
#846=EDGE_LOOP('',(#3250,#3251,#3252,#3253));
#847=EDGE_LOOP('',(#3254,#3255,#3256,#3257));
#848=EDGE_LOOP('',(#3258,#3259,#3260,#3261));
#849=EDGE_LOOP('',(#3262,#3263,#3264,#3265));
#850=EDGE_LOOP('',(#3266,#3267,#3268,#3269));
#851=EDGE_LOOP('',(#3270,#3271,#3272,#3273));
#852=EDGE_LOOP('',(#3274,#3275,#3276,#3277));
#853=EDGE_LOOP('',(#3278,#3279,#3280,#3281));
#854=EDGE_LOOP('',(#3282,#3283,#3284,#3285));
#855=EDGE_LOOP('',(#3286,#3287,#3288,#3289));
#856=EDGE_LOOP('',(#3290,#3291,#3292,#3293));
#857=EDGE_LOOP('',(#3294,#3295,#3296,#3297));
#858=EDGE_LOOP('',(#3298,#3299,#3300));
#859=EDGE_LOOP('',(#3301,#3302,#3303));
#860=EDGE_LOOP('',(#3304,#3305,#3306));
#861=EDGE_LOOP('',(#3307,#3308,#3309));
#862=EDGE_LOOP('',(#3310,#3311,#3312));
#863=EDGE_LOOP('',(#3313,#3314,#3315));
#864=EDGE_LOOP('',(#3316,#3317,#3318,#3319));
#865=EDGE_LOOP('',(#3320,#3321,#3322,#3323));
#866=EDGE_LOOP('',(#3324,#3325,#3326,#3327));
#867=EDGE_LOOP('',(#3328,#3329,#3330,#3331));
#868=EDGE_LOOP('',(#3332,#3333,#3334,#3335));
#869=EDGE_LOOP('',(#3336,#3337,#3338,#3339));
#870=EDGE_LOOP('',(#3340,#3341,#3342,#3343));
#871=EDGE_LOOP('',(#3344,#3345,#3346,#3347));
#872=EDGE_LOOP('',(#3348,#3349,#3350));
#873=EDGE_LOOP('',(#3351,#3352,#3353));
#874=EDGE_LOOP('',(#3354,#3355,#3356,#3357));
#875=EDGE_LOOP('',(#3358,#3359,#3360,#3361));
#876=EDGE_LOOP('',(#3362,#3363,#3364,#3365));
#877=EDGE_LOOP('',(#3366,#3367,#3368,#3369));
#878=EDGE_LOOP('',(#3370,#3371,#3372,#3373));
#879=EDGE_LOOP('',(#3374,#3375,#3376));
#880=EDGE_LOOP('',(#3377,#3378,#3379,#3380));
#881=EDGE_LOOP('',(#3381,#3382,#3383,#3384));
#882=EDGE_LOOP('',(#3385,#3386,#3387));
#883=EDGE_LOOP('',(#3388,#3389,#3390,#3391));
#884=EDGE_LOOP('',(#3392,#3393,#3394,#3395));
#885=EDGE_LOOP('',(#3396,#3397,#3398));
#886=EDGE_LOOP('',(#3399,#3400,#3401));
#887=EDGE_LOOP('',(#3402,#3403,#3404,#3405));
#888=EDGE_LOOP('',(#3406,#3407,#3408,#3409));
#889=EDGE_LOOP('',(#3410,#3411,#3412,#3413));
#890=EDGE_LOOP('',(#3414,#3415,#3416,#3417));
#891=EDGE_LOOP('',(#3418,#3419,#3420,#3421));
#892=EDGE_LOOP('',(#3422,#3423,#3424,#3425));
#893=EDGE_LOOP('',(#3426,#3427,#3428,#3429));
#894=EDGE_LOOP('',(#3430,#3431,#3432,#3433));
#895=EDGE_LOOP('',(#3434,#3435,#3436,#3437));
#896=EDGE_LOOP('',(#3438,#3439,#3440,#3441));
#897=EDGE_LOOP('',(#3442,#3443,#3444,#3445));
#898=EDGE_LOOP('',(#3446,#3447,#3448,#3449));
#899=EDGE_LOOP('',(#3450,#3451,#3452,#3453));
#900=EDGE_LOOP('',(#3454,#3455,#3456,#3457,#3458));
#901=EDGE_LOOP('',(#3459,#3460,#3461,#3462));
#902=EDGE_LOOP('',(#3463,#3464,#3465,#3466,#3467));
#903=EDGE_LOOP('',(#3468,#3469,#3470,#3471));
#904=EDGE_LOOP('',(#3472,#3473,#3474,#3475));
#905=EDGE_LOOP('',(#3476,#3477,#3478,#3479));
#906=EDGE_LOOP('',(#3480,#3481,#3482,#3483));
#907=EDGE_LOOP('',(#3484,#3485,#3486,#3487));
#908=EDGE_LOOP('',(#3488,#3489,#3490,#3491));
#909=EDGE_LOOP('',(#3492,#3493,#3494,#3495));
#910=EDGE_LOOP('',(#3496,#3497,#3498,#3499));
#911=EDGE_LOOP('',(#3500,#3501,#3502,#3503));
#912=EDGE_LOOP('',(#3504,#3505,#3506,#3507));
#913=EDGE_LOOP('',(#3508,#3509,#3510,#3511));
#914=EDGE_LOOP('',(#3512,#3513,#3514,#3515));
#915=EDGE_LOOP('',(#3516,#3517,#3518,#3519));
#916=EDGE_LOOP('',(#3520,#3521,#3522,#3523));
#917=EDGE_LOOP('',(#3524,#3525,#3526,#3527,#3528));
#918=EDGE_LOOP('',(#3529,#3530,#3531,#3532));
#919=EDGE_LOOP('',(#3533));
#920=EDGE_LOOP('',(#3534,#3535,#3536,#3537,#3538,#3539,#3540,#3541));
#921=LINE('',#5543,#1242);
#922=LINE('',#5545,#1243);
#923=LINE('',#5547,#1244);
#924=LINE('',#5548,#1245);
#925=LINE('',#5554,#1246);
#926=LINE('',#5556,#1247);
#927=LINE('',#5558,#1248);
#928=LINE('',#5559,#1249);
#929=LINE('',#5564,#1250);
#930=LINE('',#5567,#1251);
#931=LINE('',#5572,#1252);
#932=LINE('',#5574,#1253);
#933=LINE('',#5576,#1254);
#934=LINE('',#5581,#1255);
#935=LINE('',#5582,#1256);
#936=LINE('',#5585,#1257);
#937=LINE('',#5591,#1258);
#938=LINE('',#5593,#1259);
#939=LINE('',#5598,#1260);
#940=LINE('',#5599,#1261);
#941=LINE('',#5601,#1262);
#942=LINE('',#5605,#1263);
#943=LINE('',#5609,#1264);
#944=LINE('',#5611,#1265);
#945=LINE('',#5617,#1266);
#946=LINE('',#5624,#1267);
#947=LINE('',#5626,#1268);
#948=LINE('',#5628,#1269);
#949=LINE('',#5629,#1270);
#950=LINE('',#5632,#1271);
#951=LINE('',#5634,#1272);
#952=LINE('',#5636,#1273);
#953=LINE('',#5637,#1274);
#954=LINE('',#5643,#1275);
#955=LINE('',#5646,#1276);
#956=LINE('',#5650,#1277);
#957=LINE('',#5652,#1278);
#958=LINE('',#5654,#1279);
#959=LINE('',#5656,#1280);
#960=LINE('',#5658,#1281);
#961=LINE('',#5662,#1282);
#962=LINE('',#5664,#1283);
#963=LINE('',#5665,#1284);
#964=LINE('',#5668,#1285);
#965=LINE('',#5670,#1286);
#966=LINE('',#5672,#1287);
#967=LINE('',#5673,#1288);
#968=LINE('',#5678,#1289);
#969=LINE('',#5682,#1290);
#970=LINE('',#5684,#1291);
#971=LINE('',#5686,#1292);
#972=LINE('',#5688,#1293);
#973=LINE('',#5690,#1294);
#974=LINE('',#5691,#1295);
#975=LINE('',#5697,#1296);
#976=LINE('',#5700,#1297);
#977=LINE('',#5703,#1298);
#978=LINE('',#5705,#1299);
#979=LINE('',#5706,#1300);
#980=LINE('',#5709,#1301);
#981=LINE('',#5711,#1302);
#982=LINE('',#5712,#1303);
#983=LINE('',#5717,#1304);
#984=LINE('',#5721,#1305);
#985=LINE('',#5723,#1306);
#986=LINE('',#5725,#1307);
#987=LINE('',#5727,#1308);
#988=LINE('',#5729,#1309);
#989=LINE('',#5731,#1310);
#990=LINE('',#5735,#1311);
#991=LINE('',#5736,#1312);
#992=LINE('',#5738,#1313);
#993=LINE('',#5739,#1314);
#994=LINE('',#5742,#1315);
#995=LINE('',#5744,#1316);
#996=LINE('',#5746,#1317);
#997=LINE('',#5747,#1318);
#998=LINE('',#5751,#1319);
#999=LINE('',#5753,#1320);
#1000=LINE('',#5754,#1321);
#1001=LINE('',#5756,#1322);
#1002=LINE('',#5758,#1323);
#1003=LINE('',#5760,#1324);
#1004=LINE('',#5761,#1325);
#1005=LINE('',#5764,#1326);
#1006=LINE('',#5766,#1327);
#1007=LINE('',#5767,#1328);
#1008=LINE('',#5770,#1329);
#1009=LINE('',#5772,#1330);
#1010=LINE('',#5774,#1331);
#1011=LINE('',#5775,#1332);
#1012=LINE('',#5780,#1333);
#1013=LINE('',#5782,#1334);
#1014=LINE('',#5783,#1335);
#1015=LINE('',#5784,#1336);
#1016=LINE('',#5786,#1337);
#1017=LINE('',#5788,#1338);
#1018=LINE('',#5789,#1339);
#1019=LINE('',#5795,#1340);
#1020=LINE('',#5797,#1341);
#1021=LINE('',#5799,#1342);
#1022=LINE('',#5801,#1343);
#1023=LINE('',#5802,#1344);
#1024=LINE('',#5805,#1345);
#1025=LINE('',#5807,#1346);
#1026=LINE('',#5809,#1347);
#1027=LINE('',#5811,#1348);
#1028=LINE('',#5812,#1349);
#1029=LINE('',#5814,#1350);
#1030=LINE('',#5815,#1351);
#1031=LINE('',#5819,#1352);
#1032=LINE('',#5821,#1353);
#1033=LINE('',#5822,#1354);
#1034=LINE('',#5825,#1355);
#1035=LINE('',#5826,#1356);
#1036=LINE('',#5829,#1357);
#1037=LINE('',#5830,#1358);
#1038=LINE('',#5833,#1359);
#1039=LINE('',#5835,#1360);
#1040=LINE('',#5837,#1361);
#1041=LINE('',#5838,#1362);
#1042=LINE('',#5840,#1363);
#1043=LINE('',#5843,#1364);
#1044=LINE('',#5844,#1365);
#1045=LINE('',#5846,#1366);
#1046=LINE('',#5848,#1367);
#1047=LINE('',#5851,#1368);
#1048=LINE('',#5852,#1369);
#1049=LINE('',#5854,#1370);
#1050=LINE('',#5856,#1371);
#1051=LINE('',#5863,#1372);
#1052=LINE('',#5864,#1373);
#1053=LINE('',#5869,#1374);
#1054=LINE('',#5872,#1375);
#1055=LINE('',#5874,#1376);
#1056=LINE('',#5876,#1377);
#1057=LINE('',#5880,#1378);
#1058=LINE('',#5882,#1379);
#1059=LINE('',#5885,#1380);
#1060=LINE('',#5887,#1381);
#1061=LINE('',#5888,#1382);
#1062=LINE('',#5891,#1383);
#1063=LINE('',#5894,#1384);
#1064=LINE('',#5896,#1385);
#1065=LINE('',#5899,#1386);
#1066=LINE('',#5900,#1387);
#1067=LINE('',#5904,#1388);
#1068=LINE('',#5906,#1389);
#1069=LINE('',#5907,#1390);
#1070=LINE('',#5916,#1391);
#1071=LINE('',#5922,#1392);
#1072=LINE('',#5924,#1393);
#1073=LINE('',#5926,#1394);
#1074=LINE('',#5930,#1395);
#1075=LINE('',#5932,#1396);
#1076=LINE('',#5934,#1397);
#1077=LINE('',#5938,#1398);
#1078=LINE('',#5940,#1399);
#1079=LINE('',#5942,#1400);
#1080=LINE('',#5944,#1401);
#1081=LINE('',#5946,#1402);
#1082=LINE('',#5950,#1403);
#1083=LINE('',#5952,#1404);
#1084=LINE('',#5954,#1405);
#1085=LINE('',#5958,#1406);
#1086=LINE('',#5960,#1407);
#1087=LINE('',#5962,#1408);
#1088=LINE('',#5963,#1409);
#1089=LINE('',#5967,#1410);
#1090=LINE('',#5969,#1411);
#1091=LINE('',#5971,#1412);
#1092=LINE('',#5973,#1413);
#1093=LINE('',#5975,#1414);
#1094=LINE('',#5977,#1415);
#1095=LINE('',#5978,#1416);
#1096=LINE('',#5981,#1417);
#1097=LINE('',#5984,#1418);
#1098=LINE('',#5989,#1419);
#1099=LINE('',#5991,#1420);
#1100=LINE('',#5994,#1421);
#1101=LINE('',#5998,#1422);
#1102=LINE('',#6000,#1423);
#1103=LINE('',#6004,#1424);
#1104=LINE('',#6006,#1425);
#1105=LINE('',#6008,#1426);
#1106=LINE('',#6012,#1427);
#1107=LINE('',#6014,#1428);
#1108=LINE('',#6016,#1429);
#1109=LINE('',#6018,#1430);
#1110=LINE('',#6020,#1431);
#1111=LINE('',#6024,#1432);
#1112=LINE('',#6026,#1433);
#1113=LINE('',#6028,#1434);
#1114=LINE('',#6032,#1435);
#1115=LINE('',#6034,#1436);
#1116=LINE('',#6036,#1437);
#1117=LINE('',#6037,#1438);
#1118=LINE('',#6041,#1439);
#1119=LINE('',#6043,#1440);
#1120=LINE('',#6045,#1441);
#1121=LINE('',#6046,#1442);
#1122=LINE('',#6049,#1443);
#1123=LINE('',#6052,#1444);
#1124=LINE('',#6056,#1445);
#1125=LINE('',#6059,#1446);
#1126=LINE('',#6062,#1447);
#1127=LINE('',#6064,#1448);
#1128=LINE('',#6068,#1449);
#1129=LINE('',#6071,#1450);
#1130=LINE('',#6075,#1451);
#1131=LINE('',#6083,#1452);
#1132=LINE('',#6084,#1453);
#1133=LINE('',#6088,#1454);
#1134=LINE('',#6090,#1455);
#1135=LINE('',#6092,#1456);
#1136=LINE('',#6093,#1457);
#1137=LINE('',#6097,#1458);
#1138=LINE('',#6099,#1459);
#1139=LINE('',#6101,#1460);
#1140=LINE('',#6102,#1461);
#1141=LINE('',#6106,#1462);
#1142=LINE('',#6117,#1463);
#1143=LINE('',#6159,#1464);
#1144=LINE('',#6192,#1465);
#1145=LINE('',#6194,#1466);
#1146=LINE('',#6196,#1467);
#1147=LINE('',#6198,#1468);
#1148=LINE('',#6200,#1469);
#1149=LINE('',#6202,#1470);
#1150=LINE('',#6203,#1471);
#1151=LINE('',#6207,#1472);
#1152=LINE('',#6209,#1473);
#1153=LINE('',#6213,#1474);
#1154=LINE('',#6215,#1475);
#1155=LINE('',#6217,#1476);
#1156=LINE('',#6219,#1477);
#1157=LINE('',#6220,#1478);
#1158=LINE('',#6231,#1479);
#1159=LINE('',#6233,#1480);
#1160=LINE('',#6237,#1481);
#1161=LINE('',#6239,#1482);
#1162=LINE('',#6241,#1483);
#1163=LINE('',#6242,#1484);
#1164=LINE('',#6246,#1485);
#1165=LINE('',#6250,#1486);
#1166=LINE('',#6252,#1487);
#1167=LINE('',#6254,#1488);
#1168=LINE('',#6256,#1489);
#1169=LINE('',#6258,#1490);
#1170=LINE('',#6259,#1491);
#1171=LINE('',#6263,#1492);
#1172=LINE('',#6265,#1493);
#1173=LINE('',#6267,#1494);
#1174=LINE('',#6268,#1495);
#1175=LINE('',#6272,#1496);
#1176=LINE('',#6274,#1497);
#1177=LINE('',#6276,#1498);
#1178=LINE('',#6277,#1499);
#1179=LINE('',#6281,#1500);
#1180=LINE('',#6283,#1501);
#1181=LINE('',#6285,#1502);
#1182=LINE('',#6287,#1503);
#1183=LINE('',#6289,#1504);
#1184=LINE('',#6291,#1505);
#1185=LINE('',#6293,#1506);
#1186=LINE('',#6298,#1507);
#1187=LINE('',#6300,#1508);
#1188=LINE('',#6302,#1509);
#1189=LINE('',#6304,#1510);
#1190=LINE('',#6306,#1511);
#1191=LINE('',#6307,#1512);
#1192=LINE('',#6311,#1513);
#1193=LINE('',#6313,#1514);
#1194=LINE('',#6315,#1515);
#1195=LINE('',#6316,#1516);
#1196=LINE('',#6320,#1517);
#1197=LINE('',#6323,#1518);
#1198=LINE('',#6335,#1519);
#1199=LINE('',#6339,#1520);
#1200=LINE('',#6344,#1521);
#1201=LINE('',#6345,#1522);
#1202=LINE('',#6346,#1523);
#1203=LINE('',#6349,#1524);
#1204=LINE('',#6351,#1525);
#1205=LINE('',#6352,#1526);
#1206=LINE('',#6356,#1527);
#1207=LINE('',#6358,#1528);
#1208=LINE('',#6360,#1529);
#1209=LINE('',#6361,#1530);
#1210=LINE('',#6365,#1531);
#1211=LINE('',#6367,#1532);
#1212=LINE('',#6369,#1533);
#1213=LINE('',#6370,#1534);
#1214=LINE('',#6376,#1535);
#1215=LINE('',#6381,#1536);
#1216=LINE('',#6386,#1537);
#1217=LINE('',#6918,#1538);
#1218=LINE('',#6920,#1539);
#1219=LINE('',#6921,#1540);
#1220=LINE('',#6924,#1541);
#1221=LINE('',#6925,#1542);
#1222=LINE('',#6928,#1543);
#1223=LINE('',#6929,#1544);
#1224=LINE('',#6931,#1545);
#1225=LINE('',#6935,#1546);
#1226=LINE('',#6937,#1547);
#1227=LINE('',#6938,#1548);
#1228=LINE('',#6941,#1549);
#1229=LINE('',#6942,#1550);
#1230=LINE('',#6945,#1551);
#1231=LINE('',#6946,#1552);
#1232=LINE('',#6948,#1553);
#1233=LINE('',#6954,#1554);
#1234=LINE('',#6956,#1555);
#1235=LINE('',#6958,#1556);
#1236=LINE('',#6959,#1557);
#1237=LINE('',#6964,#1558);
#1238=LINE('',#6968,#1559);
#1239=LINE('',#6970,#1560);
#1240=LINE('',#6971,#1561);
#1241=LINE('',#6982,#1562);
#1242=VECTOR('',#4357,1.);
#1243=VECTOR('',#4358,1.);
#1244=VECTOR('',#4359,1.);
#1245=VECTOR('',#4360,1.);
#1246=VECTOR('',#4365,1.);
#1247=VECTOR('',#4366,1.);
#1248=VECTOR('',#4367,1.);
#1249=VECTOR('',#4368,1.);
#1250=VECTOR('',#4373,1.);
#1251=VECTOR('',#4376,1.);
#1252=VECTOR('',#4381,1.);
#1253=VECTOR('',#4382,1.);
#1254=VECTOR('',#4383,1.);
#1255=VECTOR('',#4388,1.);
#1256=VECTOR('',#4389,1.);
#1257=VECTOR('',#4392,1.);
#1258=VECTOR('',#4399,1.);
#1259=VECTOR('',#4400,1.);
#1260=VECTOR('',#4405,1.);
#1261=VECTOR('',#4406,1.);
#1262=VECTOR('',#4409,0.0016);
#1263=VECTOR('',#4416,1.);
#1264=VECTOR('',#4421,0.0016);
#1265=VECTOR('',#4424,1.);
#1266=VECTOR('',#4433,0.0016);
#1267=VECTOR('',#4442,1.);
#1268=VECTOR('',#4443,1.);
#1269=VECTOR('',#4444,1.);
#1270=VECTOR('',#4445,1.);
#1271=VECTOR('',#4446,1.);
#1272=VECTOR('',#4447,1.);
#1273=VECTOR('',#4448,1.);
#1274=VECTOR('',#4449,1.);
#1275=VECTOR('',#4454,1.);
#1276=VECTOR('',#4457,1.);
#1277=VECTOR('',#4460,1.);
#1278=VECTOR('',#4461,1.);
#1279=VECTOR('',#4462,1.);
#1280=VECTOR('',#4463,1.);
#1281=VECTOR('',#4464,1.);
#1282=VECTOR('',#4467,1.);
#1283=VECTOR('',#4468,1.);
#1284=VECTOR('',#4469,1.);
#1285=VECTOR('',#4470,1.);
#1286=VECTOR('',#4471,1.);
#1287=VECTOR('',#4472,1.);
#1288=VECTOR('',#4473,1.);
#1289=VECTOR('',#4478,1.);
#1290=VECTOR('',#4481,1.);
#1291=VECTOR('',#4482,1.);
#1292=VECTOR('',#4483,1.);
#1293=VECTOR('',#4484,1.);
#1294=VECTOR('',#4485,1.);
#1295=VECTOR('',#4486,1.);
#1296=VECTOR('',#4491,1.);
#1297=VECTOR('',#4494,1.);
#1298=VECTOR('',#4497,1.);
#1299=VECTOR('',#4498,1.);
#1300=VECTOR('',#4499,1.);
#1301=VECTOR('',#4502,1.);
#1302=VECTOR('',#4503,1.);
#1303=VECTOR('',#4504,1.);
#1304=VECTOR('',#4509,0.0016);
#1305=VECTOR('',#4514,1.);
#1306=VECTOR('',#4515,1.);
#1307=VECTOR('',#4516,1.);
#1308=VECTOR('',#4517,1.);
#1309=VECTOR('',#4518,1.);
#1310=VECTOR('',#4519,1.);
#1311=VECTOR('',#4522,1.);
#1312=VECTOR('',#4523,1.);
#1313=VECTOR('',#4524,1.);
#1314=VECTOR('',#4525,1.);
#1315=VECTOR('',#4526,1.);
#1316=VECTOR('',#4527,1.);
#1317=VECTOR('',#4528,1.);
#1318=VECTOR('',#4529,1.);
#1319=VECTOR('',#4532,1.);
#1320=VECTOR('',#4533,1.);
#1321=VECTOR('',#4534,1.);
#1322=VECTOR('',#4535,1.);
#1323=VECTOR('',#4536,1.);
#1324=VECTOR('',#4537,1.);
#1325=VECTOR('',#4538,1.);
#1326=VECTOR('',#4541,1.);
#1327=VECTOR('',#4542,1.);
#1328=VECTOR('',#4543,1.);
#1329=VECTOR('',#4544,1.);
#1330=VECTOR('',#4545,1.);
#1331=VECTOR('',#4546,1.);
#1332=VECTOR('',#4547,1.);
#1333=VECTOR('',#4554,1.);
#1334=VECTOR('',#4555,1.);
#1335=VECTOR('',#4556,1.);
#1336=VECTOR('',#4557,1.);
#1337=VECTOR('',#4558,1.);
#1338=VECTOR('',#4559,1.);
#1339=VECTOR('',#4560,1.);
#1340=VECTOR('',#4571,1.);
#1341=VECTOR('',#4572,1.);
#1342=VECTOR('',#4573,1.);
#1343=VECTOR('',#4574,1.);
#1344=VECTOR('',#4575,1.);
#1345=VECTOR('',#4580,1.);
#1346=VECTOR('',#4581,1.);
#1347=VECTOR('',#4582,1.);
#1348=VECTOR('',#4583,1.);
#1349=VECTOR('',#4584,1.);
#1350=VECTOR('',#4587,1.);
#1351=VECTOR('',#4588,1.);
#1352=VECTOR('',#4593,1.);
#1353=VECTOR('',#4594,1.);
#1354=VECTOR('',#4595,1.);
#1355=VECTOR('',#4598,1.);
#1356=VECTOR('',#4599,1.);
#1357=VECTOR('',#4602,1.);
#1358=VECTOR('',#4603,1.);
#1359=VECTOR('',#4604,1.);
#1360=VECTOR('',#4605,1.);
#1361=VECTOR('',#4606,1.);
#1362=VECTOR('',#4607,1.);
#1363=VECTOR('',#4610,1.);
#1364=VECTOR('',#4615,1.);
#1365=VECTOR('',#4616,1.);
#1366=VECTOR('',#4619,1.);
#1367=VECTOR('',#4622,1.);
#1368=VECTOR('',#4627,1.);
#1369=VECTOR('',#4628,1.);
#1370=VECTOR('',#4631,1.);
#1371=VECTOR('',#4634,1.);
#1372=VECTOR('',#4643,1.);
#1373=VECTOR('',#4644,1.);
#1374=VECTOR('',#4649,1.);
#1375=VECTOR('',#4652,1.);
#1376=VECTOR('',#4655,1.);
#1377=VECTOR('',#4658,1.);
#1378=VECTOR('',#4663,0.0016);
#1379=VECTOR('',#4666,1.);
#1380=VECTOR('',#4669,1.);
#1381=VECTOR('',#4670,1.);
#1382=VECTOR('',#4671,1.);
#1383=VECTOR('',#4674,1.);
#1384=VECTOR('',#4677,1.);
#1385=VECTOR('',#4680,1.);
#1386=VECTOR('',#4683,1.);
#1387=VECTOR('',#4684,1.);
#1388=VECTOR('',#4689,1.);
#1389=VECTOR('',#4692,1.);
#1390=VECTOR('',#4693,1.);
#1391=VECTOR('',#4710,1.);
#1392=VECTOR('',#4717,1.);
#1393=VECTOR('',#4718,1.);
#1394=VECTOR('',#4719,1.);
#1395=VECTOR('',#4722,1.);
#1396=VECTOR('',#4723,1.);
#1397=VECTOR('',#4724,1.);
#1398=VECTOR('',#4727,1.);
#1399=VECTOR('',#4728,1.);
#1400=VECTOR('',#4729,0.01);
#1401=VECTOR('',#4730,1.);
#1402=VECTOR('',#4731,1.);
#1403=VECTOR('',#4734,1.);
#1404=VECTOR('',#4735,1.);
#1405=VECTOR('',#4736,1.);
#1406=VECTOR('',#4739,1.);
#1407=VECTOR('',#4740,1.);
#1408=VECTOR('',#4741,1.);
#1409=VECTOR('',#4742,1.);
#1410=VECTOR('',#4745,1.);
#1411=VECTOR('',#4746,1.);
#1412=VECTOR('',#4747,1.);
#1413=VECTOR('',#4748,1.);
#1414=VECTOR('',#4749,1.);
#1415=VECTOR('',#4750,1.);
#1416=VECTOR('',#4751,1.);
#1417=VECTOR('',#4754,1.);
#1418=VECTOR('',#4757,1.);
#1419=VECTOR('',#4762,1.);
#1420=VECTOR('',#4763,1.);
#1421=VECTOR('',#4766,1.);
#1422=VECTOR('',#4771,1.);
#1423=VECTOR('',#4772,1.);
#1424=VECTOR('',#4775,1.);
#1425=VECTOR('',#4776,1.);
#1426=VECTOR('',#4777,1.);
#1427=VECTOR('',#4780,1.);
#1428=VECTOR('',#4781,1.);
#1429=VECTOR('',#4782,0.01);
#1430=VECTOR('',#4783,1.);
#1431=VECTOR('',#4784,1.);
#1432=VECTOR('',#4787,1.);
#1433=VECTOR('',#4788,1.);
#1434=VECTOR('',#4789,1.);
#1435=VECTOR('',#4792,1.);
#1436=VECTOR('',#4793,1.);
#1437=VECTOR('',#4794,1.);
#1438=VECTOR('',#4795,1.);
#1439=VECTOR('',#4798,1.);
#1440=VECTOR('',#4799,1.);
#1441=VECTOR('',#4800,1.);
#1442=VECTOR('',#4801,1.);
#1443=VECTOR('',#4804,1.);
#1444=VECTOR('',#4807,1.);
#1445=VECTOR('',#4812,1.);
#1446=VECTOR('',#4815,1.);
#1447=VECTOR('',#4820,1.);
#1448=VECTOR('',#4823,1.);
#1449=VECTOR('',#4826,1.);
#1450=VECTOR('',#4829,1.);
#1451=VECTOR('',#4832,1.);
#1452=VECTOR('',#4839,1.);
#1453=VECTOR('',#4840,1.);
#1454=VECTOR('',#4843,1.);
#1455=VECTOR('',#4844,1.);
#1456=VECTOR('',#4845,1.);
#1457=VECTOR('',#4846,1.);
#1458=VECTOR('',#4849,1.);
#1459=VECTOR('',#4850,1.);
#1460=VECTOR('',#4851,1.);
#1461=VECTOR('',#4852,1.);
#1462=VECTOR('',#4855,1.);
#1463=VECTOR('',#4860,0.00575);
#1464=VECTOR('',#4877,1.);
#1465=VECTOR('',#4884,1.);
#1466=VECTOR('',#4885,1.);
#1467=VECTOR('',#4886,1.);
#1468=VECTOR('',#4887,1.);
#1469=VECTOR('',#4888,1.);
#1470=VECTOR('',#4889,1.);
#1471=VECTOR('',#4890,1.);
#1472=VECTOR('',#4893,1.);
#1473=VECTOR('',#4894,1.);
#1474=VECTOR('',#4897,1.);
#1475=VECTOR('',#4898,1.);
#1476=VECTOR('',#4899,1.);
#1477=VECTOR('',#4900,1.);
#1478=VECTOR('',#4901,1.);
#1479=VECTOR('',#4916,1.);
#1480=VECTOR('',#4919,1.);
#1481=VECTOR('',#4922,1.);
#1482=VECTOR('',#4923,1.);
#1483=VECTOR('',#4924,1.);
#1484=VECTOR('',#4925,1.);
#1485=VECTOR('',#4928,1.);
#1486=VECTOR('',#4931,1.);
#1487=VECTOR('',#4932,1.);
#1488=VECTOR('',#4933,1.);
#1489=VECTOR('',#4934,1.);
#1490=VECTOR('',#4935,1.);
#1491=VECTOR('',#4936,1.);
#1492=VECTOR('',#4939,1.);
#1493=VECTOR('',#4940,1.);
#1494=VECTOR('',#4941,1.);
#1495=VECTOR('',#4942,1.);
#1496=VECTOR('',#4945,1.);
#1497=VECTOR('',#4946,1.);
#1498=VECTOR('',#4947,1.);
#1499=VECTOR('',#4948,1.);
#1500=VECTOR('',#4951,1.);
#1501=VECTOR('',#4952,1.);
#1502=VECTOR('',#4953,1.);
#1503=VECTOR('',#4954,1.);
#1504=VECTOR('',#4955,1.);
#1505=VECTOR('',#4956,1.);
#1506=VECTOR('',#4957,1.);
#1507=VECTOR('',#4962,1.);
#1508=VECTOR('',#4963,1.);
#1509=VECTOR('',#4964,1.);
#1510=VECTOR('',#4965,0.01);
#1511=VECTOR('',#4966,1.);
#1512=VECTOR('',#4967,1.);
#1513=VECTOR('',#4970,1.);
#1514=VECTOR('',#4971,1.);
#1515=VECTOR('',#4972,1.);
#1516=VECTOR('',#4973,1.);
#1517=VECTOR('',#4976,1.);
#1518=VECTOR('',#4979,1.);
#1519=VECTOR('',#4996,1.);
#1520=VECTOR('',#4999,1.);
#1521=VECTOR('',#5004,1.);
#1522=VECTOR('',#5005,1.);
#1523=VECTOR('',#5006,1.);
#1524=VECTOR('',#5009,1.);
#1525=VECTOR('',#5010,1.);
#1526=VECTOR('',#5011,1.);
#1527=VECTOR('',#5014,1.);
#1528=VECTOR('',#5015,1.);
#1529=VECTOR('',#5016,1.);
#1530=VECTOR('',#5017,1.);
#1531=VECTOR('',#5020,1.);
#1532=VECTOR('',#5021,1.);
#1533=VECTOR('',#5022,1.);
#1534=VECTOR('',#5023,1.);
#1535=VECTOR('',#5032,0.0006);
#1536=VECTOR('',#5039,0.0006);
#1537=VECTOR('',#5046,0.0006);
#1538=VECTOR('',#5455,1.);
#1539=VECTOR('',#5456,1.);
#1540=VECTOR('',#5457,1.);
#1541=VECTOR('',#5460,1.);
#1542=VECTOR('',#5461,1.);
#1543=VECTOR('',#5464,1.);
#1544=VECTOR('',#5465,1.);
#1545=VECTOR('',#5468,1.);
#1546=VECTOR('',#5473,1.);
#1547=VECTOR('',#5474,1.);
#1548=VECTOR('',#5475,1.);
#1549=VECTOR('',#5478,1.);
#1550=VECTOR('',#5479,1.);
#1551=VECTOR('',#5482,1.);
#1552=VECTOR('',#5483,1.);
#1553=VECTOR('',#5486,1.);
#1554=VECTOR('',#5493,0.01);
#1555=VECTOR('',#5494,0.01);
#1556=VECTOR('',#5495,0.01);
#1557=VECTOR('',#5496,0.01);
#1558=VECTOR('',#5501,0.01);
#1559=VECTOR('',#5506,0.01);
#1560=VECTOR('',#5507,0.01);
#1561=VECTOR('',#5508,0.01);
#1562=VECTOR('',#5525,0.0035);
#1563=VERTEX_POINT('',#5541);
#1564=VERTEX_POINT('',#5542);
#1565=VERTEX_POINT('',#5544);
#1566=VERTEX_POINT('',#5546);
#1567=VERTEX_POINT('',#5549);
#1568=VERTEX_POINT('',#5552);
#1569=VERTEX_POINT('',#5553);
#1570=VERTEX_POINT('',#5555);
#1571=VERTEX_POINT('',#5557);
#1572=VERTEX_POINT('',#5560);
#1573=VERTEX_POINT('',#5563);
#1574=VERTEX_POINT('',#5565);
#1575=VERTEX_POINT('',#5568);
#1576=VERTEX_POINT('',#5571);
#1577=VERTEX_POINT('',#5573);
#1578=VERTEX_POINT('',#5575);
#1579=VERTEX_POINT('',#5578);
#1580=VERTEX_POINT('',#5580);
#1581=VERTEX_POINT('',#5584);
#1582=VERTEX_POINT('',#5587);
#1583=VERTEX_POINT('',#5590);
#1584=VERTEX_POINT('',#5592);
#1585=VERTEX_POINT('',#5595);
#1586=VERTEX_POINT('',#5597);
#1587=VERTEX_POINT('',#5606);
#1588=VERTEX_POINT('',#5613);
#1589=VERTEX_POINT('',#5622);
#1590=VERTEX_POINT('',#5623);
#1591=VERTEX_POINT('',#5625);
#1592=VERTEX_POINT('',#5627);
#1593=VERTEX_POINT('',#5630);
#1594=VERTEX_POINT('',#5631);
#1595=VERTEX_POINT('',#5633);
#1596=VERTEX_POINT('',#5635);
#1597=VERTEX_POINT('',#5639);
#1598=VERTEX_POINT('',#5640);
#1599=VERTEX_POINT('',#5642);
#1600=VERTEX_POINT('',#5644);
#1601=VERTEX_POINT('',#5648);
#1602=VERTEX_POINT('',#5649);
#1603=VERTEX_POINT('',#5651);
#1604=VERTEX_POINT('',#5653);
#1605=VERTEX_POINT('',#5655);
#1606=VERTEX_POINT('',#5657);
#1607=VERTEX_POINT('',#5659);
#1608=VERTEX_POINT('',#5661);
#1609=VERTEX_POINT('',#5663);
#1610=VERTEX_POINT('',#5666);
#1611=VERTEX_POINT('',#5667);
#1612=VERTEX_POINT('',#5669);
#1613=VERTEX_POINT('',#5671);
#1614=VERTEX_POINT('',#5675);
#1615=VERTEX_POINT('',#5677);
#1616=VERTEX_POINT('',#5679);
#1617=VERTEX_POINT('',#5681);
#1618=VERTEX_POINT('',#5683);
#1619=VERTEX_POINT('',#5685);
#1620=VERTEX_POINT('',#5687);
#1621=VERTEX_POINT('',#5689);
#1622=VERTEX_POINT('',#5693);
#1623=VERTEX_POINT('',#5694);
#1624=VERTEX_POINT('',#5696);
#1625=VERTEX_POINT('',#5698);
#1626=VERTEX_POINT('',#5702);
#1627=VERTEX_POINT('',#5704);
#1628=VERTEX_POINT('',#5708);
#1629=VERTEX_POINT('',#5710);
#1630=VERTEX_POINT('',#5714);
#1631=VERTEX_POINT('',#5716);
#1632=VERTEX_POINT('',#5720);
#1633=VERTEX_POINT('',#5722);
#1634=VERTEX_POINT('',#5724);
#1635=VERTEX_POINT('',#5726);
#1636=VERTEX_POINT('',#5728);
#1637=VERTEX_POINT('',#5730);
#1638=VERTEX_POINT('',#5732);
#1639=VERTEX_POINT('',#5734);
#1640=VERTEX_POINT('',#5737);
#1641=VERTEX_POINT('',#5740);
#1642=VERTEX_POINT('',#5741);
#1643=VERTEX_POINT('',#5743);
#1644=VERTEX_POINT('',#5745);
#1645=VERTEX_POINT('',#5749);
#1646=VERTEX_POINT('',#5750);
#1647=VERTEX_POINT('',#5752);
#1648=VERTEX_POINT('',#5755);
#1649=VERTEX_POINT('',#5757);
#1650=VERTEX_POINT('',#5759);
#1651=VERTEX_POINT('',#5763);
#1652=VERTEX_POINT('',#5765);
#1653=VERTEX_POINT('',#5768);
#1654=VERTEX_POINT('',#5769);
#1655=VERTEX_POINT('',#5771);
#1656=VERTEX_POINT('',#5773);
#1657=VERTEX_POINT('',#5779);
#1658=VERTEX_POINT('',#5781);
#1659=VERTEX_POINT('',#5785);
#1660=VERTEX_POINT('',#5787);
#1661=VERTEX_POINT('',#5796);
#1662=VERTEX_POINT('',#5798);
#1663=VERTEX_POINT('',#5800);
#1664=VERTEX_POINT('',#5806);
#1665=VERTEX_POINT('',#5808);
#1666=VERTEX_POINT('',#5810);
#1667=VERTEX_POINT('',#5818);
#1668=VERTEX_POINT('',#5820);
#1669=VERTEX_POINT('',#5824);
#1670=VERTEX_POINT('',#5828);
#1671=VERTEX_POINT('',#5831);
#1672=VERTEX_POINT('',#5832);
#1673=VERTEX_POINT('',#5834);
#1674=VERTEX_POINT('',#5836);
#1675=VERTEX_POINT('',#5860);
#1676=VERTEX_POINT('',#5861);
#1677=VERTEX_POINT('',#5865);
#1678=VERTEX_POINT('',#5868);
#1679=VERTEX_POINT('',#5870);
#1680=VERTEX_POINT('',#5878);
#1681=VERTEX_POINT('',#5884);
#1682=VERTEX_POINT('',#5886);
#1683=VERTEX_POINT('',#5890);
#1684=VERTEX_POINT('',#5892);
#1685=VERTEX_POINT('',#5898);
#1686=VERTEX_POINT('',#5902);
#1687=VERTEX_POINT('',#5920);
#1688=VERTEX_POINT('',#5921);
#1689=VERTEX_POINT('',#5923);
#1690=VERTEX_POINT('',#5925);
#1691=VERTEX_POINT('',#5927);
#1692=VERTEX_POINT('',#5929);
#1693=VERTEX_POINT('',#5931);
#1694=VERTEX_POINT('',#5933);
#1695=VERTEX_POINT('',#5935);
#1696=VERTEX_POINT('',#5937);
#1697=VERTEX_POINT('',#5939);
#1698=VERTEX_POINT('',#5941);
#1699=VERTEX_POINT('',#5943);
#1700=VERTEX_POINT('',#5945);
#1701=VERTEX_POINT('',#5947);
#1702=VERTEX_POINT('',#5949);
#1703=VERTEX_POINT('',#5951);
#1704=VERTEX_POINT('',#5953);
#1705=VERTEX_POINT('',#5956);
#1706=VERTEX_POINT('',#5957);
#1707=VERTEX_POINT('',#5959);
#1708=VERTEX_POINT('',#5961);
#1709=VERTEX_POINT('',#5965);
#1710=VERTEX_POINT('',#5966);
#1711=VERTEX_POINT('',#5968);
#1712=VERTEX_POINT('',#5970);
#1713=VERTEX_POINT('',#5972);
#1714=VERTEX_POINT('',#5974);
#1715=VERTEX_POINT('',#5976);
#1716=VERTEX_POINT('',#5980);
#1717=VERTEX_POINT('',#5983);
#1718=VERTEX_POINT('',#5987);
#1719=VERTEX_POINT('',#5988);
#1720=VERTEX_POINT('',#5990);
#1721=VERTEX_POINT('',#5993);
#1722=VERTEX_POINT('',#5997);
#1723=VERTEX_POINT('',#5999);
#1724=VERTEX_POINT('',#6001);
#1725=VERTEX_POINT('',#6003);
#1726=VERTEX_POINT('',#6005);
#1727=VERTEX_POINT('',#6007);
#1728=VERTEX_POINT('',#6009);
#1729=VERTEX_POINT('',#6011);
#1730=VERTEX_POINT('',#6013);
#1731=VERTEX_POINT('',#6015);
#1732=VERTEX_POINT('',#6017);
#1733=VERTEX_POINT('',#6019);
#1734=VERTEX_POINT('',#6021);
#1735=VERTEX_POINT('',#6023);
#1736=VERTEX_POINT('',#6025);
#1737=VERTEX_POINT('',#6027);
#1738=VERTEX_POINT('',#6030);
#1739=VERTEX_POINT('',#6031);
#1740=VERTEX_POINT('',#6033);
#1741=VERTEX_POINT('',#6035);
#1742=VERTEX_POINT('',#6039);
#1743=VERTEX_POINT('',#6040);
#1744=VERTEX_POINT('',#6042);
#1745=VERTEX_POINT('',#6044);
#1746=VERTEX_POINT('',#6048);
#1747=VERTEX_POINT('',#6051);
#1748=VERTEX_POINT('',#6055);
#1749=VERTEX_POINT('',#6058);
#1750=VERTEX_POINT('',#6066);
#1751=VERTEX_POINT('',#6067);
#1752=VERTEX_POINT('',#6069);
#1753=VERTEX_POINT('',#6073);
#1754=VERTEX_POINT('',#6074);
#1755=VERTEX_POINT('',#6076);
#1756=VERTEX_POINT('',#6078);
#1757=VERTEX_POINT('',#6080);
#1758=VERTEX_POINT('',#6082);
#1759=VERTEX_POINT('',#6086);
#1760=VERTEX_POINT('',#6087);
#1761=VERTEX_POINT('',#6089);
#1762=VERTEX_POINT('',#6091);
#1763=VERTEX_POINT('',#6095);
#1764=VERTEX_POINT('',#6096);
#1765=VERTEX_POINT('',#6098);
#1766=VERTEX_POINT('',#6100);
#1767=VERTEX_POINT('',#6104);
#1768=VERTEX_POINT('',#6105);
#1769=VERTEX_POINT('',#6107);
#1770=VERTEX_POINT('',#6109);
#1771=VERTEX_POINT('',#6114);
#1772=VERTEX_POINT('',#6116);
#1773=VERTEX_POINT('',#6118);
#1774=VERTEX_POINT('',#6121);
#1775=VERTEX_POINT('',#6123);
#1776=VERTEX_POINT('',#6128);
#1777=VERTEX_POINT('',#6130);
#1778=VERTEX_POINT('',#6135);
#1779=VERTEX_POINT('',#6137);
#1780=VERTEX_POINT('',#6142);
#1781=VERTEX_POINT('',#6144);
#1782=VERTEX_POINT('',#6149);
#1783=VERTEX_POINT('',#6151);
#1784=VERTEX_POINT('',#6156);
#1785=VERTEX_POINT('',#6158);
#1786=VERTEX_POINT('',#6160);
#1787=VERTEX_POINT('',#6173);
#1788=VERTEX_POINT('',#6188);
#1789=VERTEX_POINT('',#6189);
#1790=VERTEX_POINT('',#6191);
#1791=VERTEX_POINT('',#6193);
#1792=VERTEX_POINT('',#6195);
#1793=VERTEX_POINT('',#6197);
#1794=VERTEX_POINT('',#6199);
#1795=VERTEX_POINT('',#6201);
#1796=VERTEX_POINT('',#6205);
#1797=VERTEX_POINT('',#6206);
#1798=VERTEX_POINT('',#6208);
#1799=VERTEX_POINT('',#6210);
#1800=VERTEX_POINT('',#6212);
#1801=VERTEX_POINT('',#6214);
#1802=VERTEX_POINT('',#6216);
#1803=VERTEX_POINT('',#6218);
#1804=VERTEX_POINT('',#6222);
#1805=VERTEX_POINT('',#6225);
#1806=VERTEX_POINT('',#6228);
#1807=VERTEX_POINT('',#6235);
#1808=VERTEX_POINT('',#6236);
#1809=VERTEX_POINT('',#6238);
#1810=VERTEX_POINT('',#6240);
#1811=VERTEX_POINT('',#6244);
#1812=VERTEX_POINT('',#6245);
#1813=VERTEX_POINT('',#6247);
#1814=VERTEX_POINT('',#6249);
#1815=VERTEX_POINT('',#6251);
#1816=VERTEX_POINT('',#6253);
#1817=VERTEX_POINT('',#6255);
#1818=VERTEX_POINT('',#6257);
#1819=VERTEX_POINT('',#6261);
#1820=VERTEX_POINT('',#6262);
#1821=VERTEX_POINT('',#6264);
#1822=VERTEX_POINT('',#6266);
#1823=VERTEX_POINT('',#6270);
#1824=VERTEX_POINT('',#6271);
#1825=VERTEX_POINT('',#6273);
#1826=VERTEX_POINT('',#6275);
#1827=VERTEX_POINT('',#6279);
#1828=VERTEX_POINT('',#6280);
#1829=VERTEX_POINT('',#6282);
#1830=VERTEX_POINT('',#6284);
#1831=VERTEX_POINT('',#6286);
#1832=VERTEX_POINT('',#6288);
#1833=VERTEX_POINT('',#6290);
#1834=VERTEX_POINT('',#6292);
#1835=VERTEX_POINT('',#6296);
#1836=VERTEX_POINT('',#6297);
#1837=VERTEX_POINT('',#6299);
#1838=VERTEX_POINT('',#6301);
#1839=VERTEX_POINT('',#6303);
#1840=VERTEX_POINT('',#6305);
#1841=VERTEX_POINT('',#6309);
#1842=VERTEX_POINT('',#6310);
#1843=VERTEX_POINT('',#6312);
#1844=VERTEX_POINT('',#6314);
#1845=VERTEX_POINT('',#6318);
#1846=VERTEX_POINT('',#6319);
#1847=VERTEX_POINT('',#6321);
#1848=VERTEX_POINT('',#6325);
#1849=VERTEX_POINT('',#6333);
#1850=VERTEX_POINT('',#6334);
#1851=VERTEX_POINT('',#6336);
#1852=VERTEX_POINT('',#6338);
#1853=VERTEX_POINT('',#6342);
#1854=VERTEX_POINT('',#6343);
#1855=VERTEX_POINT('',#6348);
#1856=VERTEX_POINT('',#6350);
#1857=VERTEX_POINT('',#6354);
#1858=VERTEX_POINT('',#6355);
#1859=VERTEX_POINT('',#6357);
#1860=VERTEX_POINT('',#6359);
#1861=VERTEX_POINT('',#6363);
#1862=VERTEX_POINT('',#6364);
#1863=VERTEX_POINT('',#6366);
#1864=VERTEX_POINT('',#6368);
#1865=VERTEX_POINT('',#6375);
#1866=VERTEX_POINT('',#6380);
#1867=VERTEX_POINT('',#6385);
#1868=VERTEX_POINT('',#6390);
#1869=VERTEX_POINT('',#6398);
#1870=VERTEX_POINT('',#6422);
#1871=VERTEX_POINT('',#6440);
#1872=VERTEX_POINT('',#6442);
#1873=VERTEX_POINT('',#6460);
#1874=VERTEX_POINT('',#6917);
#1875=VERTEX_POINT('',#6919);
#1876=VERTEX_POINT('',#6923);
#1877=VERTEX_POINT('',#6927);
#1878=VERTEX_POINT('',#6934);
#1879=VERTEX_POINT('',#6936);
#1880=VERTEX_POINT('',#6940);
#1881=VERTEX_POINT('',#6944);
#1882=VERTEX_POINT('',#6952);
#1883=VERTEX_POINT('',#6953);
#1884=VERTEX_POINT('',#6955);
#1885=VERTEX_POINT('',#6957);
#1886=VERTEX_POINT('',#6961);
#1887=VERTEX_POINT('',#6963);
#1888=VERTEX_POINT('',#6967);
#1889=VERTEX_POINT('',#6969);
#1890=VERTEX_POINT('',#6973);
#1891=VERTEX_POINT('',#6979);
#1892=EDGE_CURVE('',#1563,#1564,#921,.T.);
#1893=EDGE_CURVE('',#1564,#1565,#922,.T.);
#1894=EDGE_CURVE('',#1565,#1566,#923,.T.);
#1895=EDGE_CURVE('',#1566,#1563,#924,.F.);
#1896=EDGE_CURVE('',#1567,#1567,#242,.T.);
#1897=EDGE_CURVE('',#1568,#1569,#925,.T.);
#1898=EDGE_CURVE('',#1570,#1568,#926,.T.);
#1899=EDGE_CURVE('',#1571,#1570,#927,.T.);
#1900=EDGE_CURVE('',#1569,#1571,#928,.T.);
#1901=EDGE_CURVE('',#1572,#1572,#243,.T.);
#1902=EDGE_CURVE('',#1573,#1569,#929,.T.);
#1903=EDGE_CURVE('',#1573,#1574,#244,.T.);
#1904=EDGE_CURVE('',#1574,#1568,#930,.T.);
#1905=EDGE_CURVE('',#1575,#1575,#245,.T.);
#1906=EDGE_CURVE('',#1576,#1571,#931,.T.);
#1907=EDGE_CURVE('',#1577,#1576,#932,.T.);
#1908=EDGE_CURVE('',#1578,#1577,#933,.T.);
#1909=EDGE_CURVE('',#1578,#1566,#246,.T.);
#1910=EDGE_CURVE('',#1565,#1579,#247,.T.);
#1911=EDGE_CURVE('',#1579,#1580,#934,.T.);
#1912=EDGE_CURVE('',#1580,#1573,#935,.T.);
#1913=EDGE_CURVE('',#1581,#1570,#936,.T.);
#1914=EDGE_CURVE('',#1576,#1581,#248,.T.);
#1915=EDGE_CURVE('',#1582,#1582,#249,.T.);
#1916=EDGE_CURVE('',#1583,#1574,#937,.T.);
#1917=EDGE_CURVE('',#1583,#1584,#938,.T.);
#1918=EDGE_CURVE('',#1584,#1564,#250,.T.);
#1919=EDGE_CURVE('',#1563,#1585,#251,.T.);
#1920=EDGE_CURVE('',#1586,#1585,#939,.T.);
#1921=EDGE_CURVE('',#1586,#1581,#940,.T.);
#1922=EDGE_CURVE('',#1567,#1572,#941,.T.);
#1923=EDGE_CURVE('',#1580,#1583,#252,.T.);
#1924=EDGE_CURVE('',#1579,#1584,#942,.F.);
#1925=EDGE_CURVE('',#1587,#1587,#253,.T.);
#1926=EDGE_CURVE('',#1587,#1575,#943,.T.);
#1927=EDGE_CURVE('',#1585,#1578,#944,.T.);
#1928=EDGE_CURVE('',#1577,#1586,#254,.T.);
#1929=EDGE_CURVE('',#1588,#1588,#255,.T.);
#1930=EDGE_CURVE('',#1588,#1582,#945,.T.);
#1931=EDGE_CURVE('',#1589,#1590,#946,.T.);
#1932=EDGE_CURVE('',#1591,#1590,#947,.T.);
#1933=EDGE_CURVE('',#1592,#1591,#948,.T.);
#1934=EDGE_CURVE('',#1592,#1589,#949,.T.);
#1935=EDGE_CURVE('',#1593,#1594,#950,.T.);
#1936=EDGE_CURVE('',#1595,#1593,#951,.T.);
#1937=EDGE_CURVE('',#1596,#1595,#952,.T.);
#1938=EDGE_CURVE('',#1594,#1596,#953,.T.);
#1939=EDGE_CURVE('',#1597,#1598,#256,.F.);
#1940=EDGE_CURVE('',#1599,#1597,#954,.F.);
#1941=EDGE_CURVE('',#1600,#1599,#257,.T.);
#1942=EDGE_CURVE('',#1598,#1600,#955,.T.);
#1943=EDGE_CURVE('',#1601,#1602,#956,.T.);
#1944=EDGE_CURVE('',#1602,#1603,#957,.F.);
#1945=EDGE_CURVE('',#1604,#1603,#958,.T.);
#1946=EDGE_CURVE('',#1605,#1604,#959,.T.);
#1947=EDGE_CURVE('',#1606,#1605,#960,.T.);
#1948=EDGE_CURVE('',#1606,#1607,#258,.T.);
#1949=EDGE_CURVE('',#1607,#1608,#961,.T.);
#1950=EDGE_CURVE('',#1609,#1608,#962,.T.);
#1951=EDGE_CURVE('',#1609,#1601,#963,.T.);
#1952=EDGE_CURVE('',#1610,#1611,#964,.T.);
#1953=EDGE_CURVE('',#1612,#1611,#965,.T.);
#1954=EDGE_CURVE('',#1613,#1612,#966,.T.);
#1955=EDGE_CURVE('',#1613,#1610,#967,.T.);
#1956=EDGE_CURVE('',#1603,#1614,#259,.F.);
#1957=EDGE_CURVE('',#1614,#1615,#968,.T.);
#1958=EDGE_CURVE('',#1615,#1616,#260,.F.);
#1959=EDGE_CURVE('',#1616,#1617,#969,.T.);
#1960=EDGE_CURVE('',#1617,#1618,#970,.T.);
#1961=EDGE_CURVE('',#1618,#1619,#971,.T.);
#1962=EDGE_CURVE('',#1619,#1620,#972,.T.);
#1963=EDGE_CURVE('',#1621,#1620,#973,.T.);
#1964=EDGE_CURVE('',#1621,#1604,#974,.T.);
#1965=EDGE_CURVE('',#1622,#1623,#261,.T.);
#1966=EDGE_CURVE('',#1624,#1622,#975,.T.);
#1967=EDGE_CURVE('',#1625,#1624,#262,.T.);
#1968=EDGE_CURVE('',#1625,#1623,#976,.T.);
#1969=EDGE_CURVE('',#1626,#1622,#977,.T.);
#1970=EDGE_CURVE('',#1627,#1626,#978,.T.);
#1971=EDGE_CURVE('',#1624,#1627,#979,.T.);
#1972=EDGE_CURVE('',#1623,#1628,#980,.T.);
#1973=EDGE_CURVE('',#1629,#1625,#981,.T.);
#1974=EDGE_CURVE('',#1629,#1628,#982,.T.);
#1975=EDGE_CURVE('',#1630,#1630,#263,.T.);
#1976=EDGE_CURVE('',#1630,#1631,#983,.T.);
#1977=EDGE_CURVE('',#1631,#1631,#264,.T.);
#1978=EDGE_CURVE('',#1597,#1632,#984,.T.);
#1979=EDGE_CURVE('',#1633,#1632,#985,.T.);
#1980=EDGE_CURVE('',#1633,#1634,#986,.T.);
#1981=EDGE_CURVE('',#1634,#1635,#987,.F.);
#1982=EDGE_CURVE('',#1636,#1635,#988,.T.);
#1983=EDGE_CURVE('',#1637,#1636,#989,.T.);
#1984=EDGE_CURVE('',#1637,#1638,#265,.T.);
#1985=EDGE_CURVE('',#1639,#1638,#990,.T.);
#1986=EDGE_CURVE('',#1639,#1617,#991,.T.);
#1987=EDGE_CURVE('',#1616,#1640,#992,.T.);
#1988=EDGE_CURVE('',#1640,#1599,#993,.T.);
#1989=EDGE_CURVE('',#1641,#1642,#994,.T.);
#1990=EDGE_CURVE('',#1643,#1641,#995,.T.);
#1991=EDGE_CURVE('',#1644,#1643,#996,.T.);
#1992=EDGE_CURVE('',#1642,#1644,#997,.T.);
#1993=EDGE_CURVE('',#1645,#1646,#998,.T.);
#1994=EDGE_CURVE('',#1647,#1646,#999,.T.);
#1995=EDGE_CURVE('',#1598,#1647,#1000,.T.);
#1996=EDGE_CURVE('',#1600,#1648,#1001,.T.);
#1997=EDGE_CURVE('',#1648,#1649,#1002,.F.);
#1998=EDGE_CURVE('',#1650,#1649,#1003,.T.);
#1999=EDGE_CURVE('',#1650,#1645,#1004,.T.);
#2000=EDGE_CURVE('',#1614,#1651,#1005,.T.);
#2001=EDGE_CURVE('',#1651,#1652,#1006,.T.);
#2002=EDGE_CURVE('',#1652,#1615,#1007,.F.);
#2003=EDGE_CURVE('',#1653,#1654,#1008,.T.);
#2004=EDGE_CURVE('',#1655,#1653,#1009,.T.);
#2005=EDGE_CURVE('',#1656,#1655,#1010,.T.);
#2006=EDGE_CURVE('',#1654,#1656,#1011,.T.);
#2007=EDGE_CURVE('',#1635,#1650,#266,.F.);
#2008=EDGE_CURVE('',#1649,#1609,#267,.F.);
#2009=EDGE_CURVE('',#1608,#1657,#1012,.T.);
#2010=EDGE_CURVE('',#1658,#1657,#1013,.T.);
#2011=EDGE_CURVE('',#1658,#1628,#1014,.T.);
#2012=EDGE_CURVE('',#1627,#1629,#1015,.T.);
#2013=EDGE_CURVE('',#1626,#1659,#1016,.T.);
#2014=EDGE_CURVE('',#1659,#1660,#1017,.T.);
#2015=EDGE_CURVE('',#1636,#1660,#1018,.T.);
#2016=EDGE_CURVE('',#1651,#1602,#268,.T.);
#2017=EDGE_CURVE('',#1601,#1648,#269,.T.);
#2018=EDGE_CURVE('',#1640,#1652,#270,.T.);
#2019=EDGE_CURVE('',#1632,#1591,#1019,.T.);
#2020=EDGE_CURVE('',#1661,#1647,#1020,.T.);
#2021=EDGE_CURVE('',#1662,#1661,#1021,.T.);
#2022=EDGE_CURVE('',#1663,#1662,#1022,.T.);
#2023=EDGE_CURVE('',#1592,#1663,#1023,.T.);
#2024=EDGE_CURVE('',#1645,#1634,#271,.T.);
#2025=EDGE_CURVE('',#1590,#1633,#1024,.T.);
#2026=EDGE_CURVE('',#1589,#1664,#1025,.T.);
#2027=EDGE_CURVE('',#1664,#1665,#1026,.T.);
#2028=EDGE_CURVE('',#1666,#1665,#1027,.T.);
#2029=EDGE_CURVE('',#1666,#1646,#1028,.T.);
#2030=EDGE_CURVE('',#1665,#1662,#1029,.T.);
#2031=EDGE_CURVE('',#1663,#1664,#1030,.T.);
#2032=EDGE_CURVE('',#1667,#1610,#1031,.T.);
#2033=EDGE_CURVE('',#1667,#1668,#1032,.T.);
#2034=EDGE_CURVE('',#1668,#1611,#1033,.T.);
#2035=EDGE_CURVE('',#1669,#1668,#1034,.T.);
#2036=EDGE_CURVE('',#1669,#1612,#1035,.T.);
#2037=EDGE_CURVE('',#1670,#1669,#1036,.T.);
#2038=EDGE_CURVE('',#1670,#1613,#1037,.T.);
#2039=EDGE_CURVE('',#1671,#1672,#1038,.T.);
#2040=EDGE_CURVE('',#1672,#1673,#1039,.T.);
#2041=EDGE_CURVE('',#1673,#1674,#1040,.T.);
#2042=EDGE_CURVE('',#1674,#1671,#1041,.T.);
#2043=EDGE_CURVE('',#1670,#1667,#1042,.T.);
#2044=EDGE_CURVE('',#1594,#1643,#1043,.T.);
#2045=EDGE_CURVE('',#1593,#1641,#1044,.T.);
#2046=EDGE_CURVE('',#1596,#1644,#1045,.T.);
#2047=EDGE_CURVE('',#1595,#1642,#1046,.T.);
#2048=EDGE_CURVE('',#1672,#1655,#1047,.T.);
#2049=EDGE_CURVE('',#1673,#1653,#1048,.T.);
#2050=EDGE_CURVE('',#1671,#1656,#1049,.T.);
#2051=EDGE_CURVE('',#1674,#1654,#1050,.T.);
#2052=EDGE_CURVE('',#1675,#1676,#272,.T.);
#2053=EDGE_CURVE('',#1620,#1675,#1051,.T.);
#2054=EDGE_CURVE('',#1676,#1619,#1052,.T.);
#2055=EDGE_CURVE('',#1677,#1677,#273,.T.);
#2056=EDGE_CURVE('',#1678,#1676,#1053,.T.);
#2057=EDGE_CURVE('',#1678,#1679,#274,.T.);
#2058=EDGE_CURVE('',#1679,#1675,#1054,.T.);
#2059=EDGE_CURVE('',#1618,#1678,#1055,.T.);
#2060=EDGE_CURVE('',#1679,#1621,#1056,.T.);
#2061=EDGE_CURVE('',#1680,#1680,#275,.T.);
#2062=EDGE_CURVE('',#1680,#1677,#1057,.T.);
#2063=EDGE_CURVE('',#1639,#1605,#1058,.T.);
#2064=EDGE_CURVE('',#1681,#1658,#1059,.T.);
#2065=EDGE_CURVE('',#1681,#1682,#1060,.T.);
#2066=EDGE_CURVE('',#1682,#1659,#1061,.T.);
#2067=EDGE_CURVE('',#1682,#1683,#1062,.T.);
#2068=EDGE_CURVE('',#1683,#1684,#276,.T.);
#2069=EDGE_CURVE('',#1684,#1660,#1063,.T.);
#2070=EDGE_CURVE('',#1684,#1637,#1064,.F.);
#2071=EDGE_CURVE('',#1607,#1685,#1065,.T.);
#2072=EDGE_CURVE('',#1685,#1657,#1066,.T.);
#2073=EDGE_CURVE('',#1685,#1686,#277,.F.);
#2074=EDGE_CURVE('',#1681,#1686,#1067,.T.);
#2075=EDGE_CURVE('',#1638,#1683,#1068,.T.);
#2076=EDGE_CURVE('',#1686,#1606,#1069,.F.);
#2077=EDGE_CURVE('',#1661,#1666,#1070,.T.);
#2078=EDGE_CURVE('',#1687,#1688,#1071,.T.);
#2079=EDGE_CURVE('',#1688,#1689,#1072,.T.);
#2080=EDGE_CURVE('',#1689,#1690,#1073,.F.);
#2081=EDGE_CURVE('',#1691,#1690,#278,.F.);
#2082=EDGE_CURVE('',#1691,#1692,#1074,.T.);
#2083=EDGE_CURVE('',#1692,#1693,#1075,.F.);
#2084=EDGE_CURVE('',#1693,#1694,#1076,.F.);
#2085=EDGE_CURVE('',#1695,#1694,#279,.F.);
#2086=EDGE_CURVE('',#1695,#1696,#1077,.F.);
#2087=EDGE_CURVE('',#1696,#1697,#1078,.F.);
#2088=EDGE_CURVE('',#1697,#1698,#1079,.T.);
#2089=EDGE_CURVE('',#1698,#1699,#1080,.F.);
#2090=EDGE_CURVE('',#1699,#1700,#1081,.T.);
#2091=EDGE_CURVE('',#1701,#1700,#280,.F.);
#2092=EDGE_CURVE('',#1701,#1702,#1082,.F.);
#2093=EDGE_CURVE('',#1702,#1703,#1083,.T.);
#2094=EDGE_CURVE('',#1703,#1704,#1084,.T.);
#2095=EDGE_CURVE('',#1687,#1704,#281,.F.);
#2096=EDGE_CURVE('',#1705,#1706,#1085,.T.);
#2097=EDGE_CURVE('',#1707,#1705,#1086,.T.);
#2098=EDGE_CURVE('',#1708,#1707,#1087,.T.);
#2099=EDGE_CURVE('',#1706,#1708,#1088,.T.);
#2100=EDGE_CURVE('',#1709,#1710,#1089,.T.);
#2101=EDGE_CURVE('',#1710,#1711,#1090,.T.);
#2102=EDGE_CURVE('',#1711,#1712,#1091,.F.);
#2103=EDGE_CURVE('',#1712,#1713,#1092,.F.);
#2104=EDGE_CURVE('',#1713,#1714,#1093,.T.);
#2105=EDGE_CURVE('',#1714,#1715,#1094,.T.);
#2106=EDGE_CURVE('',#1715,#1709,#1095,.T.);
#2107=EDGE_CURVE('',#1714,#1716,#1096,.T.);
#2108=EDGE_CURVE('',#1713,#1690,#282,.F.);
#2109=EDGE_CURVE('',#1717,#1689,#1097,.F.);
#2110=EDGE_CURVE('',#1716,#1717,#283,.T.);
#2111=EDGE_CURVE('',#1718,#1719,#1098,.T.);
#2112=EDGE_CURVE('',#1720,#1718,#1099,.T.);
#2113=EDGE_CURVE('',#1720,#1712,#284,.F.);
#2114=EDGE_CURVE('',#1721,#1711,#1100,.F.);
#2115=EDGE_CURVE('',#1719,#1721,#285,.T.);
#2116=EDGE_CURVE('',#1718,#1722,#1101,.T.);
#2117=EDGE_CURVE('',#1722,#1723,#1102,.F.);
#2118=EDGE_CURVE('',#1724,#1723,#286,.F.);
#2119=EDGE_CURVE('',#1724,#1725,#1103,.T.);
#2120=EDGE_CURVE('',#1725,#1726,#1104,.F.);
#2121=EDGE_CURVE('',#1726,#1727,#1105,.F.);
#2122=EDGE_CURVE('',#1728,#1727,#287,.F.);
#2123=EDGE_CURVE('',#1728,#1729,#1106,.F.);
#2124=EDGE_CURVE('',#1729,#1730,#1107,.F.);
#2125=EDGE_CURVE('',#1730,#1731,#1108,.T.);
#2126=EDGE_CURVE('',#1731,#1732,#1109,.F.);
#2127=EDGE_CURVE('',#1732,#1733,#1110,.T.);
#2128=EDGE_CURVE('',#1734,#1733,#288,.F.);
#2129=EDGE_CURVE('',#1734,#1735,#1111,.F.);
#2130=EDGE_CURVE('',#1735,#1736,#1112,.T.);
#2131=EDGE_CURVE('',#1736,#1737,#1113,.T.);
#2132=EDGE_CURVE('',#1720,#1737,#289,.F.);
#2133=EDGE_CURVE('',#1738,#1739,#1114,.T.);
#2134=EDGE_CURVE('',#1740,#1738,#1115,.T.);
#2135=EDGE_CURVE('',#1741,#1740,#1116,.T.);
#2136=EDGE_CURVE('',#1739,#1741,#1117,.T.);
#2137=EDGE_CURVE('',#1742,#1743,#1118,.T.);
#2138=EDGE_CURVE('',#1743,#1744,#1119,.T.);
#2139=EDGE_CURVE('',#1744,#1745,#1120,.F.);
#2140=EDGE_CURVE('',#1745,#1742,#1121,.F.);
#2141=EDGE_CURVE('',#1743,#1746,#1122,.T.);
#2142=EDGE_CURVE('',#1742,#1723,#290,.F.);
#2143=EDGE_CURVE('',#1747,#1722,#1123,.F.);
#2144=EDGE_CURVE('',#1746,#1747,#291,.T.);
#2145=EDGE_CURVE('',#1688,#1748,#1124,.T.);
#2146=EDGE_CURVE('',#1687,#1745,#292,.F.);
#2147=EDGE_CURVE('',#1749,#1744,#1125,.F.);
#2148=EDGE_CURVE('',#1748,#1749,#293,.T.);
#2149=EDGE_CURVE('',#1719,#1747,#1126,.T.);
#2150=EDGE_CURVE('',#1748,#1717,#1127,.T.);
#2151=EDGE_CURVE('',#1750,#1751,#1128,.T.);
#2152=EDGE_CURVE('',#1751,#1752,#294,.T.);
#2153=EDGE_CURVE('',#1752,#1750,#1129,.T.);
#2154=EDGE_CURVE('',#1753,#1754,#1130,.T.);
#2155=EDGE_CURVE('',#1754,#1755,#295,.T.);
#2156=EDGE_CURVE('',#1755,#1756,#296,.T.);
#2157=EDGE_CURVE('',#1756,#1757,#297,.T.);
#2158=EDGE_CURVE('',#1757,#1758,#1131,.T.);
#2159=EDGE_CURVE('',#1758,#1753,#1132,.T.);
#2160=EDGE_CURVE('',#1759,#1760,#1133,.T.);
#2161=EDGE_CURVE('',#1760,#1761,#1134,.T.);
#2162=EDGE_CURVE('',#1761,#1762,#1135,.F.);
#2163=EDGE_CURVE('',#1762,#1759,#1136,.F.);
#2164=EDGE_CURVE('',#1763,#1764,#1137,.F.);
#2165=EDGE_CURVE('',#1764,#1765,#1138,.F.);
#2166=EDGE_CURVE('',#1765,#1766,#1139,.T.);
#2167=EDGE_CURVE('',#1766,#1763,#1140,.F.);
#2168=EDGE_CURVE('',#1767,#1768,#1141,.F.);
#2169=EDGE_CURVE('',#1767,#1769,#298,.F.);
#2170=EDGE_CURVE('',#1769,#1770,#94,.T.);
#2171=EDGE_CURVE('',#1770,#1771,#90,.T.);
#2172=EDGE_CURVE('',#1771,#1772,#1142,.T.);
#2173=EDGE_CURVE('',#1772,#1773,#299,.F.);
#2174=EDGE_CURVE('',#1773,#1772,#300,.F.);
#2175=EDGE_CURVE('',#1771,#1774,#91,.T.);
#2176=EDGE_CURVE('',#1774,#1775,#95,.T.);
#2177=EDGE_CURVE('',#1775,#1776,#301,.F.);
#2178=EDGE_CURVE('',#1776,#1777,#96,.T.);
#2179=EDGE_CURVE('',#1777,#1778,#92,.T.);
#2180=EDGE_CURVE('',#1778,#1779,#97,.T.);
#2181=EDGE_CURVE('',#1779,#1780,#302,.F.);
#2182=EDGE_CURVE('',#1780,#1781,#98,.T.);
#2183=EDGE_CURVE('',#1781,#1782,#93,.T.);
#2184=EDGE_CURVE('',#1782,#1783,#99,.T.);
#2185=EDGE_CURVE('',#1783,#1784,#303,.F.);
#2186=EDGE_CURVE('',#1785,#1784,#1143,.T.);
#2187=EDGE_CURVE('',#1785,#1786,#100,.T.);
#2188=EDGE_CURVE('',#1786,#1787,#304,.T.);
#2189=EDGE_CURVE('',#1787,#1768,#101,.T.);
#2190=EDGE_CURVE('',#1788,#1789,#305,.T.);
#2191=EDGE_CURVE('',#1789,#1790,#1144,.F.);
#2192=EDGE_CURVE('',#1790,#1791,#1145,.T.);
#2193=EDGE_CURVE('',#1791,#1792,#1146,.T.);
#2194=EDGE_CURVE('',#1792,#1793,#1147,.F.);
#2195=EDGE_CURVE('',#1793,#1794,#1148,.T.);
#2196=EDGE_CURVE('',#1794,#1795,#1149,.T.);
#2197=EDGE_CURVE('',#1795,#1788,#1150,.F.);
#2198=EDGE_CURVE('',#1796,#1797,#1151,.T.);
#2199=EDGE_CURVE('',#1797,#1798,#1152,.F.);
#2200=EDGE_CURVE('',#1798,#1799,#306,.T.);
#2201=EDGE_CURVE('',#1799,#1800,#1153,.F.);
#2202=EDGE_CURVE('',#1800,#1801,#1154,.T.);
#2203=EDGE_CURVE('',#1801,#1802,#1155,.T.);
#2204=EDGE_CURVE('',#1802,#1803,#1156,.F.);
#2205=EDGE_CURVE('',#1803,#1796,#1157,.T.);
#2206=EDGE_CURVE('',#1804,#1710,#307,.F.);
#2207=EDGE_CURVE('',#1710,#1804,#308,.F.);
#2208=EDGE_CURVE('',#1805,#1709,#309,.F.);
#2209=EDGE_CURVE('',#1709,#1805,#310,.F.);
#2210=EDGE_CURVE('',#1806,#1715,#311,.F.);
#2211=EDGE_CURVE('',#1715,#1806,#312,.F.);
#2212=EDGE_CURVE('',#1716,#1721,#1158,.T.);
#2213=EDGE_CURVE('',#1746,#1749,#1159,.T.);
#2214=EDGE_CURVE('',#1807,#1808,#1160,.F.);
#2215=EDGE_CURVE('',#1808,#1809,#1161,.F.);
#2216=EDGE_CURVE('',#1809,#1810,#1162,.F.);
#2217=EDGE_CURVE('',#1810,#1807,#1163,.F.);
#2218=EDGE_CURVE('',#1811,#1812,#1164,.F.);
#2219=EDGE_CURVE('',#1812,#1813,#313,.F.);
#2220=EDGE_CURVE('',#1813,#1814,#1165,.F.);
#2221=EDGE_CURVE('',#1814,#1815,#1166,.F.);
#2222=EDGE_CURVE('',#1815,#1816,#1167,.F.);
#2223=EDGE_CURVE('',#1816,#1817,#1168,.T.);
#2224=EDGE_CURVE('',#1817,#1818,#1169,.F.);
#2225=EDGE_CURVE('',#1818,#1811,#1170,.F.);
#2226=EDGE_CURVE('',#1819,#1820,#1171,.T.);
#2227=EDGE_CURVE('',#1820,#1821,#1172,.F.);
#2228=EDGE_CURVE('',#1821,#1822,#1173,.T.);
#2229=EDGE_CURVE('',#1822,#1819,#1174,.T.);
#2230=EDGE_CURVE('',#1823,#1824,#1175,.T.);
#2231=EDGE_CURVE('',#1824,#1825,#1176,.F.);
#2232=EDGE_CURVE('',#1825,#1826,#1177,.T.);
#2233=EDGE_CURVE('',#1826,#1823,#1178,.T.);
#2234=EDGE_CURVE('',#1827,#1828,#1179,.F.);
#2235=EDGE_CURVE('',#1828,#1829,#1180,.F.);
#2236=EDGE_CURVE('',#1829,#1830,#1181,.F.);
#2237=EDGE_CURVE('',#1830,#1831,#1182,.T.);
#2238=EDGE_CURVE('',#1831,#1832,#1183,.F.);
#2239=EDGE_CURVE('',#1832,#1833,#1184,.F.);
#2240=EDGE_CURVE('',#1833,#1834,#1185,.F.);
#2241=EDGE_CURVE('',#1834,#1827,#314,.F.);
#2242=EDGE_CURVE('',#1835,#1836,#1186,.T.);
#2243=EDGE_CURVE('',#1836,#1837,#1187,.F.);
#2244=EDGE_CURVE('',#1837,#1838,#1188,.F.);
#2245=EDGE_CURVE('',#1838,#1839,#1189,.T.);
#2246=EDGE_CURVE('',#1839,#1840,#1190,.F.);
#2247=EDGE_CURVE('',#1840,#1835,#1191,.T.);
#2248=EDGE_CURVE('',#1841,#1842,#1192,.F.);
#2249=EDGE_CURVE('',#1842,#1843,#1193,.T.);
#2250=EDGE_CURVE('',#1843,#1844,#1194,.T.);
#2251=EDGE_CURVE('',#1844,#1841,#1195,.F.);
#2252=EDGE_CURVE('',#1845,#1846,#1196,.T.);
#2253=EDGE_CURVE('',#1846,#1847,#315,.T.);
#2254=EDGE_CURVE('',#1847,#1845,#1197,.T.);
#2255=EDGE_CURVE('',#1848,#1848,#316,.T.);
#2256=EDGE_CURVE('',#1784,#1767,#317,.F.);
#2257=EDGE_CURVE('',#1768,#1785,#318,.F.);
#2258=EDGE_CURVE('',#1786,#1787,#319,.T.);
#2259=EDGE_CURVE('',#1849,#1850,#1198,.T.);
#2260=EDGE_CURVE('',#1850,#1851,#320,.F.);
#2261=EDGE_CURVE('',#1852,#1851,#1199,.T.);
#2262=EDGE_CURVE('',#1852,#1849,#321,.T.);
#2263=EDGE_CURVE('',#1853,#1854,#1200,.T.);
#2264=EDGE_CURVE('',#1854,#1850,#1201,.T.);
#2265=EDGE_CURVE('',#1849,#1853,#1202,.T.);
#2266=EDGE_CURVE('',#1851,#1855,#1203,.T.);
#2267=EDGE_CURVE('',#1855,#1856,#1204,.F.);
#2268=EDGE_CURVE('',#1856,#1852,#1205,.T.);
#2269=EDGE_CURVE('',#1857,#1858,#1206,.T.);
#2270=EDGE_CURVE('',#1857,#1859,#1207,.T.);
#2271=EDGE_CURVE('',#1859,#1860,#1208,.F.);
#2272=EDGE_CURVE('',#1860,#1858,#1209,.T.);
#2273=EDGE_CURVE('',#1861,#1862,#1210,.F.);
#2274=EDGE_CURVE('',#1862,#1863,#1211,.T.);
#2275=EDGE_CURVE('',#1863,#1864,#1212,.T.);
#2276=EDGE_CURVE('',#1864,#1861,#1213,.T.);
#2277=EDGE_CURVE('',#1863,#1857,#322,.T.);
#2278=EDGE_CURVE('',#1858,#1864,#323,.F.);
#2279=EDGE_CURVE('',#1806,#1865,#1214,.T.);
#2280=EDGE_CURVE('',#1865,#1865,#324,.T.);
#2281=EDGE_CURVE('',#1805,#1866,#1215,.T.);
#2282=EDGE_CURVE('',#1866,#1866,#325,.T.);
#2283=EDGE_CURVE('',#1804,#1867,#1216,.T.);
#2284=EDGE_CURVE('',#1867,#1867,#326,.T.);
#2285=EDGE_CURVE('',#1868,#1698,#327,.T.);
#2286=EDGE_CURVE('',#1868,#1754,#102,.T.);
#2287=EDGE_CURVE('',#1699,#1753,#328,.T.);
#2288=EDGE_CURVE('',#1757,#1869,#103,.T.);
#2289=EDGE_CURVE('',#1730,#1869,#329,.T.);
#2290=EDGE_CURVE('',#1758,#1729,#330,.T.);
#2291=EDGE_CURVE('',#1753,#1841,#331,.T.);
#2292=EDGE_CURVE('',#1842,#1758,#332,.T.);
#2293=EDGE_CURVE('',#1699,#1841,#333,.F.);
#2294=EDGE_CURVE('',#1870,#1697,#334,.F.);
#2295=EDGE_CURVE('',#1870,#1868,#104,.T.);
#2296=EDGE_CURVE('',#1871,#1838,#335,.F.);
#2297=EDGE_CURVE('',#1871,#1872,#105,.T.);
#2298=EDGE_CURVE('',#1839,#1872,#336,.T.);
#2299=EDGE_CURVE('',#1869,#1873,#106,.T.);
#2300=EDGE_CURVE('',#1731,#1873,#337,.T.);
#2301=EDGE_CURVE('',#1851,#1798,#107,.T.);
#2302=EDGE_CURVE('',#1799,#1850,#108,.F.);
#2303=EDGE_CURVE('',#1842,#1729,#338,.F.);
#2304=EDGE_CURVE('',#1700,#1844,#339,.T.);
#2305=EDGE_CURVE('',#1847,#1870,#109,.T.);
#2306=EDGE_CURVE('',#1845,#1696,#340,.T.);
#2307=EDGE_CURVE('',#1872,#1846,#110,.T.);
#2308=EDGE_CURVE('',#1840,#1845,#341,.T.);
#2309=EDGE_CURVE('',#1752,#1871,#111,.T.);
#2310=EDGE_CURVE('',#1750,#1837,#342,.T.);
#2311=EDGE_CURVE('',#1873,#1751,#112,.T.);
#2312=EDGE_CURVE('',#1732,#1750,#343,.T.);
#2313=EDGE_CURVE('',#1843,#1728,#344,.T.);
#2314=EDGE_CURVE('',#1800,#1854,#345,.T.);
#2315=EDGE_CURVE('',#1803,#1843,#346,.T.);
#2316=EDGE_CURVE('',#1844,#1802,#347,.T.);
#2317=EDGE_CURVE('',#1855,#1797,#348,.T.);
#2318=EDGE_CURVE('',#1800,#1764,#349,.F.);
#2319=EDGE_CURVE('',#1764,#1854,#350,.F.);
#2320=EDGE_CURVE('',#1701,#1802,#351,.F.);
#2321=EDGE_CURVE('',#1840,#1696,#352,.F.);
#2322=EDGE_CURVE('',#1732,#1837,#353,.F.);
#2323=EDGE_CURVE('',#1803,#1727,#354,.F.);
#2324=EDGE_CURVE('',#1855,#1824,#355,.F.);
#2325=EDGE_CURVE('',#1824,#1797,#356,.F.);
#2326=EDGE_CURVE('',#1827,#1852,#113,.F.);
#2327=EDGE_CURVE('',#1849,#1834,#114,.T.);
#2328=EDGE_CURVE('',#1853,#1833,#357,.T.);
#2329=EDGE_CURVE('',#1765,#1853,#358,.T.);
#2330=EDGE_CURVE('',#1801,#1763,#359,.T.);
#2331=EDGE_CURVE('',#1702,#1801,#360,.T.);
#2332=EDGE_CURVE('',#1789,#1858,#115,.F.);
#2333=EDGE_CURVE('',#1864,#1788,#116,.T.);
#2334=EDGE_CURVE('',#1861,#1795,#361,.T.);
#2335=EDGE_CURVE('',#1790,#1860,#362,.T.);
#2336=EDGE_CURVE('',#1835,#1695,#363,.T.);
#2337=EDGE_CURVE('',#1836,#1792,#364,.T.);
#2338=EDGE_CURVE('',#1793,#1835,#365,.T.);
#2339=EDGE_CURVE('',#1733,#1836,#366,.T.);
#2340=EDGE_CURVE('',#1796,#1726,#367,.T.);
#2341=EDGE_CURVE('',#1825,#1796,#368,.T.);
#2342=EDGE_CURVE('',#1856,#1823,#369,.T.);
#2343=EDGE_CURVE('',#1828,#1856,#370,.T.);
#2344=EDGE_CURVE('',#1765,#1833,#371,.F.);
#2345=EDGE_CURVE('',#1702,#1763,#372,.F.);
#2346=EDGE_CURVE('',#1793,#1694,#373,.F.);
#2347=EDGE_CURVE('',#1861,#1820,#374,.F.);
#2348=EDGE_CURVE('',#1820,#1795,#375,.F.);
#2349=EDGE_CURVE('',#1857,#1812,#117,.T.);
#2350=EDGE_CURVE('',#1813,#1863,#118,.F.);
#2351=EDGE_CURVE('',#1790,#1759,#376,.F.);
#2352=EDGE_CURVE('',#1759,#1860,#377,.F.);
#2353=EDGE_CURVE('',#1734,#1792,#378,.F.);
#2354=EDGE_CURVE('',#1825,#1726,#379,.F.);
#2355=EDGE_CURVE('',#1828,#1823,#380,.F.);
#2356=EDGE_CURVE('',#1766,#1832,#381,.T.);
#2357=EDGE_CURVE('',#1703,#1766,#382,.T.);
#2358=EDGE_CURVE('',#1794,#1693,#383,.T.);
#2359=EDGE_CURVE('',#1821,#1794,#384,.T.);
#2360=EDGE_CURVE('',#1862,#1819,#385,.T.);
#2361=EDGE_CURVE('',#1814,#1862,#386,.T.);
#2362=EDGE_CURVE('',#1859,#1811,#387,.T.);
#2363=EDGE_CURVE('',#1760,#1859,#388,.T.);
#2364=EDGE_CURVE('',#1791,#1762,#389,.T.);
#2365=EDGE_CURVE('',#1735,#1791,#390,.T.);
#2366=EDGE_CURVE('',#1826,#1725,#391,.T.);
#2367=EDGE_CURVE('',#1829,#1826,#392,.T.);
#2368=EDGE_CURVE('',#1703,#1832,#393,.F.);
#2369=EDGE_CURVE('',#1821,#1693,#394,.F.);
#2370=EDGE_CURVE('',#1814,#1819,#395,.F.);
#2371=EDGE_CURVE('',#1760,#1811,#396,.F.);
#2372=EDGE_CURVE('',#1735,#1762,#397,.F.);
#2373=EDGE_CURVE('',#1829,#1725,#398,.F.);
#2374=EDGE_CURVE('',#1704,#1831,#399,.T.);
#2375=EDGE_CURVE('',#1822,#1692,#400,.T.);
#2376=EDGE_CURVE('',#1815,#1822,#401,.T.);
#2377=EDGE_CURVE('',#1761,#1818,#402,.T.);
#2378=EDGE_CURVE('',#1736,#1761,#403,.T.);
#2379=EDGE_CURVE('',#1830,#1724,#404,.T.);
#2380=EDGE_CURVE('',#1831,#1745,#405,.T.);
#2381=EDGE_CURVE('',#1742,#1830,#406,.T.);
#2382=EDGE_CURVE('',#1815,#1692,#407,.F.);
#2383=EDGE_CURVE('',#1736,#1818,#408,.F.);
#2384=EDGE_CURVE('',#1816,#1691,#409,.T.);
#2385=EDGE_CURVE('',#1817,#1712,#410,.T.);
#2386=EDGE_CURVE('',#1713,#1816,#411,.T.);
#2387=EDGE_CURVE('',#1737,#1817,#412,.T.);
#2388=EDGE_CURVE('',#1749,#1807,#413,.T.);
#2389=EDGE_CURVE('',#1808,#1746,#414,.T.);
#2390=EDGE_CURVE('',#1748,#1807,#415,.F.);
#2391=EDGE_CURVE('',#1808,#1747,#416,.F.);
#2392=EDGE_CURVE('',#1717,#1810,#417,.T.);
#2393=EDGE_CURVE('',#1809,#1719,#418,.T.);
#2394=EDGE_CURVE('',#1716,#1810,#419,.F.);
#2395=EDGE_CURVE('',#1809,#1721,#420,.F.);
#2396=EDGE_CURVE('',#1752,#1779,#421,.T.);
#2397=EDGE_CURVE('',#1780,#1751,#422,.T.);
#2398=EDGE_CURVE('',#1781,#1873,#423,.T.);
#2399=EDGE_CURVE('',#1871,#1778,#424,.T.);
#2400=EDGE_CURVE('',#1782,#1869,#425,.T.);
#2401=EDGE_CURVE('',#1872,#1777,#426,.T.);
#2402=EDGE_CURVE('',#1783,#1757,#427,.T.);
#2403=EDGE_CURVE('',#1846,#1776,#428,.T.);
#2404=EDGE_CURVE('',#1784,#1756,#119,.T.);
#2405=EDGE_CURVE('',#1847,#1775,#429,.T.);
#2406=EDGE_CURVE('',#1767,#1755,#120,.T.);
#2407=EDGE_CURVE('',#1870,#1774,#430,.T.);
#2408=EDGE_CURVE('',#1769,#1754,#431,.T.);
#2409=EDGE_CURVE('',#1868,#1770,#432,.T.);
#2410=EDGE_CURVE('',#1848,#1773,#433,.T.);
#2411=EDGE_CURVE('',#1874,#1706,#1217,.T.);
#2412=EDGE_CURVE('',#1875,#1874,#1218,.T.);
#2413=EDGE_CURVE('',#1875,#1705,#1219,.T.);
#2414=EDGE_CURVE('',#1876,#1708,#1220,.T.);
#2415=EDGE_CURVE('',#1874,#1876,#1221,.T.);
#2416=EDGE_CURVE('',#1877,#1707,#1222,.T.);
#2417=EDGE_CURVE('',#1876,#1877,#1223,.T.);
#2418=EDGE_CURVE('',#1877,#1875,#1224,.T.);
#2419=EDGE_CURVE('',#1878,#1739,#1225,.T.);
#2420=EDGE_CURVE('',#1879,#1878,#1226,.T.);
#2421=EDGE_CURVE('',#1879,#1738,#1227,.T.);
#2422=EDGE_CURVE('',#1880,#1741,#1228,.T.);
#2423=EDGE_CURVE('',#1878,#1880,#1229,.T.);
#2424=EDGE_CURVE('',#1881,#1740,#1230,.T.);
#2425=EDGE_CURVE('',#1880,#1881,#1231,.T.);
#2426=EDGE_CURVE('',#1881,#1879,#1232,.T.);
#2427=EDGE_CURVE('',#1882,#1883,#1233,.T.);
#2428=EDGE_CURVE('',#1884,#1883,#1234,.T.);
#2429=EDGE_CURVE('',#1885,#1884,#1235,.T.);
#2430=EDGE_CURVE('',#1882,#1885,#1236,.T.);
#2431=EDGE_CURVE('',#1885,#1886,#434,.T.);
#2432=EDGE_CURVE('',#1886,#1887,#1237,.T.);
#2433=EDGE_CURVE('',#1887,#1882,#435,.T.);
#2434=EDGE_CURVE('',#1888,#1887,#1238,.T.);
#2435=EDGE_CURVE('',#1889,#1886,#1239,.T.);
#2436=EDGE_CURVE('',#1888,#1889,#1240,.T.);
#2437=EDGE_CURVE('',#1883,#1890,#436,.T.);
#2438=EDGE_CURVE('',#1890,#1888,#437,.T.);
#2439=EDGE_CURVE('',#1889,#1884,#438,.T.);
#2440=EDGE_CURVE('',#1891,#1891,#439,.T.);
#2441=EDGE_CURVE('',#1890,#1891,#1241,.T.);
#2442=ORIENTED_EDGE('',*,*,#1892,.T.);
#2443=ORIENTED_EDGE('',*,*,#1893,.T.);
#2444=ORIENTED_EDGE('',*,*,#1894,.T.);
#2445=ORIENTED_EDGE('',*,*,#1895,.T.);
#2446=ORIENTED_EDGE('',*,*,#1896,.F.);
#2447=ORIENTED_EDGE('',*,*,#1897,.F.);
#2448=ORIENTED_EDGE('',*,*,#1898,.F.);
#2449=ORIENTED_EDGE('',*,*,#1899,.F.);
#2450=ORIENTED_EDGE('',*,*,#1900,.F.);
#2451=ORIENTED_EDGE('',*,*,#1901,.T.);
#2452=ORIENTED_EDGE('',*,*,#1897,.T.);
#2453=ORIENTED_EDGE('',*,*,#1902,.F.);
#2454=ORIENTED_EDGE('',*,*,#1903,.T.);
#2455=ORIENTED_EDGE('',*,*,#1904,.T.);
#2456=ORIENTED_EDGE('',*,*,#1905,.F.);
#2457=ORIENTED_EDGE('',*,*,#1900,.T.);
#2458=ORIENTED_EDGE('',*,*,#1906,.F.);
#2459=ORIENTED_EDGE('',*,*,#1907,.F.);
#2460=ORIENTED_EDGE('',*,*,#1908,.F.);
#2461=ORIENTED_EDGE('',*,*,#1909,.T.);
#2462=ORIENTED_EDGE('',*,*,#1894,.F.);
#2463=ORIENTED_EDGE('',*,*,#1910,.T.);
#2464=ORIENTED_EDGE('',*,*,#1911,.T.);
#2465=ORIENTED_EDGE('',*,*,#1912,.T.);
#2466=ORIENTED_EDGE('',*,*,#1902,.T.);
#2467=ORIENTED_EDGE('',*,*,#1899,.T.);
#2468=ORIENTED_EDGE('',*,*,#1913,.F.);
#2469=ORIENTED_EDGE('',*,*,#1914,.F.);
#2470=ORIENTED_EDGE('',*,*,#1906,.T.);
#2471=ORIENTED_EDGE('',*,*,#1915,.T.);
#2472=ORIENTED_EDGE('',*,*,#1898,.T.);
#2473=ORIENTED_EDGE('',*,*,#1904,.F.);
#2474=ORIENTED_EDGE('',*,*,#1916,.F.);
#2475=ORIENTED_EDGE('',*,*,#1917,.T.);
#2476=ORIENTED_EDGE('',*,*,#1918,.T.);
#2477=ORIENTED_EDGE('',*,*,#1892,.F.);
#2478=ORIENTED_EDGE('',*,*,#1919,.T.);
#2479=ORIENTED_EDGE('',*,*,#1920,.F.);
#2480=ORIENTED_EDGE('',*,*,#1921,.T.);
#2481=ORIENTED_EDGE('',*,*,#1913,.T.);
#2482=ORIENTED_EDGE('',*,*,#1896,.T.);
#2483=ORIENTED_EDGE('',*,*,#1922,.T.);
#2484=ORIENTED_EDGE('',*,*,#1901,.F.);
#2485=ORIENTED_EDGE('',*,*,#1922,.F.);
#2486=ORIENTED_EDGE('',*,*,#1903,.F.);
#2487=ORIENTED_EDGE('',*,*,#1912,.F.);
#2488=ORIENTED_EDGE('',*,*,#1923,.T.);
#2489=ORIENTED_EDGE('',*,*,#1916,.T.);
#2490=ORIENTED_EDGE('',*,*,#1911,.F.);
#2491=ORIENTED_EDGE('',*,*,#1924,.T.);
#2492=ORIENTED_EDGE('',*,*,#1917,.F.);
#2493=ORIENTED_EDGE('',*,*,#1923,.F.);
#2494=ORIENTED_EDGE('',*,*,#1925,.T.);
#2495=ORIENTED_EDGE('',*,*,#1925,.F.);
#2496=ORIENTED_EDGE('',*,*,#1926,.T.);
#2497=ORIENTED_EDGE('',*,*,#1905,.T.);
#2498=ORIENTED_EDGE('',*,*,#1926,.F.);
#2499=ORIENTED_EDGE('',*,*,#1920,.T.);
#2500=ORIENTED_EDGE('',*,*,#1927,.T.);
#2501=ORIENTED_EDGE('',*,*,#1908,.T.);
#2502=ORIENTED_EDGE('',*,*,#1928,.T.);
#2503=ORIENTED_EDGE('',*,*,#1929,.F.);
#2504=ORIENTED_EDGE('',*,*,#1914,.T.);
#2505=ORIENTED_EDGE('',*,*,#1921,.F.);
#2506=ORIENTED_EDGE('',*,*,#1928,.F.);
#2507=ORIENTED_EDGE('',*,*,#1907,.T.);
#2508=ORIENTED_EDGE('',*,*,#1929,.T.);
#2509=ORIENTED_EDGE('',*,*,#1930,.T.);
#2510=ORIENTED_EDGE('',*,*,#1915,.F.);
#2511=ORIENTED_EDGE('',*,*,#1930,.F.);
#2512=ORIENTED_EDGE('',*,*,#1918,.F.);
#2513=ORIENTED_EDGE('',*,*,#1924,.F.);
#2514=ORIENTED_EDGE('',*,*,#1910,.F.);
#2515=ORIENTED_EDGE('',*,*,#1893,.F.);
#2516=ORIENTED_EDGE('',*,*,#1919,.F.);
#2517=ORIENTED_EDGE('',*,*,#1895,.F.);
#2518=ORIENTED_EDGE('',*,*,#1909,.F.);
#2519=ORIENTED_EDGE('',*,*,#1927,.F.);
#2520=ORIENTED_EDGE('',*,*,#1931,.T.);
#2521=ORIENTED_EDGE('',*,*,#1932,.F.);
#2522=ORIENTED_EDGE('',*,*,#1933,.F.);
#2523=ORIENTED_EDGE('',*,*,#1934,.T.);
#2524=ORIENTED_EDGE('',*,*,#1935,.F.);
#2525=ORIENTED_EDGE('',*,*,#1936,.F.);
#2526=ORIENTED_EDGE('',*,*,#1937,.F.);
#2527=ORIENTED_EDGE('',*,*,#1938,.F.);
#2528=ORIENTED_EDGE('',*,*,#1939,.F.);
#2529=ORIENTED_EDGE('',*,*,#1940,.F.);
#2530=ORIENTED_EDGE('',*,*,#1941,.F.);
#2531=ORIENTED_EDGE('',*,*,#1942,.F.);
#2532=ORIENTED_EDGE('',*,*,#1943,.T.);
#2533=ORIENTED_EDGE('',*,*,#1944,.T.);
#2534=ORIENTED_EDGE('',*,*,#1945,.F.);
#2535=ORIENTED_EDGE('',*,*,#1946,.F.);
#2536=ORIENTED_EDGE('',*,*,#1947,.F.);
#2537=ORIENTED_EDGE('',*,*,#1948,.T.);
#2538=ORIENTED_EDGE('',*,*,#1949,.T.);
#2539=ORIENTED_EDGE('',*,*,#1950,.F.);
#2540=ORIENTED_EDGE('',*,*,#1951,.T.);
#2541=ORIENTED_EDGE('',*,*,#1952,.T.);
#2542=ORIENTED_EDGE('',*,*,#1953,.F.);
#2543=ORIENTED_EDGE('',*,*,#1954,.F.);
#2544=ORIENTED_EDGE('',*,*,#1955,.T.);
#2545=ORIENTED_EDGE('',*,*,#1945,.T.);
#2546=ORIENTED_EDGE('',*,*,#1956,.T.);
#2547=ORIENTED_EDGE('',*,*,#1957,.T.);
#2548=ORIENTED_EDGE('',*,*,#1958,.T.);
#2549=ORIENTED_EDGE('',*,*,#1959,.T.);
#2550=ORIENTED_EDGE('',*,*,#1960,.T.);
#2551=ORIENTED_EDGE('',*,*,#1961,.T.);
#2552=ORIENTED_EDGE('',*,*,#1962,.T.);
#2553=ORIENTED_EDGE('',*,*,#1963,.F.);
#2554=ORIENTED_EDGE('',*,*,#1964,.T.);
#2555=ORIENTED_EDGE('',*,*,#1965,.F.);
#2556=ORIENTED_EDGE('',*,*,#1966,.F.);
#2557=ORIENTED_EDGE('',*,*,#1967,.F.);
#2558=ORIENTED_EDGE('',*,*,#1968,.T.);
#2559=ORIENTED_EDGE('',*,*,#1969,.F.);
#2560=ORIENTED_EDGE('',*,*,#1970,.F.);
#2561=ORIENTED_EDGE('',*,*,#1971,.F.);
#2562=ORIENTED_EDGE('',*,*,#1966,.T.);
#2563=ORIENTED_EDGE('',*,*,#1972,.F.);
#2564=ORIENTED_EDGE('',*,*,#1968,.F.);
#2565=ORIENTED_EDGE('',*,*,#1973,.F.);
#2566=ORIENTED_EDGE('',*,*,#1974,.T.);
#2567=ORIENTED_EDGE('',*,*,#1975,.T.);
#2568=ORIENTED_EDGE('',*,*,#1976,.T.);
#2569=ORIENTED_EDGE('',*,*,#1977,.T.);
#2570=ORIENTED_EDGE('',*,*,#1976,.F.);
#2571=ORIENTED_EDGE('',*,*,#1940,.T.);
#2572=ORIENTED_EDGE('',*,*,#1978,.T.);
#2573=ORIENTED_EDGE('',*,*,#1979,.F.);
#2574=ORIENTED_EDGE('',*,*,#1980,.T.);
#2575=ORIENTED_EDGE('',*,*,#1981,.T.);
#2576=ORIENTED_EDGE('',*,*,#1982,.F.);
#2577=ORIENTED_EDGE('',*,*,#1983,.F.);
#2578=ORIENTED_EDGE('',*,*,#1984,.T.);
#2579=ORIENTED_EDGE('',*,*,#1985,.F.);
#2580=ORIENTED_EDGE('',*,*,#1986,.T.);
#2581=ORIENTED_EDGE('',*,*,#1959,.F.);
#2582=ORIENTED_EDGE('',*,*,#1987,.T.);
#2583=ORIENTED_EDGE('',*,*,#1988,.T.);
#2584=ORIENTED_EDGE('',*,*,#1989,.F.);
#2585=ORIENTED_EDGE('',*,*,#1990,.F.);
#2586=ORIENTED_EDGE('',*,*,#1991,.F.);
#2587=ORIENTED_EDGE('',*,*,#1992,.F.);
#2588=ORIENTED_EDGE('',*,*,#1993,.T.);
#2589=ORIENTED_EDGE('',*,*,#1994,.F.);
#2590=ORIENTED_EDGE('',*,*,#1995,.F.);
#2591=ORIENTED_EDGE('',*,*,#1942,.T.);
#2592=ORIENTED_EDGE('',*,*,#1996,.T.);
#2593=ORIENTED_EDGE('',*,*,#1997,.T.);
#2594=ORIENTED_EDGE('',*,*,#1998,.F.);
#2595=ORIENTED_EDGE('',*,*,#1999,.T.);
#2596=ORIENTED_EDGE('',*,*,#1957,.F.);
#2597=ORIENTED_EDGE('',*,*,#2000,.T.);
#2598=ORIENTED_EDGE('',*,*,#2001,.T.);
#2599=ORIENTED_EDGE('',*,*,#2002,.T.);
#2600=ORIENTED_EDGE('',*,*,#2003,.F.);
#2601=ORIENTED_EDGE('',*,*,#2004,.F.);
#2602=ORIENTED_EDGE('',*,*,#2005,.F.);
#2603=ORIENTED_EDGE('',*,*,#2006,.F.);
#2604=ORIENTED_EDGE('',*,*,#1982,.T.);
#2605=ORIENTED_EDGE('',*,*,#2007,.T.);
#2606=ORIENTED_EDGE('',*,*,#1998,.T.);
#2607=ORIENTED_EDGE('',*,*,#2008,.T.);
#2608=ORIENTED_EDGE('',*,*,#1950,.T.);
#2609=ORIENTED_EDGE('',*,*,#2009,.T.);
#2610=ORIENTED_EDGE('',*,*,#2010,.F.);
#2611=ORIENTED_EDGE('',*,*,#2011,.T.);
#2612=ORIENTED_EDGE('',*,*,#1974,.F.);
#2613=ORIENTED_EDGE('',*,*,#2012,.F.);
#2614=ORIENTED_EDGE('',*,*,#1970,.T.);
#2615=ORIENTED_EDGE('',*,*,#2013,.T.);
#2616=ORIENTED_EDGE('',*,*,#2014,.T.);
#2617=ORIENTED_EDGE('',*,*,#2015,.F.);
#2618=ORIENTED_EDGE('',*,*,#2001,.F.);
#2619=ORIENTED_EDGE('',*,*,#2016,.T.);
#2620=ORIENTED_EDGE('',*,*,#1943,.F.);
#2621=ORIENTED_EDGE('',*,*,#2017,.T.);
#2622=ORIENTED_EDGE('',*,*,#1996,.F.);
#2623=ORIENTED_EDGE('',*,*,#1941,.T.);
#2624=ORIENTED_EDGE('',*,*,#1988,.F.);
#2625=ORIENTED_EDGE('',*,*,#2018,.T.);
#2626=ORIENTED_EDGE('',*,*,#1933,.T.);
#2627=ORIENTED_EDGE('',*,*,#2019,.F.);
#2628=ORIENTED_EDGE('',*,*,#1978,.F.);
#2629=ORIENTED_EDGE('',*,*,#1939,.T.);
#2630=ORIENTED_EDGE('',*,*,#1995,.T.);
#2631=ORIENTED_EDGE('',*,*,#2020,.F.);
#2632=ORIENTED_EDGE('',*,*,#2021,.F.);
#2633=ORIENTED_EDGE('',*,*,#2022,.F.);
#2634=ORIENTED_EDGE('',*,*,#2023,.F.);
#2635=ORIENTED_EDGE('',*,*,#1993,.F.);
#2636=ORIENTED_EDGE('',*,*,#2024,.T.);
#2637=ORIENTED_EDGE('',*,*,#1980,.F.);
#2638=ORIENTED_EDGE('',*,*,#2025,.F.);
#2639=ORIENTED_EDGE('',*,*,#1931,.F.);
#2640=ORIENTED_EDGE('',*,*,#2026,.T.);
#2641=ORIENTED_EDGE('',*,*,#2027,.T.);
#2642=ORIENTED_EDGE('',*,*,#2028,.F.);
#2643=ORIENTED_EDGE('',*,*,#2029,.T.);
#2644=ORIENTED_EDGE('',*,*,#2022,.T.);
#2645=ORIENTED_EDGE('',*,*,#2030,.F.);
#2646=ORIENTED_EDGE('',*,*,#2027,.F.);
#2647=ORIENTED_EDGE('',*,*,#2031,.F.);
#2648=ORIENTED_EDGE('',*,*,#2023,.T.);
#2649=ORIENTED_EDGE('',*,*,#2031,.T.);
#2650=ORIENTED_EDGE('',*,*,#2026,.F.);
#2651=ORIENTED_EDGE('',*,*,#1934,.F.);
#2652=ORIENTED_EDGE('',*,*,#1952,.F.);
#2653=ORIENTED_EDGE('',*,*,#2032,.F.);
#2654=ORIENTED_EDGE('',*,*,#2033,.T.);
#2655=ORIENTED_EDGE('',*,*,#2034,.T.);
#2656=ORIENTED_EDGE('',*,*,#1953,.T.);
#2657=ORIENTED_EDGE('',*,*,#2034,.F.);
#2658=ORIENTED_EDGE('',*,*,#2035,.F.);
#2659=ORIENTED_EDGE('',*,*,#2036,.T.);
#2660=ORIENTED_EDGE('',*,*,#1954,.T.);
#2661=ORIENTED_EDGE('',*,*,#2036,.F.);
#2662=ORIENTED_EDGE('',*,*,#2037,.F.);
#2663=ORIENTED_EDGE('',*,*,#2038,.T.);
#2664=ORIENTED_EDGE('',*,*,#2039,.T.);
#2665=ORIENTED_EDGE('',*,*,#2040,.T.);
#2666=ORIENTED_EDGE('',*,*,#2041,.T.);
#2667=ORIENTED_EDGE('',*,*,#2042,.T.);
#2668=ORIENTED_EDGE('',*,*,#1955,.F.);
#2669=ORIENTED_EDGE('',*,*,#2038,.F.);
#2670=ORIENTED_EDGE('',*,*,#2043,.T.);
#2671=ORIENTED_EDGE('',*,*,#2032,.T.);
#2672=ORIENTED_EDGE('',*,*,#2033,.F.);
#2673=ORIENTED_EDGE('',*,*,#2043,.F.);
#2674=ORIENTED_EDGE('',*,*,#2037,.T.);
#2675=ORIENTED_EDGE('',*,*,#2035,.T.);
#2676=ORIENTED_EDGE('',*,*,#1935,.T.);
#2677=ORIENTED_EDGE('',*,*,#2044,.T.);
#2678=ORIENTED_EDGE('',*,*,#1990,.T.);
#2679=ORIENTED_EDGE('',*,*,#2045,.F.);
#2680=ORIENTED_EDGE('',*,*,#1938,.T.);
#2681=ORIENTED_EDGE('',*,*,#2046,.T.);
#2682=ORIENTED_EDGE('',*,*,#1991,.T.);
#2683=ORIENTED_EDGE('',*,*,#2044,.F.);
#2684=ORIENTED_EDGE('',*,*,#1937,.T.);
#2685=ORIENTED_EDGE('',*,*,#2047,.T.);
#2686=ORIENTED_EDGE('',*,*,#1992,.T.);
#2687=ORIENTED_EDGE('',*,*,#2046,.F.);
#2688=ORIENTED_EDGE('',*,*,#1936,.T.);
#2689=ORIENTED_EDGE('',*,*,#2045,.T.);
#2690=ORIENTED_EDGE('',*,*,#1989,.T.);
#2691=ORIENTED_EDGE('',*,*,#2047,.F.);
#2692=ORIENTED_EDGE('',*,*,#2048,.T.);
#2693=ORIENTED_EDGE('',*,*,#2004,.T.);
#2694=ORIENTED_EDGE('',*,*,#2049,.F.);
#2695=ORIENTED_EDGE('',*,*,#2040,.F.);
#2696=ORIENTED_EDGE('',*,*,#2050,.T.);
#2697=ORIENTED_EDGE('',*,*,#2005,.T.);
#2698=ORIENTED_EDGE('',*,*,#2048,.F.);
#2699=ORIENTED_EDGE('',*,*,#2039,.F.);
#2700=ORIENTED_EDGE('',*,*,#2051,.T.);
#2701=ORIENTED_EDGE('',*,*,#2006,.T.);
#2702=ORIENTED_EDGE('',*,*,#2050,.F.);
#2703=ORIENTED_EDGE('',*,*,#2042,.F.);
#2704=ORIENTED_EDGE('',*,*,#2049,.T.);
#2705=ORIENTED_EDGE('',*,*,#2003,.T.);
#2706=ORIENTED_EDGE('',*,*,#2051,.F.);
#2707=ORIENTED_EDGE('',*,*,#2041,.F.);
#2708=ORIENTED_EDGE('',*,*,#1967,.T.);
#2709=ORIENTED_EDGE('',*,*,#1971,.T.);
#2710=ORIENTED_EDGE('',*,*,#2012,.T.);
#2711=ORIENTED_EDGE('',*,*,#1973,.T.);
#2712=ORIENTED_EDGE('',*,*,#1975,.F.);
#2713=ORIENTED_EDGE('',*,*,#2052,.F.);
#2714=ORIENTED_EDGE('',*,*,#2053,.F.);
#2715=ORIENTED_EDGE('',*,*,#1962,.F.);
#2716=ORIENTED_EDGE('',*,*,#2054,.F.);
#2717=ORIENTED_EDGE('',*,*,#2055,.T.);
#2718=ORIENTED_EDGE('',*,*,#2056,.F.);
#2719=ORIENTED_EDGE('',*,*,#2057,.T.);
#2720=ORIENTED_EDGE('',*,*,#2058,.T.);
#2721=ORIENTED_EDGE('',*,*,#2052,.T.);
#2722=ORIENTED_EDGE('',*,*,#1961,.F.);
#2723=ORIENTED_EDGE('',*,*,#2059,.T.);
#2724=ORIENTED_EDGE('',*,*,#2056,.T.);
#2725=ORIENTED_EDGE('',*,*,#2054,.T.);
#2726=ORIENTED_EDGE('',*,*,#2058,.F.);
#2727=ORIENTED_EDGE('',*,*,#2060,.T.);
#2728=ORIENTED_EDGE('',*,*,#1963,.T.);
#2729=ORIENTED_EDGE('',*,*,#2053,.T.);
#2730=ORIENTED_EDGE('',*,*,#2061,.F.);
#2731=ORIENTED_EDGE('',*,*,#2062,.T.);
#2732=ORIENTED_EDGE('',*,*,#2055,.F.);
#2733=ORIENTED_EDGE('',*,*,#2062,.F.);
#2734=ORIENTED_EDGE('',*,*,#2059,.F.);
#2735=ORIENTED_EDGE('',*,*,#1960,.F.);
#2736=ORIENTED_EDGE('',*,*,#1986,.F.);
#2737=ORIENTED_EDGE('',*,*,#2063,.T.);
#2738=ORIENTED_EDGE('',*,*,#1946,.T.);
#2739=ORIENTED_EDGE('',*,*,#1964,.F.);
#2740=ORIENTED_EDGE('',*,*,#2060,.F.);
#2741=ORIENTED_EDGE('',*,*,#2057,.F.);
#2742=ORIENTED_EDGE('',*,*,#2061,.T.);
#2743=ORIENTED_EDGE('',*,*,#1969,.T.);
#2744=ORIENTED_EDGE('',*,*,#1965,.T.);
#2745=ORIENTED_EDGE('',*,*,#1972,.T.);
#2746=ORIENTED_EDGE('',*,*,#2011,.F.);
#2747=ORIENTED_EDGE('',*,*,#2064,.F.);
#2748=ORIENTED_EDGE('',*,*,#2065,.T.);
#2749=ORIENTED_EDGE('',*,*,#2066,.T.);
#2750=ORIENTED_EDGE('',*,*,#2013,.F.);
#2751=ORIENTED_EDGE('',*,*,#1977,.F.);
#2752=ORIENTED_EDGE('',*,*,#2067,.T.);
#2753=ORIENTED_EDGE('',*,*,#2068,.T.);
#2754=ORIENTED_EDGE('',*,*,#2069,.T.);
#2755=ORIENTED_EDGE('',*,*,#2014,.F.);
#2756=ORIENTED_EDGE('',*,*,#2066,.F.);
#2757=ORIENTED_EDGE('',*,*,#2069,.F.);
#2758=ORIENTED_EDGE('',*,*,#2070,.T.);
#2759=ORIENTED_EDGE('',*,*,#1983,.T.);
#2760=ORIENTED_EDGE('',*,*,#2015,.T.);
#2761=ORIENTED_EDGE('',*,*,#1949,.F.);
#2762=ORIENTED_EDGE('',*,*,#2071,.T.);
#2763=ORIENTED_EDGE('',*,*,#2072,.T.);
#2764=ORIENTED_EDGE('',*,*,#2009,.F.);
#2765=ORIENTED_EDGE('',*,*,#2072,.F.);
#2766=ORIENTED_EDGE('',*,*,#2073,.T.);
#2767=ORIENTED_EDGE('',*,*,#2074,.F.);
#2768=ORIENTED_EDGE('',*,*,#2064,.T.);
#2769=ORIENTED_EDGE('',*,*,#2010,.T.);
#2770=ORIENTED_EDGE('',*,*,#1985,.T.);
#2771=ORIENTED_EDGE('',*,*,#2075,.T.);
#2772=ORIENTED_EDGE('',*,*,#2067,.F.);
#2773=ORIENTED_EDGE('',*,*,#2065,.F.);
#2774=ORIENTED_EDGE('',*,*,#2074,.T.);
#2775=ORIENTED_EDGE('',*,*,#2076,.T.);
#2776=ORIENTED_EDGE('',*,*,#1947,.T.);
#2777=ORIENTED_EDGE('',*,*,#2063,.F.);
#2778=ORIENTED_EDGE('',*,*,#1958,.F.);
#2779=ORIENTED_EDGE('',*,*,#2002,.F.);
#2780=ORIENTED_EDGE('',*,*,#2018,.F.);
#2781=ORIENTED_EDGE('',*,*,#1987,.F.);
#2782=ORIENTED_EDGE('',*,*,#2008,.F.);
#2783=ORIENTED_EDGE('',*,*,#1997,.F.);
#2784=ORIENTED_EDGE('',*,*,#2017,.F.);
#2785=ORIENTED_EDGE('',*,*,#1951,.F.);
#2786=ORIENTED_EDGE('',*,*,#1956,.F.);
#2787=ORIENTED_EDGE('',*,*,#1944,.F.);
#2788=ORIENTED_EDGE('',*,*,#2016,.F.);
#2789=ORIENTED_EDGE('',*,*,#2000,.F.);
#2790=ORIENTED_EDGE('',*,*,#1981,.F.);
#2791=ORIENTED_EDGE('',*,*,#2024,.F.);
#2792=ORIENTED_EDGE('',*,*,#1999,.F.);
#2793=ORIENTED_EDGE('',*,*,#2007,.F.);
#2794=ORIENTED_EDGE('',*,*,#1984,.F.);
#2795=ORIENTED_EDGE('',*,*,#2070,.F.);
#2796=ORIENTED_EDGE('',*,*,#2068,.F.);
#2797=ORIENTED_EDGE('',*,*,#2075,.F.);
#2798=ORIENTED_EDGE('',*,*,#1948,.F.);
#2799=ORIENTED_EDGE('',*,*,#2076,.F.);
#2800=ORIENTED_EDGE('',*,*,#2073,.F.);
#2801=ORIENTED_EDGE('',*,*,#2071,.F.);
#2802=ORIENTED_EDGE('',*,*,#1979,.T.);
#2803=ORIENTED_EDGE('',*,*,#2019,.T.);
#2804=ORIENTED_EDGE('',*,*,#1932,.T.);
#2805=ORIENTED_EDGE('',*,*,#2025,.T.);
#2806=ORIENTED_EDGE('',*,*,#1994,.T.);
#2807=ORIENTED_EDGE('',*,*,#2029,.F.);
#2808=ORIENTED_EDGE('',*,*,#2077,.F.);
#2809=ORIENTED_EDGE('',*,*,#2020,.T.);
#2810=ORIENTED_EDGE('',*,*,#2030,.T.);
#2811=ORIENTED_EDGE('',*,*,#2021,.T.);
#2812=ORIENTED_EDGE('',*,*,#2077,.T.);
#2813=ORIENTED_EDGE('',*,*,#2028,.T.);
#2814=ORIENTED_EDGE('',*,*,#2078,.T.);
#2815=ORIENTED_EDGE('',*,*,#2079,.T.);
#2816=ORIENTED_EDGE('',*,*,#2080,.T.);
#2817=ORIENTED_EDGE('',*,*,#2081,.F.);
#2818=ORIENTED_EDGE('',*,*,#2082,.T.);
#2819=ORIENTED_EDGE('',*,*,#2083,.T.);
#2820=ORIENTED_EDGE('',*,*,#2084,.T.);
#2821=ORIENTED_EDGE('',*,*,#2085,.F.);
#2822=ORIENTED_EDGE('',*,*,#2086,.T.);
#2823=ORIENTED_EDGE('',*,*,#2087,.T.);
#2824=ORIENTED_EDGE('',*,*,#2088,.T.);
#2825=ORIENTED_EDGE('',*,*,#2089,.T.);
#2826=ORIENTED_EDGE('',*,*,#2090,.T.);
#2827=ORIENTED_EDGE('',*,*,#2091,.F.);
#2828=ORIENTED_EDGE('',*,*,#2092,.T.);
#2829=ORIENTED_EDGE('',*,*,#2093,.T.);
#2830=ORIENTED_EDGE('',*,*,#2094,.T.);
#2831=ORIENTED_EDGE('',*,*,#2095,.F.);
#2832=ORIENTED_EDGE('',*,*,#2096,.F.);
#2833=ORIENTED_EDGE('',*,*,#2097,.F.);
#2834=ORIENTED_EDGE('',*,*,#2098,.F.);
#2835=ORIENTED_EDGE('',*,*,#2099,.F.);
#2836=ORIENTED_EDGE('',*,*,#2100,.T.);
#2837=ORIENTED_EDGE('',*,*,#2101,.T.);
#2838=ORIENTED_EDGE('',*,*,#2102,.T.);
#2839=ORIENTED_EDGE('',*,*,#2103,.T.);
#2840=ORIENTED_EDGE('',*,*,#2104,.T.);
#2841=ORIENTED_EDGE('',*,*,#2105,.T.);
#2842=ORIENTED_EDGE('',*,*,#2106,.T.);
#2843=ORIENTED_EDGE('',*,*,#2107,.F.);
#2844=ORIENTED_EDGE('',*,*,#2104,.F.);
#2845=ORIENTED_EDGE('',*,*,#2108,.T.);
#2846=ORIENTED_EDGE('',*,*,#2080,.F.);
#2847=ORIENTED_EDGE('',*,*,#2109,.F.);
#2848=ORIENTED_EDGE('',*,*,#2110,.F.);
#2849=ORIENTED_EDGE('',*,*,#2111,.F.);
#2850=ORIENTED_EDGE('',*,*,#2112,.F.);
#2851=ORIENTED_EDGE('',*,*,#2113,.T.);
#2852=ORIENTED_EDGE('',*,*,#2102,.F.);
#2853=ORIENTED_EDGE('',*,*,#2114,.F.);
#2854=ORIENTED_EDGE('',*,*,#2115,.F.);
#2855=ORIENTED_EDGE('',*,*,#2112,.T.);
#2856=ORIENTED_EDGE('',*,*,#2116,.T.);
#2857=ORIENTED_EDGE('',*,*,#2117,.T.);
#2858=ORIENTED_EDGE('',*,*,#2118,.F.);
#2859=ORIENTED_EDGE('',*,*,#2119,.T.);
#2860=ORIENTED_EDGE('',*,*,#2120,.T.);
#2861=ORIENTED_EDGE('',*,*,#2121,.T.);
#2862=ORIENTED_EDGE('',*,*,#2122,.F.);
#2863=ORIENTED_EDGE('',*,*,#2123,.T.);
#2864=ORIENTED_EDGE('',*,*,#2124,.T.);
#2865=ORIENTED_EDGE('',*,*,#2125,.T.);
#2866=ORIENTED_EDGE('',*,*,#2126,.T.);
#2867=ORIENTED_EDGE('',*,*,#2127,.T.);
#2868=ORIENTED_EDGE('',*,*,#2128,.F.);
#2869=ORIENTED_EDGE('',*,*,#2129,.T.);
#2870=ORIENTED_EDGE('',*,*,#2130,.T.);
#2871=ORIENTED_EDGE('',*,*,#2131,.T.);
#2872=ORIENTED_EDGE('',*,*,#2132,.F.);
#2873=ORIENTED_EDGE('',*,*,#2133,.F.);
#2874=ORIENTED_EDGE('',*,*,#2134,.F.);
#2875=ORIENTED_EDGE('',*,*,#2135,.F.);
#2876=ORIENTED_EDGE('',*,*,#2136,.F.);
#2877=ORIENTED_EDGE('',*,*,#2137,.T.);
#2878=ORIENTED_EDGE('',*,*,#2138,.T.);
#2879=ORIENTED_EDGE('',*,*,#2139,.T.);
#2880=ORIENTED_EDGE('',*,*,#2140,.T.);
#2881=ORIENTED_EDGE('',*,*,#2141,.F.);
#2882=ORIENTED_EDGE('',*,*,#2137,.F.);
#2883=ORIENTED_EDGE('',*,*,#2142,.T.);
#2884=ORIENTED_EDGE('',*,*,#2117,.F.);
#2885=ORIENTED_EDGE('',*,*,#2143,.F.);
#2886=ORIENTED_EDGE('',*,*,#2144,.F.);
#2887=ORIENTED_EDGE('',*,*,#2145,.F.);
#2888=ORIENTED_EDGE('',*,*,#2078,.F.);
#2889=ORIENTED_EDGE('',*,*,#2146,.T.);
#2890=ORIENTED_EDGE('',*,*,#2139,.F.);
#2891=ORIENTED_EDGE('',*,*,#2147,.F.);
#2892=ORIENTED_EDGE('',*,*,#2148,.F.);
#2893=ORIENTED_EDGE('',*,*,#2116,.F.);
#2894=ORIENTED_EDGE('',*,*,#2111,.T.);
#2895=ORIENTED_EDGE('',*,*,#2149,.T.);
#2896=ORIENTED_EDGE('',*,*,#2143,.T.);
#2897=ORIENTED_EDGE('',*,*,#2079,.F.);
#2898=ORIENTED_EDGE('',*,*,#2145,.T.);
#2899=ORIENTED_EDGE('',*,*,#2150,.T.);
#2900=ORIENTED_EDGE('',*,*,#2109,.T.);
#2901=ORIENTED_EDGE('',*,*,#2151,.T.);
#2902=ORIENTED_EDGE('',*,*,#2152,.T.);
#2903=ORIENTED_EDGE('',*,*,#2153,.T.);
#2904=ORIENTED_EDGE('',*,*,#2154,.T.);
#2905=ORIENTED_EDGE('',*,*,#2155,.T.);
#2906=ORIENTED_EDGE('',*,*,#2156,.T.);
#2907=ORIENTED_EDGE('',*,*,#2157,.T.);
#2908=ORIENTED_EDGE('',*,*,#2158,.T.);
#2909=ORIENTED_EDGE('',*,*,#2159,.T.);
#2910=ORIENTED_EDGE('',*,*,#2160,.T.);
#2911=ORIENTED_EDGE('',*,*,#2161,.T.);
#2912=ORIENTED_EDGE('',*,*,#2162,.T.);
#2913=ORIENTED_EDGE('',*,*,#2163,.T.);
#2914=ORIENTED_EDGE('',*,*,#2164,.T.);
#2915=ORIENTED_EDGE('',*,*,#2165,.T.);
#2916=ORIENTED_EDGE('',*,*,#2166,.T.);
#2917=ORIENTED_EDGE('',*,*,#2167,.T.);
#2918=ORIENTED_EDGE('',*,*,#2168,.F.);
#2919=ORIENTED_EDGE('',*,*,#2169,.T.);
#2920=ORIENTED_EDGE('',*,*,#2170,.T.);
#2921=ORIENTED_EDGE('',*,*,#2171,.T.);
#2922=ORIENTED_EDGE('',*,*,#2172,.T.);
#2923=ORIENTED_EDGE('',*,*,#2173,.T.);
#2924=ORIENTED_EDGE('',*,*,#2174,.T.);
#2925=ORIENTED_EDGE('',*,*,#2172,.F.);
#2926=ORIENTED_EDGE('',*,*,#2175,.T.);
#2927=ORIENTED_EDGE('',*,*,#2176,.T.);
#2928=ORIENTED_EDGE('',*,*,#2177,.T.);
#2929=ORIENTED_EDGE('',*,*,#2178,.T.);
#2930=ORIENTED_EDGE('',*,*,#2179,.T.);
#2931=ORIENTED_EDGE('',*,*,#2180,.T.);
#2932=ORIENTED_EDGE('',*,*,#2181,.T.);
#2933=ORIENTED_EDGE('',*,*,#2182,.T.);
#2934=ORIENTED_EDGE('',*,*,#2183,.T.);
#2935=ORIENTED_EDGE('',*,*,#2184,.T.);
#2936=ORIENTED_EDGE('',*,*,#2185,.T.);
#2937=ORIENTED_EDGE('',*,*,#2186,.F.);
#2938=ORIENTED_EDGE('',*,*,#2187,.T.);
#2939=ORIENTED_EDGE('',*,*,#2188,.T.);
#2940=ORIENTED_EDGE('',*,*,#2189,.T.);
#2941=ORIENTED_EDGE('',*,*,#2190,.T.);
#2942=ORIENTED_EDGE('',*,*,#2191,.T.);
#2943=ORIENTED_EDGE('',*,*,#2192,.T.);
#2944=ORIENTED_EDGE('',*,*,#2193,.T.);
#2945=ORIENTED_EDGE('',*,*,#2194,.T.);
#2946=ORIENTED_EDGE('',*,*,#2195,.T.);
#2947=ORIENTED_EDGE('',*,*,#2196,.T.);
#2948=ORIENTED_EDGE('',*,*,#2197,.T.);
#2949=ORIENTED_EDGE('',*,*,#2198,.T.);
#2950=ORIENTED_EDGE('',*,*,#2199,.T.);
#2951=ORIENTED_EDGE('',*,*,#2200,.T.);
#2952=ORIENTED_EDGE('',*,*,#2201,.T.);
#2953=ORIENTED_EDGE('',*,*,#2202,.T.);
#2954=ORIENTED_EDGE('',*,*,#2203,.T.);
#2955=ORIENTED_EDGE('',*,*,#2204,.T.);
#2956=ORIENTED_EDGE('',*,*,#2205,.T.);
#2957=ORIENTED_EDGE('',*,*,#2101,.F.);
#2958=ORIENTED_EDGE('',*,*,#2206,.F.);
#2959=ORIENTED_EDGE('',*,*,#2207,.F.);
#2960=ORIENTED_EDGE('',*,*,#2100,.F.);
#2961=ORIENTED_EDGE('',*,*,#2208,.F.);
#2962=ORIENTED_EDGE('',*,*,#2209,.F.);
#2963=ORIENTED_EDGE('',*,*,#2106,.F.);
#2964=ORIENTED_EDGE('',*,*,#2210,.F.);
#2965=ORIENTED_EDGE('',*,*,#2211,.F.);
#2966=ORIENTED_EDGE('',*,*,#2105,.F.);
#2967=ORIENTED_EDGE('',*,*,#2107,.T.);
#2968=ORIENTED_EDGE('',*,*,#2212,.T.);
#2969=ORIENTED_EDGE('',*,*,#2114,.T.);
#2970=ORIENTED_EDGE('',*,*,#2138,.F.);
#2971=ORIENTED_EDGE('',*,*,#2141,.T.);
#2972=ORIENTED_EDGE('',*,*,#2213,.T.);
#2973=ORIENTED_EDGE('',*,*,#2147,.T.);
#2974=ORIENTED_EDGE('',*,*,#2214,.T.);
#2975=ORIENTED_EDGE('',*,*,#2215,.T.);
#2976=ORIENTED_EDGE('',*,*,#2216,.T.);
#2977=ORIENTED_EDGE('',*,*,#2217,.T.);
#2978=ORIENTED_EDGE('',*,*,#2218,.T.);
#2979=ORIENTED_EDGE('',*,*,#2219,.T.);
#2980=ORIENTED_EDGE('',*,*,#2220,.T.);
#2981=ORIENTED_EDGE('',*,*,#2221,.T.);
#2982=ORIENTED_EDGE('',*,*,#2222,.T.);
#2983=ORIENTED_EDGE('',*,*,#2223,.T.);
#2984=ORIENTED_EDGE('',*,*,#2224,.T.);
#2985=ORIENTED_EDGE('',*,*,#2225,.T.);
#2986=ORIENTED_EDGE('',*,*,#2226,.T.);
#2987=ORIENTED_EDGE('',*,*,#2227,.T.);
#2988=ORIENTED_EDGE('',*,*,#2228,.T.);
#2989=ORIENTED_EDGE('',*,*,#2229,.T.);
#2990=ORIENTED_EDGE('',*,*,#2230,.T.);
#2991=ORIENTED_EDGE('',*,*,#2231,.T.);
#2992=ORIENTED_EDGE('',*,*,#2232,.T.);
#2993=ORIENTED_EDGE('',*,*,#2233,.T.);
#2994=ORIENTED_EDGE('',*,*,#2234,.T.);
#2995=ORIENTED_EDGE('',*,*,#2235,.T.);
#2996=ORIENTED_EDGE('',*,*,#2236,.T.);
#2997=ORIENTED_EDGE('',*,*,#2237,.T.);
#2998=ORIENTED_EDGE('',*,*,#2238,.T.);
#2999=ORIENTED_EDGE('',*,*,#2239,.T.);
#3000=ORIENTED_EDGE('',*,*,#2240,.T.);
#3001=ORIENTED_EDGE('',*,*,#2241,.T.);
#3002=ORIENTED_EDGE('',*,*,#2242,.T.);
#3003=ORIENTED_EDGE('',*,*,#2243,.T.);
#3004=ORIENTED_EDGE('',*,*,#2244,.T.);
#3005=ORIENTED_EDGE('',*,*,#2245,.T.);
#3006=ORIENTED_EDGE('',*,*,#2246,.T.);
#3007=ORIENTED_EDGE('',*,*,#2247,.T.);
#3008=ORIENTED_EDGE('',*,*,#2248,.T.);
#3009=ORIENTED_EDGE('',*,*,#2249,.T.);
#3010=ORIENTED_EDGE('',*,*,#2250,.T.);
#3011=ORIENTED_EDGE('',*,*,#2251,.T.);
#3012=ORIENTED_EDGE('',*,*,#2252,.T.);
#3013=ORIENTED_EDGE('',*,*,#2253,.T.);
#3014=ORIENTED_EDGE('',*,*,#2254,.T.);
#3015=ORIENTED_EDGE('',*,*,#2255,.T.);
#3016=ORIENTED_EDGE('',*,*,#2186,.T.);
#3017=ORIENTED_EDGE('',*,*,#2256,.T.);
#3018=ORIENTED_EDGE('',*,*,#2168,.T.);
#3019=ORIENTED_EDGE('',*,*,#2257,.T.);
#3020=ORIENTED_EDGE('',*,*,#2188,.F.);
#3021=ORIENTED_EDGE('',*,*,#2258,.T.);
#3022=ORIENTED_EDGE('',*,*,#2259,.T.);
#3023=ORIENTED_EDGE('',*,*,#2260,.T.);
#3024=ORIENTED_EDGE('',*,*,#2261,.F.);
#3025=ORIENTED_EDGE('',*,*,#2262,.T.);
#3026=ORIENTED_EDGE('',*,*,#2263,.T.);
#3027=ORIENTED_EDGE('',*,*,#2264,.T.);
#3028=ORIENTED_EDGE('',*,*,#2259,.F.);
#3029=ORIENTED_EDGE('',*,*,#2265,.T.);
#3030=ORIENTED_EDGE('',*,*,#2261,.T.);
#3031=ORIENTED_EDGE('',*,*,#2266,.T.);
#3032=ORIENTED_EDGE('',*,*,#2267,.T.);
#3033=ORIENTED_EDGE('',*,*,#2268,.T.);
#3034=ORIENTED_EDGE('',*,*,#2269,.F.);
#3035=ORIENTED_EDGE('',*,*,#2270,.T.);
#3036=ORIENTED_EDGE('',*,*,#2271,.T.);
#3037=ORIENTED_EDGE('',*,*,#2272,.T.);
#3038=ORIENTED_EDGE('',*,*,#2273,.T.);
#3039=ORIENTED_EDGE('',*,*,#2274,.T.);
#3040=ORIENTED_EDGE('',*,*,#2275,.T.);
#3041=ORIENTED_EDGE('',*,*,#2276,.T.);
#3042=ORIENTED_EDGE('',*,*,#2275,.F.);
#3043=ORIENTED_EDGE('',*,*,#2277,.T.);
#3044=ORIENTED_EDGE('',*,*,#2269,.T.);
#3045=ORIENTED_EDGE('',*,*,#2278,.T.);
#3046=ORIENTED_EDGE('',*,*,#2211,.T.);
#3047=ORIENTED_EDGE('',*,*,#2279,.T.);
#3048=ORIENTED_EDGE('',*,*,#2280,.F.);
#3049=ORIENTED_EDGE('',*,*,#2279,.F.);
#3050=ORIENTED_EDGE('',*,*,#2210,.T.);
#3051=ORIENTED_EDGE('',*,*,#2280,.T.);
#3052=ORIENTED_EDGE('',*,*,#2209,.T.);
#3053=ORIENTED_EDGE('',*,*,#2281,.T.);
#3054=ORIENTED_EDGE('',*,*,#2282,.F.);
#3055=ORIENTED_EDGE('',*,*,#2281,.F.);
#3056=ORIENTED_EDGE('',*,*,#2208,.T.);
#3057=ORIENTED_EDGE('',*,*,#2282,.T.);
#3058=ORIENTED_EDGE('',*,*,#2207,.T.);
#3059=ORIENTED_EDGE('',*,*,#2283,.T.);
#3060=ORIENTED_EDGE('',*,*,#2284,.F.);
#3061=ORIENTED_EDGE('',*,*,#2283,.F.);
#3062=ORIENTED_EDGE('',*,*,#2206,.T.);
#3063=ORIENTED_EDGE('',*,*,#2284,.T.);
#3064=ORIENTED_EDGE('',*,*,#2285,.F.);
#3065=ORIENTED_EDGE('',*,*,#2286,.T.);
#3066=ORIENTED_EDGE('',*,*,#2154,.F.);
#3067=ORIENTED_EDGE('',*,*,#2287,.F.);
#3068=ORIENTED_EDGE('',*,*,#2089,.F.);
#3069=ORIENTED_EDGE('',*,*,#2158,.F.);
#3070=ORIENTED_EDGE('',*,*,#2288,.T.);
#3071=ORIENTED_EDGE('',*,*,#2289,.F.);
#3072=ORIENTED_EDGE('',*,*,#2124,.F.);
#3073=ORIENTED_EDGE('',*,*,#2290,.F.);
#3074=ORIENTED_EDGE('',*,*,#2291,.F.);
#3075=ORIENTED_EDGE('',*,*,#2159,.F.);
#3076=ORIENTED_EDGE('',*,*,#2292,.F.);
#3077=ORIENTED_EDGE('',*,*,#2248,.F.);
#3078=ORIENTED_EDGE('',*,*,#2287,.T.);
#3079=ORIENTED_EDGE('',*,*,#2291,.T.);
#3080=ORIENTED_EDGE('',*,*,#2293,.F.);
#3081=ORIENTED_EDGE('',*,*,#2294,.F.);
#3082=ORIENTED_EDGE('',*,*,#2295,.T.);
#3083=ORIENTED_EDGE('',*,*,#2285,.T.);
#3084=ORIENTED_EDGE('',*,*,#2088,.F.);
#3085=ORIENTED_EDGE('',*,*,#2296,.F.);
#3086=ORIENTED_EDGE('',*,*,#2297,.T.);
#3087=ORIENTED_EDGE('',*,*,#2298,.F.);
#3088=ORIENTED_EDGE('',*,*,#2245,.F.);
#3089=ORIENTED_EDGE('',*,*,#2289,.T.);
#3090=ORIENTED_EDGE('',*,*,#2299,.T.);
#3091=ORIENTED_EDGE('',*,*,#2300,.F.);
#3092=ORIENTED_EDGE('',*,*,#2125,.F.);
#3093=ORIENTED_EDGE('',*,*,#2301,.F.);
#3094=ORIENTED_EDGE('',*,*,#2260,.F.);
#3095=ORIENTED_EDGE('',*,*,#2302,.F.);
#3096=ORIENTED_EDGE('',*,*,#2200,.F.);
#3097=ORIENTED_EDGE('',*,*,#2292,.T.);
#3098=ORIENTED_EDGE('',*,*,#2290,.T.);
#3099=ORIENTED_EDGE('',*,*,#2303,.F.);
#3100=ORIENTED_EDGE('',*,*,#2293,.T.);
#3101=ORIENTED_EDGE('',*,*,#2251,.F.);
#3102=ORIENTED_EDGE('',*,*,#2304,.F.);
#3103=ORIENTED_EDGE('',*,*,#2090,.F.);
#3104=ORIENTED_EDGE('',*,*,#2254,.F.);
#3105=ORIENTED_EDGE('',*,*,#2305,.T.);
#3106=ORIENTED_EDGE('',*,*,#2294,.T.);
#3107=ORIENTED_EDGE('',*,*,#2087,.F.);
#3108=ORIENTED_EDGE('',*,*,#2306,.F.);
#3109=ORIENTED_EDGE('',*,*,#2298,.T.);
#3110=ORIENTED_EDGE('',*,*,#2307,.T.);
#3111=ORIENTED_EDGE('',*,*,#2252,.F.);
#3112=ORIENTED_EDGE('',*,*,#2308,.F.);
#3113=ORIENTED_EDGE('',*,*,#2246,.F.);
#3114=ORIENTED_EDGE('',*,*,#2153,.F.);
#3115=ORIENTED_EDGE('',*,*,#2309,.T.);
#3116=ORIENTED_EDGE('',*,*,#2296,.T.);
#3117=ORIENTED_EDGE('',*,*,#2244,.F.);
#3118=ORIENTED_EDGE('',*,*,#2310,.F.);
#3119=ORIENTED_EDGE('',*,*,#2300,.T.);
#3120=ORIENTED_EDGE('',*,*,#2311,.T.);
#3121=ORIENTED_EDGE('',*,*,#2151,.F.);
#3122=ORIENTED_EDGE('',*,*,#2312,.F.);
#3123=ORIENTED_EDGE('',*,*,#2126,.F.);
#3124=ORIENTED_EDGE('',*,*,#2303,.T.);
#3125=ORIENTED_EDGE('',*,*,#2123,.F.);
#3126=ORIENTED_EDGE('',*,*,#2313,.F.);
#3127=ORIENTED_EDGE('',*,*,#2249,.F.);
#3128=ORIENTED_EDGE('',*,*,#2302,.T.);
#3129=ORIENTED_EDGE('',*,*,#2264,.F.);
#3130=ORIENTED_EDGE('',*,*,#2314,.F.);
#3131=ORIENTED_EDGE('',*,*,#2201,.F.);
#3132=ORIENTED_EDGE('',*,*,#2315,.F.);
#3133=ORIENTED_EDGE('',*,*,#2204,.F.);
#3134=ORIENTED_EDGE('',*,*,#2316,.F.);
#3135=ORIENTED_EDGE('',*,*,#2250,.F.);
#3136=ORIENTED_EDGE('',*,*,#2301,.T.);
#3137=ORIENTED_EDGE('',*,*,#2199,.F.);
#3138=ORIENTED_EDGE('',*,*,#2317,.F.);
#3139=ORIENTED_EDGE('',*,*,#2266,.F.);
#3140=ORIENTED_EDGE('',*,*,#2318,.F.);
#3141=ORIENTED_EDGE('',*,*,#2314,.T.);
#3142=ORIENTED_EDGE('',*,*,#2319,.F.);
#3143=ORIENTED_EDGE('',*,*,#2304,.T.);
#3144=ORIENTED_EDGE('',*,*,#2316,.T.);
#3145=ORIENTED_EDGE('',*,*,#2320,.F.);
#3146=ORIENTED_EDGE('',*,*,#2091,.T.);
#3147=ORIENTED_EDGE('',*,*,#2308,.T.);
#3148=ORIENTED_EDGE('',*,*,#2306,.T.);
#3149=ORIENTED_EDGE('',*,*,#2321,.F.);
#3150=ORIENTED_EDGE('',*,*,#2312,.T.);
#3151=ORIENTED_EDGE('',*,*,#2310,.T.);
#3152=ORIENTED_EDGE('',*,*,#2322,.F.);
#3153=ORIENTED_EDGE('',*,*,#2313,.T.);
#3154=ORIENTED_EDGE('',*,*,#2122,.T.);
#3155=ORIENTED_EDGE('',*,*,#2323,.F.);
#3156=ORIENTED_EDGE('',*,*,#2315,.T.);
#3157=ORIENTED_EDGE('',*,*,#2324,.F.);
#3158=ORIENTED_EDGE('',*,*,#2317,.T.);
#3159=ORIENTED_EDGE('',*,*,#2325,.F.);
#3160=ORIENTED_EDGE('',*,*,#2326,.F.);
#3161=ORIENTED_EDGE('',*,*,#2241,.F.);
#3162=ORIENTED_EDGE('',*,*,#2327,.F.);
#3163=ORIENTED_EDGE('',*,*,#2262,.F.);
#3164=ORIENTED_EDGE('',*,*,#2327,.T.);
#3165=ORIENTED_EDGE('',*,*,#2240,.F.);
#3166=ORIENTED_EDGE('',*,*,#2328,.F.);
#3167=ORIENTED_EDGE('',*,*,#2265,.F.);
#3168=ORIENTED_EDGE('',*,*,#2319,.T.);
#3169=ORIENTED_EDGE('',*,*,#2263,.F.);
#3170=ORIENTED_EDGE('',*,*,#2329,.F.);
#3171=ORIENTED_EDGE('',*,*,#2165,.F.);
#3172=ORIENTED_EDGE('',*,*,#2318,.T.);
#3173=ORIENTED_EDGE('',*,*,#2164,.F.);
#3174=ORIENTED_EDGE('',*,*,#2330,.F.);
#3175=ORIENTED_EDGE('',*,*,#2202,.F.);
#3176=ORIENTED_EDGE('',*,*,#2320,.T.);
#3177=ORIENTED_EDGE('',*,*,#2203,.F.);
#3178=ORIENTED_EDGE('',*,*,#2331,.F.);
#3179=ORIENTED_EDGE('',*,*,#2092,.F.);
#3180=ORIENTED_EDGE('',*,*,#2332,.F.);
#3181=ORIENTED_EDGE('',*,*,#2190,.F.);
#3182=ORIENTED_EDGE('',*,*,#2333,.F.);
#3183=ORIENTED_EDGE('',*,*,#2278,.F.);
#3184=ORIENTED_EDGE('',*,*,#2333,.T.);
#3185=ORIENTED_EDGE('',*,*,#2197,.F.);
#3186=ORIENTED_EDGE('',*,*,#2334,.F.);
#3187=ORIENTED_EDGE('',*,*,#2276,.F.);
#3188=ORIENTED_EDGE('',*,*,#2332,.T.);
#3189=ORIENTED_EDGE('',*,*,#2272,.F.);
#3190=ORIENTED_EDGE('',*,*,#2335,.F.);
#3191=ORIENTED_EDGE('',*,*,#2191,.F.);
#3192=ORIENTED_EDGE('',*,*,#2321,.T.);
#3193=ORIENTED_EDGE('',*,*,#2086,.F.);
#3194=ORIENTED_EDGE('',*,*,#2336,.F.);
#3195=ORIENTED_EDGE('',*,*,#2247,.F.);
#3196=ORIENTED_EDGE('',*,*,#2337,.F.);
#3197=ORIENTED_EDGE('',*,*,#2242,.F.);
#3198=ORIENTED_EDGE('',*,*,#2338,.F.);
#3199=ORIENTED_EDGE('',*,*,#2194,.F.);
#3200=ORIENTED_EDGE('',*,*,#2322,.T.);
#3201=ORIENTED_EDGE('',*,*,#2243,.F.);
#3202=ORIENTED_EDGE('',*,*,#2339,.F.);
#3203=ORIENTED_EDGE('',*,*,#2127,.F.);
#3204=ORIENTED_EDGE('',*,*,#2323,.T.);
#3205=ORIENTED_EDGE('',*,*,#2121,.F.);
#3206=ORIENTED_EDGE('',*,*,#2340,.F.);
#3207=ORIENTED_EDGE('',*,*,#2205,.F.);
#3208=ORIENTED_EDGE('',*,*,#2325,.T.);
#3209=ORIENTED_EDGE('',*,*,#2198,.F.);
#3210=ORIENTED_EDGE('',*,*,#2341,.F.);
#3211=ORIENTED_EDGE('',*,*,#2231,.F.);
#3212=ORIENTED_EDGE('',*,*,#2324,.T.);
#3213=ORIENTED_EDGE('',*,*,#2230,.F.);
#3214=ORIENTED_EDGE('',*,*,#2342,.F.);
#3215=ORIENTED_EDGE('',*,*,#2267,.F.);
#3216=ORIENTED_EDGE('',*,*,#2326,.T.);
#3217=ORIENTED_EDGE('',*,*,#2268,.F.);
#3218=ORIENTED_EDGE('',*,*,#2343,.F.);
#3219=ORIENTED_EDGE('',*,*,#2234,.F.);
#3220=ORIENTED_EDGE('',*,*,#2329,.T.);
#3221=ORIENTED_EDGE('',*,*,#2328,.T.);
#3222=ORIENTED_EDGE('',*,*,#2344,.F.);
#3223=ORIENTED_EDGE('',*,*,#2331,.T.);
#3224=ORIENTED_EDGE('',*,*,#2330,.T.);
#3225=ORIENTED_EDGE('',*,*,#2345,.F.);
#3226=ORIENTED_EDGE('',*,*,#2336,.T.);
#3227=ORIENTED_EDGE('',*,*,#2085,.T.);
#3228=ORIENTED_EDGE('',*,*,#2346,.F.);
#3229=ORIENTED_EDGE('',*,*,#2338,.T.);
#3230=ORIENTED_EDGE('',*,*,#2347,.F.);
#3231=ORIENTED_EDGE('',*,*,#2334,.T.);
#3232=ORIENTED_EDGE('',*,*,#2348,.F.);
#3233=ORIENTED_EDGE('',*,*,#2349,.F.);
#3234=ORIENTED_EDGE('',*,*,#2277,.F.);
#3235=ORIENTED_EDGE('',*,*,#2350,.F.);
#3236=ORIENTED_EDGE('',*,*,#2219,.F.);
#3237=ORIENTED_EDGE('',*,*,#2351,.F.);
#3238=ORIENTED_EDGE('',*,*,#2335,.T.);
#3239=ORIENTED_EDGE('',*,*,#2352,.F.);
#3240=ORIENTED_EDGE('',*,*,#2339,.T.);
#3241=ORIENTED_EDGE('',*,*,#2337,.T.);
#3242=ORIENTED_EDGE('',*,*,#2353,.F.);
#3243=ORIENTED_EDGE('',*,*,#2128,.T.);
#3244=ORIENTED_EDGE('',*,*,#2341,.T.);
#3245=ORIENTED_EDGE('',*,*,#2340,.T.);
#3246=ORIENTED_EDGE('',*,*,#2354,.F.);
#3247=ORIENTED_EDGE('',*,*,#2343,.T.);
#3248=ORIENTED_EDGE('',*,*,#2342,.T.);
#3249=ORIENTED_EDGE('',*,*,#2355,.F.);
#3250=ORIENTED_EDGE('',*,*,#2344,.T.);
#3251=ORIENTED_EDGE('',*,*,#2239,.F.);
#3252=ORIENTED_EDGE('',*,*,#2356,.F.);
#3253=ORIENTED_EDGE('',*,*,#2166,.F.);
#3254=ORIENTED_EDGE('',*,*,#2345,.T.);
#3255=ORIENTED_EDGE('',*,*,#2167,.F.);
#3256=ORIENTED_EDGE('',*,*,#2357,.F.);
#3257=ORIENTED_EDGE('',*,*,#2093,.F.);
#3258=ORIENTED_EDGE('',*,*,#2346,.T.);
#3259=ORIENTED_EDGE('',*,*,#2084,.F.);
#3260=ORIENTED_EDGE('',*,*,#2358,.F.);
#3261=ORIENTED_EDGE('',*,*,#2195,.F.);
#3262=ORIENTED_EDGE('',*,*,#2348,.T.);
#3263=ORIENTED_EDGE('',*,*,#2196,.F.);
#3264=ORIENTED_EDGE('',*,*,#2359,.F.);
#3265=ORIENTED_EDGE('',*,*,#2227,.F.);
#3266=ORIENTED_EDGE('',*,*,#2347,.T.);
#3267=ORIENTED_EDGE('',*,*,#2226,.F.);
#3268=ORIENTED_EDGE('',*,*,#2360,.F.);
#3269=ORIENTED_EDGE('',*,*,#2273,.F.);
#3270=ORIENTED_EDGE('',*,*,#2350,.T.);
#3271=ORIENTED_EDGE('',*,*,#2274,.F.);
#3272=ORIENTED_EDGE('',*,*,#2361,.F.);
#3273=ORIENTED_EDGE('',*,*,#2220,.F.);
#3274=ORIENTED_EDGE('',*,*,#2349,.T.);
#3275=ORIENTED_EDGE('',*,*,#2218,.F.);
#3276=ORIENTED_EDGE('',*,*,#2362,.F.);
#3277=ORIENTED_EDGE('',*,*,#2270,.F.);
#3278=ORIENTED_EDGE('',*,*,#2352,.T.);
#3279=ORIENTED_EDGE('',*,*,#2271,.F.);
#3280=ORIENTED_EDGE('',*,*,#2363,.F.);
#3281=ORIENTED_EDGE('',*,*,#2160,.F.);
#3282=ORIENTED_EDGE('',*,*,#2351,.T.);
#3283=ORIENTED_EDGE('',*,*,#2163,.F.);
#3284=ORIENTED_EDGE('',*,*,#2364,.F.);
#3285=ORIENTED_EDGE('',*,*,#2192,.F.);
#3286=ORIENTED_EDGE('',*,*,#2353,.T.);
#3287=ORIENTED_EDGE('',*,*,#2193,.F.);
#3288=ORIENTED_EDGE('',*,*,#2365,.F.);
#3289=ORIENTED_EDGE('',*,*,#2129,.F.);
#3290=ORIENTED_EDGE('',*,*,#2354,.T.);
#3291=ORIENTED_EDGE('',*,*,#2120,.F.);
#3292=ORIENTED_EDGE('',*,*,#2366,.F.);
#3293=ORIENTED_EDGE('',*,*,#2232,.F.);
#3294=ORIENTED_EDGE('',*,*,#2355,.T.);
#3295=ORIENTED_EDGE('',*,*,#2233,.F.);
#3296=ORIENTED_EDGE('',*,*,#2367,.F.);
#3297=ORIENTED_EDGE('',*,*,#2235,.F.);
#3298=ORIENTED_EDGE('',*,*,#2357,.T.);
#3299=ORIENTED_EDGE('',*,*,#2356,.T.);
#3300=ORIENTED_EDGE('',*,*,#2368,.F.);
#3301=ORIENTED_EDGE('',*,*,#2359,.T.);
#3302=ORIENTED_EDGE('',*,*,#2358,.T.);
#3303=ORIENTED_EDGE('',*,*,#2369,.F.);
#3304=ORIENTED_EDGE('',*,*,#2361,.T.);
#3305=ORIENTED_EDGE('',*,*,#2360,.T.);
#3306=ORIENTED_EDGE('',*,*,#2370,.F.);
#3307=ORIENTED_EDGE('',*,*,#2363,.T.);
#3308=ORIENTED_EDGE('',*,*,#2362,.T.);
#3309=ORIENTED_EDGE('',*,*,#2371,.F.);
#3310=ORIENTED_EDGE('',*,*,#2365,.T.);
#3311=ORIENTED_EDGE('',*,*,#2364,.T.);
#3312=ORIENTED_EDGE('',*,*,#2372,.F.);
#3313=ORIENTED_EDGE('',*,*,#2367,.T.);
#3314=ORIENTED_EDGE('',*,*,#2366,.T.);
#3315=ORIENTED_EDGE('',*,*,#2373,.F.);
#3316=ORIENTED_EDGE('',*,*,#2368,.T.);
#3317=ORIENTED_EDGE('',*,*,#2238,.F.);
#3318=ORIENTED_EDGE('',*,*,#2374,.F.);
#3319=ORIENTED_EDGE('',*,*,#2094,.F.);
#3320=ORIENTED_EDGE('',*,*,#2369,.T.);
#3321=ORIENTED_EDGE('',*,*,#2083,.F.);
#3322=ORIENTED_EDGE('',*,*,#2375,.F.);
#3323=ORIENTED_EDGE('',*,*,#2228,.F.);
#3324=ORIENTED_EDGE('',*,*,#2370,.T.);
#3325=ORIENTED_EDGE('',*,*,#2229,.F.);
#3326=ORIENTED_EDGE('',*,*,#2376,.F.);
#3327=ORIENTED_EDGE('',*,*,#2221,.F.);
#3328=ORIENTED_EDGE('',*,*,#2371,.T.);
#3329=ORIENTED_EDGE('',*,*,#2225,.F.);
#3330=ORIENTED_EDGE('',*,*,#2377,.F.);
#3331=ORIENTED_EDGE('',*,*,#2161,.F.);
#3332=ORIENTED_EDGE('',*,*,#2372,.T.);
#3333=ORIENTED_EDGE('',*,*,#2162,.F.);
#3334=ORIENTED_EDGE('',*,*,#2378,.F.);
#3335=ORIENTED_EDGE('',*,*,#2130,.F.);
#3336=ORIENTED_EDGE('',*,*,#2373,.T.);
#3337=ORIENTED_EDGE('',*,*,#2119,.F.);
#3338=ORIENTED_EDGE('',*,*,#2379,.F.);
#3339=ORIENTED_EDGE('',*,*,#2236,.F.);
#3340=ORIENTED_EDGE('',*,*,#2380,.F.);
#3341=ORIENTED_EDGE('',*,*,#2237,.F.);
#3342=ORIENTED_EDGE('',*,*,#2381,.F.);
#3343=ORIENTED_EDGE('',*,*,#2140,.F.);
#3344=ORIENTED_EDGE('',*,*,#2374,.T.);
#3345=ORIENTED_EDGE('',*,*,#2380,.T.);
#3346=ORIENTED_EDGE('',*,*,#2146,.F.);
#3347=ORIENTED_EDGE('',*,*,#2095,.T.);
#3348=ORIENTED_EDGE('',*,*,#2376,.T.);
#3349=ORIENTED_EDGE('',*,*,#2375,.T.);
#3350=ORIENTED_EDGE('',*,*,#2382,.F.);
#3351=ORIENTED_EDGE('',*,*,#2378,.T.);
#3352=ORIENTED_EDGE('',*,*,#2377,.T.);
#3353=ORIENTED_EDGE('',*,*,#2383,.F.);
#3354=ORIENTED_EDGE('',*,*,#2379,.T.);
#3355=ORIENTED_EDGE('',*,*,#2118,.T.);
#3356=ORIENTED_EDGE('',*,*,#2142,.F.);
#3357=ORIENTED_EDGE('',*,*,#2381,.T.);
#3358=ORIENTED_EDGE('',*,*,#2382,.T.);
#3359=ORIENTED_EDGE('',*,*,#2082,.F.);
#3360=ORIENTED_EDGE('',*,*,#2384,.F.);
#3361=ORIENTED_EDGE('',*,*,#2222,.F.);
#3362=ORIENTED_EDGE('',*,*,#2385,.F.);
#3363=ORIENTED_EDGE('',*,*,#2223,.F.);
#3364=ORIENTED_EDGE('',*,*,#2386,.F.);
#3365=ORIENTED_EDGE('',*,*,#2103,.F.);
#3366=ORIENTED_EDGE('',*,*,#2383,.T.);
#3367=ORIENTED_EDGE('',*,*,#2224,.F.);
#3368=ORIENTED_EDGE('',*,*,#2387,.F.);
#3369=ORIENTED_EDGE('',*,*,#2131,.F.);
#3370=ORIENTED_EDGE('',*,*,#2388,.F.);
#3371=ORIENTED_EDGE('',*,*,#2213,.F.);
#3372=ORIENTED_EDGE('',*,*,#2389,.F.);
#3373=ORIENTED_EDGE('',*,*,#2214,.F.);
#3374=ORIENTED_EDGE('',*,*,#2148,.T.);
#3375=ORIENTED_EDGE('',*,*,#2388,.T.);
#3376=ORIENTED_EDGE('',*,*,#2390,.F.);
#3377=ORIENTED_EDGE('',*,*,#2384,.T.);
#3378=ORIENTED_EDGE('',*,*,#2081,.T.);
#3379=ORIENTED_EDGE('',*,*,#2108,.F.);
#3380=ORIENTED_EDGE('',*,*,#2386,.T.);
#3381=ORIENTED_EDGE('',*,*,#2387,.T.);
#3382=ORIENTED_EDGE('',*,*,#2385,.T.);
#3383=ORIENTED_EDGE('',*,*,#2113,.F.);
#3384=ORIENTED_EDGE('',*,*,#2132,.T.);
#3385=ORIENTED_EDGE('',*,*,#2389,.T.);
#3386=ORIENTED_EDGE('',*,*,#2144,.T.);
#3387=ORIENTED_EDGE('',*,*,#2391,.F.);
#3388=ORIENTED_EDGE('',*,*,#2390,.T.);
#3389=ORIENTED_EDGE('',*,*,#2217,.F.);
#3390=ORIENTED_EDGE('',*,*,#2392,.F.);
#3391=ORIENTED_EDGE('',*,*,#2150,.F.);
#3392=ORIENTED_EDGE('',*,*,#2391,.T.);
#3393=ORIENTED_EDGE('',*,*,#2149,.F.);
#3394=ORIENTED_EDGE('',*,*,#2393,.F.);
#3395=ORIENTED_EDGE('',*,*,#2215,.F.);
#3396=ORIENTED_EDGE('',*,*,#2110,.T.);
#3397=ORIENTED_EDGE('',*,*,#2392,.T.);
#3398=ORIENTED_EDGE('',*,*,#2394,.F.);
#3399=ORIENTED_EDGE('',*,*,#2393,.T.);
#3400=ORIENTED_EDGE('',*,*,#2115,.T.);
#3401=ORIENTED_EDGE('',*,*,#2395,.F.);
#3402=ORIENTED_EDGE('',*,*,#2394,.T.);
#3403=ORIENTED_EDGE('',*,*,#2216,.F.);
#3404=ORIENTED_EDGE('',*,*,#2395,.T.);
#3405=ORIENTED_EDGE('',*,*,#2212,.F.);
#3406=ORIENTED_EDGE('',*,*,#2396,.F.);
#3407=ORIENTED_EDGE('',*,*,#2152,.F.);
#3408=ORIENTED_EDGE('',*,*,#2397,.F.);
#3409=ORIENTED_EDGE('',*,*,#2181,.F.);
#3410=ORIENTED_EDGE('',*,*,#2397,.T.);
#3411=ORIENTED_EDGE('',*,*,#2311,.F.);
#3412=ORIENTED_EDGE('',*,*,#2398,.F.);
#3413=ORIENTED_EDGE('',*,*,#2182,.F.);
#3414=ORIENTED_EDGE('',*,*,#2396,.T.);
#3415=ORIENTED_EDGE('',*,*,#2180,.F.);
#3416=ORIENTED_EDGE('',*,*,#2399,.F.);
#3417=ORIENTED_EDGE('',*,*,#2309,.F.);
#3418=ORIENTED_EDGE('',*,*,#2398,.T.);
#3419=ORIENTED_EDGE('',*,*,#2299,.F.);
#3420=ORIENTED_EDGE('',*,*,#2400,.F.);
#3421=ORIENTED_EDGE('',*,*,#2183,.F.);
#3422=ORIENTED_EDGE('',*,*,#2399,.T.);
#3423=ORIENTED_EDGE('',*,*,#2179,.F.);
#3424=ORIENTED_EDGE('',*,*,#2401,.F.);
#3425=ORIENTED_EDGE('',*,*,#2297,.F.);
#3426=ORIENTED_EDGE('',*,*,#2400,.T.);
#3427=ORIENTED_EDGE('',*,*,#2288,.F.);
#3428=ORIENTED_EDGE('',*,*,#2402,.F.);
#3429=ORIENTED_EDGE('',*,*,#2184,.F.);
#3430=ORIENTED_EDGE('',*,*,#2401,.T.);
#3431=ORIENTED_EDGE('',*,*,#2178,.F.);
#3432=ORIENTED_EDGE('',*,*,#2403,.F.);
#3433=ORIENTED_EDGE('',*,*,#2307,.F.);
#3434=ORIENTED_EDGE('',*,*,#2402,.T.);
#3435=ORIENTED_EDGE('',*,*,#2157,.F.);
#3436=ORIENTED_EDGE('',*,*,#2404,.F.);
#3437=ORIENTED_EDGE('',*,*,#2185,.F.);
#3438=ORIENTED_EDGE('',*,*,#2403,.T.);
#3439=ORIENTED_EDGE('',*,*,#2177,.F.);
#3440=ORIENTED_EDGE('',*,*,#2405,.F.);
#3441=ORIENTED_EDGE('',*,*,#2253,.F.);
#3442=ORIENTED_EDGE('',*,*,#2404,.T.);
#3443=ORIENTED_EDGE('',*,*,#2156,.F.);
#3444=ORIENTED_EDGE('',*,*,#2406,.F.);
#3445=ORIENTED_EDGE('',*,*,#2256,.F.);
#3446=ORIENTED_EDGE('',*,*,#2405,.T.);
#3447=ORIENTED_EDGE('',*,*,#2176,.F.);
#3448=ORIENTED_EDGE('',*,*,#2407,.F.);
#3449=ORIENTED_EDGE('',*,*,#2305,.F.);
#3450=ORIENTED_EDGE('',*,*,#2406,.T.);
#3451=ORIENTED_EDGE('',*,*,#2155,.F.);
#3452=ORIENTED_EDGE('',*,*,#2408,.F.);
#3453=ORIENTED_EDGE('',*,*,#2169,.F.);
#3454=ORIENTED_EDGE('',*,*,#2407,.T.);
#3455=ORIENTED_EDGE('',*,*,#2175,.F.);
#3456=ORIENTED_EDGE('',*,*,#2171,.F.);
#3457=ORIENTED_EDGE('',*,*,#2409,.F.);
#3458=ORIENTED_EDGE('',*,*,#2295,.F.);
#3459=ORIENTED_EDGE('',*,*,#2408,.T.);
#3460=ORIENTED_EDGE('',*,*,#2286,.F.);
#3461=ORIENTED_EDGE('',*,*,#2409,.T.);
#3462=ORIENTED_EDGE('',*,*,#2170,.F.);
#3463=ORIENTED_EDGE('',*,*,#2255,.F.);
#3464=ORIENTED_EDGE('',*,*,#2410,.T.);
#3465=ORIENTED_EDGE('',*,*,#2173,.F.);
#3466=ORIENTED_EDGE('',*,*,#2174,.F.);
#3467=ORIENTED_EDGE('',*,*,#2410,.F.);
#3468=ORIENTED_EDGE('',*,*,#2187,.F.);
#3469=ORIENTED_EDGE('',*,*,#2257,.F.);
#3470=ORIENTED_EDGE('',*,*,#2189,.F.);
#3471=ORIENTED_EDGE('',*,*,#2258,.F.);
#3472=ORIENTED_EDGE('',*,*,#2096,.T.);
#3473=ORIENTED_EDGE('',*,*,#2411,.F.);
#3474=ORIENTED_EDGE('',*,*,#2412,.F.);
#3475=ORIENTED_EDGE('',*,*,#2413,.T.);
#3476=ORIENTED_EDGE('',*,*,#2099,.T.);
#3477=ORIENTED_EDGE('',*,*,#2414,.F.);
#3478=ORIENTED_EDGE('',*,*,#2415,.F.);
#3479=ORIENTED_EDGE('',*,*,#2411,.T.);
#3480=ORIENTED_EDGE('',*,*,#2098,.T.);
#3481=ORIENTED_EDGE('',*,*,#2416,.F.);
#3482=ORIENTED_EDGE('',*,*,#2417,.F.);
#3483=ORIENTED_EDGE('',*,*,#2414,.T.);
#3484=ORIENTED_EDGE('',*,*,#2097,.T.);
#3485=ORIENTED_EDGE('',*,*,#2413,.F.);
#3486=ORIENTED_EDGE('',*,*,#2418,.F.);
#3487=ORIENTED_EDGE('',*,*,#2416,.T.);
#3488=ORIENTED_EDGE('',*,*,#2412,.T.);
#3489=ORIENTED_EDGE('',*,*,#2415,.T.);
#3490=ORIENTED_EDGE('',*,*,#2417,.T.);
#3491=ORIENTED_EDGE('',*,*,#2418,.T.);
#3492=ORIENTED_EDGE('',*,*,#2133,.T.);
#3493=ORIENTED_EDGE('',*,*,#2419,.F.);
#3494=ORIENTED_EDGE('',*,*,#2420,.F.);
#3495=ORIENTED_EDGE('',*,*,#2421,.T.);
#3496=ORIENTED_EDGE('',*,*,#2136,.T.);
#3497=ORIENTED_EDGE('',*,*,#2422,.F.);
#3498=ORIENTED_EDGE('',*,*,#2423,.F.);
#3499=ORIENTED_EDGE('',*,*,#2419,.T.);
#3500=ORIENTED_EDGE('',*,*,#2135,.T.);
#3501=ORIENTED_EDGE('',*,*,#2424,.F.);
#3502=ORIENTED_EDGE('',*,*,#2425,.F.);
#3503=ORIENTED_EDGE('',*,*,#2422,.T.);
#3504=ORIENTED_EDGE('',*,*,#2134,.T.);
#3505=ORIENTED_EDGE('',*,*,#2421,.F.);
#3506=ORIENTED_EDGE('',*,*,#2426,.F.);
#3507=ORIENTED_EDGE('',*,*,#2424,.T.);
#3508=ORIENTED_EDGE('',*,*,#2420,.T.);
#3509=ORIENTED_EDGE('',*,*,#2423,.T.);
#3510=ORIENTED_EDGE('',*,*,#2425,.T.);
#3511=ORIENTED_EDGE('',*,*,#2426,.T.);
#3512=ORIENTED_EDGE('',*,*,#2427,.T.);
#3513=ORIENTED_EDGE('',*,*,#2428,.F.);
#3514=ORIENTED_EDGE('',*,*,#2429,.F.);
#3515=ORIENTED_EDGE('',*,*,#2430,.F.);
#3516=ORIENTED_EDGE('',*,*,#2430,.T.);
#3517=ORIENTED_EDGE('',*,*,#2431,.T.);
#3518=ORIENTED_EDGE('',*,*,#2432,.T.);
#3519=ORIENTED_EDGE('',*,*,#2433,.T.);
#3520=ORIENTED_EDGE('',*,*,#2434,.T.);
#3521=ORIENTED_EDGE('',*,*,#2432,.F.);
#3522=ORIENTED_EDGE('',*,*,#2435,.F.);
#3523=ORIENTED_EDGE('',*,*,#2436,.F.);
#3524=ORIENTED_EDGE('',*,*,#2428,.T.);
#3525=ORIENTED_EDGE('',*,*,#2437,.T.);
#3526=ORIENTED_EDGE('',*,*,#2438,.T.);
#3527=ORIENTED_EDGE('',*,*,#2436,.T.);
#3528=ORIENTED_EDGE('',*,*,#2439,.T.);
#3529=ORIENTED_EDGE('',*,*,#2429,.T.);
#3530=ORIENTED_EDGE('',*,*,#2439,.F.);
#3531=ORIENTED_EDGE('',*,*,#2435,.T.);
#3532=ORIENTED_EDGE('',*,*,#2431,.F.);
#3533=ORIENTED_EDGE('',*,*,#2440,.F.);
#3534=ORIENTED_EDGE('',*,*,#2433,.F.);
#3535=ORIENTED_EDGE('',*,*,#2434,.F.);
#3536=ORIENTED_EDGE('',*,*,#2438,.F.);
#3537=ORIENTED_EDGE('',*,*,#2441,.T.);
#3538=ORIENTED_EDGE('',*,*,#2440,.T.);
#3539=ORIENTED_EDGE('',*,*,#2441,.F.);
#3540=ORIENTED_EDGE('',*,*,#2437,.F.);
#3541=ORIENTED_EDGE('',*,*,#2427,.F.);
#3542=PLANE('',#3920);
#3543=PLANE('',#3922);
#3544=PLANE('',#3924);
#3545=PLANE('',#3927);
#3546=PLANE('',#3930);
#3547=PLANE('',#3933);
#3548=PLANE('',#3939);
#3549=PLANE('',#3942);
#3550=PLANE('',#3950);
#3551=PLANE('',#3954);
#3552=PLANE('',#3956);
#3553=PLANE('',#3962);
#3554=PLANE('',#3963);
#3555=PLANE('',#3967);
#3556=PLANE('',#3969);
#3557=PLANE('',#3970);
#3558=PLANE('',#3971);
#3559=PLANE('',#3974);
#3560=PLANE('',#3978);
#3561=PLANE('',#3979);
#3562=PLANE('',#3981);
#3563=PLANE('',#3982);
#3564=PLANE('',#3983);
#3565=PLANE('',#3984);
#3566=PLANE('',#3985);
#3567=PLANE('',#3986);
#3568=PLANE('',#3987);
#3569=PLANE('',#3988);
#3570=PLANE('',#3989);
#3571=PLANE('',#3990);
#3572=PLANE('',#3991);
#3573=PLANE('',#3992);
#3574=PLANE('',#3993);
#3575=PLANE('',#3994);
#3576=PLANE('',#3995);
#3577=PLANE('',#3996);
#3578=PLANE('',#3997);
#3579=PLANE('',#4002);
#3580=PLANE('',#4003);
#3581=PLANE('',#4006);
#3582=PLANE('',#4007);
#3583=PLANE('',#4008);
#3584=PLANE('',#4010);
#3585=PLANE('',#4011);
#3586=PLANE('',#4012);
#3587=PLANE('',#4014);
#3588=PLANE('',#4021);
#3589=PLANE('',#4022);
#3590=PLANE('',#4023);
#3591=PLANE('',#4025);
#3592=PLANE('',#4030);
#3593=PLANE('',#4037);
#3594=PLANE('',#4042);
#3595=PLANE('',#4049);
#3596=PLANE('',#4050);
#3597=PLANE('',#4051);
#3598=PLANE('',#4053);
#3599=PLANE('',#4057);
#3600=PLANE('',#4058);
#3601=PLANE('',#4071);
#3602=PLANE('',#4073);
#3603=PLANE('',#4075);
#3604=PLANE('',#4082);
#3605=PLANE('',#4083);
#3606=PLANE('',#4084);
#3607=PLANE('',#4086);
#3608=PLANE('',#4087);
#3609=PLANE('',#4088);
#3610=PLANE('',#4090);
#3611=PLANE('',#4091);
#3612=PLANE('',#4092);
#3613=PLANE('',#4094);
#3614=PLANE('',#4099);
#3615=PLANE('',#4104);
#3616=PLANE('',#4105);
#3617=PLANE('',#4106);
#3618=PLANE('',#4107);
#3619=PLANE('',#4113);
#3620=PLANE('',#4116);
#3621=PLANE('',#4119);
#3622=PLANE('',#4321);
#3623=PLANE('',#4322);
#3624=PLANE('',#4323);
#3625=PLANE('',#4324);
#3626=PLANE('',#4325);
#3627=PLANE('',#4326);
#3628=PLANE('',#4327);
#3629=PLANE('',#4328);
#3630=PLANE('',#4329);
#3631=PLANE('',#4330);
#3632=PLANE('',#4332);
#3633=PLANE('',#4333);
#3634=PLANE('',#4336);
#3635=PLANE('',#4337);
#3636=PLANE('',#4342);
#3637=ADVANCED_FACE('',(#440,#225),#3542,.T.);
#3638=ADVANCED_FACE('',(#441,#226),#3543,.F.);
#3639=ADVANCED_FACE('',(#442,#227),#3544,.F.);
#3640=ADVANCED_FACE('',(#443),#3545,.F.);
#3641=ADVANCED_FACE('',(#444,#228),#3546,.F.);
#3642=ADVANCED_FACE('',(#445),#3547,.F.);
#3643=ADVANCED_FACE('',(#446),#143,.F.);
#3644=ADVANCED_FACE('',(#447),#144,.T.);
#3645=ADVANCED_FACE('',(#448,#229),#3548,.F.);
#3646=ADVANCED_FACE('',(#449),#145,.F.);
#3647=ADVANCED_FACE('',(#450,#230),#3549,.F.);
#3648=ADVANCED_FACE('',(#451),#146,.T.);
#3649=ADVANCED_FACE('',(#452),#147,.F.);
#3650=ADVANCED_FACE('',(#453),#148,.F.);
#3651=ADVANCED_FACE('',(#454),#149,.F.);
#3652=ADVANCED_FACE('',(#455,#231),#3550,.T.);
#3653=ADVANCED_FACE('',(#456),#150,.T.);
#3654=ADVANCED_FACE('',(#457,#232),#3551,.F.);
#3655=ADVANCED_FACE('',(#458),#3552,.F.);
#3656=ADVANCED_FACE('',(#459),#151,.T.);
#3657=ADVANCED_FACE('',(#460),#3553,.F.);
#3658=ADVANCED_FACE('',(#461),#3554,.F.);
#3659=ADVANCED_FACE('',(#462),#152,.F.);
#3660=ADVANCED_FACE('',(#463,#233),#3555,.F.);
#3661=ADVANCED_FACE('',(#464),#3556,.F.);
#3662=ADVANCED_FACE('',(#465,#234),#3557,.F.);
#3663=ADVANCED_FACE('',(#466),#3558,.F.);
#3664=ADVANCED_FACE('',(#467),#3559,.T.);
#3665=ADVANCED_FACE('',(#468),#3560,.F.);
#3666=ADVANCED_FACE('',(#469),#3561,.T.);
#3667=ADVANCED_FACE('',(#470),#3562,.F.);
#3668=ADVANCED_FACE('',(#471),#3563,.T.);
#3669=ADVANCED_FACE('',(#472),#3564,.T.);
#3670=ADVANCED_FACE('',(#473),#3565,.F.);
#3671=ADVANCED_FACE('',(#474,#235),#3566,.F.);
#3672=ADVANCED_FACE('',(#475),#3567,.T.);
#3673=ADVANCED_FACE('',(#476),#3568,.T.);
#3674=ADVANCED_FACE('',(#477),#3569,.F.);
#3675=ADVANCED_FACE('',(#478),#3570,.F.);
#3676=ADVANCED_FACE('',(#479),#3571,.F.);
#3677=ADVANCED_FACE('',(#480),#3572,.F.);
#3678=ADVANCED_FACE('',(#481),#3573,.F.);
#3679=ADVANCED_FACE('',(#482),#3574,.F.);
#3680=ADVANCED_FACE('',(#483),#3575,.F.);
#3681=ADVANCED_FACE('',(#484),#3576,.F.);
#3682=ADVANCED_FACE('',(#485,#236),#3577,.T.);
#3683=ADVANCED_FACE('',(#486,#237),#3578,.F.);
#3684=ADVANCED_FACE('',(#487),#153,.T.);
#3685=ADVANCED_FACE('',(#488),#3579,.F.);
#3686=ADVANCED_FACE('',(#489),#3580,.F.);
#3687=ADVANCED_FACE('',(#490),#154,.F.);
#3688=ADVANCED_FACE('',(#491,#238),#3581,.F.);
#3689=ADVANCED_FACE('',(#492,#239),#3582,.T.);
#3690=ADVANCED_FACE('',(#493),#3583,.T.);
#3691=ADVANCED_FACE('',(#494),#3584,.F.);
#3692=ADVANCED_FACE('',(#495),#3585,.T.);
#3693=ADVANCED_FACE('',(#496),#3586,.F.);
#3694=ADVANCED_FACE('',(#497),#3587,.T.);
#3695=ADVANCED_FACE('',(#498),#155,.T.);
#3696=ADVANCED_FACE('',(#499),#156,.T.);
#3697=ADVANCED_FACE('',(#500),#157,.T.);
#3698=ADVANCED_FACE('',(#501),#158,.T.);
#3699=ADVANCED_FACE('',(#502),#159,.F.);
#3700=ADVANCED_FACE('',(#503),#160,.F.);
#3701=ADVANCED_FACE('',(#504),#3588,.T.);
#3702=ADVANCED_FACE('',(#505),#3589,.F.);
#3703=ADVANCED_FACE('',(#506),#3590,.F.);
#3704=ADVANCED_FACE('',(#507,#240),#3591,.F.);
#3705=ADVANCED_FACE('',(#508),#3592,.F.);
#3706=ADVANCED_FACE('',(#509),#161,.T.);
#3707=ADVANCED_FACE('',(#510),#162,.T.);
#3708=ADVANCED_FACE('',(#511,#241),#3593,.F.);
#3709=ADVANCED_FACE('',(#512),#3594,.F.);
#3710=ADVANCED_FACE('',(#513),#163,.T.);
#3711=ADVANCED_FACE('',(#514),#164,.T.);
#3712=ADVANCED_FACE('',(#515),#3595,.F.);
#3713=ADVANCED_FACE('',(#516),#3596,.F.);
#3714=ADVANCED_FACE('',(#517),#3597,.F.);
#3715=ADVANCED_FACE('',(#518),#3598,.F.);
#3716=ADVANCED_FACE('',(#519),#3599,.F.);
#3717=ADVANCED_FACE('',(#520),#3600,.F.);
#3718=ADVANCED_FACE('',(#521),#165,.T.);
#3719=ADVANCED_FACE('',(#522),#3601,.F.);
#3720=ADVANCED_FACE('',(#523),#3602,.F.);
#3721=ADVANCED_FACE('',(#524),#3603,.F.);
#3722=ADVANCED_FACE('',(#525),#3604,.F.);
#3723=ADVANCED_FACE('',(#526),#3605,.T.);
#3724=ADVANCED_FACE('',(#527),#3606,.T.);
#3725=ADVANCED_FACE('',(#528),#3607,.F.);
#3726=ADVANCED_FACE('',(#529),#3608,.F.);
#3727=ADVANCED_FACE('',(#530),#3609,.T.);
#3728=ADVANCED_FACE('',(#531),#3610,.F.);
#3729=ADVANCED_FACE('',(#532),#3611,.F.);
#3730=ADVANCED_FACE('',(#533),#3612,.F.);
#3731=ADVANCED_FACE('',(#534),#3613,.T.);
#3732=ADVANCED_FACE('',(#535),#166,.T.);
#3733=ADVANCED_FACE('',(#536),#3614,.T.);
#3734=ADVANCED_FACE('',(#537),#167,.F.);
#3735=ADVANCED_FACE('',(#538),#3615,.F.);
#3736=ADVANCED_FACE('',(#539),#3616,.F.);
#3737=ADVANCED_FACE('',(#540),#3617,.F.);
#3738=ADVANCED_FACE('',(#541),#3618,.F.);
#3739=ADVANCED_FACE('',(#542),#168,.F.);
#3740=ADVANCED_FACE('',(#543),#169,.T.);
#3741=ADVANCED_FACE('',(#544),#3619,.T.);
#3742=ADVANCED_FACE('',(#545),#170,.T.);
#3743=ADVANCED_FACE('',(#546),#3620,.T.);
#3744=ADVANCED_FACE('',(#547),#171,.T.);
#3745=ADVANCED_FACE('',(#548),#3621,.T.);
#3746=ADVANCED_FACE('',(#549),#172,.T.);
#3747=ADVANCED_FACE('',(#550),#173,.T.);
#3748=ADVANCED_FACE('',(#551),#174,.T.);
#3749=ADVANCED_FACE('',(#552),#66,.T.);
#3750=ADVANCED_FACE('',(#553),#54,.T.);
#3751=ADVANCED_FACE('',(#554),#55,.T.);
#3752=ADVANCED_FACE('',(#555),#56,.T.);
#3753=ADVANCED_FACE('',(#556),#35,.T.);
#3754=ADVANCED_FACE('',(#557),#67,.T.);
#3755=ADVANCED_FACE('',(#558),#175,.T.);
#3756=ADVANCED_FACE('',(#559),#176,.T.);
#3757=ADVANCED_FACE('',(#560),#177,.T.);
#3758=ADVANCED_FACE('',(#561),#178,.T.);
#3759=ADVANCED_FACE('',(#562),#179,.T.);
#3760=ADVANCED_FACE('',(#563),#180,.T.);
#3761=ADVANCED_FACE('',(#564),#181,.T.);
#3762=ADVANCED_FACE('',(#565),#182,.F.);
#3763=ADVANCED_FACE('',(#566),#183,.T.);
#3764=ADVANCED_FACE('',(#567),#68,.T.);
#3765=ADVANCED_FACE('',(#568),#36,.T.);
#3766=ADVANCED_FACE('',(#569),#69,.T.);
#3767=ADVANCED_FACE('',(#570),#70,.T.);
#3768=ADVANCED_FACE('',(#571),#37,.T.);
#3769=ADVANCED_FACE('',(#572),#71,.T.);
#3770=ADVANCED_FACE('',(#573),#38,.T.);
#3771=ADVANCED_FACE('',(#574),#184,.T.);
#3772=ADVANCED_FACE('',(#575),#185,.T.);
#3773=ADVANCED_FACE('',(#576),#186,.T.);
#3774=ADVANCED_FACE('',(#577),#187,.T.);
#3775=ADVANCED_FACE('',(#578),#39,.T.);
#3776=ADVANCED_FACE('',(#579),#188,.T.);
#3777=ADVANCED_FACE('',(#580),#189,.T.);
#3778=ADVANCED_FACE('',(#581),#190,.T.);
#3779=ADVANCED_FACE('',(#582),#191,.F.);
#3780=ADVANCED_FACE('',(#583),#192,.T.);
#3781=ADVANCED_FACE('',(#584),#193,.T.);
#3782=ADVANCED_FACE('',(#585),#194,.T.);
#3783=ADVANCED_FACE('',(#586),#195,.T.);
#3784=ADVANCED_FACE('',(#587),#196,.T.);
#3785=ADVANCED_FACE('',(#588),#72,.T.);
#3786=ADVANCED_FACE('',(#589),#73,.T.);
#3787=ADVANCED_FACE('',(#590),#40,.T.);
#3788=ADVANCED_FACE('',(#591),#74,.T.);
#3789=ADVANCED_FACE('',(#592),#41,.T.);
#3790=ADVANCED_FACE('',(#593),#75,.T.);
#3791=ADVANCED_FACE('',(#594),#42,.T.);
#3792=ADVANCED_FACE('',(#595),#76,.T.);
#3793=ADVANCED_FACE('',(#596),#77,.T.);
#3794=ADVANCED_FACE('',(#597),#197,.T.);
#3795=ADVANCED_FACE('',(#598),#198,.T.);
#3796=ADVANCED_FACE('',(#599),#199,.T.);
#3797=ADVANCED_FACE('',(#600),#200,.T.);
#3798=ADVANCED_FACE('',(#601),#201,.T.);
#3799=ADVANCED_FACE('',(#602),#202,.T.);
#3800=ADVANCED_FACE('',(#603),#203,.T.);
#3801=ADVANCED_FACE('',(#604),#204,.T.);
#3802=ADVANCED_FACE('',(#605),#205,.T.);
#3803=ADVANCED_FACE('',(#606),#206,.T.);
#3804=ADVANCED_FACE('',(#607),#207,.T.);
#3805=ADVANCED_FACE('',(#608),#208,.T.);
#3806=ADVANCED_FACE('',(#609),#78,.T.);
#3807=ADVANCED_FACE('',(#610),#79,.T.);
#3808=ADVANCED_FACE('',(#611),#80,.T.);
#3809=ADVANCED_FACE('',(#612),#81,.T.);
#3810=ADVANCED_FACE('',(#613),#82,.T.);
#3811=ADVANCED_FACE('',(#614),#83,.T.);
#3812=ADVANCED_FACE('',(#615),#209,.T.);
#3813=ADVANCED_FACE('',(#616),#210,.T.);
#3814=ADVANCED_FACE('',(#617),#211,.T.);
#3815=ADVANCED_FACE('',(#618),#212,.T.);
#3816=ADVANCED_FACE('',(#619),#213,.T.);
#3817=ADVANCED_FACE('',(#620),#214,.T.);
#3818=ADVANCED_FACE('',(#621),#215,.F.);
#3819=ADVANCED_FACE('',(#622),#43,.T.);
#3820=ADVANCED_FACE('',(#623),#84,.T.);
#3821=ADVANCED_FACE('',(#624),#85,.T.);
#3822=ADVANCED_FACE('',(#625),#44,.T.);
#3823=ADVANCED_FACE('',(#626),#216,.T.);
#3824=ADVANCED_FACE('',(#627),#217,.F.);
#3825=ADVANCED_FACE('',(#628),#218,.T.);
#3826=ADVANCED_FACE('',(#629),#219,.T.);
#3827=ADVANCED_FACE('',(#630),#86,.T.);
#3828=ADVANCED_FACE('',(#631),#45,.T.);
#3829=ADVANCED_FACE('',(#632),#46,.T.);
#3830=ADVANCED_FACE('',(#633),#87,.T.);
#3831=ADVANCED_FACE('',(#634),#220,.T.);
#3832=ADVANCED_FACE('',(#635),#221,.T.);
#3833=ADVANCED_FACE('',(#636),#88,.T.);
#3834=ADVANCED_FACE('',(#637),#89,.T.);
#3835=ADVANCED_FACE('',(#638),#222,.T.);
#3836=ADVANCED_FACE('',(#639),#47,.F.);
#3837=ADVANCED_FACE('',(#640),#57,.F.);
#3838=ADVANCED_FACE('',(#641),#58,.F.);
#3839=ADVANCED_FACE('',(#642),#59,.F.);
#3840=ADVANCED_FACE('',(#643),#60,.F.);
#3841=ADVANCED_FACE('',(#644),#61,.F.);
#3842=ADVANCED_FACE('',(#645),#62,.F.);
#3843=ADVANCED_FACE('',(#646),#48,.F.);
#3844=ADVANCED_FACE('',(#647),#49,.F.);
#3845=ADVANCED_FACE('',(#648),#50,.F.);
#3846=ADVANCED_FACE('',(#649),#63,.F.);
#3847=ADVANCED_FACE('',(#650),#51,.F.);
#3848=ADVANCED_FACE('',(#651),#64,.F.);
#3849=ADVANCED_FACE('',(#652),#65,.F.);
#3850=ADVANCED_FACE('',(#653),#52,.T.);
#3851=ADVANCED_FACE('',(#654),#53,.T.);
#3852=ADVANCED_FACE('',(#655),#3622,.F.);
#3853=ADVANCED_FACE('',(#656),#3623,.F.);
#3854=ADVANCED_FACE('',(#657),#3624,.F.);
#3855=ADVANCED_FACE('',(#658),#3625,.F.);
#3856=ADVANCED_FACE('',(#659),#3626,.F.);
#3857=ADVANCED_FACE('',(#660),#3627,.F.);
#3858=ADVANCED_FACE('',(#661),#3628,.F.);
#3859=ADVANCED_FACE('',(#662),#3629,.F.);
#3860=ADVANCED_FACE('',(#663),#3630,.F.);
#3861=ADVANCED_FACE('',(#664),#3631,.T.);
#3862=ADVANCED_FACE('',(#665),#3632,.F.);
#3863=ADVANCED_FACE('',(#666),#3633,.T.);
#3864=ADVANCED_FACE('',(#667),#3634,.F.);
#3865=ADVANCED_FACE('',(#668),#3635,.F.);
#3866=ADVANCED_FACE('',(#669),#223,.F.);
#3867=ADVANCED_FACE('',(#670),#3636,.F.);
#3868=ADVANCED_FACE('',(#671),#224,.T.);
#3869=CLOSED_SHELL('',(#3637,#3638,#3639,#3640,#3641,#3642,#3643,#3644,
#3645,#3646,#3647,#3648,#3649,#3650,#3651));
#3870=CLOSED_SHELL('',(#3652,#3653,#3654,#3655,#3656,#3657,#3658,#3659,
#3660,#3661,#3662,#3663,#3664,#3665,#3666,#3667,#3668,#3669,#3670,#3671,
#3672,#3673,#3674,#3675,#3676,#3677,#3678,#3679,#3680,#3681,#3682,#3683,
#3684,#3685,#3686,#3687,#3688,#3689,#3690,#3691,#3692,#3693,#3694,#3695,
#3696,#3697,#3698,#3699,#3700,#3701,#3702,#3703));
#3871=CLOSED_SHELL('',(#3704,#3705,#3706,#3707,#3708,#3709,#3710,#3711,
#3712,#3713,#3714,#3715,#3716,#3717,#3718,#3719,#3720,#3721,#3722,#3723,
#3724,#3725,#3726,#3727,#3728,#3729,#3730,#3731,#3732,#3733,#3734,#3735,
#3736,#3737,#3738,#3739,#3740,#3741,#3742,#3743,#3744,#3745,#3746,#3747,
#3748,#3749,#3750,#3751,#3752,#3753,#3754,#3755,#3756,#3757,#3758,#3759,
#3760,#3761,#3762,#3763,#3764,#3765,#3766,#3767,#3768,#3769,#3770,#3771,
#3772,#3773,#3774,#3775,#3776,#3777,#3778,#3779,#3780,#3781,#3782,#3783,
#3784,#3785,#3786,#3787,#3788,#3789,#3790,#3791,#3792,#3793,#3794,#3795,
#3796,#3797,#3798,#3799,#3800,#3801,#3802,#3803,#3804,#3805,#3806,#3807,
#3808,#3809,#3810,#3811,#3812,#3813,#3814,#3815,#3816,#3817,#3818,#3819,
#3820,#3821,#3822,#3823,#3824,#3825,#3826,#3827,#3828,#3829,#3830,#3831,
#3832,#3833,#3834,#3835,#3836,#3837,#3838,#3839,#3840,#3841,#3842,#3843,
#3844,#3845,#3846,#3847,#3848,#3849,#3850,#3851,#3852,#3853,#3854,#3855,
#3856,#3857,#3858,#3859,#3860,#3861));
#3872=CLOSED_SHELL('',(#3862,#3863,#3864,#3865,#3866,#3867,#3868));
#3873=DERIVED_UNIT_ELEMENT(#3881,1.);
#3874=DERIVED_UNIT_ELEMENT(#7001,-3.);
#3875=DERIVED_UNIT_ELEMENT(#3881,1.);
#3876=DERIVED_UNIT_ELEMENT(#7001,-3.);
#3877=DERIVED_UNIT_ELEMENT(#3881,1.);
#3878=DERIVED_UNIT_ELEMENT(#7001,-3.);
#3879=DERIVED_UNIT_ELEMENT(#3881,1.);
#3880=DERIVED_UNIT_ELEMENT(#7001,-3.);
#3881=(
MASS_UNIT()
NAMED_UNIT(*)
SI_UNIT(.KILO.,.GRAM.)
);
#3882=DERIVED_UNIT((#3873,#3874));
#3883=DERIVED_UNIT((#3875,#3876));
#3884=DERIVED_UNIT((#3877,#3878));
#3885=DERIVED_UNIT((#3879,#3880));
#3886=MEASURE_REPRESENTATION_ITEM('density measure',
POSITIVE_RATIO_MEASURE(7850.),#3882);
#3887=MEASURE_REPRESENTATION_ITEM('density measure',
POSITIVE_RATIO_MEASURE(7850.),#3883);
#3888=MEASURE_REPRESENTATION_ITEM('density measure',
POSITIVE_RATIO_MEASURE(7850.),#3884);
#3889=MEASURE_REPRESENTATION_ITEM('density measure',
POSITIVE_RATIO_MEASURE(7850.),#3885);
#3890=PROPERTY_DEFINITION_REPRESENTATION(#3910,#3898);
#3891=PROPERTY_DEFINITION_REPRESENTATION(#3911,#3899);
#3892=PROPERTY_DEFINITION_REPRESENTATION(#3912,#3900);
#3893=PROPERTY_DEFINITION_REPRESENTATION(#3913,#3901);
#3894=PROPERTY_DEFINITION_REPRESENTATION(#3914,#3902);
#3895=PROPERTY_DEFINITION_REPRESENTATION(#3915,#3903);
#3896=PROPERTY_DEFINITION_REPRESENTATION(#3916,#3904);
#3897=PROPERTY_DEFINITION_REPRESENTATION(#3917,#3905);
#3898=REPRESENTATION('material name',(#3906),#6996);
#3899=REPRESENTATION('density',(#3886),#6996);
#3900=REPRESENTATION('material name',(#3907),#6997);
#3901=REPRESENTATION('density',(#3887),#6997);
#3902=REPRESENTATION('material name',(#3908),#6998);
#3903=REPRESENTATION('density',(#3888),#6998);
#3904=REPRESENTATION('material name',(#3909),#6999);
#3905=REPRESENTATION('density',(#3889),#6999);
#3906=DESCRIPTIVE_REPRESENTATION_ITEM('Steel','Steel');
#3907=DESCRIPTIVE_REPRESENTATION_ITEM('Steel','Steel');
#3908=DESCRIPTIVE_REPRESENTATION_ITEM('Steel','Steel');
#3909=DESCRIPTIVE_REPRESENTATION_ITEM('Steel','Steel');
#3910=PROPERTY_DEFINITION('material property','material name',#7027);
#3911=PROPERTY_DEFINITION('material property','density of part',#7027);
#3912=PROPERTY_DEFINITION('material property','material name',#7028);
#3913=PROPERTY_DEFINITION('material property','density of part',#7028);
#3914=PROPERTY_DEFINITION('material property','material name',#7029);
#3915=PROPERTY_DEFINITION('material property','density of part',#7029);
#3916=PROPERTY_DEFINITION('material property','material name',#7030);
#3917=PROPERTY_DEFINITION('material property','density of part',#7030);
#3918=AXIS2_PLACEMENT_3D('',#5538,#4351,#4352);
#3919=AXIS2_PLACEMENT_3D('',#5539,#4353,#4354);
#3920=AXIS2_PLACEMENT_3D('',#5540,#4355,#4356);
#3921=AXIS2_PLACEMENT_3D('',#5550,#4361,#4362);
#3922=AXIS2_PLACEMENT_3D('',#5551,#4363,#4364);
#3923=AXIS2_PLACEMENT_3D('',#5561,#4369,#4370);
#3924=AXIS2_PLACEMENT_3D('',#5562,#4371,#4372);
#3925=AXIS2_PLACEMENT_3D('',#5566,#4374,#4375);
#3926=AXIS2_PLACEMENT_3D('',#5569,#4377,#4378);
#3927=AXIS2_PLACEMENT_3D('',#5570,#4379,#4380);
#3928=AXIS2_PLACEMENT_3D('',#5577,#4384,#4385);
#3929=AXIS2_PLACEMENT_3D('',#5579,#4386,#4387);
#3930=AXIS2_PLACEMENT_3D('',#5583,#4390,#4391);
#3931=AXIS2_PLACEMENT_3D('',#5586,#4393,#4394);
#3932=AXIS2_PLACEMENT_3D('',#5588,#4395,#4396);
#3933=AXIS2_PLACEMENT_3D('',#5589,#4397,#4398);
#3934=AXIS2_PLACEMENT_3D('',#5594,#4401,#4402);
#3935=AXIS2_PLACEMENT_3D('',#5596,#4403,#4404);
#3936=AXIS2_PLACEMENT_3D('',#5600,#4407,#4408);
#3937=AXIS2_PLACEMENT_3D('',#5602,#4410,#4411);
#3938=AXIS2_PLACEMENT_3D('',#5603,#4412,#4413);
#3939=AXIS2_PLACEMENT_3D('',#5604,#4414,#4415);
#3940=AXIS2_PLACEMENT_3D('',#5607,#4417,#4418);
#3941=AXIS2_PLACEMENT_3D('',#5608,#4419,#4420);
#3942=AXIS2_PLACEMENT_3D('',#5610,#4422,#4423);
#3943=AXIS2_PLACEMENT_3D('',#5612,#4425,#4426);
#3944=AXIS2_PLACEMENT_3D('',#5614,#4427,#4428);
#3945=AXIS2_PLACEMENT_3D('',#5615,#4429,#4430);
#3946=AXIS2_PLACEMENT_3D('',#5616,#4431,#4432);
#3947=AXIS2_PLACEMENT_3D('',#5618,#4434,#4435);
#3948=AXIS2_PLACEMENT_3D('',#5619,#4436,#4437);
#3949=AXIS2_PLACEMENT_3D('',#5620,#4438,#4439);
#3950=AXIS2_PLACEMENT_3D('',#5621,#4440,#4441);
#3951=AXIS2_PLACEMENT_3D('',#5638,#4450,#4451);
#3952=AXIS2_PLACEMENT_3D('',#5641,#4452,#4453);
#3953=AXIS2_PLACEMENT_3D('',#5645,#4455,#4456);
#3954=AXIS2_PLACEMENT_3D('',#5647,#4458,#4459);
#3955=AXIS2_PLACEMENT_3D('',#5660,#4465,#4466);
#3956=AXIS2_PLACEMENT_3D('',#5674,#4474,#4475);
#3957=AXIS2_PLACEMENT_3D('',#5676,#4476,#4477);
#3958=AXIS2_PLACEMENT_3D('',#5680,#4479,#4480);
#3959=AXIS2_PLACEMENT_3D('',#5692,#4487,#4488);
#3960=AXIS2_PLACEMENT_3D('',#5695,#4489,#4490);
#3961=AXIS2_PLACEMENT_3D('',#5699,#4492,#4493);
#3962=AXIS2_PLACEMENT_3D('',#5701,#4495,#4496);
#3963=AXIS2_PLACEMENT_3D('',#5707,#4500,#4501);
#3964=AXIS2_PLACEMENT_3D('',#5713,#4505,#4506);
#3965=AXIS2_PLACEMENT_3D('',#5715,#4507,#4508);
#3966=AXIS2_PLACEMENT_3D('',#5718,#4510,#4511);
#3967=AXIS2_PLACEMENT_3D('',#5719,#4512,#4513);
#3968=AXIS2_PLACEMENT_3D('',#5733,#4520,#4521);
#3969=AXIS2_PLACEMENT_3D('',#5748,#4530,#4531);
#3970=AXIS2_PLACEMENT_3D('',#5762,#4539,#4540);
#3971=AXIS2_PLACEMENT_3D('',#5776,#4548,#4549);
#3972=AXIS2_PLACEMENT_3D('',#5777,#4550,#4551);
#3973=AXIS2_PLACEMENT_3D('',#5778,#4552,#4553);
#3974=AXIS2_PLACEMENT_3D('',#5790,#4561,#4562);
#3975=AXIS2_PLACEMENT_3D('',#5791,#4563,#4564);
#3976=AXIS2_PLACEMENT_3D('',#5792,#4565,#4566);
#3977=AXIS2_PLACEMENT_3D('',#5793,#4567,#4568);
#3978=AXIS2_PLACEMENT_3D('',#5794,#4569,#4570);
#3979=AXIS2_PLACEMENT_3D('',#5803,#4576,#4577);
#3980=AXIS2_PLACEMENT_3D('',#5804,#4578,#4579);
#3981=AXIS2_PLACEMENT_3D('',#5813,#4585,#4586);
#3982=AXIS2_PLACEMENT_3D('',#5816,#4589,#4590);
#3983=AXIS2_PLACEMENT_3D('',#5817,#4591,#4592);
#3984=AXIS2_PLACEMENT_3D('',#5823,#4596,#4597);
#3985=AXIS2_PLACEMENT_3D('',#5827,#4600,#4601);
#3986=AXIS2_PLACEMENT_3D('',#5839,#4608,#4609);
#3987=AXIS2_PLACEMENT_3D('',#5841,#4611,#4612);
#3988=AXIS2_PLACEMENT_3D('',#5842,#4613,#4614);
#3989=AXIS2_PLACEMENT_3D('',#5845,#4617,#4618);
#3990=AXIS2_PLACEMENT_3D('',#5847,#4620,#4621);
#3991=AXIS2_PLACEMENT_3D('',#5849,#4623,#4624);
#3992=AXIS2_PLACEMENT_3D('',#5850,#4625,#4626);
#3993=AXIS2_PLACEMENT_3D('',#5853,#4629,#4630);
#3994=AXIS2_PLACEMENT_3D('',#5855,#4632,#4633);
#3995=AXIS2_PLACEMENT_3D('',#5857,#4635,#4636);
#3996=AXIS2_PLACEMENT_3D('',#5858,#4637,#4638);
#3997=AXIS2_PLACEMENT_3D('',#5859,#4639,#4640);
#3998=AXIS2_PLACEMENT_3D('',#5862,#4641,#4642);
#3999=AXIS2_PLACEMENT_3D('',#5866,#4645,#4646);
#4000=AXIS2_PLACEMENT_3D('',#5867,#4647,#4648);
#4001=AXIS2_PLACEMENT_3D('',#5871,#4650,#4651);
#4002=AXIS2_PLACEMENT_3D('',#5873,#4653,#4654);
#4003=AXIS2_PLACEMENT_3D('',#5875,#4656,#4657);
#4004=AXIS2_PLACEMENT_3D('',#5877,#4659,#4660);
#4005=AXIS2_PLACEMENT_3D('',#5879,#4661,#4662);
#4006=AXIS2_PLACEMENT_3D('',#5881,#4664,#4665);
#4007=AXIS2_PLACEMENT_3D('',#5883,#4667,#4668);
#4008=AXIS2_PLACEMENT_3D('',#5889,#4672,#4673);
#4009=AXIS2_PLACEMENT_3D('',#5893,#4675,#4676);
#4010=AXIS2_PLACEMENT_3D('',#5895,#4678,#4679);
#4011=AXIS2_PLACEMENT_3D('',#5897,#4681,#4682);
#4012=AXIS2_PLACEMENT_3D('',#5901,#4685,#4686);
#4013=AXIS2_PLACEMENT_3D('',#5903,#4687,#4688);
#4014=AXIS2_PLACEMENT_3D('',#5905,#4690,#4691);
#4015=AXIS2_PLACEMENT_3D('',#5908,#4694,#4695);
#4016=AXIS2_PLACEMENT_3D('',#5909,#4696,#4697);
#4017=AXIS2_PLACEMENT_3D('',#5910,#4698,#4699);
#4018=AXIS2_PLACEMENT_3D('',#5911,#4700,#4701);
#4019=AXIS2_PLACEMENT_3D('',#5912,#4702,#4703);
#4020=AXIS2_PLACEMENT_3D('',#5913,#4704,#4705);
#4021=AXIS2_PLACEMENT_3D('',#5914,#4706,#4707);
#4022=AXIS2_PLACEMENT_3D('',#5915,#4708,#4709);
#4023=AXIS2_PLACEMENT_3D('',#5917,#4711,#4712);
#4024=AXIS2_PLACEMENT_3D('',#5918,#4713,#4714);
#4025=AXIS2_PLACEMENT_3D('',#5919,#4715,#4716);
#4026=AXIS2_PLACEMENT_3D('',#5928,#4720,#4721);
#4027=AXIS2_PLACEMENT_3D('',#5936,#4725,#4726);
#4028=AXIS2_PLACEMENT_3D('',#5948,#4732,#4733);
#4029=AXIS2_PLACEMENT_3D('',#5955,#4737,#4738);
#4030=AXIS2_PLACEMENT_3D('',#5964,#4743,#4744);
#4031=AXIS2_PLACEMENT_3D('',#5979,#4752,#4753);
#4032=AXIS2_PLACEMENT_3D('',#5982,#4755,#4756);
#4033=AXIS2_PLACEMENT_3D('',#5985,#4758,#4759);
#4034=AXIS2_PLACEMENT_3D('',#5986,#4760,#4761);
#4035=AXIS2_PLACEMENT_3D('',#5992,#4764,#4765);
#4036=AXIS2_PLACEMENT_3D('',#5995,#4767,#4768);
#4037=AXIS2_PLACEMENT_3D('',#5996,#4769,#4770);
#4038=AXIS2_PLACEMENT_3D('',#6002,#4773,#4774);
#4039=AXIS2_PLACEMENT_3D('',#6010,#4778,#4779);
#4040=AXIS2_PLACEMENT_3D('',#6022,#4785,#4786);
#4041=AXIS2_PLACEMENT_3D('',#6029,#4790,#4791);
#4042=AXIS2_PLACEMENT_3D('',#6038,#4796,#4797);
#4043=AXIS2_PLACEMENT_3D('',#6047,#4802,#4803);
#4044=AXIS2_PLACEMENT_3D('',#6050,#4805,#4806);
#4045=AXIS2_PLACEMENT_3D('',#6053,#4808,#4809);
#4046=AXIS2_PLACEMENT_3D('',#6054,#4810,#4811);
#4047=AXIS2_PLACEMENT_3D('',#6057,#4813,#4814);
#4048=AXIS2_PLACEMENT_3D('',#6060,#4816,#4817);
#4049=AXIS2_PLACEMENT_3D('',#6061,#4818,#4819);
#4050=AXIS2_PLACEMENT_3D('',#6063,#4821,#4822);
#4051=AXIS2_PLACEMENT_3D('',#6065,#4824,#4825);
#4052=AXIS2_PLACEMENT_3D('',#6070,#4827,#4828);
#4053=AXIS2_PLACEMENT_3D('',#6072,#4830,#4831);
#4054=AXIS2_PLACEMENT_3D('',#6077,#4833,#4834);
#4055=AXIS2_PLACEMENT_3D('',#6079,#4835,#4836);
#4056=AXIS2_PLACEMENT_3D('',#6081,#4837,#4838);
#4057=AXIS2_PLACEMENT_3D('',#6085,#4841,#4842);
#4058=AXIS2_PLACEMENT_3D('',#6094,#4847,#4848);
#4059=AXIS2_PLACEMENT_3D('',#6103,#4853,#4854);
#4060=AXIS2_PLACEMENT_3D('',#6108,#4856,#4857);
#4061=AXIS2_PLACEMENT_3D('',#6115,#4858,#4859);
#4062=AXIS2_PLACEMENT_3D('',#6119,#4861,#4862);
#4063=AXIS2_PLACEMENT_3D('',#6120,#4863,#4864);
#4064=AXIS2_PLACEMENT_3D('',#6122,#4865,#4866);
#4065=AXIS2_PLACEMENT_3D('',#6129,#4867,#4868);
#4066=AXIS2_PLACEMENT_3D('',#6136,#4869,#4870);
#4067=AXIS2_PLACEMENT_3D('',#6143,#4871,#4872);
#4068=AXIS2_PLACEMENT_3D('',#6150,#4873,#4874);
#4069=AXIS2_PLACEMENT_3D('',#6157,#4875,#4876);
#4070=AXIS2_PLACEMENT_3D('',#6174,#4878,#4879);
#4071=AXIS2_PLACEMENT_3D('',#6187,#4880,#4881);
#4072=AXIS2_PLACEMENT_3D('',#6190,#4882,#4883);
#4073=AXIS2_PLACEMENT_3D('',#6204,#4891,#4892);
#4074=AXIS2_PLACEMENT_3D('',#6211,#4895,#4896);
#4075=AXIS2_PLACEMENT_3D('',#6221,#4902,#4903);
#4076=AXIS2_PLACEMENT_3D('',#6223,#4904,#4905);
#4077=AXIS2_PLACEMENT_3D('',#6224,#4906,#4907);
#4078=AXIS2_PLACEMENT_3D('',#6226,#4908,#4909);
#4079=AXIS2_PLACEMENT_3D('',#6227,#4910,#4911);
#4080=AXIS2_PLACEMENT_3D('',#6229,#4912,#4913);
#4081=AXIS2_PLACEMENT_3D('',#6230,#4914,#4915);
#4082=AXIS2_PLACEMENT_3D('',#6232,#4917,#4918);
#4083=AXIS2_PLACEMENT_3D('',#6234,#4920,#4921);
#4084=AXIS2_PLACEMENT_3D('',#6243,#4926,#4927);
#4085=AXIS2_PLACEMENT_3D('',#6248,#4929,#4930);
#4086=AXIS2_PLACEMENT_3D('',#6260,#4937,#4938);
#4087=AXIS2_PLACEMENT_3D('',#6269,#4943,#4944);
#4088=AXIS2_PLACEMENT_3D('',#6278,#4949,#4950);
#4089=AXIS2_PLACEMENT_3D('',#6294,#4958,#4959);
#4090=AXIS2_PLACEMENT_3D('',#6295,#4960,#4961);
#4091=AXIS2_PLACEMENT_3D('',#6308,#4968,#4969);
#4092=AXIS2_PLACEMENT_3D('',#6317,#4974,#4975);
#4093=AXIS2_PLACEMENT_3D('',#6322,#4977,#4978);
#4094=AXIS2_PLACEMENT_3D('',#6324,#4980,#4981);
#4095=AXIS2_PLACEMENT_3D('',#6326,#4982,#4983);
#4096=AXIS2_PLACEMENT_3D('',#6327,#4984,#4985);
#4097=AXIS2_PLACEMENT_3D('',#6328,#4986,#4987);
#4098=AXIS2_PLACEMENT_3D('',#6329,#4988,#4989);
#4099=AXIS2_PLACEMENT_3D('',#6330,#4990,#4991);
#4100=AXIS2_PLACEMENT_3D('',#6331,#4992,#4993);
#4101=AXIS2_PLACEMENT_3D('',#6332,#4994,#4995);
#4102=AXIS2_PLACEMENT_3D('',#6337,#4997,#4998);
#4103=AXIS2_PLACEMENT_3D('',#6340,#5000,#5001);
#4104=AXIS2_PLACEMENT_3D('',#6341,#5002,#5003);
#4105=AXIS2_PLACEMENT_3D('',#6347,#5007,#5008);
#4106=AXIS2_PLACEMENT_3D('',#6353,#5012,#5013);
#4107=AXIS2_PLACEMENT_3D('',#6362,#5018,#5019);
#4108=AXIS2_PLACEMENT_3D('',#6371,#5024,#5025);
#4109=AXIS2_PLACEMENT_3D('',#6372,#5026,#5027);
#4110=AXIS2_PLACEMENT_3D('',#6373,#5028,#5029);
#4111=AXIS2_PLACEMENT_3D('',#6374,#5030,#5031);
#4112=AXIS2_PLACEMENT_3D('',#6377,#5033,#5034);
#4113=AXIS2_PLACEMENT_3D('',#6378,#5035,#5036);
#4114=AXIS2_PLACEMENT_3D('',#6379,#5037,#5038);
#4115=AXIS2_PLACEMENT_3D('',#6382,#5040,#5041);
#4116=AXIS2_PLACEMENT_3D('',#6383,#5042,#5043);
#4117=AXIS2_PLACEMENT_3D('',#6384,#5044,#5045);
#4118=AXIS2_PLACEMENT_3D('',#6387,#5047,#5048);
#4119=AXIS2_PLACEMENT_3D('',#6388,#5049,#5050);
#4120=AXIS2_PLACEMENT_3D('',#6389,#5051,#5052);
#4121=AXIS2_PLACEMENT_3D('',#6391,#5053,#5054);
#4122=AXIS2_PLACEMENT_3D('',#6396,#5055,#5056);
#4123=AXIS2_PLACEMENT_3D('',#6397,#5057,#5058);
#4124=AXIS2_PLACEMENT_3D('',#6403,#5059,#5060);
#4125=AXIS2_PLACEMENT_3D('',#6404,#5061,#5062);
#4126=AXIS2_PLACEMENT_3D('',#6405,#5063,#5064);
#4127=AXIS2_PLACEMENT_3D('',#6406,#5065,#5066);
#4128=AXIS2_PLACEMENT_3D('',#6407,#5067,#5068);
#4129=AXIS2_PLACEMENT_3D('',#6408,#5069,#5070);
#4130=AXIS2_PLACEMENT_3D('',#6409,#5071,#5072);
#4131=AXIS2_PLACEMENT_3D('',#6423,#5073,#5074);
#4132=AXIS2_PLACEMENT_3D('',#6441,#5075,#5076);
#4133=AXIS2_PLACEMENT_3D('',#6447,#5077,#5078);
#4134=AXIS2_PLACEMENT_3D('',#6465,#5079,#5080);
#4135=AXIS2_PLACEMENT_3D('',#6466,#5081,#5082);
#4136=AXIS2_PLACEMENT_3D('',#6495,#5083,#5084);
#4137=AXIS2_PLACEMENT_3D('',#6496,#5085,#5086);
#4138=AXIS2_PLACEMENT_3D('',#6497,#5087,#5088);
#4139=AXIS2_PLACEMENT_3D('',#6498,#5089,#5090);
#4140=AXIS2_PLACEMENT_3D('',#6499,#5091,#5092);
#4141=AXIS2_PLACEMENT_3D('',#6504,#5093,#5094);
#4142=AXIS2_PLACEMENT_3D('',#6505,#5095,#5096);
#4143=AXIS2_PLACEMENT_3D('',#6510,#5097,#5098);
#4144=AXIS2_PLACEMENT_3D('',#6511,#5099,#5100);
#4145=AXIS2_PLACEMENT_3D('',#6516,#5101,#5102);
#4146=AXIS2_PLACEMENT_3D('',#6517,#5103,#5104);
#4147=AXIS2_PLACEMENT_3D('',#6522,#5105,#5106);
#4148=AXIS2_PLACEMENT_3D('',#6523,#5107,#5108);
#4149=AXIS2_PLACEMENT_3D('',#6524,#5109,#5110);
#4150=AXIS2_PLACEMENT_3D('',#6525,#5111,#5112);
#4151=AXIS2_PLACEMENT_3D('',#6526,#5113,#5114);
#4152=AXIS2_PLACEMENT_3D('',#6527,#5115,#5116);
#4153=AXIS2_PLACEMENT_3D('',#6528,#5117,#5118);
#4154=AXIS2_PLACEMENT_3D('',#6529,#5119,#5120);
#4155=AXIS2_PLACEMENT_3D('',#6530,#5121,#5122);
#4156=AXIS2_PLACEMENT_3D('',#6531,#5123,#5124);
#4157=AXIS2_PLACEMENT_3D('',#6532,#5125,#5126);
#4158=AXIS2_PLACEMENT_3D('',#6533,#5127,#5128);
#4159=AXIS2_PLACEMENT_3D('',#6534,#5129,#5130);
#4160=AXIS2_PLACEMENT_3D('',#6535,#5131,#5132);
#4161=AXIS2_PLACEMENT_3D('',#6536,#5133,#5134);
#4162=AXIS2_PLACEMENT_3D('',#6537,#5135,#5136);
#4163=AXIS2_PLACEMENT_3D('',#6538,#5137,#5138);
#4164=AXIS2_PLACEMENT_3D('',#6539,#5139,#5140);
#4165=AXIS2_PLACEMENT_3D('',#6540,#5141,#5142);
#4166=AXIS2_PLACEMENT_3D('',#6541,#5143,#5144);
#4167=AXIS2_PLACEMENT_3D('',#6542,#5145,#5146);
#4168=AXIS2_PLACEMENT_3D('',#6543,#5147,#5148);
#4169=AXIS2_PLACEMENT_3D('',#6544,#5149,#5150);
#4170=AXIS2_PLACEMENT_3D('',#6545,#5151,#5152);
#4171=AXIS2_PLACEMENT_3D('',#6546,#5153,#5154);
#4172=AXIS2_PLACEMENT_3D('',#6575,#5155,#5156);
#4173=AXIS2_PLACEMENT_3D('',#6576,#5157,#5158);
#4174=AXIS2_PLACEMENT_3D('',#6577,#5159,#5160);
#4175=AXIS2_PLACEMENT_3D('',#6578,#5161,#5162);
#4176=AXIS2_PLACEMENT_3D('',#6579,#5163,#5164);
#4177=AXIS2_PLACEMENT_3D('',#6580,#5165,#5166);
#4178=AXIS2_PLACEMENT_3D('',#6581,#5167,#5168);
#4179=AXIS2_PLACEMENT_3D('',#6582,#5169,#5170);
#4180=AXIS2_PLACEMENT_3D('',#6583,#5171,#5172);
#4181=AXIS2_PLACEMENT_3D('',#6612,#5173,#5174);
#4182=AXIS2_PLACEMENT_3D('',#6613,#5175,#5176);
#4183=AXIS2_PLACEMENT_3D('',#6614,#5177,#5178);
#4184=AXIS2_PLACEMENT_3D('',#6615,#5179,#5180);
#4185=AXIS2_PLACEMENT_3D('',#6616,#5181,#5182);
#4186=AXIS2_PLACEMENT_3D('',#6617,#5183,#5184);
#4187=AXIS2_PLACEMENT_3D('',#6618,#5185,#5186);
#4188=AXIS2_PLACEMENT_3D('',#6619,#5187,#5188);
#4189=AXIS2_PLACEMENT_3D('',#6620,#5189,#5190);
#4190=AXIS2_PLACEMENT_3D('',#6621,#5191,#5192);
#4191=AXIS2_PLACEMENT_3D('',#6622,#5193,#5194);
#4192=AXIS2_PLACEMENT_3D('',#6623,#5195,#5196);
#4193=AXIS2_PLACEMENT_3D('',#6624,#5197,#5198);
#4194=AXIS2_PLACEMENT_3D('',#6625,#5199,#5200);
#4195=AXIS2_PLACEMENT_3D('',#6626,#5201,#5202);
#4196=AXIS2_PLACEMENT_3D('',#6627,#5203,#5204);
#4197=AXIS2_PLACEMENT_3D('',#6628,#5205,#5206);
#4198=AXIS2_PLACEMENT_3D('',#6629,#5207,#5208);
#4199=AXIS2_PLACEMENT_3D('',#6630,#5209,#5210);
#4200=AXIS2_PLACEMENT_3D('',#6631,#5211,#5212);
#4201=AXIS2_PLACEMENT_3D('',#6632,#5213,#5214);
#4202=AXIS2_PLACEMENT_3D('',#6633,#5215,#5216);
#4203=AXIS2_PLACEMENT_3D('',#6634,#5217,#5218);
#4204=AXIS2_PLACEMENT_3D('',#6635,#5219,#5220);
#4205=AXIS2_PLACEMENT_3D('',#6636,#5221,#5222);
#4206=AXIS2_PLACEMENT_3D('',#6637,#5223,#5224);
#4207=AXIS2_PLACEMENT_3D('',#6638,#5225,#5226);
#4208=AXIS2_PLACEMENT_3D('',#6639,#5227,#5228);
#4209=AXIS2_PLACEMENT_3D('',#6640,#5229,#5230);
#4210=AXIS2_PLACEMENT_3D('',#6669,#5231,#5232);
#4211=AXIS2_PLACEMENT_3D('',#6670,#5233,#5234);
#4212=AXIS2_PLACEMENT_3D('',#6671,#5235,#5236);
#4213=AXIS2_PLACEMENT_3D('',#6672,#5237,#5238);
#4214=AXIS2_PLACEMENT_3D('',#6673,#5239,#5240);
#4215=AXIS2_PLACEMENT_3D('',#6674,#5241,#5242);
#4216=AXIS2_PLACEMENT_3D('',#6675,#5243,#5244);
#4217=AXIS2_PLACEMENT_3D('',#6676,#5245,#5246);
#4218=AXIS2_PLACEMENT_3D('',#6677,#5247,#5248);
#4219=AXIS2_PLACEMENT_3D('',#6678,#5249,#5250);
#4220=AXIS2_PLACEMENT_3D('',#6679,#5251,#5252);
#4221=AXIS2_PLACEMENT_3D('',#6680,#5253,#5254);
#4222=AXIS2_PLACEMENT_3D('',#6681,#5255,#5256);
#4223=AXIS2_PLACEMENT_3D('',#6682,#5257,#5258);
#4224=AXIS2_PLACEMENT_3D('',#6683,#5259,#5260);
#4225=AXIS2_PLACEMENT_3D('',#6684,#5261,#5262);
#4226=AXIS2_PLACEMENT_3D('',#6685,#5263,#5264);
#4227=AXIS2_PLACEMENT_3D('',#6686,#5265,#5266);
#4228=AXIS2_PLACEMENT_3D('',#6687,#5267,#5268);
#4229=AXIS2_PLACEMENT_3D('',#6688,#5269,#5270);
#4230=AXIS2_PLACEMENT_3D('',#6689,#5271,#5272);
#4231=AXIS2_PLACEMENT_3D('',#6690,#5273,#5274);
#4232=AXIS2_PLACEMENT_3D('',#6691,#5275,#5276);
#4233=AXIS2_PLACEMENT_3D('',#6692,#5277,#5278);
#4234=AXIS2_PLACEMENT_3D('',#6693,#5279,#5280);
#4235=AXIS2_PLACEMENT_3D('',#6694,#5281,#5282);
#4236=AXIS2_PLACEMENT_3D('',#6695,#5283,#5284);
#4237=AXIS2_PLACEMENT_3D('',#6696,#5285,#5286);
#4238=AXIS2_PLACEMENT_3D('',#6697,#5287,#5288);
#4239=AXIS2_PLACEMENT_3D('',#6698,#5289,#5290);
#4240=AXIS2_PLACEMENT_3D('',#6699,#5291,#5292);
#4241=AXIS2_PLACEMENT_3D('',#6700,#5293,#5294);
#4242=AXIS2_PLACEMENT_3D('',#6701,#5295,#5296);
#4243=AXIS2_PLACEMENT_3D('',#6702,#5297,#5298);
#4244=AXIS2_PLACEMENT_3D('',#6703,#5299,#5300);
#4245=AXIS2_PLACEMENT_3D('',#6704,#5301,#5302);
#4246=AXIS2_PLACEMENT_3D('',#6705,#5303,#5304);
#4247=AXIS2_PLACEMENT_3D('',#6706,#5305,#5306);
#4248=AXIS2_PLACEMENT_3D('',#6707,#5307,#5308);
#4249=AXIS2_PLACEMENT_3D('',#6708,#5309,#5310);
#4250=AXIS2_PLACEMENT_3D('',#6709,#5311,#5312);
#4251=AXIS2_PLACEMENT_3D('',#6710,#5313,#5314);
#4252=AXIS2_PLACEMENT_3D('',#6711,#5315,#5316);
#4253=AXIS2_PLACEMENT_3D('',#6712,#5317,#5318);
#4254=AXIS2_PLACEMENT_3D('',#6713,#5319,#5320);
#4255=AXIS2_PLACEMENT_3D('',#6714,#5321,#5322);
#4256=AXIS2_PLACEMENT_3D('',#6715,#5323,#5324);
#4257=AXIS2_PLACEMENT_3D('',#6716,#5325,#5326);
#4258=AXIS2_PLACEMENT_3D('',#6717,#5327,#5328);
#4259=AXIS2_PLACEMENT_3D('',#6718,#5329,#5330);
#4260=AXIS2_PLACEMENT_3D('',#6719,#5331,#5332);
#4261=AXIS2_PLACEMENT_3D('',#6720,#5333,#5334);
#4262=AXIS2_PLACEMENT_3D('',#6721,#5335,#5336);
#4263=AXIS2_PLACEMENT_3D('',#6722,#5337,#5338);
#4264=AXIS2_PLACEMENT_3D('',#6723,#5339,#5340);
#4265=AXIS2_PLACEMENT_3D('',#6724,#5341,#5342);
#4266=AXIS2_PLACEMENT_3D('',#6725,#5343,#5344);
#4267=AXIS2_PLACEMENT_3D('',#6726,#5345,#5346);
#4268=AXIS2_PLACEMENT_3D('',#6727,#5347,#5348);
#4269=AXIS2_PLACEMENT_3D('',#6728,#5349,#5350);
#4270=AXIS2_PLACEMENT_3D('',#6729,#5351,#5352);
#4271=AXIS2_PLACEMENT_3D('',#6730,#5353,#5354);
#4272=AXIS2_PLACEMENT_3D('',#6731,#5355,#5356);
#4273=AXIS2_PLACEMENT_3D('',#6732,#5357,#5358);
#4274=AXIS2_PLACEMENT_3D('',#6733,#5359,#5360);
#4275=AXIS2_PLACEMENT_3D('',#6734,#5361,#5362);
#4276=AXIS2_PLACEMENT_3D('',#6735,#5363,#5364);
#4277=AXIS2_PLACEMENT_3D('',#6736,#5365,#5366);
#4278=AXIS2_PLACEMENT_3D('',#6737,#5367,#5368);
#4279=AXIS2_PLACEMENT_3D('',#6738,#5369,#5370);
#4280=AXIS2_PLACEMENT_3D('',#6739,#5371,#5372);
#4281=AXIS2_PLACEMENT_3D('',#6740,#5373,#5374);
#4282=AXIS2_PLACEMENT_3D('',#6741,#5375,#5376);
#4283=AXIS2_PLACEMENT_3D('',#6742,#5377,#5378);
#4284=AXIS2_PLACEMENT_3D('',#6743,#5379,#5380);
#4285=AXIS2_PLACEMENT_3D('',#6744,#5381,#5382);
#4286=AXIS2_PLACEMENT_3D('',#6745,#5383,#5384);
#4287=AXIS2_PLACEMENT_3D('',#6746,#5385,#5386);
#4288=AXIS2_PLACEMENT_3D('',#6747,#5387,#5388);
#4289=AXIS2_PLACEMENT_3D('',#6748,#5389,#5390);
#4290=AXIS2_PLACEMENT_3D('',#6749,#5391,#5392);
#4291=AXIS2_PLACEMENT_3D('',#6750,#5393,#5394);
#4292=AXIS2_PLACEMENT_3D('',#6751,#5395,#5396);
#4293=AXIS2_PLACEMENT_3D('',#6752,#5397,#5398);
#4294=AXIS2_PLACEMENT_3D('',#6753,#5399,#5400);
#4295=AXIS2_PLACEMENT_3D('',#6754,#5401,#5402);
#4296=AXIS2_PLACEMENT_3D('',#6755,#5403,#5404);
#4297=AXIS2_PLACEMENT_3D('',#6756,#5405,#5406);
#4298=AXIS2_PLACEMENT_3D('',#6757,#5407,#5408);
#4299=AXIS2_PLACEMENT_3D('',#6758,#5409,#5410);
#4300=AXIS2_PLACEMENT_3D('',#6759,#5411,#5412);
#4301=AXIS2_PLACEMENT_3D('',#6760,#5413,#5414);
#4302=AXIS2_PLACEMENT_3D('',#6761,#5415,#5416);
#4303=AXIS2_PLACEMENT_3D('',#6762,#5417,#5418);
#4304=AXIS2_PLACEMENT_3D('',#6775,#5419,#5420);
#4305=AXIS2_PLACEMENT_3D('',#6788,#5421,#5422);
#4306=AXIS2_PLACEMENT_3D('',#6801,#5423,#5424);
#4307=AXIS2_PLACEMENT_3D('',#6814,#5425,#5426);
#4308=AXIS2_PLACEMENT_3D('',#6827,#5427,#5428);
#4309=AXIS2_PLACEMENT_3D('',#6840,#5429,#5430);
#4310=AXIS2_PLACEMENT_3D('',#6841,#5431,#5432);
#4311=AXIS2_PLACEMENT_3D('',#6856,#5433,#5434);
#4312=AXIS2_PLACEMENT_3D('',#6857,#5435,#5436);
#4313=AXIS2_PLACEMENT_3D('',#6858,#5437,#5438);
#4314=AXIS2_PLACEMENT_3D('',#6885,#5439,#5440);
#4315=AXIS2_PLACEMENT_3D('',#6886,#5441,#5442);
#4316=AXIS2_PLACEMENT_3D('',#6887,#5443,#5444);
#4317=AXIS2_PLACEMENT_3D('',#6900,#5445,#5446);
#4318=AXIS2_PLACEMENT_3D('',#6913,#5447,#5448);
#4319=AXIS2_PLACEMENT_3D('',#6914,#5449,#5450);
#4320=AXIS2_PLACEMENT_3D('',#6915,#5451,#5452);
#4321=AXIS2_PLACEMENT_3D('',#6916,#5453,#5454);
#4322=AXIS2_PLACEMENT_3D('',#6922,#5458,#5459);
#4323=AXIS2_PLACEMENT_3D('',#6926,#5462,#5463);
#4324=AXIS2_PLACEMENT_3D('',#6930,#5466,#5467);
#4325=AXIS2_PLACEMENT_3D('',#6932,#5469,#5470);
#4326=AXIS2_PLACEMENT_3D('',#6933,#5471,#5472);
#4327=AXIS2_PLACEMENT_3D('',#6939,#5476,#5477);
#4328=AXIS2_PLACEMENT_3D('',#6943,#5480,#5481);
#4329=AXIS2_PLACEMENT_3D('',#6947,#5484,#5485);
#4330=AXIS2_PLACEMENT_3D('',#6949,#5487,#5488);
#4331=AXIS2_PLACEMENT_3D('',#6950,#5489,#5490);
#4332=AXIS2_PLACEMENT_3D('',#6951,#5491,#5492);
#4333=AXIS2_PLACEMENT_3D('',#6960,#5497,#5498);
#4334=AXIS2_PLACEMENT_3D('',#6962,#5499,#5500);
#4335=AXIS2_PLACEMENT_3D('',#6965,#5502,#5503);
#4336=AXIS2_PLACEMENT_3D('',#6966,#5504,#5505);
#4337=AXIS2_PLACEMENT_3D('',#6972,#5509,#5510);
#4338=AXIS2_PLACEMENT_3D('',#6974,#5511,#5512);
#4339=AXIS2_PLACEMENT_3D('',#6975,#5513,#5514);
#4340=AXIS2_PLACEMENT_3D('',#6976,#5515,#5516);
#4341=AXIS2_PLACEMENT_3D('',#6977,#5517,#5518);
#4342=AXIS2_PLACEMENT_3D('',#6978,#5519,#5520);
#4343=AXIS2_PLACEMENT_3D('',#6980,#5521,#5522);
#4344=AXIS2_PLACEMENT_3D('',#6981,#5523,#5524);
#4345=AXIS2_PLACEMENT_3D('',#6983,#5526,#5527);
#4346=AXIS2_PLACEMENT_3D('',#6984,#5528,#5529);
#4347=AXIS2_PLACEMENT_3D('',#6985,#5530,#5531);
#4348=AXIS2_PLACEMENT_3D('',#6986,#5532,#5533);
#4349=AXIS2_PLACEMENT_3D('',#6987,#5534,#5535);
#4350=AXIS2_PLACEMENT_3D('',#6988,#5536,#5537);
#4351=DIRECTION('axis',(0.,0.,1.));
#4352=DIRECTION('refdir',(1.,0.,0.));
#4353=DIRECTION('axis',(0.,0.,1.));
#4354=DIRECTION('refdir',(1.,0.,0.));
#4355=DIRECTION('center_axis',(0.,1.,0.));
#4356=DIRECTION('ref_axis',(0.,0.,1.));
#4357=DIRECTION('',(1.,0.,0.));
#4358=DIRECTION('',(0.,0.,-1.));
#4359=DIRECTION('',(-1.,0.,0.));
#4360=DIRECTION('',(0.,0.,-1.));
#4361=DIRECTION('center_axis',(0.,1.,0.));
#4362=DIRECTION('ref_axis',(0.,0.,1.));
#4363=DIRECTION('center_axis',(0.,1.,0.));
#4364=DIRECTION('ref_axis',(0.,0.,1.));
#4365=DIRECTION('',(0.,0.,-1.));
#4366=DIRECTION('',(1.,0.,0.));
#4367=DIRECTION('',(0.,0.,1.));
#4368=DIRECTION('',(-1.,0.,0.));
#4369=DIRECTION('center_axis',(0.,1.,0.));
#4370=DIRECTION('ref_axis',(0.,0.,1.));
#4371=DIRECTION('center_axis',(-1.,0.,0.));
#4372=DIRECTION('ref_axis',(0.,0.,1.));
#4373=DIRECTION('',(0.,-1.,0.));
#4374=DIRECTION('center_axis',(1.,0.,0.));
#4375=DIRECTION('ref_axis',(0.,0.,-1.));
#4376=DIRECTION('',(0.,-1.,0.));
#4377=DIRECTION('center_axis',(1.,0.,0.));
#4378=DIRECTION('ref_axis',(0.,0.,-1.));
#4379=DIRECTION('center_axis',(0.,0.,1.));
#4380=DIRECTION('ref_axis',(1.,0.,0.));
#4381=DIRECTION('',(0.,-1.,0.));
#4382=DIRECTION('',(-1.,0.,0.));
#4383=DIRECTION('',(0.,1.,0.));
#4384=DIRECTION('center_axis',(0.,0.,1.));
#4385=DIRECTION('ref_axis',(1.,0.,0.));
#4386=DIRECTION('center_axis',(0.,0.,1.));
#4387=DIRECTION('ref_axis',(1.,0.,0.));
#4388=DIRECTION('',(0.,1.,0.));
#4389=DIRECTION('',(1.,0.,0.));
#4390=DIRECTION('center_axis',(1.,0.,0.));
#4391=DIRECTION('ref_axis',(0.,0.,-1.));
#4392=DIRECTION('',(0.,-1.,0.));
#4393=DIRECTION('center_axis',(1.,0.,0.));
#4394=DIRECTION('ref_axis',(0.,0.,-1.));
#4395=DIRECTION('center_axis',(1.,0.,0.));
#4396=DIRECTION('ref_axis',(0.,0.,-1.));
#4397=DIRECTION('center_axis',(0.,0.,-1.));
#4398=DIRECTION('ref_axis',(-1.,0.,0.));
#4399=DIRECTION('',(1.,0.,0.));
#4400=DIRECTION('',(0.,-1.,0.));
#4401=DIRECTION('center_axis',(0.,0.,-1.));
#4402=DIRECTION('ref_axis',(-1.,0.,0.));
#4403=DIRECTION('center_axis',(0.,0.,-1.));
#4404=DIRECTION('ref_axis',(-1.,0.,0.));
#4405=DIRECTION('',(0.,-1.,0.));
#4406=DIRECTION('',(-1.,0.,0.));
#4407=DIRECTION('center_axis',(0.,-1.,0.));
#4408=DIRECTION('ref_axis',(0.,0.,-1.));
#4409=DIRECTION('',(0.,-1.,0.));
#4410=DIRECTION('center_axis',(1.,0.,0.));
#4411=DIRECTION('ref_axis',(0.,0.,-1.));
#4412=DIRECTION('center_axis',(1.,0.,0.));
#4413=DIRECTION('ref_axis',(0.,0.,-1.));
#4414=DIRECTION('center_axis',(1.,0.,0.));
#4415=DIRECTION('ref_axis',(0.,0.,-1.));
#4416=DIRECTION('',(0.,0.,-1.));
#4417=DIRECTION('center_axis',(1.,0.,0.));
#4418=DIRECTION('ref_axis',(0.,0.,-1.));
#4419=DIRECTION('center_axis',(1.,0.,0.));
#4420=DIRECTION('ref_axis',(0.,0.,-1.));
#4421=DIRECTION('',(1.,0.,0.));
#4422=DIRECTION('center_axis',(-1.,0.,0.));
#4423=DIRECTION('ref_axis',(0.,0.,-1.));
#4424=DIRECTION('',(0.,0.,-1.));
#4425=DIRECTION('center_axis',(1.,0.,0.));
#4426=DIRECTION('ref_axis',(0.,0.,-1.));
#4427=DIRECTION('center_axis',(1.,0.,0.));
#4428=DIRECTION('ref_axis',(0.,0.,-1.));
#4429=DIRECTION('center_axis',(-1.,0.,0.));
#4430=DIRECTION('ref_axis',(0.,0.,1.));
#4431=DIRECTION('center_axis',(-1.,0.,0.));
#4432=DIRECTION('ref_axis',(0.,0.,1.));
#4433=DIRECTION('',(-1.,0.,0.));
#4434=DIRECTION('center_axis',(0.,0.,-1.));
#4435=DIRECTION('ref_axis',(-1.,0.,0.));
#4436=DIRECTION('center_axis',(0.,0.,-1.));
#4437=DIRECTION('ref_axis',(-1.,0.,0.));
#4438=DIRECTION('axis',(0.,0.,1.));
#4439=DIRECTION('refdir',(1.,0.,0.));
#4440=DIRECTION('center_axis',(1.,0.,0.));
#4441=DIRECTION('ref_axis',(0.,0.,-1.));
#4442=DIRECTION('',(0.,0.,1.));
#4443=DIRECTION('',(0.,1.,0.));
#4444=DIRECTION('',(0.,0.,1.));
#4445=DIRECTION('',(0.,1.,0.));
#4446=DIRECTION('',(0.,-1.,2.31296463463574E-16));
#4447=DIRECTION('',(0.,0.,1.));
#4448=DIRECTION('',(0.,1.,-1.15648231731787E-16));
#4449=DIRECTION('',(0.,0.,-1.));
#4450=DIRECTION('center_axis',(0.,-1.,0.));
#4451=DIRECTION('ref_axis',(0.,0.,-1.));
#4452=DIRECTION('center_axis',(0.,-1.,0.));
#4453=DIRECTION('ref_axis',(0.,0.,-1.));
#4454=DIRECTION('',(0.,-1.,0.));
#4455=DIRECTION('center_axis',(0.,-1.,0.));
#4456=DIRECTION('ref_axis',(0.,0.,-1.));
#4457=DIRECTION('',(0.,-1.,0.));
#4458=DIRECTION('center_axis',(-1.,0.,7.54227598250786E-17));
#4459=DIRECTION('ref_axis',(7.54227598250786E-17,0.,1.));
#4460=DIRECTION('',(-7.54227598250786E-17,0.,-1.));
#4461=DIRECTION('',(0.,-1.,0.));
#4462=DIRECTION('',(-7.54227598250786E-17,0.,-1.));
#4463=DIRECTION('',(0.,1.,0.));
#4464=DIRECTION('',(-7.54227598250786E-17,0.,-1.));
#4465=DIRECTION('center_axis',(-1.,0.,7.54227598250786E-17));
#4466=DIRECTION('ref_axis',(7.54227598250786E-17,0.,1.));
#4467=DIRECTION('',(0.,1.,0.));
#4468=DIRECTION('',(-7.54227598250786E-17,0.,-1.));
#4469=DIRECTION('',(0.,-1.,0.));
#4470=DIRECTION('',(1.84889274661175E-32,1.,-1.39448593570028E-48));
#4471=DIRECTION('',(8.49028816894948E-17,0.,1.));
#4472=DIRECTION('',(1.84889274661175E-32,1.,-1.39448593570028E-48));
#4473=DIRECTION('',(8.49028816894948E-17,-7.41334818793507E-17,1.));
#4474=DIRECTION('center_axis',(0.,-1.,0.));
#4475=DIRECTION('ref_axis',(0.,0.,-1.));
#4476=DIRECTION('center_axis',(0.,-1.,0.));
#4477=DIRECTION('ref_axis',(0.,0.,-1.));
#4478=DIRECTION('',(-1.,0.,0.));
#4479=DIRECTION('center_axis',(0.,-1.,0.));
#4480=DIRECTION('ref_axis',(0.,0.,-1.));
#4481=DIRECTION('',(0.,0.,1.));
#4482=DIRECTION('',(1.,0.,0.));
#4483=DIRECTION('',(0.,0.,-1.));
#4484=DIRECTION('',(1.,0.,0.));
#4485=DIRECTION('',(0.,0.,-1.));
#4486=DIRECTION('',(1.,0.,0.));
#4487=DIRECTION('center_axis',(0.,0.,-1.));
#4488=DIRECTION('ref_axis',(-1.,0.,0.));
#4489=DIRECTION('center_axis',(0.,0.,-1.));
#4490=DIRECTION('ref_axis',(-1.,0.,0.));
#4491=DIRECTION('',(0.,0.,-1.));
#4492=DIRECTION('center_axis',(0.,0.,1.));
#4493=DIRECTION('ref_axis',(1.,0.,0.));
#4494=DIRECTION('',(0.,0.,-1.));
#4495=DIRECTION('center_axis',(1.,0.,0.));
#4496=DIRECTION('ref_axis',(0.,0.,-1.));
#4497=DIRECTION('',(0.,1.,0.));
#4498=DIRECTION('',(0.,0.,-1.));
#4499=DIRECTION('',(0.,-1.,0.));
#4500=DIRECTION('center_axis',(-1.,0.,0.));
#4501=DIRECTION('ref_axis',(0.,0.,1.));
#4502=DIRECTION('',(0.,-1.,0.));
#4503=DIRECTION('',(0.,1.,0.));
#4504=DIRECTION('',(0.,0.,-1.));
#4505=DIRECTION('center_axis',(0.,0.,-1.));
#4506=DIRECTION('ref_axis',(-1.,0.,0.));
#4507=DIRECTION('center_axis',(0.,0.,1.));
#4508=DIRECTION('ref_axis',(1.,0.,0.));
#4509=DIRECTION('',(0.,0.,-1.));
#4510=DIRECTION('center_axis',(0.,0.,-1.));
#4511=DIRECTION('ref_axis',(-1.,0.,0.));
#4512=DIRECTION('center_axis',(1.,0.,0.));
#4513=DIRECTION('ref_axis',(0.,0.,-1.));
#4514=DIRECTION('',(0.,0.,-1.));
#4515=DIRECTION('',(0.,-1.,0.));
#4516=DIRECTION('',(0.,0.,1.));
#4517=DIRECTION('',(0.,-1.,0.));
#4518=DIRECTION('',(0.,0.,1.));
#4519=DIRECTION('',(0.,1.,0.));
#4520=DIRECTION('center_axis',(1.,0.,0.));
#4521=DIRECTION('ref_axis',(0.,0.,-1.));
#4522=DIRECTION('',(0.,0.,1.));
#4523=DIRECTION('',(0.,1.,0.));
#4524=DIRECTION('',(0.,-1.,0.));
#4525=DIRECTION('',(0.,0.,1.));
#4526=DIRECTION('',(0.,0.,-1.));
#4527=DIRECTION('',(0.,1.,-2.31296463463574E-16));
#4528=DIRECTION('',(0.,0.,1.));
#4529=DIRECTION('',(0.,-1.,1.15648231731787E-16));
#4530=DIRECTION('center_axis',(0.,0.,-1.));
#4531=DIRECTION('ref_axis',(-1.,0.,0.));
#4532=DIRECTION('',(1.,0.,0.));
#4533=DIRECTION('',(0.,1.,0.));
#4534=DIRECTION('',(1.,0.,0.));
#4535=DIRECTION('',(1.,0.,0.));
#4536=DIRECTION('',(0.,-1.,0.));
#4537=DIRECTION('',(1.,0.,0.));
#4538=DIRECTION('',(0.,-1.,0.));
#4539=DIRECTION('center_axis',(0.,0.,1.));
#4540=DIRECTION('ref_axis',(1.,0.,0.));
#4541=DIRECTION('',(0.,-1.,0.));
#4542=DIRECTION('',(-1.,0.,0.));
#4543=DIRECTION('',(0.,-1.,0.));
#4544=DIRECTION('',(-1.,0.,0.));
#4545=DIRECTION('',(-2.31296463463574E-16,-1.,0.));
#4546=DIRECTION('',(1.,0.,0.));
#4547=DIRECTION('',(2.31296463463574E-16,1.,0.));
#4548=DIRECTION('center_axis',(0.,-1.,0.));
#4549=DIRECTION('ref_axis',(0.,0.,-1.));
#4550=DIRECTION('center_axis',(0.,-1.,0.));
#4551=DIRECTION('ref_axis',(0.,0.,-1.));
#4552=DIRECTION('center_axis',(0.,-1.,0.));
#4553=DIRECTION('ref_axis',(0.,0.,-1.));
#4554=DIRECTION('',(-1.,0.,-1.73472347597681E-16));
#4555=DIRECTION('',(0.,0.,1.));
#4556=DIRECTION('',(-1.,0.,0.));
#4557=DIRECTION('',(1.,0.,0.));
#4558=DIRECTION('',(-1.,0.,0.));
#4559=DIRECTION('',(0.,0.,1.));
#4560=DIRECTION('',(1.,0.,0.));
#4561=DIRECTION('center_axis',(0.,-1.,0.));
#4562=DIRECTION('ref_axis',(0.,0.,-1.));
#4563=DIRECTION('center_axis',(0.,-1.,0.));
#4564=DIRECTION('ref_axis',(0.,0.,-1.));
#4565=DIRECTION('center_axis',(0.,-1.,0.));
#4566=DIRECTION('ref_axis',(0.,0.,-1.));
#4567=DIRECTION('center_axis',(0.,-1.,0.));
#4568=DIRECTION('ref_axis',(0.,0.,-1.));
#4569=DIRECTION('center_axis',(0.,-1.,0.));
#4570=DIRECTION('ref_axis',(0.,0.,-1.));
#4571=DIRECTION('',(1.,0.,0.));
#4572=DIRECTION('',(0.,0.,1.));
#4573=DIRECTION('',(1.,0.,0.));
#4574=DIRECTION('',(0.,0.,1.));
#4575=DIRECTION('',(1.,0.,0.));
#4576=DIRECTION('center_axis',(0.,-1.,0.));
#4577=DIRECTION('ref_axis',(0.,0.,-1.));
#4578=DIRECTION('center_axis',(0.,-1.,0.));
#4579=DIRECTION('ref_axis',(0.,0.,-1.));
#4580=DIRECTION('',(-1.,0.,0.));
#4581=DIRECTION('',(1.,0.,0.));
#4582=DIRECTION('',(0.,0.,1.));
#4583=DIRECTION('',(-1.,6.93889390390723E-16,0.));
#4584=DIRECTION('',(0.,0.,1.));
#4585=DIRECTION('center_axis',(1.,0.,0.));
#4586=DIRECTION('ref_axis',(0.,0.,-1.));
#4587=DIRECTION('',(0.,-1.,0.));
#4588=DIRECTION('',(0.,1.,0.));
#4589=DIRECTION('center_axis',(0.,0.,1.));
#4590=DIRECTION('ref_axis',(1.,0.,0.));
#4591=DIRECTION('center_axis',(-7.54227598250786E-17,0.,-1.));
#4592=DIRECTION('ref_axis',(-1.,0.,7.54227598250786E-17));
#4593=DIRECTION('',(1.,0.,-7.54227598250786E-17));
#4594=DIRECTION('',(1.84889274661175E-32,1.,-1.39448593570028E-48));
#4595=DIRECTION('',(1.,0.,-7.54227598250786E-17));
#4596=DIRECTION('center_axis',(0.,1.,0.));
#4597=DIRECTION('ref_axis',(0.,0.,1.));
#4598=DIRECTION('',(8.49028816894948E-17,0.,1.));
#4599=DIRECTION('',(1.,0.,-7.54227598250786E-17));
#4600=DIRECTION('center_axis',(-7.54227598250786E-17,0.,-1.));
#4601=DIRECTION('ref_axis',(-1.,0.,7.54227598250786E-17));
#4602=DIRECTION('',(1.84889274661175E-32,1.,-1.39448593570028E-48));
#4603=DIRECTION('',(1.,0.,-7.54227598250786E-17));
#4604=DIRECTION('',(1.,0.,-7.54227598250786E-17));
#4605=DIRECTION('',(-2.31296463463574E-16,-1.,1.74450176122032E-32));
#4606=DIRECTION('',(-1.,0.,7.54227598250786E-17));
#4607=DIRECTION('',(2.31296463463574E-16,1.,-1.74450176122032E-32));
#4608=DIRECTION('center_axis',(5.59135179878309E-33,1.,7.41334818793507E-17));
#4609=DIRECTION('ref_axis',(0.,-7.41334818793507E-17,1.));
#4610=DIRECTION('',(8.49028816894948E-17,-7.41334818793507E-17,1.));
#4611=DIRECTION('center_axis',(1.,-1.84889274661175E-32,-8.49028816894948E-17));
#4612=DIRECTION('ref_axis',(-8.49028816894948E-17,0.,-1.));
#4613=DIRECTION('center_axis',(0.,2.31296463463574E-16,1.));
#4614=DIRECTION('ref_axis',(0.,-1.,2.31296463463574E-16));
#4615=DIRECTION('',(-1.,0.,0.));
#4616=DIRECTION('',(-1.,0.,0.));
#4617=DIRECTION('center_axis',(0.,-1.,0.));
#4618=DIRECTION('ref_axis',(0.,0.,-1.));
#4619=DIRECTION('',(-1.,0.,0.));
#4620=DIRECTION('center_axis',(0.,-1.15648231731787E-16,-1.));
#4621=DIRECTION('ref_axis',(0.,1.,-1.15648231731787E-16));
#4622=DIRECTION('',(-1.,0.,0.));
#4623=DIRECTION('center_axis',(0.,1.,0.));
#4624=DIRECTION('ref_axis',(0.,0.,1.));
#4625=DIRECTION('center_axis',(1.,-2.31296463463574E-16,0.));
#4626=DIRECTION('ref_axis',(2.31296463463574E-16,1.,0.));
#4627=DIRECTION('',(0.,0.,-1.));
#4628=DIRECTION('',(0.,0.,-1.));
#4629=DIRECTION('center_axis',(0.,1.,0.));
#4630=DIRECTION('ref_axis',(0.,0.,1.));
#4631=DIRECTION('',(0.,0.,-1.));
#4632=DIRECTION('center_axis',(-1.,2.31296463463574E-16,0.));
#4633=DIRECTION('ref_axis',(-2.31296463463574E-16,-1.,0.));
#4634=DIRECTION('',(0.,0.,-1.));
#4635=DIRECTION('center_axis',(0.,-1.,0.));
#4636=DIRECTION('ref_axis',(0.,0.,-1.));
#4637=DIRECTION('center_axis',(0.,0.,1.));
#4638=DIRECTION('ref_axis',(1.,0.,0.));
#4639=DIRECTION('center_axis',(0.,0.,1.));
#4640=DIRECTION('ref_axis',(1.,0.,0.));
#4641=DIRECTION('center_axis',(0.,0.,1.));
#4642=DIRECTION('ref_axis',(1.,0.,0.));
#4643=DIRECTION('',(0.,1.,0.));
#4644=DIRECTION('',(0.,-1.,0.));
#4645=DIRECTION('center_axis',(0.,0.,1.));
#4646=DIRECTION('ref_axis',(1.,0.,0.));
#4647=DIRECTION('center_axis',(0.,0.,-1.));
#4648=DIRECTION('ref_axis',(-1.,0.,0.));
#4649=DIRECTION('',(0.,0.,-1.));
#4650=DIRECTION('center_axis',(0.,0.,-1.));
#4651=DIRECTION('ref_axis',(-1.,0.,0.));
#4652=DIRECTION('',(0.,0.,-1.));
#4653=DIRECTION('center_axis',(1.,0.,0.));
#4654=DIRECTION('ref_axis',(0.,0.,-1.));
#4655=DIRECTION('',(0.,1.,0.));
#4656=DIRECTION('center_axis',(-1.,0.,0.));
#4657=DIRECTION('ref_axis',(0.,0.,1.));
#4658=DIRECTION('',(0.,-1.,0.));
#4659=DIRECTION('center_axis',(0.,0.,-1.));
#4660=DIRECTION('ref_axis',(-1.,0.,0.));
#4661=DIRECTION('center_axis',(0.,0.,-1.));
#4662=DIRECTION('ref_axis',(-1.,0.,0.));
#4663=DIRECTION('',(0.,0.,-1.));
#4664=DIRECTION('center_axis',(0.,0.,-1.));
#4665=DIRECTION('ref_axis',(-1.,0.,0.));
#4666=DIRECTION('',(1.,0.,0.));
#4667=DIRECTION('center_axis',(0.,0.,-1.));
#4668=DIRECTION('ref_axis',(-1.,0.,0.));
#4669=DIRECTION('',(0.,1.,0.));
#4670=DIRECTION('',(-1.,0.,0.));
#4671=DIRECTION('',(0.,1.,0.));
#4672=DIRECTION('center_axis',(-1.,0.,0.));
#4673=DIRECTION('ref_axis',(0.,0.,1.));
#4674=DIRECTION('',(0.,0.,1.));
#4675=DIRECTION('center_axis',(-1.,0.,0.));
#4676=DIRECTION('ref_axis',(0.,0.,1.));
#4677=DIRECTION('',(0.,1.,0.));
#4678=DIRECTION('center_axis',(0.,0.,1.));
#4679=DIRECTION('ref_axis',(1.,0.,0.));
#4680=DIRECTION('',(1.,0.,0.));
#4681=DIRECTION('center_axis',(1.73472347597681E-16,0.,-1.));
#4682=DIRECTION('ref_axis',(-1.,0.,-1.73472347597681E-16));
#4683=DIRECTION('',(-1.,0.,-1.73472347597681E-16));
#4684=DIRECTION('',(0.,1.,0.));
#4685=DIRECTION('center_axis',(-1.,0.,0.));
#4686=DIRECTION('ref_axis',(0.,0.,1.));
#4687=DIRECTION('center_axis',(-1.,0.,0.));
#4688=DIRECTION('ref_axis',(0.,0.,1.));
#4689=DIRECTION('',(0.,0.,1.));
#4690=DIRECTION('center_axis',(0.,1.,0.));
#4691=DIRECTION('ref_axis',(0.,0.,1.));
#4692=DIRECTION('',(1.,0.,0.));
#4693=DIRECTION('',(-1.,0.,-1.73472347597681E-16));
#4694=DIRECTION('center_axis',(0.,-1.,0.));
#4695=DIRECTION('ref_axis',(0.,0.,-1.));
#4696=DIRECTION('center_axis',(0.,-1.,0.));
#4697=DIRECTION('ref_axis',(0.,0.,-1.));
#4698=DIRECTION('center_axis',(0.,-1.,0.));
#4699=DIRECTION('ref_axis',(0.,0.,-1.));
#4700=DIRECTION('center_axis',(0.,-1.,0.));
#4701=DIRECTION('ref_axis',(0.,0.,-1.));
#4702=DIRECTION('center_axis',(1.,0.,0.));
#4703=DIRECTION('ref_axis',(0.,0.,-1.));
#4704=DIRECTION('center_axis',(1.,0.,1.73472347597681E-16));
#4705=DIRECTION('ref_axis',(1.73472347597681E-16,0.,-1.));
#4706=DIRECTION('center_axis',(0.,0.,1.));
#4707=DIRECTION('ref_axis',(1.,0.,0.));
#4708=DIRECTION('center_axis',(1.,0.,0.));
#4709=DIRECTION('ref_axis',(0.,0.,-1.));
#4710=DIRECTION('',(0.,1.,0.));
#4711=DIRECTION('center_axis',(0.,0.,-1.));
#4712=DIRECTION('ref_axis',(-1.,0.,0.));
#4713=DIRECTION('axis',(0.,0.,1.));
#4714=DIRECTION('refdir',(1.,0.,0.));
#4715=DIRECTION('center_axis',(4.10782519111314E-15,5.52475235208905E-29,
-1.));
#4716=DIRECTION('ref_axis',(-1.,3.03366321864049E-28,-4.10782519111314E-15));
#4717=DIRECTION('',(3.03366321864051E-28,-1.,5.52475235208885E-29));
#4718=DIRECTION('',(1.,-3.03366321864051E-28,-4.10782519111314E-15));
#4719=DIRECTION('',(3.03366321864051E-28,-1.,5.52475235208885E-29));
#4720=DIRECTION('center_axis',(4.10782519111314E-15,5.52475235208905E-29,
-1.));
#4721=DIRECTION('ref_axis',(-1.,3.03366321864051E-28,-4.10782519111314E-15));
#4722=DIRECTION('',(1.,-3.03366321864051E-28,-4.10782519111314E-15));
#4723=DIRECTION('',(3.03366321864051E-28,-1.,5.52475235208885E-29));
#4724=DIRECTION('',(1.,-3.03366321864051E-28,-4.10782519111314E-15));
#4725=DIRECTION('center_axis',(4.10782519111314E-15,5.52475235208905E-29,
-1.));
#4726=DIRECTION('ref_axis',(-1.,3.03366321864051E-28,-4.10782519111314E-15));
#4727=DIRECTION('',(3.03366321864051E-28,-1.,5.52475235208885E-29));
#4728=DIRECTION('',(1.,-3.03366321864051E-28,-4.10782519111314E-15));
#4729=DIRECTION('',(-1.,0.,0.));
#4730=DIRECTION('',(1.,-3.03366321864051E-28,-4.10782519111314E-15));
#4731=DIRECTION('',(3.03366321864051E-28,-1.,5.52475235208885E-29));
#4732=DIRECTION('center_axis',(4.10782519111314E-15,5.52475235208905E-29,
-1.));
#4733=DIRECTION('ref_axis',(-1.,3.03366321864051E-28,-4.10782519111314E-15));
#4734=DIRECTION('',(1.,-3.03366321864051E-28,-4.10782519111314E-15));
#4735=DIRECTION('',(3.03366321864051E-28,-1.,5.52475235208885E-29));
#4736=DIRECTION('',(1.,-3.03366321864051E-28,-4.10782519111314E-15));
#4737=DIRECTION('center_axis',(4.10782519111314E-15,5.52475235208905E-29,
-1.));
#4738=DIRECTION('ref_axis',(-1.,3.03366321864051E-28,-4.10782519111314E-15));
#4739=DIRECTION('',(-3.03341669960763E-28,1.,-5.52475235208882E-29));
#4740=DIRECTION('',(1.,-3.03366321864051E-28,-4.10782519111314E-15));
#4741=DIRECTION('',(3.03341669960763E-28,-1.,5.52475235208882E-29));
#4742=DIRECTION('',(-1.,3.03366321864051E-28,4.10782519111314E-15));
#4743=DIRECTION('center_axis',(-1.,3.03366321864049E-28,4.10782519111312E-15));
#4744=DIRECTION('ref_axis',(4.10782519111312E-15,-5.5247523520893E-29,1.));
#4745=DIRECTION('',(4.10782519111314E-15,5.52475235208905E-29,-1.));
#4746=DIRECTION('',(4.10782519111314E-15,5.52475235208905E-29,-1.));
#4747=DIRECTION('',(3.03366321864051E-28,-1.,5.52475235208885E-29));
#4748=DIRECTION('',(4.10782519111314E-15,5.52475235208905E-29,-1.));
#4749=DIRECTION('',(3.03366321864051E-28,-1.,5.52475235208885E-29));
#4750=DIRECTION('',(4.10782519111314E-15,5.52475235208905E-29,-1.));
#4751=DIRECTION('',(4.10782519111314E-15,5.52475235208905E-29,-1.));
#4752=DIRECTION('center_axis',(3.03366321864049E-28,-1.,5.52475235208882E-29));
#4753=DIRECTION('ref_axis',(4.10782519111314E-15,-5.5247523520887E-29,-1.));
#4754=DIRECTION('',(3.03366321864051E-28,-1.,5.52475235208885E-29));
#4755=DIRECTION('center_axis',(-3.03366321864051E-28,1.,-5.52475235208885E-29));
#4756=DIRECTION('ref_axis',(-4.10782519111314E-15,5.52475235208873E-29,
1.));
#4757=DIRECTION('',(3.03366321864051E-28,-1.,5.52475235208885E-29));
#4758=DIRECTION('center_axis',(3.03366321864051E-28,-1.,5.52475235208885E-29));
#4759=DIRECTION('ref_axis',(4.10782519111314E-15,-5.52475235208873E-29,
-1.));
#4760=DIRECTION('center_axis',(3.03366321864049E-28,-1.,5.52475235208882E-29));
#4761=DIRECTION('ref_axis',(4.10782519111314E-15,-5.5247523520887E-29,-1.));
#4762=DIRECTION('',(3.03366321864051E-28,-1.,5.52475235208885E-29));
#4763=DIRECTION('',(3.03366321864051E-28,-1.,5.52475235208885E-29));
#4764=DIRECTION('center_axis',(-3.03366321864051E-28,1.,-5.52475235208885E-29));
#4765=DIRECTION('ref_axis',(-4.10782519111314E-15,5.52475235208873E-29,
1.));
#4766=DIRECTION('',(3.03366321864051E-28,-1.,5.52475235208885E-29));
#4767=DIRECTION('center_axis',(3.03366321864051E-28,-1.,5.52475235208885E-29));
#4768=DIRECTION('ref_axis',(4.10782519111314E-15,-5.52475235208873E-29,
-1.));
#4769=DIRECTION('center_axis',(-3.73071139198774E-15,-5.52475235208906E-29,
1.));
#4770=DIRECTION('ref_axis',(1.,-3.03366321864049E-28,3.73071139198774E-15));
#4771=DIRECTION('',(-1.,3.03366321864051E-28,4.48493899023853E-15));
#4772=DIRECTION('',(3.03366321864051E-28,-1.,5.52475235208885E-29));
#4773=DIRECTION('center_axis',(-3.73071139198774E-15,-5.52475235208906E-29,
1.));
#4774=DIRECTION('ref_axis',(1.,-3.03366321864052E-28,3.73071139198774E-15));
#4775=DIRECTION('',(-1.,3.03366321864051E-28,4.48493899023853E-15));
#4776=DIRECTION('',(3.03366321864051E-28,-1.,5.52475235208885E-29));
#4777=DIRECTION('',(-1.,3.03366321864051E-28,4.48493899023853E-15));
#4778=DIRECTION('center_axis',(-3.73071139198774E-15,-5.52475235208906E-29,
1.));
#4779=DIRECTION('ref_axis',(1.,-3.03366321864052E-28,3.73071139198774E-15));
#4780=DIRECTION('',(3.03366321864051E-28,-1.,5.52475235208885E-29));
#4781=DIRECTION('',(-1.,3.03366321864051E-28,4.48493899023853E-15));
#4782=DIRECTION('',(1.,0.,0.));
#4783=DIRECTION('',(-1.,3.03366321864051E-28,4.48493899023853E-15));
#4784=DIRECTION('',(3.03366321864051E-28,-1.,5.52475235208885E-29));
#4785=DIRECTION('center_axis',(-3.73071139198774E-15,-5.52475235208906E-29,
1.));
#4786=DIRECTION('ref_axis',(1.,-3.03366321864052E-28,3.73071139198774E-15));
#4787=DIRECTION('',(-1.,3.03366321864051E-28,4.48493899023853E-15));
#4788=DIRECTION('',(3.03366321864051E-28,-1.,5.52475235208885E-29));
#4789=DIRECTION('',(-1.,3.03366321864051E-28,4.48493899023853E-15));
#4790=DIRECTION('center_axis',(-3.73071139198774E-15,-5.52475235208906E-29,
1.));
#4791=DIRECTION('ref_axis',(1.,-3.03366321864052E-28,3.73071139198774E-15));
#4792=DIRECTION('',(-1.,3.03366321864051E-28,4.44630782057202E-15));
#4793=DIRECTION('',(3.03341669960763E-28,-1.,5.52475235208882E-29));
#4794=DIRECTION('',(1.,-3.03366321864051E-28,-4.44630782057202E-15));
#4795=DIRECTION('',(-3.03341669960763E-28,1.,-5.52475235208882E-29));
#4796=DIRECTION('center_axis',(1.,-3.03366321864049E-28,-4.10782519111312E-15));
#4797=DIRECTION('ref_axis',(-4.10782519111312E-15,5.5247523520893E-29,-1.));
#4798=DIRECTION('',(3.03366321864051E-28,-1.,5.52475235208885E-29));
#4799=DIRECTION('',(-4.10782519111314E-15,-5.52475235208905E-29,1.));
#4800=DIRECTION('',(3.03366321864051E-28,-1.,5.52475235208885E-29));
#4801=DIRECTION('',(-4.10782519111314E-15,-5.52475235208905E-29,1.));
#4802=DIRECTION('center_axis',(3.03366321864049E-28,-1.,5.52475235208882E-29));
#4803=DIRECTION('ref_axis',(4.10782519111314E-15,-5.5247523520887E-29,-1.));
#4804=DIRECTION('',(3.03366321864051E-28,-1.,5.52475235208885E-29));
#4805=DIRECTION('center_axis',(-3.03366321864051E-28,1.,-5.52475235208885E-29));
#4806=DIRECTION('ref_axis',(-4.10782519111314E-15,5.52475235208873E-29,
1.));
#4807=DIRECTION('',(3.03366321864051E-28,-1.,5.52475235208885E-29));
#4808=DIRECTION('center_axis',(3.03366321864051E-28,-1.,5.52475235208885E-29));
#4809=DIRECTION('ref_axis',(4.10782519111314E-15,-5.52475235208873E-29,
-1.));
#4810=DIRECTION('center_axis',(3.03366321864049E-28,-1.,5.52475235208882E-29));
#4811=DIRECTION('ref_axis',(4.10782519111314E-15,-5.5247523520887E-29,-1.));
#4812=DIRECTION('',(3.03366321864051E-28,-1.,5.52475235208885E-29));
#4813=DIRECTION('center_axis',(-3.03366321864051E-28,1.,-5.52475235208885E-29));
#4814=DIRECTION('ref_axis',(-4.10782519111314E-15,5.52475235208873E-29,
1.));
#4815=DIRECTION('',(3.03366321864051E-28,-1.,5.52475235208885E-29));
#4816=DIRECTION('center_axis',(3.03366321864051E-28,-1.,5.52475235208885E-29));
#4817=DIRECTION('ref_axis',(4.10782519111314E-15,-5.52475235208873E-29,
-1.));
#4818=DIRECTION('center_axis',(-3.73071139198774E-15,-5.52475235208906E-29,
1.));
#4819=DIRECTION('ref_axis',(1.,-3.03366321864049E-28,3.73071139198774E-15));
#4820=DIRECTION('',(-1.,3.03366321864051E-28,4.48493899023853E-15));
#4821=DIRECTION('center_axis',(4.10782519111314E-15,5.52475235208905E-29,
-1.));
#4822=DIRECTION('ref_axis',(-1.,3.03366321864049E-28,-4.10782519111314E-15));
#4823=DIRECTION('',(1.,-3.03366321864051E-28,-4.10782519111314E-15));
#4824=DIRECTION('center_axis',(3.03366321864049E-28,-1.,5.52475235208882E-29));
#4825=DIRECTION('ref_axis',(4.10782519111314E-15,-5.5247523520887E-29,-1.));
#4826=DIRECTION('',(-1.,3.03366321864051E-28,4.48493899023853E-15));
#4827=DIRECTION('center_axis',(3.03366321864051E-28,-1.,5.52475235208885E-29));
#4828=DIRECTION('ref_axis',(4.10782519111314E-15,-5.52475235208873E-29,
-1.));
#4829=DIRECTION('',(4.10782519111314E-15,5.52475235208905E-29,-1.));
#4830=DIRECTION('center_axis',(3.03366321864049E-28,-1.,5.52475235208882E-29));
#4831=DIRECTION('ref_axis',(4.10782519111314E-15,-5.5247523520887E-29,-1.));
#4832=DIRECTION('',(1.,-3.03366321864051E-28,-4.10782519111314E-15));
#4833=DIRECTION('center_axis',(3.03366321864051E-28,-1.,5.52475235208885E-29));
#4834=DIRECTION('ref_axis',(4.10782519111314E-15,-5.52475235208873E-29,
-1.));
#4835=DIRECTION('center_axis',(3.03366321864051E-28,-1.,5.52475235208885E-29));
#4836=DIRECTION('ref_axis',(4.10782519111314E-15,-5.52475235208873E-29,
-1.));
#4837=DIRECTION('center_axis',(3.03366321864051E-28,-1.,5.52475235208885E-29));
#4838=DIRECTION('ref_axis',(4.10782519111314E-15,-5.52475235208873E-29,
-1.));
#4839=DIRECTION('',(-1.,3.03366321864051E-28,4.48493899023853E-15));
#4840=DIRECTION('',(-4.10782519111314E-15,-5.52475235208905E-29,1.));
#4841=DIRECTION('center_axis',(-1.,3.03366321864049E-28,4.10782519111312E-15));
#4842=DIRECTION('ref_axis',(4.10782519111312E-15,-5.5247523520893E-29,1.));
#4843=DIRECTION('',(3.03366321864051E-28,-1.,5.52475235208885E-29));
#4844=DIRECTION('',(4.10782519111314E-15,5.52475235208905E-29,-1.));
#4845=DIRECTION('',(3.03366321864051E-28,-1.,5.52475235208885E-29));
#4846=DIRECTION('',(4.10782519111314E-15,5.52475235208905E-29,-1.));
#4847=DIRECTION('center_axis',(1.,-3.03366321864049E-28,-4.10782519111312E-15));
#4848=DIRECTION('ref_axis',(-4.10782519111312E-15,5.5247523520893E-29,-1.));
#4849=DIRECTION('',(-4.10782519111314E-15,-5.52475235208905E-29,1.));
#4850=DIRECTION('',(-3.03366321864051E-28,1.,-5.52475235208885E-29));
#4851=DIRECTION('',(-4.10782519111314E-15,-5.52475235208905E-29,1.));
#4852=DIRECTION('',(3.03366321864051E-28,-1.,5.52475235208885E-29));
#4853=DIRECTION('center_axis',(3.03366321864049E-28,-1.,5.52475235208882E-29));
#4854=DIRECTION('ref_axis',(4.10782519111314E-15,-5.5247523520887E-29,-1.));
#4855=DIRECTION('',(3.03366321864051E-28,-1.,5.52475235208885E-29));
#4856=DIRECTION('center_axis',(3.03366321864051E-28,-1.,5.52475235208885E-29));
#4857=DIRECTION('ref_axis',(4.10782519111314E-15,-5.52475235208873E-29,
-1.));
#4858=DIRECTION('center_axis',(1.98096274057147E-13,0.852089745766794,0.52339570609538));
#4859=DIRECTION('ref_axis',(-5.96384612854136E-6,-0.523395706086072,0.85208974575164));
#4860=DIRECTION('',(-3.03366321864049E-28,1.,-5.52475235208882E-29));
#4861=DIRECTION('center_axis',(-3.03366321864051E-28,1.,-5.52475235208885E-29));
#4862=DIRECTION('ref_axis',(-4.10782519111314E-15,5.52475235208873E-29,
1.));
#4863=DIRECTION('center_axis',(-3.03366321864051E-28,1.,-5.52475235208885E-29));
#4864=DIRECTION('ref_axis',(-4.10782519111314E-15,5.52475235208873E-29,
1.));
#4865=DIRECTION('center_axis',(1.98096274057147E-13,0.852089745766794,0.52339570609538));
#4866=DIRECTION('ref_axis',(-5.96384612854136E-6,-0.523395706086072,0.85208974575164));
#4867=DIRECTION('center_axis',(3.03366321864051E-28,-1.,5.52475235208885E-29));
#4868=DIRECTION('ref_axis',(4.10782519111314E-15,-5.52475235208873E-29,
-1.));
#4869=DIRECTION('center_axis',(0.523395706096636,0.852089745766022,-2.36792453973009E-13));
#4870=DIRECTION('ref_axis',(0.852089745750868,-0.523395706087328,5.96387170092088E-6));
#4871=DIRECTION('center_axis',(3.03366321864051E-28,-1.,5.52475235208885E-29));
#4872=DIRECTION('ref_axis',(4.10782519111314E-15,-5.52475235208873E-29,
-1.));
#4873=DIRECTION('center_axis',(-3.14562759945232E-13,0.8520897457674,-0.523395706094392));
#4874=DIRECTION('ref_axis',(-5.96384067412967E-6,0.523395706085085,0.852089745752247));
#4875=DIRECTION('center_axis',(3.03366321864051E-28,-1.,5.52475235208885E-29));
#4876=DIRECTION('ref_axis',(4.10782519111314E-15,-5.52475235208873E-29,
-1.));
#4877=DIRECTION('',(3.03366321864051E-28,-1.,5.52475235208885E-29));
#4878=DIRECTION('center_axis',(-3.03366321864051E-28,1.,-5.52475235208885E-29));
#4879=DIRECTION('ref_axis',(-4.10782519111314E-15,5.52475235208873E-29,
1.));
#4880=DIRECTION('center_axis',(3.03366321864049E-28,-1.,5.52475235208882E-29));
#4881=DIRECTION('ref_axis',(4.10782519111314E-15,-5.5247523520887E-29,-1.));
#4882=DIRECTION('center_axis',(3.03366321864051E-28,-1.,5.52475235208885E-29));
#4883=DIRECTION('ref_axis',(4.10782519111314E-15,-5.52475235208872E-29,
-1.));
#4884=DIRECTION('',(-1.,3.03169106637745E-28,2.85438926770795E-15));
#4885=DIRECTION('',(4.10782519111314E-15,5.52475235208905E-29,-1.));
#4886=DIRECTION('',(-1.,3.03366321864051E-28,4.48493899023853E-15));
#4887=DIRECTION('',(4.10782519111314E-15,5.52475235208905E-29,-1.));
#4888=DIRECTION('',(1.,-3.03366321864051E-28,-4.10782519111314E-15));
#4889=DIRECTION('',(4.10782519111314E-15,5.52475235208905E-29,-1.));
#4890=DIRECTION('',(1.,-3.03169106637745E-28,-2.85438926770795E-15));
#4891=DIRECTION('center_axis',(3.03366321864049E-28,-1.,5.52475235208882E-29));
#4892=DIRECTION('ref_axis',(4.10782519111314E-15,-5.5247523520887E-29,-1.));
#4893=DIRECTION('',(-4.10782519111314E-15,-5.52475235208905E-29,1.));
#4894=DIRECTION('',(-1.,3.03366321864051E-28,4.10782519111314E-15));
#4895=DIRECTION('center_axis',(3.03366321864051E-28,-1.,5.52475235208885E-29));
#4896=DIRECTION('ref_axis',(4.10782519111314E-15,-5.52475235208872E-29,
-1.));
#4897=DIRECTION('',(1.,-3.03366321864051E-28,-4.10782519111314E-15));
#4898=DIRECTION('',(-4.10782519111314E-15,-5.52475235208905E-29,1.));
#4899=DIRECTION('',(1.,-3.03366321864051E-28,-4.10782519111314E-15));
#4900=DIRECTION('',(-4.10782519111314E-15,-5.52475235208905E-29,1.));
#4901=DIRECTION('',(-1.,3.03366321864051E-28,4.48493899023853E-15));
#4902=DIRECTION('center_axis',(-1.,3.03366321864049E-28,4.10782519111312E-15));
#4903=DIRECTION('ref_axis',(4.10782519111312E-15,-5.5247523520893E-29,1.));
#4904=DIRECTION('center_axis',(-1.,3.03366321864051E-28,4.10782519111314E-15));
#4905=DIRECTION('ref_axis',(4.10782519111314E-15,-5.5247523520893E-29,1.));
#4906=DIRECTION('center_axis',(-1.,3.03366321864051E-28,4.10782519111314E-15));
#4907=DIRECTION('ref_axis',(4.10782519111314E-15,-5.5247523520893E-29,1.));
#4908=DIRECTION('center_axis',(-1.,3.03366321864051E-28,4.10782519111314E-15));
#4909=DIRECTION('ref_axis',(4.10782519111314E-15,-5.5247523520893E-29,1.));
#4910=DIRECTION('center_axis',(-1.,3.03366321864051E-28,4.10782519111314E-15));
#4911=DIRECTION('ref_axis',(4.10782519111314E-15,-5.5247523520893E-29,1.));
#4912=DIRECTION('center_axis',(-1.,3.03366321864051E-28,4.10782519111314E-15));
#4913=DIRECTION('ref_axis',(4.10782519111314E-15,-5.5247523520893E-29,1.));
#4914=DIRECTION('center_axis',(-1.,3.03366321864051E-28,4.10782519111314E-15));
#4915=DIRECTION('ref_axis',(4.10782519111314E-15,-5.5247523520893E-29,1.));
#4916=DIRECTION('',(4.10782519111314E-15,5.52475235208905E-29,-1.));
#4917=DIRECTION('center_axis',(1.,-3.03366321864049E-28,-4.10782519111312E-15));
#4918=DIRECTION('ref_axis',(-4.10782519111312E-15,5.5247523520893E-29,-1.));
#4919=DIRECTION('',(-4.10782519111314E-15,-5.52475235208905E-29,1.));
#4920=DIRECTION('center_axis',(3.03366321864049E-28,-1.,5.52475235208882E-29));
#4921=DIRECTION('ref_axis',(4.10782519111314E-15,-5.5247523520887E-29,-1.));
#4922=DIRECTION('',(-4.10782519111314E-15,-5.52475235208905E-29,1.));
#4923=DIRECTION('',(-1.,3.03366321864051E-28,4.48493899023853E-15));
#4924=DIRECTION('',(4.10782519111314E-15,5.52475235208905E-29,-1.));
#4925=DIRECTION('',(1.,-3.03366321864051E-28,-4.10782519111314E-15));
#4926=DIRECTION('center_axis',(3.03366321864049E-28,-1.,5.52475235208882E-29));
#4927=DIRECTION('ref_axis',(4.10782519111314E-15,-5.5247523520887E-29,-1.));
#4928=DIRECTION('',(1.,-3.03169106637745E-28,-2.85438926770795E-15));
#4929=DIRECTION('center_axis',(3.03366321864051E-28,-1.,5.52475235208885E-29));
#4930=DIRECTION('ref_axis',(4.10782519111314E-15,-5.52475235208872E-29,
-1.));
#4931=DIRECTION('',(-1.,3.03169106637745E-28,2.85438926770795E-15));
#4932=DIRECTION('',(4.10782519111314E-15,5.52475235208905E-29,-1.));
#4933=DIRECTION('',(1.,-3.03366321864051E-28,-4.10782519111314E-15));
#4934=DIRECTION('',(4.10782519111314E-15,5.52475235208905E-29,-1.));
#4935=DIRECTION('',(-1.,3.03366321864051E-28,4.48493899023853E-15));
#4936=DIRECTION('',(4.10782519111314E-15,5.52475235208905E-29,-1.));
#4937=DIRECTION('center_axis',(-1.,3.03366321864049E-28,4.10782519111312E-15));
#4938=DIRECTION('ref_axis',(4.10782519111312E-15,-5.5247523520893E-29,1.));
#4939=DIRECTION('',(-3.03366321864051E-28,1.,-5.52475235208885E-29));
#4940=DIRECTION('',(4.10782519111314E-15,5.52475235208905E-29,-1.));
#4941=DIRECTION('',(3.03366321864051E-28,-1.,5.52475235208885E-29));
#4942=DIRECTION('',(4.10782519111314E-15,5.52475235208905E-29,-1.));
#4943=DIRECTION('center_axis',(1.,-3.03366321864049E-28,-4.10782519111312E-15));
#4944=DIRECTION('ref_axis',(-4.10782519111312E-15,5.5247523520893E-29,-1.));
#4945=DIRECTION('',(-3.03366321864051E-28,1.,-5.52475235208885E-29));
#4946=DIRECTION('',(-4.10782519111314E-15,-5.52475235208905E-29,1.));
#4947=DIRECTION('',(3.03366321864051E-28,-1.,5.52475235208885E-29));
#4948=DIRECTION('',(-4.10782519111314E-15,-5.52475235208905E-29,1.));
#4949=DIRECTION('center_axis',(3.03366321864049E-28,-1.,5.52475235208882E-29));
#4950=DIRECTION('ref_axis',(4.10782519111314E-15,-5.5247523520887E-29,-1.));
#4951=DIRECTION('',(1.,-3.03366321864051E-28,-4.10782519111314E-15));
#4952=DIRECTION('',(-4.10782519111314E-15,-5.52475235208905E-29,1.));
#4953=DIRECTION('',(-1.,3.03366321864051E-28,4.48493899023853E-15));
#4954=DIRECTION('',(-4.10782519111314E-15,-5.52475235208905E-29,1.));
#4955=DIRECTION('',(1.,-3.03366321864051E-28,-4.10782519111314E-15));
#4956=DIRECTION('',(-4.10782519111314E-15,-5.52475235208905E-29,1.));
#4957=DIRECTION('',(-1.,3.03366321864051E-28,4.10782519111314E-15));
#4958=DIRECTION('center_axis',(3.03366321864051E-28,-1.,5.52475235208885E-29));
#4959=DIRECTION('ref_axis',(4.10782519111314E-15,-5.52475235208872E-29,
-1.));
#4960=DIRECTION('center_axis',(-1.,3.03366321864049E-28,4.10782519111312E-15));
#4961=DIRECTION('ref_axis',(4.10782519111312E-15,-5.5247523520893E-29,1.));
#4962=DIRECTION('',(4.10782519111314E-15,5.52475235208905E-29,-1.));
#4963=DIRECTION('',(3.03366321864051E-28,-1.,5.52475235208885E-29));
#4964=DIRECTION('',(4.10782519111314E-15,5.52475235208905E-29,-1.));
#4965=DIRECTION('',(0.,0.,1.));
#4966=DIRECTION('',(4.10782519111314E-15,5.52475235208905E-29,-1.));
#4967=DIRECTION('',(3.03366321864051E-28,-1.,5.52475235208885E-29));
#4968=DIRECTION('center_axis',(1.,-3.03366321864049E-28,-4.10782519111312E-15));
#4969=DIRECTION('ref_axis',(-4.10782519111312E-15,5.5247523520893E-29,-1.));
#4970=DIRECTION('',(-4.10782519111314E-15,-5.52475235208905E-29,1.));
#4971=DIRECTION('',(3.03366321864051E-28,-1.,5.52475235208885E-29));
#4972=DIRECTION('',(-4.10782519111314E-15,-5.52475235208905E-29,1.));
#4973=DIRECTION('',(3.03366321864051E-28,-1.,5.52475235208885E-29));
#4974=DIRECTION('center_axis',(3.03366321864049E-28,-1.,5.52475235208882E-29));
#4975=DIRECTION('ref_axis',(4.10782519111314E-15,-5.5247523520887E-29,-1.));
#4976=DIRECTION('',(4.10782519111314E-15,5.52475235208905E-29,-1.));
#4977=DIRECTION('center_axis',(3.03366321864051E-28,-1.,5.52475235208885E-29));
#4978=DIRECTION('ref_axis',(4.10782519111314E-15,-5.52475235208873E-29,
-1.));
#4979=DIRECTION('',(1.,-3.03366321864051E-28,-4.10782519111314E-15));
#4980=DIRECTION('center_axis',(-3.03366321864049E-28,1.,-5.52475235208882E-29));
#4981=DIRECTION('ref_axis',(-4.10782519111314E-15,5.5247523520887E-29,1.));
#4982=DIRECTION('center_axis',(-3.03366321864051E-28,1.,-5.52475235208885E-29));
#4983=DIRECTION('ref_axis',(-4.10782519111314E-15,5.52475235208872E-29,
1.));
#4984=DIRECTION('center_axis',(3.03366321864049E-28,-1.,5.52475235208882E-29));
#4985=DIRECTION('ref_axis',(-1.,-3.03366321864049E-28,-6.16343852270007E-16));
#4986=DIRECTION('center_axis',(3.03366321864051E-28,-1.,5.52475235208885E-29));
#4987=DIRECTION('ref_axis',(4.10782519111314E-15,-5.52475235208873E-29,
-1.));
#4988=DIRECTION('center_axis',(-3.03366321864051E-28,1.,-5.52475235208885E-29));
#4989=DIRECTION('ref_axis',(-4.10782519111314E-15,5.52475235208873E-29,
1.));
#4990=DIRECTION('center_axis',(-3.03366321864049E-28,1.,-5.52475235208882E-29));
#4991=DIRECTION('ref_axis',(-4.10782519111314E-15,5.5247523520887E-29,1.));
#4992=DIRECTION('center_axis',(-3.03366321864051E-28,1.,-5.52475235208885E-29));
#4993=DIRECTION('ref_axis',(-4.10782519111314E-15,5.52475235208873E-29,
1.));
#4994=DIRECTION('center_axis',(-3.03366321864049E-28,1.,-5.52475235208882E-29));
#4995=DIRECTION('ref_axis',(1.,3.0336632186405E-28,1.14965294935965E-14));
#4996=DIRECTION('',(-3.03366321864051E-28,1.,-5.52475235208885E-29));
#4997=DIRECTION('center_axis',(3.03366321864051E-28,-1.,5.52475235208885E-29));
#4998=DIRECTION('ref_axis',(4.10782519111314E-15,-5.52475235208873E-29,
-1.));
#4999=DIRECTION('',(-3.03366321864051E-28,1.,-5.52475235208885E-29));
#5000=DIRECTION('center_axis',(3.03366321864051E-28,-1.,5.52475235208885E-29));
#5001=DIRECTION('ref_axis',(4.10782519111314E-15,-5.52475235208873E-29,
-1.));
#5002=DIRECTION('center_axis',(-4.10782519111314E-15,-5.52475235208905E-29,
1.));
#5003=DIRECTION('ref_axis',(1.,-3.03366321864049E-28,4.10782519111314E-15));
#5004=DIRECTION('',(-3.03366321864051E-28,1.,-5.52475235208885E-29));
#5005=DIRECTION('',(1.,-3.03366321864051E-28,-4.10782519111314E-15));
#5006=DIRECTION('',(-1.,3.03366321864051E-28,4.10782519111314E-15));
#5007=DIRECTION('center_axis',(4.10782519111314E-15,5.52475235208905E-29,
-1.));
#5008=DIRECTION('ref_axis',(-1.,3.03366321864049E-28,-4.10782519111314E-15));
#5009=DIRECTION('',(-1.,3.03366321864051E-28,4.10782519111314E-15));
#5010=DIRECTION('',(-3.03366321864051E-28,1.,-5.52475235208885E-29));
#5011=DIRECTION('',(1.,-3.03366321864051E-28,-4.10782519111314E-15));
#5012=DIRECTION('center_axis',(5.36126111451836E-15,5.52475235208903E-29,
-1.));
#5013=DIRECTION('ref_axis',(-1.,3.03169106637744E-28,-5.36126111451836E-15));
#5014=DIRECTION('',(-3.03366321864051E-28,1.,-5.52475235208885E-29));
#5015=DIRECTION('',(1.,-3.03169106637745E-28,-2.85438926770795E-15));
#5016=DIRECTION('',(3.03366321864051E-28,-1.,5.52475235208885E-29));
#5017=DIRECTION('',(-1.,3.03169106637745E-28,2.85438926770795E-15));
#5018=DIRECTION('center_axis',(-5.36126111451836E-15,-5.52475235208903E-29,
1.));
#5019=DIRECTION('ref_axis',(1.,-3.03169106637744E-28,5.36126111451836E-15));
#5020=DIRECTION('',(-3.03366321864051E-28,1.,-5.52475235208885E-29));
#5021=DIRECTION('',(-1.,3.03169106637745E-28,2.85438926770795E-15));
#5022=DIRECTION('',(-3.03366321864051E-28,1.,-5.52475235208885E-29));
#5023=DIRECTION('',(1.,-3.03169106637745E-28,-2.85438926770795E-15));
#5024=DIRECTION('center_axis',(-3.03366321864049E-28,1.,-5.52475235208882E-29));
#5025=DIRECTION('ref_axis',(-1.,-3.03366321864013E-28,6.49652724048136E-13));
#5026=DIRECTION('center_axis',(3.03366321864051E-28,-1.,5.52475235208885E-29));
#5027=DIRECTION('ref_axis',(4.10782519111314E-15,-5.52475235208873E-29,
-1.));
#5028=DIRECTION('center_axis',(3.03366321864051E-28,-1.,5.52475235208885E-29));
#5029=DIRECTION('ref_axis',(4.10782519111314E-15,-5.52475235208873E-29,
-1.));
#5030=DIRECTION('center_axis',(-1.,3.03366321864049E-28,4.10782519111312E-15));
#5031=DIRECTION('ref_axis',(4.10782519111312E-15,-5.5247523520893E-29,1.));
#5032=DIRECTION('',(1.,-3.03366321864049E-28,-4.10782519111312E-15));
#5033=DIRECTION('center_axis',(1.,-3.03366321864051E-28,-4.10782519111314E-15));
#5034=DIRECTION('ref_axis',(-4.10782519111314E-15,5.5247523520893E-29,-1.));
#5035=DIRECTION('center_axis',(1.,-3.03366321864049E-28,-4.10782519111312E-15));
#5036=DIRECTION('ref_axis',(-4.10782519111312E-15,5.5247523520893E-29,-1.));
#5037=DIRECTION('center_axis',(-1.,3.03366321864049E-28,4.10782519111312E-15));
#5038=DIRECTION('ref_axis',(4.10782519111312E-15,-5.5247523520893E-29,1.));
#5039=DIRECTION('',(1.,-3.03366321864049E-28,-4.10782519111312E-15));
#5040=DIRECTION('center_axis',(1.,-3.03366321864051E-28,-4.10782519111314E-15));
#5041=DIRECTION('ref_axis',(-4.10782519111314E-15,5.5247523520893E-29,-1.));
#5042=DIRECTION('center_axis',(1.,-3.03366321864049E-28,-4.10782519111312E-15));
#5043=DIRECTION('ref_axis',(-4.10782519111312E-15,5.5247523520893E-29,-1.));
#5044=DIRECTION('center_axis',(-1.,3.03366321864049E-28,4.10782519111312E-15));
#5045=DIRECTION('ref_axis',(4.10782519111312E-15,-5.5247523520893E-29,1.));
#5046=DIRECTION('',(1.,-3.03366321864049E-28,-4.10782519111312E-15));
#5047=DIRECTION('center_axis',(1.,-3.03366321864051E-28,-4.10782519111314E-15));
#5048=DIRECTION('ref_axis',(-4.10782519111314E-15,5.5247523520893E-29,-1.));
#5049=DIRECTION('center_axis',(1.,-3.03366321864049E-28,-4.10782519111312E-15));
#5050=DIRECTION('ref_axis',(-4.10782519111312E-15,5.5247523520893E-29,-1.));
#5051=DIRECTION('center_axis',(1.,-3.03366321864049E-28,-4.10782519111312E-15));
#5052=DIRECTION('ref_axis',(-4.10782519111312E-15,5.5247523520893E-29,-1.));
#5053=DIRECTION('center_axis',(1.,-3.03366321864051E-28,-4.10782519111314E-15));
#5054=DIRECTION('ref_axis',(-4.10782519111314E-15,5.5247523520893E-29,-1.));
#5055=DIRECTION('center_axis',(-1.,3.03366321864051E-28,4.10782519111314E-15));
#5056=DIRECTION('ref_axis',(4.10782519111314E-15,-5.5247523520893E-29,1.));
#5057=DIRECTION('center_axis',(-1.,3.03366321864049E-28,4.48493899023851E-15));
#5058=DIRECTION('ref_axis',(4.48493899023851E-15,-5.52475235208931E-29,
1.));
#5059=DIRECTION('center_axis',(1.,-2.891205793295E-15,-4.10782519111314E-15));
#5060=DIRECTION('ref_axis',(2.891205793295E-15,1.,-6.7124091511278E-29));
#5061=DIRECTION('center_axis',(-1.,3.03366321864051E-28,4.10782519111314E-15));
#5062=DIRECTION('ref_axis',(4.10782519111314E-15,-5.5247523520893E-29,1.));
#5063=DIRECTION('center_axis',(-4.10782519111314E-15,-5.52475235208905E-29,
1.));
#5064=DIRECTION('ref_axis',(1.,-3.03366321864051E-28,4.10782519111314E-15));
#5065=DIRECTION('center_axis',(-4.10782519111314E-15,-5.52475235208905E-29,
1.));
#5066=DIRECTION('ref_axis',(1.,-3.03366321864051E-28,4.10782519111314E-15));
#5067=DIRECTION('center_axis',(4.10782519111314E-15,2.89120579329476E-15,
-1.));
#5068=DIRECTION('ref_axis',(-3.15223887345655E-28,1.,2.89120579329476E-15));
#5069=DIRECTION('center_axis',(-5.78241158658936E-15,0.,1.));
#5070=DIRECTION('ref_axis',(1.,0.,2.89120579329468E-15));
#5071=DIRECTION('center_axis',(-3.03366321864051E-28,1.,-5.52475235208885E-29));
#5072=DIRECTION('ref_axis',(-4.10782519111314E-15,5.52475235208873E-29,
1.));
#5073=DIRECTION('center_axis',(-1.,3.03366321864051E-28,4.10782519111314E-15));
#5074=DIRECTION('ref_axis',(4.10782519111314E-15,-5.5247523520893E-29,1.));
#5075=DIRECTION('center_axis',(-4.10782519111314E-15,-5.52475235208905E-29,
1.));
#5076=DIRECTION('ref_axis',(1.,-3.03366321864051E-28,4.10782519111314E-15));
#5077=DIRECTION('center_axis',(-4.10782519111314E-15,-5.52475235208905E-29,
1.));
#5078=DIRECTION('ref_axis',(1.,-3.03366321864051E-28,4.10782519111314E-15));
#5079=DIRECTION('center_axis',(1.,3.6140072416153E-16,-4.48493899023853E-15));
#5080=DIRECTION('ref_axis',(-4.48493899023853E-15,5.22783815232961E-29,
-1.));
#5081=DIRECTION('center_axis',(3.03366321864049E-28,-1.,5.52475235208882E-29));
#5082=DIRECTION('ref_axis',(1.,0.,-8.38790502464598E-15));
#5083=DIRECTION('center_axis',(-5.78241158658936E-15,0.,1.));
#5084=DIRECTION('ref_axis',(1.,0.,2.89120579329468E-15));
#5085=DIRECTION('center_axis',(-3.03366321864051E-28,1.,-5.52475235208885E-29));
#5086=DIRECTION('ref_axis',(-4.10782519111314E-15,5.52475235208873E-29,
1.));
#5087=DIRECTION('center_axis',(3.03366321864049E-28,-1.,5.52475235208882E-29));
#5088=DIRECTION('ref_axis',(4.10782519111314E-15,-5.5247523520887E-29,-1.));
#5089=DIRECTION('center_axis',(3.03366321864051E-28,-1.,5.52475235208885E-29));
#5090=DIRECTION('ref_axis',(4.10782519111314E-15,-5.52475235208873E-29,
-1.));
#5091=DIRECTION('center_axis',(1.,-3.03366321864049E-28,-4.10782519111312E-15));
#5092=DIRECTION('ref_axis',(-4.10782519111312E-15,5.5247523520893E-29,-1.));
#5093=DIRECTION('center_axis',(1.,-3.03366321864051E-28,-4.10782519111314E-15));
#5094=DIRECTION('ref_axis',(-4.10782519111314E-15,5.5247523520893E-29,-1.));
#5095=DIRECTION('center_axis',(4.10782519111314E-15,5.52475235208905E-29,
-1.));
#5096=DIRECTION('ref_axis',(-1.,3.03366321864051E-28,-4.10782519111314E-15));
#5097=DIRECTION('center_axis',(-4.10782519111314E-15,-5.52475235208905E-29,
1.));
#5098=DIRECTION('ref_axis',(1.,-3.03366321864051E-28,4.10782519111314E-15));
#5099=DIRECTION('center_axis',(4.10782519111314E-15,5.52475235208905E-29,
-1.));
#5100=DIRECTION('ref_axis',(-1.,3.03366321864051E-28,-4.10782519111314E-15));
#5101=DIRECTION('center_axis',(4.10782519111314E-15,5.52475235208905E-29,
-1.));
#5102=DIRECTION('ref_axis',(-1.,3.03366321864051E-28,-4.10782519111314E-15));
#5103=DIRECTION('center_axis',(-1.,3.03366321864049E-28,4.48493899023851E-15));
#5104=DIRECTION('ref_axis',(4.48493899023851E-15,-5.52475235208931E-29,
1.));
#5105=DIRECTION('center_axis',(1.,-5.78241158658965E-15,-4.10782519111314E-15));
#5106=DIRECTION('ref_axis',(5.78241158658965E-15,1.,-7.90006595016666E-29));
#5107=DIRECTION('center_axis',(3.03366321864049E-28,-1.,5.52475235208882E-29));
#5108=DIRECTION('ref_axis',(4.10782519111314E-15,-5.5247523520887E-29,-1.));
#5109=DIRECTION('center_axis',(3.03366321864051E-28,-1.,5.52475235208885E-29));
#5110=DIRECTION('ref_axis',(4.10782519111314E-15,-5.52475235208873E-29,
-1.));
#5111=DIRECTION('center_axis',(1.,-3.03366321864049E-28,-4.10782519111312E-15));
#5112=DIRECTION('ref_axis',(-4.10782519111312E-15,5.5247523520893E-29,-1.));
#5113=DIRECTION('center_axis',(-1.,3.03366321864051E-28,4.10782519111314E-15));
#5114=DIRECTION('ref_axis',(4.10782519111314E-15,-5.5247523520893E-29,1.));
#5115=DIRECTION('center_axis',(4.10782519111314E-15,5.52475235208905E-29,
-1.));
#5116=DIRECTION('ref_axis',(-1.,3.03366321864051E-28,-4.10782519111314E-15));
#5117=DIRECTION('center_axis',(-3.73071139198774E-15,-5.52475235208906E-29,
1.));
#5118=DIRECTION('ref_axis',(1.,-3.03366321864052E-28,3.73071139198774E-15));
#5119=DIRECTION('center_axis',(4.10782519111314E-15,5.52475235208905E-29,
-1.));
#5120=DIRECTION('ref_axis',(-1.,3.03366321864051E-28,-4.10782519111314E-15));
#5121=DIRECTION('center_axis',(-1.,3.03366321864049E-28,4.10782519111312E-15));
#5122=DIRECTION('ref_axis',(4.10782519111312E-15,-5.5247523520893E-29,1.));
#5123=DIRECTION('center_axis',(-1.,3.03366321864051E-28,4.10782519111314E-15));
#5124=DIRECTION('ref_axis',(4.10782519111314E-15,-5.5247523520893E-29,1.));
#5125=DIRECTION('center_axis',(0.,0.,1.));
#5126=DIRECTION('ref_axis',(1.,0.,3.97540796578018E-15));
#5127=DIRECTION('center_axis',(4.10782519111314E-15,5.52475235208905E-29,
-1.));
#5128=DIRECTION('ref_axis',(-1.,3.03366321864051E-28,-4.10782519111314E-15));
#5129=DIRECTION('center_axis',(-3.03366321864051E-28,1.,-5.52475235208885E-29));
#5130=DIRECTION('ref_axis',(-4.10782519111314E-15,5.52475235208873E-29,
1.));
#5131=DIRECTION('center_axis',(4.10782519111314E-15,5.52475235208905E-29,
-1.));
#5132=DIRECTION('ref_axis',(-1.,0.,-3.85494105772624E-15));
#5133=DIRECTION('center_axis',(1.,-3.03366321864051E-28,-4.10782519111314E-15));
#5134=DIRECTION('ref_axis',(-4.10782519111314E-15,5.5247523520893E-29,-1.));
#5135=DIRECTION('center_axis',(-5.78241158658936E-15,0.,1.));
#5136=DIRECTION('ref_axis',(1.,0.,2.89120579329468E-15));
#5137=DIRECTION('center_axis',(-3.03366321864051E-28,1.,-5.52475235208885E-29));
#5138=DIRECTION('ref_axis',(-4.10782519111314E-15,5.52475235208873E-29,
1.));
#5139=DIRECTION('center_axis',(-5.78241158658936E-15,0.,1.));
#5140=DIRECTION('ref_axis',(1.,0.,2.89120579329468E-15));
#5141=DIRECTION('center_axis',(-3.03366321864051E-28,1.,-5.52475235208885E-29));
#5142=DIRECTION('ref_axis',(-4.10782519111314E-15,5.52475235208873E-29,
1.));
#5143=DIRECTION('center_axis',(-3.73071139198774E-15,-5.52475235208906E-29,
1.));
#5144=DIRECTION('ref_axis',(1.,0.,3.85494105772624E-15));
#5145=DIRECTION('center_axis',(1.,-3.03366321864051E-28,-4.10782519111314E-15));
#5146=DIRECTION('ref_axis',(-4.10782519111314E-15,5.5247523520893E-29,-1.));
#5147=DIRECTION('center_axis',(0.,0.,1.));
#5148=DIRECTION('ref_axis',(1.,0.,3.97540796578018E-15));
#5149=DIRECTION('center_axis',(-3.03366321864051E-28,1.,-5.52475235208885E-29));
#5150=DIRECTION('ref_axis',(-4.10782519111314E-15,5.52475235208873E-29,
1.));
#5151=DIRECTION('center_axis',(-4.83062663943682E-15,-5.52475235208903E-29,
1.));
#5152=DIRECTION('ref_axis',(1.,-3.03366321864051E-28,4.83062663943682E-15));
#5153=DIRECTION('center_axis',(3.03366321864049E-28,-1.,5.52475235208882E-29));
#5154=DIRECTION('ref_axis',(1.,0.,-3.05883450644523E-15));
#5155=DIRECTION('center_axis',(1.,-3.03366321864049E-28,-4.10782519111312E-15));
#5156=DIRECTION('ref_axis',(-4.10782519111312E-15,5.5247523520893E-29,-1.));
#5157=DIRECTION('center_axis',(-1.,3.03366321864051E-28,4.10782519111314E-15));
#5158=DIRECTION('ref_axis',(4.10782519111314E-15,-5.5247523520893E-29,1.));
#5159=DIRECTION('center_axis',(-3.03366321864049E-28,1.,-5.52475235208882E-29));
#5160=DIRECTION('ref_axis',(-4.10782519111314E-15,5.5247523520887E-29,1.));
#5161=DIRECTION('center_axis',(3.03366321864051E-28,-1.,5.52475235208885E-29));
#5162=DIRECTION('ref_axis',(4.10782519111314E-15,-5.52475235208873E-29,
-1.));
#5163=DIRECTION('center_axis',(-4.10782519111314E-15,-5.52475235208905E-29,
1.));
#5164=DIRECTION('ref_axis',(1.,-3.03366321864051E-28,4.10782519111314E-15));
#5165=DIRECTION('center_axis',(-4.10782519111314E-15,-5.52475235208905E-29,
1.));
#5166=DIRECTION('ref_axis',(1.,-3.03366321864051E-28,4.10782519111314E-15));
#5167=DIRECTION('center_axis',(1.,-3.03366321864049E-28,-4.10782519111312E-15));
#5168=DIRECTION('ref_axis',(-4.10782519111312E-15,5.5247523520893E-29,-1.));
#5169=DIRECTION('center_axis',(-1.,3.03366321864051E-28,4.10782519111314E-15));
#5170=DIRECTION('ref_axis',(4.10782519111314E-15,-5.5247523520893E-29,1.));
#5171=DIRECTION('center_axis',(3.03366321864049E-28,-1.,5.52475235208882E-29));
#5172=DIRECTION('ref_axis',(-1.,0.,8.02296947556643E-13));
#5173=DIRECTION('center_axis',(1.,-3.03169106637744E-28,-2.85438926770793E-15));
#5174=DIRECTION('ref_axis',(-2.85438926770793E-15,5.52475235208928E-29,
-1.));
#5175=DIRECTION('center_axis',(1.,-3.03366321864051E-28,-4.10782519111314E-15));
#5176=DIRECTION('ref_axis',(-4.10782519111314E-15,5.5247523520893E-29,-1.));
#5177=DIRECTION('center_axis',(-1.,3.03169106637744E-28,2.85438926770793E-15));
#5178=DIRECTION('ref_axis',(2.85438926770793E-15,-5.52475235208928E-29,
1.));
#5179=DIRECTION('center_axis',(1.,-3.03366321864051E-28,-4.10782519111314E-15));
#5180=DIRECTION('ref_axis',(-4.10782519111314E-15,5.5247523520893E-29,-1.));
#5181=DIRECTION('center_axis',(3.03366321864049E-28,-1.,5.52475235208882E-29));
#5182=DIRECTION('ref_axis',(4.10782519111314E-15,-5.5247523520887E-29,-1.));
#5183=DIRECTION('center_axis',(3.03366321864051E-28,-1.,5.52475235208885E-29));
#5184=DIRECTION('ref_axis',(4.10782519111314E-15,-5.52475235208873E-29,
-1.));
#5185=DIRECTION('center_axis',(-4.10782519111314E-15,-5.52475235208905E-29,
1.));
#5186=DIRECTION('ref_axis',(1.,-3.03366321864051E-28,4.10782519111314E-15));
#5187=DIRECTION('center_axis',(-3.73071139198774E-15,-5.52475235208906E-29,
1.));
#5188=DIRECTION('ref_axis',(1.,-3.03366321864052E-28,3.73071139198774E-15));
#5189=DIRECTION('center_axis',(4.10782519111314E-15,5.52475235208905E-29,
-1.));
#5190=DIRECTION('ref_axis',(-1.,3.03366321864051E-28,-4.10782519111314E-15));
#5191=DIRECTION('center_axis',(3.03366321864049E-28,-1.,5.52475235208882E-29));
#5192=DIRECTION('ref_axis',(4.10782519111314E-15,-5.5247523520887E-29,-1.));
#5193=DIRECTION('center_axis',(3.03366321864051E-28,-1.,5.52475235208885E-29));
#5194=DIRECTION('ref_axis',(4.10782519111314E-15,-5.52475235208873E-29,
-1.));
#5195=DIRECTION('center_axis',(-1.,3.03366321864049E-28,4.48493899023851E-15));
#5196=DIRECTION('ref_axis',(4.48493899023851E-15,-5.52475235208931E-29,
1.));
#5197=DIRECTION('center_axis',(-1.,3.03366321864051E-28,4.10782519111314E-15));
#5198=DIRECTION('ref_axis',(4.10782519111314E-15,-5.5247523520893E-29,1.));
#5199=DIRECTION('center_axis',(-4.10782519111314E-15,-5.52475235208905E-29,
1.));
#5200=DIRECTION('ref_axis',(1.,-3.03366321864051E-28,4.10782519111314E-15));
#5201=DIRECTION('center_axis',(4.10782519111314E-15,5.52475235208905E-29,
-1.));
#5202=DIRECTION('ref_axis',(-1.,3.03366321864051E-28,-4.10782519111314E-15));
#5203=DIRECTION('center_axis',(-3.03366321864049E-28,1.,-5.52475235208882E-29));
#5204=DIRECTION('ref_axis',(-4.10782519111314E-15,5.5247523520887E-29,1.));
#5205=DIRECTION('center_axis',(3.03366321864051E-28,-1.,5.52475235208885E-29));
#5206=DIRECTION('ref_axis',(4.10782519111314E-15,-5.52475235208873E-29,
-1.));
#5207=DIRECTION('center_axis',(-1.,3.03366321864049E-28,4.10782519111312E-15));
#5208=DIRECTION('ref_axis',(4.10782519111312E-15,-5.5247523520893E-29,1.));
#5209=DIRECTION('center_axis',(-1.,3.03366321864051E-28,4.10782519111314E-15));
#5210=DIRECTION('ref_axis',(4.10782519111314E-15,-5.5247523520893E-29,1.));
#5211=DIRECTION('center_axis',(0.,0.,1.));
#5212=DIRECTION('ref_axis',(1.,0.,3.97540796578018E-15));
#5213=DIRECTION('center_axis',(4.10782519111314E-15,5.52475235208905E-29,
-1.));
#5214=DIRECTION('ref_axis',(-1.,3.03366321864051E-28,-4.10782519111314E-15));
#5215=DIRECTION('center_axis',(0.,0.,1.));
#5216=DIRECTION('ref_axis',(1.,0.,2.89120579329468E-15));
#5217=DIRECTION('center_axis',(-3.03366321864051E-28,1.,-5.52475235208885E-29));
#5218=DIRECTION('ref_axis',(-4.10782519111314E-15,5.52475235208873E-29,
1.));
#5219=DIRECTION('center_axis',(4.10782519111314E-15,5.52475235208905E-29,
-1.));
#5220=DIRECTION('ref_axis',(-1.,0.,-3.85494105772624E-15));
#5221=DIRECTION('center_axis',(-1.,3.03366321864051E-28,4.10782519111314E-15));
#5222=DIRECTION('ref_axis',(4.10782519111314E-15,-5.5247523520893E-29,1.));
#5223=DIRECTION('center_axis',(0.,0.,1.));
#5224=DIRECTION('ref_axis',(1.,0.,3.97540796578016E-15));
#5225=DIRECTION('center_axis',(-3.03341669960763E-28,1.,-5.52475235208882E-29));
#5226=DIRECTION('ref_axis',(-4.10782519111314E-15,5.5247523520887E-29,1.));
#5227=DIRECTION('center_axis',(6.63763026024598E-15,5.52475235208896E-29,
-1.));
#5228=DIRECTION('ref_axis',(-1.,3.03169106637745E-28,-6.63763026024598E-15));
#5229=DIRECTION('center_axis',(3.03366321864049E-28,-1.,5.52475235208882E-29));
#5230=DIRECTION('ref_axis',(-1.,0.,8.07626018074844E-13));
#5231=DIRECTION('center_axis',(0.,0.,1.));
#5232=DIRECTION('ref_axis',(1.,0.,3.97540796578016E-15));
#5233=DIRECTION('center_axis',(-4.10782519111314E-15,3.61400724161784E-16,
1.));
#5234=DIRECTION('ref_axis',(3.01542081020727E-28,-1.,3.61400724161784E-16));
#5235=DIRECTION('center_axis',(-3.03366321864051E-28,1.,-5.52475235208885E-29));
#5236=DIRECTION('ref_axis',(-4.10782519111314E-15,5.52475235208873E-29,
1.));
#5237=DIRECTION('center_axis',(-3.73071139198774E-15,-5.52475235208906E-29,
1.));
#5238=DIRECTION('ref_axis',(1.,0.,3.85494105772624E-15));
#5239=DIRECTION('center_axis',(-1.,3.03366321864051E-28,4.10782519111314E-15));
#5240=DIRECTION('ref_axis',(4.10782519111314E-15,-5.5247523520893E-29,1.));
#5241=DIRECTION('center_axis',(0.,0.,1.));
#5242=DIRECTION('ref_axis',(1.,0.,2.89120579329468E-15));
#5243=DIRECTION('center_axis',(-3.03366321864051E-28,1.,-5.52475235208885E-29));
#5244=DIRECTION('ref_axis',(-4.10782519111314E-15,5.52475235208873E-29,
1.));
#5245=DIRECTION('center_axis',(0.,0.,1.));
#5246=DIRECTION('ref_axis',(1.,0.,3.97540796578018E-15));
#5247=DIRECTION('center_axis',(-4.10782519111314E-15,7.22801448323627E-16,
1.));
#5248=DIRECTION('ref_axis',(3.00629960599065E-28,-1.,7.22801448323627E-16));
#5249=DIRECTION('center_axis',(4.10782519111314E-15,5.52475235208905E-29,
-1.));
#5250=DIRECTION('ref_axis',(-1.,3.03366321864051E-28,-4.10782519111314E-15));
#5251=DIRECTION('center_axis',(-4.10782519111314E-15,-5.52475235208905E-29,
1.));
#5252=DIRECTION('ref_axis',(1.,-3.03366321864051E-28,4.10782519111314E-15));
#5253=DIRECTION('center_axis',(3.03366321864049E-28,-1.,5.52475235208882E-29));
#5254=DIRECTION('ref_axis',(4.10782519111314E-15,-5.5247523520887E-29,-1.));
#5255=DIRECTION('center_axis',(3.03366321864051E-28,-1.,5.52475235208885E-29));
#5256=DIRECTION('ref_axis',(4.10782519111314E-15,-5.52475235208873E-29,
-1.));
#5257=DIRECTION('center_axis',(1.,-3.03366321864049E-28,-4.10782519111312E-15));
#5258=DIRECTION('ref_axis',(-4.10782519111312E-15,5.5247523520893E-29,-1.));
#5259=DIRECTION('center_axis',(1.,-3.03366321864051E-28,-4.10782519111314E-15));
#5260=DIRECTION('ref_axis',(-4.10782519111314E-15,5.5247523520893E-29,-1.));
#5261=DIRECTION('center_axis',(4.10782519111314E-15,5.52475235208905E-29,
-1.));
#5262=DIRECTION('ref_axis',(-1.,3.03366321864051E-28,-4.10782519111314E-15));
#5263=DIRECTION('center_axis',(-4.10782519111314E-15,-5.52475235208905E-29,
1.));
#5264=DIRECTION('ref_axis',(1.,-3.03366321864051E-28,4.10782519111314E-15));
#5265=DIRECTION('center_axis',(-3.03366321864049E-28,1.,-5.52475235208882E-29));
#5266=DIRECTION('ref_axis',(-4.10782519111314E-15,5.5247523520887E-29,1.));
#5267=DIRECTION('center_axis',(3.03366321864051E-28,-1.,5.52475235208885E-29));
#5268=DIRECTION('ref_axis',(4.10782519111314E-15,-5.52475235208873E-29,
-1.));
#5269=DIRECTION('center_axis',(1.,-3.03169106637744E-28,-2.85438926770793E-15));
#5270=DIRECTION('ref_axis',(-2.85438926770793E-15,5.52475235208928E-29,
-1.));
#5271=DIRECTION('center_axis',(1.,-3.03366321864051E-28,-4.10782519111314E-15));
#5272=DIRECTION('ref_axis',(-4.10782519111314E-15,5.5247523520893E-29,-1.));
#5273=DIRECTION('center_axis',(-1.,3.03169106637744E-28,2.85438926770793E-15));
#5274=DIRECTION('ref_axis',(2.85438926770793E-15,-5.52475235208928E-29,
1.));
#5275=DIRECTION('center_axis',(1.,-3.03366321864051E-28,-4.10782519111314E-15));
#5276=DIRECTION('ref_axis',(-4.10782519111314E-15,5.5247523520893E-29,-1.));
#5277=DIRECTION('center_axis',(3.03366321864049E-28,-1.,5.52475235208882E-29));
#5278=DIRECTION('ref_axis',(4.10782519111314E-15,-5.5247523520887E-29,-1.));
#5279=DIRECTION('center_axis',(3.03366321864051E-28,-1.,5.52475235208885E-29));
#5280=DIRECTION('ref_axis',(4.10782519111314E-15,-5.52475235208873E-29,
-1.));
#5281=DIRECTION('center_axis',(4.10782519111314E-15,5.52475235208905E-29,
-1.));
#5282=DIRECTION('ref_axis',(-1.,3.03366321864051E-28,-4.10782519111314E-15));
#5283=DIRECTION('center_axis',(4.10782519111314E-15,5.52475235208905E-29,
-1.));
#5284=DIRECTION('ref_axis',(-1.,3.03366321864051E-28,-4.10782519111314E-15));
#5285=DIRECTION('center_axis',(-1.,3.03366321864049E-28,4.48493899023851E-15));
#5286=DIRECTION('ref_axis',(4.48493899023851E-15,-5.52475235208931E-29,
1.));
#5287=DIRECTION('center_axis',(1.,-3.03366321864051E-28,-4.10782519111314E-15));
#5288=DIRECTION('ref_axis',(-4.10782519111314E-15,5.5247523520893E-29,-1.));
#5289=DIRECTION('center_axis',(3.03366321864049E-28,-1.,5.52475235208882E-29));
#5290=DIRECTION('ref_axis',(4.10782519111314E-15,-5.5247523520887E-29,-1.));
#5291=DIRECTION('center_axis',(3.03366321864051E-28,-1.,5.52475235208885E-29));
#5292=DIRECTION('ref_axis',(4.10782519111314E-15,-5.52475235208873E-29,
-1.));
#5293=DIRECTION('center_axis',(4.10782519111314E-15,5.52475235208905E-29,
-1.));
#5294=DIRECTION('ref_axis',(-1.,3.03366321864051E-28,-4.10782519111314E-15));
#5295=DIRECTION('center_axis',(4.10782519111314E-15,5.52475235208905E-29,
-1.));
#5296=DIRECTION('ref_axis',(-1.,3.03366321864051E-28,-4.10782519111314E-15));
#5297=DIRECTION('center_axis',(0.,0.,1.));
#5298=DIRECTION('ref_axis',(1.,0.,2.89120579329468E-15));
#5299=DIRECTION('center_axis',(-1.,3.03366321864051E-28,4.10782519111314E-15));
#5300=DIRECTION('ref_axis',(4.10782519111314E-15,-5.5247523520893E-29,1.));
#5301=DIRECTION('center_axis',(0.,0.,1.));
#5302=DIRECTION('ref_axis',(1.,0.,2.89120579329466E-15));
#5303=DIRECTION('center_axis',(-3.03366321864051E-28,1.,-5.52475235208885E-29));
#5304=DIRECTION('ref_axis',(-4.10782519111314E-15,5.52475235208873E-29,
1.));
#5305=DIRECTION('center_axis',(0.,0.,1.));
#5306=DIRECTION('ref_axis',(1.,0.,3.97540796578016E-15));
#5307=DIRECTION('center_axis',(4.10782519111314E-15,2.5298050691329E-15,
-1.));
#5308=DIRECTION('ref_axis',(-3.13399646502331E-28,1.,2.5298050691329E-15));
#5309=DIRECTION('center_axis',(0.,0.,1.));
#5310=DIRECTION('ref_axis',(1.,0.,3.97540796578016E-15));
#5311=DIRECTION('center_axis',(-4.46922591527497E-15,-5.52475235208904E-29,
1.));
#5312=DIRECTION('ref_axis',(1.,-3.03169106637745E-28,4.46922591527497E-15));
#5313=DIRECTION('center_axis',(0.,0.,1.));
#5314=DIRECTION('ref_axis',(1.,0.,2.89120579329466E-15));
#5315=DIRECTION('center_axis',(-3.03366321864051E-28,1.,-5.52475235208885E-29));
#5316=DIRECTION('ref_axis',(-4.10782519111314E-15,5.52475235208873E-29,
1.));
#5317=DIRECTION('center_axis',(0.,0.,1.));
#5318=DIRECTION('ref_axis',(1.,0.,2.89120579329468E-15));
#5319=DIRECTION('center_axis',(-1.,3.03366321864051E-28,4.10782519111314E-15));
#5320=DIRECTION('ref_axis',(4.10782519111314E-15,-5.5247523520893E-29,1.));
#5321=DIRECTION('center_axis',(-1.,3.03366321864049E-28,4.10782519111312E-15));
#5322=DIRECTION('ref_axis',(4.10782519111312E-15,-5.5247523520893E-29,1.));
#5323=DIRECTION('center_axis',(1.,-3.03366321864051E-28,-4.10782519111314E-15));
#5324=DIRECTION('ref_axis',(-4.10782519111314E-15,5.5247523520893E-29,-1.));
#5325=DIRECTION('center_axis',(3.03366321864049E-28,-1.,5.52475235208882E-29));
#5326=DIRECTION('ref_axis',(4.10782519111314E-15,-5.5247523520887E-29,-1.));
#5327=DIRECTION('center_axis',(3.03366321864051E-28,-1.,5.52475235208885E-29));
#5328=DIRECTION('ref_axis',(4.10782519111314E-15,-5.52475235208873E-29,
-1.));
#5329=DIRECTION('center_axis',(-4.10782519111314E-15,-5.52475235208905E-29,
1.));
#5330=DIRECTION('ref_axis',(1.,-3.03366321864051E-28,4.10782519111314E-15));
#5331=DIRECTION('center_axis',(-4.10782519111314E-15,-5.52475235208905E-29,
1.));
#5332=DIRECTION('ref_axis',(1.,-3.03366321864051E-28,4.10782519111314E-15));
#5333=DIRECTION('center_axis',(-4.10782519111314E-15,-5.52475235208905E-29,
1.));
#5334=DIRECTION('ref_axis',(1.,-3.03366321864051E-28,4.10782519111314E-15));
#5335=DIRECTION('center_axis',(4.10782519111314E-15,5.52475235208905E-29,
-1.));
#5336=DIRECTION('ref_axis',(-1.,3.03366321864051E-28,-4.10782519111314E-15));
#5337=DIRECTION('center_axis',(3.03366321864049E-28,-1.,5.52475235208882E-29));
#5338=DIRECTION('ref_axis',(4.10782519111314E-15,-5.5247523520887E-29,-1.));
#5339=DIRECTION('center_axis',(3.03366321864051E-28,-1.,5.52475235208885E-29));
#5340=DIRECTION('ref_axis',(4.10782519111314E-15,-5.52475235208873E-29,
-1.));
#5341=DIRECTION('center_axis',(1.,-3.03366321864049E-28,-4.48493899023851E-15));
#5342=DIRECTION('ref_axis',(-4.48493899023851E-15,5.52475235208931E-29,
-1.));
#5343=DIRECTION('center_axis',(1.,-3.03366321864051E-28,-4.10782519111314E-15));
#5344=DIRECTION('ref_axis',(-4.10782519111314E-15,5.5247523520893E-29,-1.));
#5345=DIRECTION('center_axis',(-4.10782519111314E-15,-5.52475235208905E-29,
1.));
#5346=DIRECTION('ref_axis',(1.,-3.03366321864051E-28,4.10782519111314E-15));
#5347=DIRECTION('center_axis',(4.10782519111314E-15,5.52475235208905E-29,
-1.));
#5348=DIRECTION('ref_axis',(-1.,3.03366321864051E-28,-4.10782519111314E-15));
#5349=DIRECTION('center_axis',(-3.73071139198774E-15,-5.52475235208906E-29,
1.));
#5350=DIRECTION('ref_axis',(1.,-3.03366321864052E-28,3.73071139198774E-15));
#5351=DIRECTION('center_axis',(4.10782519111314E-15,5.52475235208905E-29,
-1.));
#5352=DIRECTION('ref_axis',(-1.,0.,-3.85494105772624E-15));
#5353=DIRECTION('center_axis',(0.,0.,1.));
#5354=DIRECTION('ref_axis',(1.,0.,2.89120579329466E-15));
#5355=DIRECTION('center_axis',(1.,-3.03366321864051E-28,-4.10782519111314E-15));
#5356=DIRECTION('ref_axis',(-4.10782519111314E-15,5.5247523520893E-29,-1.));
#5357=DIRECTION('center_axis',(0.,0.,1.));
#5358=DIRECTION('ref_axis',(1.,0.,2.89120579329466E-15));
#5359=DIRECTION('center_axis',(1.,-3.03366321864051E-28,-4.10782519111314E-15));
#5360=DIRECTION('ref_axis',(-4.10782519111314E-15,5.5247523520893E-29,-1.));
#5361=DIRECTION('center_axis',(-3.73071139198774E-15,-5.52475235208906E-29,
1.));
#5362=DIRECTION('ref_axis',(1.,0.,3.85494105772624E-15));
#5363=DIRECTION('center_axis',(-1.,3.03366321864049E-28,4.10782519111312E-15));
#5364=DIRECTION('ref_axis',(4.10782519111312E-15,-5.5247523520893E-29,1.));
#5365=DIRECTION('center_axis',(-1.,3.03366321864051E-28,4.10782519111314E-15));
#5366=DIRECTION('ref_axis',(4.10782519111314E-15,-5.5247523520893E-29,1.));
#5367=DIRECTION('center_axis',(4.10782519111314E-15,5.52475235208905E-29,
-1.));
#5368=DIRECTION('ref_axis',(-1.,3.03366321864051E-28,-4.10782519111314E-15));
#5369=DIRECTION('center_axis',(-3.73071139198774E-15,-5.52475235208906E-29,
1.));
#5370=DIRECTION('ref_axis',(1.,-3.03366321864052E-28,3.73071139198774E-15));
#5371=DIRECTION('center_axis',(4.10782519111314E-15,5.52475235208905E-29,
-1.));
#5372=DIRECTION('ref_axis',(-1.,3.03366321864051E-28,-4.10782519111314E-15));
#5373=DIRECTION('center_axis',(1.,-3.03366321864049E-28,-4.48493899023851E-15));
#5374=DIRECTION('ref_axis',(-4.48493899023851E-15,5.52475235208931E-29,
-1.));
#5375=DIRECTION('center_axis',(-1.,3.03366321864051E-28,4.10782519111314E-15));
#5376=DIRECTION('ref_axis',(4.10782519111314E-15,-5.5247523520893E-29,1.));
#5377=DIRECTION('center_axis',(4.10782519111314E-15,5.52475235208905E-29,
-1.));
#5378=DIRECTION('ref_axis',(-1.,3.03366321864051E-28,-4.10782519111314E-15));
#5379=DIRECTION('center_axis',(-4.10782519111314E-15,-5.52475235208905E-29,
1.));
#5380=DIRECTION('ref_axis',(1.,-3.03366321864051E-28,4.10782519111314E-15));
#5381=DIRECTION('center_axis',(4.10782519111314E-15,5.52475235208905E-29,
-1.));
#5382=DIRECTION('ref_axis',(-1.,3.03366321864051E-28,-4.10782519111314E-15));
#5383=DIRECTION('center_axis',(-5.78241158658936E-15,0.,1.));
#5384=DIRECTION('ref_axis',(1.,0.,2.89120579329468E-15));
#5385=DIRECTION('center_axis',(-1.,3.03415625670627E-28,4.10782519111314E-15));
#5386=DIRECTION('ref_axis',(4.10782519111314E-15,-5.5247523520893E-29,1.));
#5387=DIRECTION('center_axis',(4.10782519111314E-15,5.52475235208905E-29,
-1.));
#5388=DIRECTION('ref_axis',(-1.,0.,-3.85494105772624E-15));
#5389=DIRECTION('center_axis',(-3.73071139198774E-15,-5.52475235208906E-29,
1.));
#5390=DIRECTION('ref_axis',(1.,0.,3.85494105772624E-15));
#5391=DIRECTION('center_axis',(-5.78241158658936E-15,0.,1.));
#5392=DIRECTION('ref_axis',(1.,0.,2.89120579329468E-15));
#5393=DIRECTION('center_axis',(-1.,3.03366321864051E-28,4.10782519111314E-15));
#5394=DIRECTION('ref_axis',(4.10782519111314E-15,-5.5247523520893E-29,1.));
#5395=DIRECTION('center_axis',(-1.,3.03366321864049E-28,4.10782519111312E-15));
#5396=DIRECTION('ref_axis',(4.10782519111312E-15,-5.5247523520893E-29,1.));
#5397=DIRECTION('center_axis',(1.,-3.03366321864051E-28,-4.10782519111314E-15));
#5398=DIRECTION('ref_axis',(-4.10782519111314E-15,5.5247523520893E-29,-1.));
#5399=DIRECTION('center_axis',(1.,-3.03366321864049E-28,-4.48493899023851E-15));
#5400=DIRECTION('ref_axis',(-4.48493899023851E-15,5.52475235208931E-29,
-1.));
#5401=DIRECTION('center_axis',(1.,-3.03415625670627E-28,-9.89023677770234E-15));
#5402=DIRECTION('ref_axis',(-9.89023677770234E-15,5.52475235208944E-29,
-1.));
#5403=DIRECTION('center_axis',(-5.78241158658936E-15,0.,1.));
#5404=DIRECTION('ref_axis',(1.,0.,2.89120579329468E-15));
#5405=DIRECTION('center_axis',(-4.10782519111314E-15,-5.52475235208905E-29,
1.));
#5406=DIRECTION('ref_axis',(1.,-3.03366321864051E-28,4.10782519111314E-15));
#5407=DIRECTION('center_axis',(-5.78241158658936E-15,0.,1.));
#5408=DIRECTION('ref_axis',(1.,0.,2.89120579329468E-15));
#5409=DIRECTION('center_axis',(4.10782519111314E-15,5.52475235208905E-29,
-1.));
#5410=DIRECTION('ref_axis',(-1.,3.03366321864051E-28,-4.10782519111314E-15));
#5411=DIRECTION('center_axis',(-4.10782519111314E-15,-5.52475235208905E-29,
1.));
#5412=DIRECTION('ref_axis',(1.,-3.03366321864051E-28,4.10782519111314E-15));
#5413=DIRECTION('center_axis',(3.03366321864049E-28,-1.,5.52475235208882E-29));
#5414=DIRECTION('ref_axis',(4.09777199049639E-15,0.,-1.));
#5415=DIRECTION('center_axis',(-0.335195037862367,1.55763050926218E-28,
-0.942148760330579));
#5416=DIRECTION('ref_axis',(-0.942148760330579,2.65353086993714E-28,0.335195037862367));
#5417=DIRECTION('center_axis',(0.942148760330582,9.69117835351006E-16,0.335195037862359));
#5418=DIRECTION('ref_axis',(0.335195037862359,-7.01593167580937E-29,-0.942148760330582));
#5419=DIRECTION('center_axis',(0.989514806297388,0.0728174050114633,0.124732007302212));
#5420=DIRECTION('ref_axis',(0.125064016119194,-8.77770078844264E-16,-0.992148674278275));
#5421=DIRECTION('center_axis',(-0.1247320073022,0.0728174050117565,-0.989514806297368));
#5422=DIRECTION('ref_axis',(-0.992148674278276,3.15719672627779E-16,0.125064016119185));
#5423=DIRECTION('center_axis',(0.989514806297367,-0.0728174050117566,-0.124732007302209));
#5424=DIRECTION('ref_axis',(-0.125064016119194,2.70616862252382E-16,-0.992148674278275));
#5425=DIRECTION('center_axis',(0.124732007302264,-0.0728174050114325,-0.989514806297384));
#5426=DIRECTION('ref_axis',(-0.992148674278268,-8.72565908416333E-16,-0.125064016119246));
#5427=DIRECTION('center_axis',(0.942148760330578,-2.68927612970496E-28,
-0.335195037862368));
#5428=DIRECTION('ref_axis',(-0.335195037862368,1.56447141242464E-28,-0.942148760330578));
#5429=DIRECTION('center_axis',(0.335195037862375,-5.36548675066727E-29,
-0.942148760330576));
#5430=DIRECTION('ref_axis',(-0.942148760330576,3.03489581380491E-28,-0.335195037862375));
#5431=DIRECTION('center_axis',(3.03366321864049E-28,-1.,5.52475235208882E-29));
#5432=DIRECTION('ref_axis',(4.09777199049639E-15,0.,-1.));
#5433=DIRECTION('center_axis',(3.03366321864049E-28,-1.,5.52475235208882E-29));
#5434=DIRECTION('ref_axis',(4.09777199049639E-15,0.,-1.));
#5435=DIRECTION('center_axis',(0.942148760330579,-2.65353086993714E-28,
-0.335195037862366));
#5436=DIRECTION('ref_axis',(-0.335195037862366,1.55763050926218E-28,-0.942148760330579));
#5437=DIRECTION('center_axis',(3.03366321864049E-28,-1.,5.52475235208882E-29));
#5438=DIRECTION('ref_axis',(-1.,0.,-2.39270069167026E-15));
#5439=DIRECTION('center_axis',(0.989514806297367,0.0728174050117557,-0.124732007302205));
#5440=DIRECTION('ref_axis',(-0.12506401611919,-3.52148865623292E-16,-0.992148674278275));
#5441=DIRECTION('center_axis',(3.03366321864049E-28,-1.,5.52475235208882E-29));
#5442=DIRECTION('ref_axis',(4.09777199049639E-15,0.,-1.));
#5443=DIRECTION('center_axis',(-0.942148760330582,3.03489581380492E-28,
-0.335195037862359));
#5444=DIRECTION('ref_axis',(-0.335195037862359,5.36548675066675E-29,0.942148760330582));
#5445=DIRECTION('center_axis',(0.989514806297395,-0.0728174050113766,0.124732007302207));
#5446=DIRECTION('ref_axis',(0.125064016119188,8.60422844084496E-16,-0.992148674278275));
#5447=DIRECTION('center_axis',(-3.03366321864049E-28,1.,-5.52475235208882E-29));
#5448=DIRECTION('ref_axis',(-4.07282903055424E-15,0.,1.));
#5449=DIRECTION('center_axis',(-1.,-3.03366321864049E-28,-4.05472756819622E-15));
#5450=DIRECTION('ref_axis',(4.05472756819622E-15,0.,-1.));
#5451=DIRECTION('center_axis',(-3.03366321864049E-28,1.,-5.52475235208882E-29));
#5452=DIRECTION('ref_axis',(-1.,0.,-3.40334379128512E-15));
#5453=DIRECTION('center_axis',(-1.,3.03415625670626E-28,4.10782519111312E-15));
#5454=DIRECTION('ref_axis',(4.10782519111312E-15,-5.5247523520893E-29,1.));
#5455=DIRECTION('',(4.10782519111314E-15,5.52475235208905E-29,-1.));
#5456=DIRECTION('',(-3.03341669960763E-28,1.,-5.52475235208882E-29));
#5457=DIRECTION('',(4.10782519111314E-15,5.52475235208905E-29,-1.));
#5458=DIRECTION('center_axis',(3.03366321864049E-28,-1.,5.52475235208882E-29));
#5459=DIRECTION('ref_axis',(4.10782519111314E-15,-5.5247523520887E-29,-1.));
#5460=DIRECTION('',(4.10782519111314E-15,5.52475235208905E-29,-1.));
#5461=DIRECTION('',(-1.,3.03366321864051E-28,4.10782519111314E-15));
#5462=DIRECTION('center_axis',(1.,-3.03415625670626E-28,-4.10782519111312E-15));
#5463=DIRECTION('ref_axis',(-4.10782519111312E-15,5.5247523520893E-29,-1.));
#5464=DIRECTION('',(4.10782519111314E-15,5.52475235208905E-29,-1.));
#5465=DIRECTION('',(3.03341669960763E-28,-1.,5.52475235208882E-29));
#5466=DIRECTION('center_axis',(-3.03366321864049E-28,1.,-5.52475235208882E-29));
#5467=DIRECTION('ref_axis',(-4.10782519111314E-15,5.5247523520887E-29,1.));
#5468=DIRECTION('',(1.,-3.03366321864051E-28,-4.10782519111314E-15));
#5469=DIRECTION('center_axis',(4.10782519111314E-15,5.52475235208905E-29,
-1.));
#5470=DIRECTION('ref_axis',(-1.,3.03366321864049E-28,-4.10782519111314E-15));
#5471=DIRECTION('center_axis',(-3.03366321864049E-28,1.,-5.52475235208882E-29));
#5472=DIRECTION('ref_axis',(-4.10782519111314E-15,5.5247523520887E-29,1.));
#5473=DIRECTION('',(-3.73071139198774E-15,-5.52475235208906E-29,1.));
#5474=DIRECTION('',(-1.,3.03366321864051E-28,4.44630782057202E-15));
#5475=DIRECTION('',(-3.73071139198774E-15,-5.52475235208906E-29,1.));
#5476=DIRECTION('center_axis',(1.,-3.03415625670626E-28,-4.4849389902385E-15));
#5477=DIRECTION('ref_axis',(-4.4849389902385E-15,5.52475235208931E-29,-1.));
#5478=DIRECTION('',(-3.73071139198774E-15,-5.52475235208906E-29,1.));
#5479=DIRECTION('',(-3.03341669960763E-28,1.,-5.52475235208882E-29));
#5480=DIRECTION('center_axis',(3.03366321864049E-28,-1.,5.52475235208882E-29));
#5481=DIRECTION('ref_axis',(4.10782519111314E-15,-5.5247523520887E-29,-1.));
#5482=DIRECTION('',(-3.73071139198774E-15,-5.52475235208906E-29,1.));
#5483=DIRECTION('',(1.,-3.03366321864051E-28,-4.44630782057202E-15));
#5484=DIRECTION('center_axis',(-1.,3.03415625670626E-28,4.4849389902385E-15));
#5485=DIRECTION('ref_axis',(4.4849389902385E-15,-5.52475235208931E-29,1.));
#5486=DIRECTION('',(3.03341669960763E-28,-1.,5.52475235208882E-29));
#5487=DIRECTION('center_axis',(3.76934256165424E-15,5.52475235208906E-29,
-1.));
#5488=DIRECTION('ref_axis',(-1.,3.03366321864049E-28,-3.76934256165424E-15));
#5489=DIRECTION('axis',(0.,0.,1.));
#5490=DIRECTION('refdir',(1.,0.,0.));
#5491=DIRECTION('center_axis',(0.707106781186549,0.707106781186546,0.));
#5492=DIRECTION('ref_axis',(0.,0.,-1.));
#5493=DIRECTION('',(0.,0.,-1.));
#5494=DIRECTION('',(-0.707106781186546,0.707106781186549,0.));
#5495=DIRECTION('',(0.,0.,-1.));
#5496=DIRECTION('',(0.707106781186546,-0.707106781186549,0.));
#5497=DIRECTION('center_axis',(0.,0.,1.));
#5498=DIRECTION('ref_axis',(1.,0.,0.));
#5499=DIRECTION('center_axis',(0.,0.,-1.));
#5500=DIRECTION('ref_axis',(-2.22044604925031E-16,1.,0.));
#5501=DIRECTION('',(-0.707106781186549,0.707106781186546,0.));
#5502=DIRECTION('center_axis',(0.,0.,1.));
#5503=DIRECTION('ref_axis',(-0.707106781186549,-0.707106781186546,0.));
#5504=DIRECTION('center_axis',(-0.707106781186546,-0.707106781186549,0.));
#5505=DIRECTION('ref_axis',(0.,0.,1.));
#5506=DIRECTION('',(0.,0.,1.));
#5507=DIRECTION('',(0.,0.,1.));
#5508=DIRECTION('',(0.707106781186549,-0.707106781186546,0.));
#5509=DIRECTION('center_axis',(0.,0.,1.));
#5510=DIRECTION('ref_axis',(1.,0.,0.));
#5511=DIRECTION('center_axis',(0.,0.,1.));
#5512=DIRECTION('ref_axis',(-1.,0.,0.));
#5513=DIRECTION('center_axis',(0.,0.,1.));
#5514=DIRECTION('ref_axis',(-1.,0.,0.));
#5515=DIRECTION('center_axis',(0.,0.,1.));
#5516=DIRECTION('ref_axis',(-2.22044604925031E-16,1.,0.));
#5517=DIRECTION('center_axis',(0.,0.,-1.));
#5518=DIRECTION('ref_axis',(-2.22044604925031E-16,1.,0.));
#5519=DIRECTION('center_axis',(0.,0.,1.));
#5520=DIRECTION('ref_axis',(-1.,0.,0.));
#5521=DIRECTION('center_axis',(0.,0.,1.));
#5522=DIRECTION('ref_axis',(-1.,0.,0.));
#5523=DIRECTION('center_axis',(0.,0.,-1.));
#5524=DIRECTION('ref_axis',(-1.,0.,0.));
#5525=DIRECTION('',(0.,0.,-1.));
#5526=DIRECTION('',(-0.0276945532667009,-0.999616432297588,0.));
#5527=DIRECTION('',(0.999616432297588,-0.0276945532667009,0.));
#5528=DIRECTION('',(0.,0.,1.));
#5529=DIRECTION('',(1.,0.,0.));
#5530=DIRECTION('',(5.49104398526767E-29,-1.,-4.10782519111314E-15));
#5531=DIRECTION('',(-7.54227598247753E-17,4.10782519111314E-15,-1.));
#5532=DIRECTION('',(4.10782519111314E-15,1.,-1.1102230246246E-16));
#5533=DIRECTION('',(-1.,4.10782519111314E-15,3.03483418404674E-28));
#5534=DIRECTION('',(7.21644966006369E-16,1.,4.02455846426599E-16));
#5535=DIRECTION('',(-1.,7.14706072102446E-16,2.57641130652075E-14));
#5536=DIRECTION('',(-1.05958269410508E-15,1.,-2.5951463200613E-15));
#5537=DIRECTION('',(1.,1.0873382697207E-15,-6.24013369280531E-15));
#5538=CARTESIAN_POINT('',(0.,0.,0.));
#5539=CARTESIAN_POINT('',(0.,0.,0.));
#5540=CARTESIAN_POINT('Origin',(0.,0.003,0.));
#5541=CARTESIAN_POINT('',(-0.019,0.003,0.0025));
#5542=CARTESIAN_POINT('',(0.019,0.003,0.0025));
#5543=CARTESIAN_POINT('',(-0.023,0.003,0.0025));
#5544=CARTESIAN_POINT('',(0.019,0.003,-0.0025));
#5545=CARTESIAN_POINT('',(0.019,0.003,0.));
#5546=CARTESIAN_POINT('',(-0.019,0.003,-0.0025));
#5547=CARTESIAN_POINT('',(-0.023,0.003,-0.0025));
#5548=CARTESIAN_POINT('',(-0.019,0.003,0.));
#5549=CARTESIAN_POINT('',(1.38777878078144E-17,0.003,0.0016));
#5550=CARTESIAN_POINT('Origin',(1.38777878078144E-17,0.003,-4.33680868994201E-19));
#5551=CARTESIAN_POINT('Origin',(0.,0.,0.));
#5552=CARTESIAN_POINT('',(0.023,0.,0.0025));
#5553=CARTESIAN_POINT('',(0.023,0.,-0.0025));
#5554=CARTESIAN_POINT('',(0.023,0.,-0.0025));
#5555=CARTESIAN_POINT('',(-0.023,0.,0.0025));
#5556=CARTESIAN_POINT('',(-0.023,0.,0.0025));
#5557=CARTESIAN_POINT('',(-0.023,0.,-0.0025));
#5558=CARTESIAN_POINT('',(-0.023,0.,-0.0025));
#5559=CARTESIAN_POINT('',(-0.023,0.,-0.0025));
#5560=CARTESIAN_POINT('',(1.38777878078144E-17,0.,0.0016));
#5561=CARTESIAN_POINT('Origin',(1.38777878078144E-17,0.,-4.33680868994201E-19));
#5562=CARTESIAN_POINT('Origin',(0.023,0.003,-0.0025));
#5563=CARTESIAN_POINT('',(0.023,0.006,-0.0025));
#5564=CARTESIAN_POINT('',(0.023,0.003,-0.0025));
#5565=CARTESIAN_POINT('',(0.023,0.006,0.0025));
#5566=CARTESIAN_POINT('Origin',(0.023,0.006,-8.67361737988404E-19));
#5567=CARTESIAN_POINT('',(0.023,0.003,0.0025));
#5568=CARTESIAN_POINT('',(0.023,0.006,0.0016));
#5569=CARTESIAN_POINT('Origin',(0.023,0.006,-8.67361737988404E-19));
#5570=CARTESIAN_POINT('Origin',(-0.023,0.003,-0.0025));
#5571=CARTESIAN_POINT('',(-0.023,0.006,-0.0025));
#5572=CARTESIAN_POINT('',(-0.023,0.003,-0.0025));
#5573=CARTESIAN_POINT('',(-0.02,0.006,-0.0025));
#5574=CARTESIAN_POINT('',(-0.02,0.006,-0.0025));
#5575=CARTESIAN_POINT('',(-0.02,0.004,-0.0025));
#5576=CARTESIAN_POINT('',(-0.02,0.003,-0.0025));
#5577=CARTESIAN_POINT('Origin',(-0.019,0.004,-0.0025));
#5578=CARTESIAN_POINT('',(0.02,0.004,-0.0025));
#5579=CARTESIAN_POINT('Origin',(0.019,0.004,-0.0025));
#5580=CARTESIAN_POINT('',(0.02,0.006,-0.0025));
#5581=CARTESIAN_POINT('',(0.02,0.003,-0.0025));
#5582=CARTESIAN_POINT('',(0.02,0.006,-0.0025));
#5583=CARTESIAN_POINT('Origin',(-0.023,0.003,-0.0025));
#5584=CARTESIAN_POINT('',(-0.023,0.006,0.0025));
#5585=CARTESIAN_POINT('',(-0.023,0.003,0.0025));
#5586=CARTESIAN_POINT('Origin',(-0.023,0.006,-8.67361737988404E-19));
#5587=CARTESIAN_POINT('',(-0.023,0.006,-0.0016));
#5588=CARTESIAN_POINT('Origin',(-0.023,0.006,-8.67361737988404E-19));
#5589=CARTESIAN_POINT('Origin',(-0.023,0.003,0.0025));
#5590=CARTESIAN_POINT('',(0.02,0.006,0.0025));
#5591=CARTESIAN_POINT('',(0.02,0.006,0.0025));
#5592=CARTESIAN_POINT('',(0.02,0.004,0.0025));
#5593=CARTESIAN_POINT('',(0.02,0.003,0.0025));
#5594=CARTESIAN_POINT('Origin',(0.019,0.004,0.0025));
#5595=CARTESIAN_POINT('',(-0.02,0.004,0.0025));
#5596=CARTESIAN_POINT('Origin',(-0.019,0.004,0.0025));
#5597=CARTESIAN_POINT('',(-0.02,0.006,0.0025));
#5598=CARTESIAN_POINT('',(-0.02,0.003,0.0025));
#5599=CARTESIAN_POINT('',(-0.02,0.006,0.0025));
#5600=CARTESIAN_POINT('Origin',(1.38777878078144E-17,0.003,-4.33680868994201E-19));
#5601=CARTESIAN_POINT('',(1.36818443199508E-17,0.003,0.0016));
#5602=CARTESIAN_POINT('Origin',(0.02,0.006,-8.67361737988404E-19));
#5603=CARTESIAN_POINT('Origin',(0.02,0.006,-8.67361737988404E-19));
#5604=CARTESIAN_POINT('Origin',(0.02,0.006,-8.67361737988404E-19));
#5605=CARTESIAN_POINT('',(0.02,0.004,-8.67361737988404E-19));
#5606=CARTESIAN_POINT('',(0.02,0.006,0.0016));
#5607=CARTESIAN_POINT('Origin',(0.02,0.006,-8.67361737988404E-19));
#5608=CARTESIAN_POINT('Origin',(0.02,0.006,-8.67361737988404E-19));
#5609=CARTESIAN_POINT('',(0.02,0.006,0.0016));
#5610=CARTESIAN_POINT('Origin',(-0.02,0.006,-8.67361737988404E-19));
#5611=CARTESIAN_POINT('',(-0.02,0.004,-8.67361737988404E-19));
#5612=CARTESIAN_POINT('Origin',(-0.02,0.006,-8.67361737988404E-19));
#5613=CARTESIAN_POINT('',(-0.02,0.006,-0.0016));
#5614=CARTESIAN_POINT('Origin',(-0.02,0.006,-8.67361737988404E-19));
#5615=CARTESIAN_POINT('Origin',(-0.02,0.006,-8.67361737988404E-19));
#5616=CARTESIAN_POINT('Origin',(-0.02,0.006,-8.67361737988404E-19));
#5617=CARTESIAN_POINT('',(-0.02,0.006,-0.0016));
#5618=CARTESIAN_POINT('Origin',(0.019,0.004,0.));
#5619=CARTESIAN_POINT('Origin',(-0.019,0.004,-8.67361737988404E-19));
#5620=CARTESIAN_POINT('',(0.,0.,0.));
#5621=CARTESIAN_POINT('Origin',(-0.0209894299201284,0.,-0.007));
#5622=CARTESIAN_POINT('',(-0.0209894299201284,0.0173,-0.007));
#5623=CARTESIAN_POINT('',(-0.0209894299201284,0.0173,0.013));
#5624=CARTESIAN_POINT('',(-0.0209894299201284,0.0173,-0.007));
#5625=CARTESIAN_POINT('',(-0.0209894299201284,0.005,0.013));
#5626=CARTESIAN_POINT('',(-0.0209894299201284,0.005,0.013));
#5627=CARTESIAN_POINT('',(-0.0209894299201284,0.005,-0.007));
#5628=CARTESIAN_POINT('',(-0.0209894299201284,0.005,-0.007));
#5629=CARTESIAN_POINT('',(-0.0209894299201284,0.,-0.007));
#5630=CARTESIAN_POINT('',(-0.0209894299201284,0.01625,0.0115));
#5631=CARTESIAN_POINT('',(-0.0209894299201284,0.00875,0.0115));
#5632=CARTESIAN_POINT('',(-0.0209894299201284,4.27898457407613E-18,0.0115));
#5633=CARTESIAN_POINT('',(-0.0209894299201284,0.01625,0.0065));
#5634=CARTESIAN_POINT('',(-0.0209894299201284,0.01625,-0.007));
#5635=CARTESIAN_POINT('',(-0.0209894299201284,0.00875,0.0065));
#5636=CARTESIAN_POINT('',(-0.0209894299201284,1.56125112837913E-18,0.0065));
#5637=CARTESIAN_POINT('',(-0.0209894299201284,0.00875,-0.007));
#5638=CARTESIAN_POINT('Origin',(-0.02,0.025,0.02));
#5639=CARTESIAN_POINT('',(-0.023,0.005,0.02));
#5640=CARTESIAN_POINT('',(-0.02,0.005,0.023));
#5641=CARTESIAN_POINT('Origin',(-0.02,0.005,0.02));
#5642=CARTESIAN_POINT('',(-0.023,0.,0.02));
#5643=CARTESIAN_POINT('',(-0.023,0.025,0.02));
#5644=CARTESIAN_POINT('',(-0.02,0.,0.023));
#5645=CARTESIAN_POINT('Origin',(-0.02,0.,0.02));
#5646=CARTESIAN_POINT('',(-0.02,0.025,0.023));
#5647=CARTESIAN_POINT('Origin',(0.023,0.025,-0.023));
#5648=CARTESIAN_POINT('',(0.023,0.,0.013));
#5649=CARTESIAN_POINT('',(0.023,0.,-0.02));
#5650=CARTESIAN_POINT('',(0.023,0.,-0.023));
#5651=CARTESIAN_POINT('',(0.023,0.025,-0.02));
#5652=CARTESIAN_POINT('',(0.023,0.025,-0.02));
#5653=CARTESIAN_POINT('',(0.023,0.025,-0.0016));
#5654=CARTESIAN_POINT('',(0.023,0.025,-0.023));
#5655=CARTESIAN_POINT('',(0.023,0.021,-0.0016));
#5656=CARTESIAN_POINT('',(0.023,0.021,-0.0016));
#5657=CARTESIAN_POINT('',(0.023,0.021,0.0061));
#5658=CARTESIAN_POINT('',(0.023,0.021,-1.73472347597681E-18));
#5659=CARTESIAN_POINT('',(0.023,0.024,0.0091));
#5660=CARTESIAN_POINT('Origin',(0.023,0.024,0.0061));
#5661=CARTESIAN_POINT('',(0.023,0.025,0.0091));
#5662=CARTESIAN_POINT('',(0.023,0.021,0.0091));
#5663=CARTESIAN_POINT('',(0.023,0.025,0.013));
#5664=CARTESIAN_POINT('',(0.023,0.025,-0.023));
#5665=CARTESIAN_POINT('',(0.023,0.025,0.013));
#5666=CARTESIAN_POINT('',(0.023,0.005,0.0054));
#5667=CARTESIAN_POINT('',(0.023,0.0173,0.0054));
#5668=CARTESIAN_POINT('',(0.023,-4.25245331720702E-34,0.0054));
#5669=CARTESIAN_POINT('',(0.023,0.0173,-0.018));
#5670=CARTESIAN_POINT('',(0.023,0.0173,-1.95276627885838E-18));
#5671=CARTESIAN_POINT('',(0.023,0.005,-0.018));
#5672=CARTESIAN_POINT('',(0.023,-4.25245331720702E-34,-0.018));
#5673=CARTESIAN_POINT('',(0.023,0.005,-1.58209886946163E-18));
#5674=CARTESIAN_POINT('Origin',(0.,0.025,0.));
#5675=CARTESIAN_POINT('',(0.02,0.025,-0.023));
#5676=CARTESIAN_POINT('Origin',(0.02,0.025,-0.02));
#5677=CARTESIAN_POINT('',(-0.013,0.025,-0.023));
#5678=CARTESIAN_POINT('',(0.023,0.025,-0.023));
#5679=CARTESIAN_POINT('',(-0.023,0.025,-0.013));
#5680=CARTESIAN_POINT('Origin',(-0.013,0.025,-0.013));
#5681=CARTESIAN_POINT('',(-0.023,0.025,-0.0016));
#5682=CARTESIAN_POINT('',(-0.023,0.025,-0.023));
#5683=CARTESIAN_POINT('',(-0.005,0.025,-0.0016));
#5684=CARTESIAN_POINT('',(0.,0.025,-0.0016));
#5685=CARTESIAN_POINT('',(-0.005,0.025,-0.005));
#5686=CARTESIAN_POINT('',(-0.005,0.025,0.005));
#5687=CARTESIAN_POINT('',(0.005,0.025,-0.005));
#5688=CARTESIAN_POINT('',(-0.005,0.025,-0.005));
#5689=CARTESIAN_POINT('',(0.005,0.025,-0.0016));
#5690=CARTESIAN_POINT('',(0.005,0.025,0.005));
#5691=CARTESIAN_POINT('',(0.,0.025,-0.0016));
#5692=CARTESIAN_POINT('Origin',(0.,0.035,0.005));
#5693=CARTESIAN_POINT('',(-0.005,0.035,0.0016));
#5694=CARTESIAN_POINT('',(0.005,0.035,0.0016));
#5695=CARTESIAN_POINT('Origin',(0.,0.035,0.0016));
#5696=CARTESIAN_POINT('',(-0.005,0.035,0.005));
#5697=CARTESIAN_POINT('',(-0.005,0.035,0.005));
#5698=CARTESIAN_POINT('',(0.005,0.035,0.005));
#5699=CARTESIAN_POINT('Origin',(0.,0.035,0.005));
#5700=CARTESIAN_POINT('',(0.005,0.035,0.005));
#5701=CARTESIAN_POINT('Origin',(-0.005,0.025,0.005));
#5702=CARTESIAN_POINT('',(-0.005,0.025,0.0016));
#5703=CARTESIAN_POINT('',(-0.005,0.025,0.0016));
#5704=CARTESIAN_POINT('',(-0.005,0.025,0.005));
#5705=CARTESIAN_POINT('',(-0.005,0.025,0.005));
#5706=CARTESIAN_POINT('',(-0.005,0.025,0.005));
#5707=CARTESIAN_POINT('Origin',(0.005,0.025,0.005));
#5708=CARTESIAN_POINT('',(0.005,0.025,0.0016));
#5709=CARTESIAN_POINT('',(0.005,0.025,0.0016));
#5710=CARTESIAN_POINT('',(0.005,0.025,0.005));
#5711=CARTESIAN_POINT('',(0.005,0.025,0.005));
#5712=CARTESIAN_POINT('',(0.005,0.025,0.005));
#5713=CARTESIAN_POINT('Origin',(0.,0.035,0.005));
#5714=CARTESIAN_POINT('',(0.0016,0.035,0.005));
#5715=CARTESIAN_POINT('Origin',(0.,0.035,0.005));
#5716=CARTESIAN_POINT('',(0.0016,0.035,0.0016));
#5717=CARTESIAN_POINT('',(0.0016,0.035,0.005));
#5718=CARTESIAN_POINT('Origin',(0.,0.035,0.0016));
#5719=CARTESIAN_POINT('Origin',(-0.023,0.025,-0.023));
#5720=CARTESIAN_POINT('',(-0.023,0.005,0.013));
#5721=CARTESIAN_POINT('',(-0.023,0.005,-0.023));
#5722=CARTESIAN_POINT('',(-0.023,0.0173,0.013));
#5723=CARTESIAN_POINT('',(-0.023,0.025,0.013));
#5724=CARTESIAN_POINT('',(-0.023,0.0173,0.02));
#5725=CARTESIAN_POINT('',(-0.023,0.0173,-0.023));
#5726=CARTESIAN_POINT('',(-0.023,0.025,0.02));
#5727=CARTESIAN_POINT('',(-0.023,0.025,0.02));
#5728=CARTESIAN_POINT('',(-0.023,0.025,0.0086));
#5729=CARTESIAN_POINT('',(-0.023,0.025,-0.023));
#5730=CARTESIAN_POINT('',(-0.023,0.024,0.0086));
#5731=CARTESIAN_POINT('',(-0.023,0.021,0.0086));
#5732=CARTESIAN_POINT('',(-0.023,0.021,0.0056));
#5733=CARTESIAN_POINT('Origin',(-0.023,0.024,0.0056));
#5734=CARTESIAN_POINT('',(-0.023,0.021,-0.0016));
#5735=CARTESIAN_POINT('',(-0.023,0.021,0.));
#5736=CARTESIAN_POINT('',(-0.023,0.021,-0.0016));
#5737=CARTESIAN_POINT('',(-0.023,0.,-0.013));
#5738=CARTESIAN_POINT('',(-0.023,0.025,-0.013));
#5739=CARTESIAN_POINT('',(-0.023,0.,-0.023));
#5740=CARTESIAN_POINT('',(-0.023,0.01625,0.0115));
#5741=CARTESIAN_POINT('',(-0.023,0.01625,0.0065));
#5742=CARTESIAN_POINT('',(-0.023,0.01625,0.0065));
#5743=CARTESIAN_POINT('',(-0.023,0.00875,0.0115));
#5744=CARTESIAN_POINT('',(-0.023,0.01625,0.0115));
#5745=CARTESIAN_POINT('',(-0.023,0.00875,0.0065));
#5746=CARTESIAN_POINT('',(-0.023,0.00875,0.0065));
#5747=CARTESIAN_POINT('',(-0.023,0.01625,0.0065));
#5748=CARTESIAN_POINT('Origin',(0.023,0.025,0.023));
#5749=CARTESIAN_POINT('',(-0.02,0.0173,0.023));
#5750=CARTESIAN_POINT('',(0.00741057007987155,0.0173,0.023));
#5751=CARTESIAN_POINT('',(0.,0.0173,0.023));
#5752=CARTESIAN_POINT('',(0.00741057007987155,0.005,0.023));
#5753=CARTESIAN_POINT('',(0.00741057007987155,0.005,0.023));
#5754=CARTESIAN_POINT('',(0.,0.005,0.023));
#5755=CARTESIAN_POINT('',(0.013,0.,0.023));
#5756=CARTESIAN_POINT('',(0.023,0.,0.023));
#5757=CARTESIAN_POINT('',(0.013,0.025,0.023));
#5758=CARTESIAN_POINT('',(0.013,0.025,0.023));
#5759=CARTESIAN_POINT('',(-0.02,0.025,0.023));
#5760=CARTESIAN_POINT('',(0.023,0.025,0.023));
#5761=CARTESIAN_POINT('',(-0.02,0.025,0.023));
#5762=CARTESIAN_POINT('Origin',(0.023,0.025,-0.023));
#5763=CARTESIAN_POINT('',(0.02,0.,-0.023));
#5764=CARTESIAN_POINT('',(0.02,0.025,-0.023));
#5765=CARTESIAN_POINT('',(-0.013,0.,-0.023));
#5766=CARTESIAN_POINT('',(0.023,0.,-0.023));
#5767=CARTESIAN_POINT('',(-0.013,0.025,-0.023));
#5768=CARTESIAN_POINT('',(0.0115,0.00875,-0.023));
#5769=CARTESIAN_POINT('',(0.0065,0.00875,-0.023));
#5770=CARTESIAN_POINT('',(0.0065,0.00875,-0.023));
#5771=CARTESIAN_POINT('',(0.0115,0.01625,-0.023));
#5772=CARTESIAN_POINT('',(0.0115,0.01625,-0.023));
#5773=CARTESIAN_POINT('',(0.0065,0.01625,-0.023));
#5774=CARTESIAN_POINT('',(0.0065,0.01625,-0.023));
#5775=CARTESIAN_POINT('',(0.0065,0.01625,-0.023));
#5776=CARTESIAN_POINT('Origin',(0.,0.025,0.));
#5777=CARTESIAN_POINT('Origin',(-0.02,0.025,0.02));
#5778=CARTESIAN_POINT('Origin',(0.013,0.025,0.013));
#5779=CARTESIAN_POINT('',(0.013,0.025,0.0091));
#5780=CARTESIAN_POINT('',(-1.57859836313889E-18,0.025,0.0091));
#5781=CARTESIAN_POINT('',(0.013,0.025,0.0016));
#5782=CARTESIAN_POINT('',(0.013,0.025,0.));
#5783=CARTESIAN_POINT('',(0.,0.025,0.0016));
#5784=CARTESIAN_POINT('',(-0.005,0.025,0.005));
#5785=CARTESIAN_POINT('',(-0.013,0.025,0.0016));
#5786=CARTESIAN_POINT('',(0.,0.025,0.0016));
#5787=CARTESIAN_POINT('',(-0.013,0.025,0.0086));
#5788=CARTESIAN_POINT('',(-0.013,0.025,0.));
#5789=CARTESIAN_POINT('',(0.,0.025,0.0086));
#5790=CARTESIAN_POINT('Origin',(0.,0.,0.));
#5791=CARTESIAN_POINT('Origin',(0.02,0.,-0.02));
#5792=CARTESIAN_POINT('Origin',(0.013,0.,0.013));
#5793=CARTESIAN_POINT('Origin',(-0.013,0.,-0.013));
#5794=CARTESIAN_POINT('Origin',(0.,0.005,-0.007));
#5795=CARTESIAN_POINT('',(-0.0209894299201284,0.005,0.013));
#5796=CARTESIAN_POINT('',(0.00741057007987155,0.005,0.013));
#5797=CARTESIAN_POINT('',(0.00741057007987155,0.005,0.013));
#5798=CARTESIAN_POINT('',(0.00241057007987155,0.005,0.013));
#5799=CARTESIAN_POINT('',(0.00241057007987155,0.005,0.013));
#5800=CARTESIAN_POINT('',(0.00241057007987155,0.005,-0.007));
#5801=CARTESIAN_POINT('',(0.00241057007987155,0.005,-0.007));
#5802=CARTESIAN_POINT('',(0.,0.005,-0.007));
#5803=CARTESIAN_POINT('Origin',(0.,0.0173,-0.007));
#5804=CARTESIAN_POINT('Origin',(-0.02,0.0173,0.02));
#5805=CARTESIAN_POINT('',(-0.0209894299201284,0.0173,0.013));
#5806=CARTESIAN_POINT('',(0.00241057007987155,0.0173,-0.007));
#5807=CARTESIAN_POINT('',(0.,0.0173,-0.007));
#5808=CARTESIAN_POINT('',(0.00241057007987155,0.0173,0.013));
#5809=CARTESIAN_POINT('',(0.00241057007987155,0.0173,-0.007));
#5810=CARTESIAN_POINT('',(0.00741057007987155,0.0173,0.013));
#5811=CARTESIAN_POINT('',(0.00241057007987155,0.0173,0.013));
#5812=CARTESIAN_POINT('',(0.00741057007987155,0.0173,0.013));
#5813=CARTESIAN_POINT('Origin',(0.00241057007987155,0.,-0.007));
#5814=CARTESIAN_POINT('',(0.00241057007987155,0.005,0.013));
#5815=CARTESIAN_POINT('',(0.00241057007987155,0.,-0.007));
#5816=CARTESIAN_POINT('Origin',(0.,0.,-0.007));
#5817=CARTESIAN_POINT('Origin',(0.003,-4.25245331720702E-34,0.0054));
#5818=CARTESIAN_POINT('',(0.003,0.005,0.0054));
#5819=CARTESIAN_POINT('',(0.003,0.005,0.0054));
#5820=CARTESIAN_POINT('',(0.003,0.0173,0.0054));
#5821=CARTESIAN_POINT('',(0.003,-4.25245331720702E-34,0.0054));
#5822=CARTESIAN_POINT('',(0.003,0.0173,0.0054));
#5823=CARTESIAN_POINT('Origin',(0.003,0.0173,-4.44311082356808E-19));
#5824=CARTESIAN_POINT('',(0.003,0.0173,-0.018));
#5825=CARTESIAN_POINT('',(0.003,0.0173,-4.44311082356808E-19));
#5826=CARTESIAN_POINT('',(0.003,0.0173,-0.018));
#5827=CARTESIAN_POINT('Origin',(0.003,-4.25245331720702E-34,-0.018));
#5828=CARTESIAN_POINT('',(0.003,0.005,-0.018));
#5829=CARTESIAN_POINT('',(0.003,-4.25245331720702E-34,-0.018));
#5830=CARTESIAN_POINT('',(0.003,0.005,-0.018));
#5831=CARTESIAN_POINT('',(0.0065,0.01625,-0.018));
#5832=CARTESIAN_POINT('',(0.0115,0.01625,-0.018));
#5833=CARTESIAN_POINT('',(0.003,0.01625,-0.018));
#5834=CARTESIAN_POINT('',(0.0115,0.00875,-0.018));
#5835=CARTESIAN_POINT('',(0.0115,-1.96601993944038E-18,-0.018));
#5836=CARTESIAN_POINT('',(0.0065,0.00875,-0.018));
#5837=CARTESIAN_POINT('',(0.003,0.00875,-0.018));
#5838=CARTESIAN_POINT('',(0.0065,-8.09537622122509E-19,-0.018));
#5839=CARTESIAN_POINT('Origin',(0.003,0.005,-7.36436729600547E-20));
#5840=CARTESIAN_POINT('',(0.003,0.005,-7.36436729600547E-20));
#5841=CARTESIAN_POINT('Origin',(0.003,-4.25245331720702E-34,-4.44311082356808E-19));
#5842=CARTESIAN_POINT('Origin',(-0.003,0.01625,0.0115));
#5843=CARTESIAN_POINT('',(-0.003,0.00875,0.0115));
#5844=CARTESIAN_POINT('',(-0.003,0.01625,0.0115));
#5845=CARTESIAN_POINT('Origin',(-0.003,0.00875,0.0065));
#5846=CARTESIAN_POINT('',(-0.003,0.00875,0.0065));
#5847=CARTESIAN_POINT('Origin',(-0.003,0.01625,0.0065));
#5848=CARTESIAN_POINT('',(-0.003,0.01625,0.0065));
#5849=CARTESIAN_POINT('Origin',(-0.003,0.01625,0.0065));
#5850=CARTESIAN_POINT('Origin',(0.0115,0.01625,-0.003));
#5851=CARTESIAN_POINT('',(0.0115,0.01625,-0.003));
#5852=CARTESIAN_POINT('',(0.0115,0.00875,-0.003));
#5853=CARTESIAN_POINT('Origin',(0.0065,0.01625,-0.003));
#5854=CARTESIAN_POINT('',(0.0065,0.01625,-0.003));
#5855=CARTESIAN_POINT('Origin',(0.0065,0.01625,-0.003));
#5856=CARTESIAN_POINT('',(0.0065,0.00875,-0.003));
#5857=CARTESIAN_POINT('Origin',(0.0065,0.00875,-0.003));
#5858=CARTESIAN_POINT('Origin',(0.,0.035,0.005));
#5859=CARTESIAN_POINT('Origin',(0.,0.035,-0.005));
#5860=CARTESIAN_POINT('',(0.005,0.035,-0.005));
#5861=CARTESIAN_POINT('',(-0.005,0.035,-0.005));
#5862=CARTESIAN_POINT('Origin',(0.,0.035,-0.005));
#5863=CARTESIAN_POINT('',(0.005,0.025,-0.005));
#5864=CARTESIAN_POINT('',(-0.005,0.025,-0.005));
#5865=CARTESIAN_POINT('',(0.0016,0.035,-0.005));
#5866=CARTESIAN_POINT('Origin',(0.,0.035,-0.005));
#5867=CARTESIAN_POINT('Origin',(0.,0.035,0.005));
#5868=CARTESIAN_POINT('',(-0.005,0.035,-0.0016));
#5869=CARTESIAN_POINT('',(-0.005,0.035,0.005));
#5870=CARTESIAN_POINT('',(0.005,0.035,-0.0016));
#5871=CARTESIAN_POINT('Origin',(0.,0.035,-0.0016));
#5872=CARTESIAN_POINT('',(0.005,0.035,0.005));
#5873=CARTESIAN_POINT('Origin',(-0.005,0.025,0.005));
#5874=CARTESIAN_POINT('',(-0.005,0.025,-0.0016));
#5875=CARTESIAN_POINT('Origin',(0.005,0.025,0.005));
#5876=CARTESIAN_POINT('',(0.005,0.025,-0.0016));
#5877=CARTESIAN_POINT('Origin',(0.,0.035,0.005));
#5878=CARTESIAN_POINT('',(0.0016,0.035,-0.0016));
#5879=CARTESIAN_POINT('Origin',(0.,0.035,-0.0016));
#5880=CARTESIAN_POINT('',(0.0016,0.035,0.005));
#5881=CARTESIAN_POINT('Origin',(0.,0.,-0.0016));
#5882=CARTESIAN_POINT('',(0.,0.021,-0.0016));
#5883=CARTESIAN_POINT('Origin',(0.,0.,0.0016));
#5884=CARTESIAN_POINT('',(0.013,0.021,0.0016));
#5885=CARTESIAN_POINT('',(0.013,0.021,0.0016));
#5886=CARTESIAN_POINT('',(-0.013,0.021,0.0016));
#5887=CARTESIAN_POINT('',(0.,0.021,0.0016));
#5888=CARTESIAN_POINT('',(-0.013,0.021,0.0016));
#5889=CARTESIAN_POINT('Origin',(-0.013,0.021,0.));
#5890=CARTESIAN_POINT('',(-0.013,0.021,0.0056));
#5891=CARTESIAN_POINT('',(-0.013,0.021,0.));
#5892=CARTESIAN_POINT('',(-0.013,0.024,0.0086));
#5893=CARTESIAN_POINT('Origin',(-0.013,0.024,0.0056));
#5894=CARTESIAN_POINT('',(-0.013,0.021,0.0086));
#5895=CARTESIAN_POINT('Origin',(0.,0.021,0.0086));
#5896=CARTESIAN_POINT('',(0.,0.024,0.0086));
#5897=CARTESIAN_POINT('Origin',(-1.57859836313889E-18,0.021,0.0091));
#5898=CARTESIAN_POINT('',(0.013,0.024,0.0091));
#5899=CARTESIAN_POINT('',(0.013,0.024,0.0091));
#5900=CARTESIAN_POINT('',(0.013,0.021,0.0091));
#5901=CARTESIAN_POINT('Origin',(0.013,0.021,0.));
#5902=CARTESIAN_POINT('',(0.013,0.021,0.0061));
#5903=CARTESIAN_POINT('Origin',(0.013,0.024,0.0061));
#5904=CARTESIAN_POINT('',(0.013,0.021,0.));
#5905=CARTESIAN_POINT('Origin',(0.,0.021,0.));
#5906=CARTESIAN_POINT('',(0.,0.021,0.0056));
#5907=CARTESIAN_POINT('',(0.023,0.021,0.0061));
#5908=CARTESIAN_POINT('Origin',(-0.013,0.025,-0.013));
#5909=CARTESIAN_POINT('Origin',(0.013,0.025,0.013));
#5910=CARTESIAN_POINT('Origin',(0.02,0.025,-0.02));
#5911=CARTESIAN_POINT('Origin',(-0.02,0.025,0.02));
#5912=CARTESIAN_POINT('Origin',(0.,0.024,0.0056));
#5913=CARTESIAN_POINT('Origin',(-1.05818132034585E-18,0.024,0.0061));
#5914=CARTESIAN_POINT('Origin',(0.,0.,0.013));
#5915=CARTESIAN_POINT('Origin',(0.00741057007987155,0.005,0.013));
#5916=CARTESIAN_POINT('',(0.00741057007987155,0.005,0.013));
#5917=CARTESIAN_POINT('Origin',(0.,0.,0.013));
#5918=CARTESIAN_POINT('',(0.,0.,0.));
#5919=CARTESIAN_POINT('Origin',(-0.0115000000000005,0.0185,0.006));
#5920=CARTESIAN_POINT('',(-0.0112000000000005,0.0182,0.006));
#5921=CARTESIAN_POINT('',(-0.0112000000000005,0.0054,0.006));
#5922=CARTESIAN_POINT('',(-0.0112000000000005,0.0185,0.006));
#5923=CARTESIAN_POINT('',(0.0111999999999995,0.0054,0.00600000000000039));
#5924=CARTESIAN_POINT('',(-0.0115000000000005,0.0054,0.006));
#5925=CARTESIAN_POINT('',(0.0111999999999995,0.0182,0.00599999999999992));
#5926=CARTESIAN_POINT('',(0.0111999999999995,0.0185,0.0059999999999999));
#5927=CARTESIAN_POINT('',(0.0117999999999995,0.0188,0.00600000000000068));
#5928=CARTESIAN_POINT('Origin',(0.0117999999999995,0.0182,0.0060000000000007));
#5929=CARTESIAN_POINT('',(0.0157999999999993,0.0187999999999997,0.00599999999999993));
#5930=CARTESIAN_POINT('',(0.0160999999999995,0.0187999999999997,0.00599999999999993));
#5931=CARTESIAN_POINT('',(0.0157999999999995,0.0211999999999997,0.00599999999999993));
#5932=CARTESIAN_POINT('',(0.0157999999999995,0.0184999999999997,0.00599999999999993));
#5933=CARTESIAN_POINT('',(0.0115499999999995,0.0212,0.0060000000000007));
#5934=CARTESIAN_POINT('',(-0.0115000000000005,0.0212,0.00600000000000049));
#5935=CARTESIAN_POINT('',(0.0109499999999995,0.0218,0.00599999999999992));
#5936=CARTESIAN_POINT('Origin',(0.0115499999999995,0.0218,0.0060000000000007));
#5937=CARTESIAN_POINT('',(0.0109499999999995,0.0227,0.00599999999999992));
#5938=CARTESIAN_POINT('',(0.0109499999999995,0.0185,0.0059999999999999));
#5939=CARTESIAN_POINT('',(0.00600663729752057,0.022700000000001,0.00599999999999992));
#5940=CARTESIAN_POINT('',(-0.0115000000000005,0.0227,0.006));
#5941=CARTESIAN_POINT('',(0.0044933627024784,0.022700000000001,0.006));
#5942=CARTESIAN_POINT('',(0.00600663729752057,0.0227000000000012,0.00600000000000007));
#5943=CARTESIAN_POINT('',(-0.0109500000000005,0.0227,0.006));
#5944=CARTESIAN_POINT('',(-0.0115000000000005,0.0227,0.006));
#5945=CARTESIAN_POINT('',(-0.0109500000000005,0.0218,0.00600000000000049));
#5946=CARTESIAN_POINT('',(-0.0109500000000005,0.0185,0.006));
#5947=CARTESIAN_POINT('',(-0.0115500000000005,0.0212,0.00600000000000049));
#5948=CARTESIAN_POINT('Origin',(-0.0115500000000005,0.0218,0.00600000000000048));
#5949=CARTESIAN_POINT('',(-0.0158000000000007,0.0212,0.006));
#5950=CARTESIAN_POINT('',(-0.0115000000000005,0.0212,0.00600000000000049));
#5951=CARTESIAN_POINT('',(-0.0158000000000004,0.0188,0.006));
#5952=CARTESIAN_POINT('',(-0.0158000000000004,0.0185,0.006));
#5953=CARTESIAN_POINT('',(-0.0118000000000005,0.0188,0.006));
#5954=CARTESIAN_POINT('',(-0.0115000000000005,0.0188,0.006));
#5955=CARTESIAN_POINT('Origin',(-0.0118000000000005,0.0182,0.006));
#5956=CARTESIAN_POINT('',(0.0102499999999995,0.00549999999999994,0.0060000000000004));
#5957=CARTESIAN_POINT('',(0.0102499999999995,0.016,0.00599999999999992));
#5958=CARTESIAN_POINT('',(0.0102499999999995,0.00549999999999994,0.0060000000000004));
#5959=CARTESIAN_POINT('',(-0.0102500000000005,0.0055,0.006));
#5960=CARTESIAN_POINT('',(-0.0102500000000005,0.0055,0.006));
#5961=CARTESIAN_POINT('',(-0.0102500000000005,0.016,0.006));
#5962=CARTESIAN_POINT('',(-0.0102500000000005,0.0055,0.006));
#5963=CARTESIAN_POINT('',(-0.0102500000000005,0.016,0.006));
#5964=CARTESIAN_POINT('Origin',(0.0114999999999995,0.0185,0.0059999999999999));
#5965=CARTESIAN_POINT('',(0.0114999999999995,0.0054,1.19175502799607E-15));
#5966=CARTESIAN_POINT('',(0.0114999999999995,0.0054,-0.00124999999999881));
#5967=CARTESIAN_POINT('',(0.0114999999999995,0.0054,0.00600000000000039));
#5968=CARTESIAN_POINT('',(0.0114999999999997,0.0054,-0.00569999999999951));
#5969=CARTESIAN_POINT('',(0.0114999999999995,0.0054,0.00600000000000039));
#5970=CARTESIAN_POINT('',(0.0114999999999997,0.0182,-0.00569999999999993));
#5971=CARTESIAN_POINT('',(0.0114999999999997,0.0185,-0.0057));
#5972=CARTESIAN_POINT('',(0.0114999999999995,0.0182,0.00569999999999992));
#5973=CARTESIAN_POINT('',(0.0114999999999995,0.0182,0.00599999999999992));
#5974=CARTESIAN_POINT('',(0.0114999999999995,0.0054,0.00570000000000038));
#5975=CARTESIAN_POINT('',(0.0114999999999995,0.0185,0.0056999999999999));
#5976=CARTESIAN_POINT('',(0.0114999999999995,0.0054,0.00125000000000119));
#5977=CARTESIAN_POINT('',(0.0114999999999995,0.0054,0.00600000000000039));
#5978=CARTESIAN_POINT('',(0.0114999999999995,0.0054,0.00600000000000039));
#5979=CARTESIAN_POINT('Origin',(0.0111999999999995,0.0185,0.0056999999999999));
#5980=CARTESIAN_POINT('',(0.0115,0.000299999999999911,0.00569999999999991));
#5981=CARTESIAN_POINT('',(0.0114999999999995,0.0185,0.0056999999999999));
#5982=CARTESIAN_POINT('Origin',(0.0111999999999995,0.0182,0.0057));
#5983=CARTESIAN_POINT('',(0.0112,0.000299999999999911,0.00599999999999992));
#5984=CARTESIAN_POINT('',(0.0111999999999995,0.0185,0.0059999999999999));
#5985=CARTESIAN_POINT('Origin',(0.0112,0.000299999999999911,0.0057));
#5986=CARTESIAN_POINT('Origin',(0.0111999999999997,0.0185,-0.0057));
#5987=CARTESIAN_POINT('',(0.0111999999999995,0.0054,-0.00599999999999951));
#5988=CARTESIAN_POINT('',(0.0112,0.000299999999999898,-0.006));
#5989=CARTESIAN_POINT('',(0.0111999999999995,0.0185,-0.006));
#5990=CARTESIAN_POINT('',(0.0111999999999995,0.0182,-0.00599999999999992));
#5991=CARTESIAN_POINT('',(0.0111999999999995,0.0185,-0.006));
#5992=CARTESIAN_POINT('Origin',(0.0111999999999997,0.0182,-0.00569999999999993));
#5993=CARTESIAN_POINT('',(0.0115000000000002,0.000299999999999898,-0.0057));
#5994=CARTESIAN_POINT('',(0.0114999999999997,0.0185,-0.0057));
#5995=CARTESIAN_POINT('Origin',(0.0112000000000002,0.000299999999999898,
-0.0057));
#5996=CARTESIAN_POINT('Origin',(-0.0115000000000005,0.0185,-0.006));
#5997=CARTESIAN_POINT('',(-0.0112000000000005,0.0054,-0.006));
#5998=CARTESIAN_POINT('',(-0.0115000000000005,0.0054,-0.006));
#5999=CARTESIAN_POINT('',(-0.0112000000000005,0.0182,-0.006));
#6000=CARTESIAN_POINT('',(-0.0112000000000005,0.0185,-0.006));
#6001=CARTESIAN_POINT('',(-0.0118000000000005,0.0188,-0.006));
#6002=CARTESIAN_POINT('Origin',(-0.0118000000000005,0.0182,-0.006));
#6003=CARTESIAN_POINT('',(-0.0158,0.0188,-0.006));
#6004=CARTESIAN_POINT('',(-0.0161,0.0188,-0.006));
#6005=CARTESIAN_POINT('',(-0.0158000000000003,0.0212,-0.006));
#6006=CARTESIAN_POINT('',(-0.0158,0.0185,-0.006));
#6007=CARTESIAN_POINT('',(-0.0115500000000005,0.0212,-0.00599999999999951));
#6008=CARTESIAN_POINT('',(-0.0115000000000005,0.0212,-0.00599999999999951));
#6009=CARTESIAN_POINT('',(-0.0109500000000005,0.0218,-0.00599999999999951));
#6010=CARTESIAN_POINT('Origin',(-0.0115500000000005,0.0218,-0.00599999999999954));
#6011=CARTESIAN_POINT('',(-0.0109500000000005,0.0227,-0.006));
#6012=CARTESIAN_POINT('',(-0.0109500000000005,0.0185,-0.006));
#6013=CARTESIAN_POINT('',(0.00449336270247851,0.0227000000000012,-0.006));
#6014=CARTESIAN_POINT('',(-0.0115000000000005,0.0227,-0.006));
#6015=CARTESIAN_POINT('',(0.00600663729752071,0.0227000000000012,-0.00600000000000022));
#6016=CARTESIAN_POINT('',(0.00449336270247915,0.0227000000000012,-0.00599999999999994));
#6017=CARTESIAN_POINT('',(0.0109499999999995,0.0227000000000003,-0.006));
#6018=CARTESIAN_POINT('',(-0.0115000000000005,0.0227,-0.006));
#6019=CARTESIAN_POINT('',(0.0109499999999995,0.0218000000000003,-0.006));
#6020=CARTESIAN_POINT('',(0.0109499999999995,0.0185,-0.006));
#6021=CARTESIAN_POINT('',(0.0115499999999995,0.0212,-0.00599999999999921));
#6022=CARTESIAN_POINT('Origin',(0.0115499999999995,0.0218000000000003,-0.00599999999999915));
#6023=CARTESIAN_POINT('',(0.0157999999999997,0.0211999999999997,-0.006));
#6024=CARTESIAN_POINT('',(-0.0115000000000005,0.0212,-0.00599999999999951));
#6025=CARTESIAN_POINT('',(0.0157999999999995,0.0187999999999997,-0.006));
#6026=CARTESIAN_POINT('',(0.0157999999999997,0.0184999999999997,-0.006));
#6027=CARTESIAN_POINT('',(0.0117999999999995,0.0188,-0.00599999999999921));
#6028=CARTESIAN_POINT('',(0.0114999999999995,0.0188,-0.006));
#6029=CARTESIAN_POINT('Origin',(0.0117999999999995,0.0182,-0.00599999999999914));
#6030=CARTESIAN_POINT('',(0.0102499999999995,0.0055,-0.00599999999999951));
#6031=CARTESIAN_POINT('',(-0.0102500000000005,0.0055,-0.006));
#6032=CARTESIAN_POINT('',(0.0102499999999995,0.0055,-0.00599999999999951));
#6033=CARTESIAN_POINT('',(0.0102499999999995,0.016,-0.006));
#6034=CARTESIAN_POINT('',(0.0102499999999995,0.016,-0.006));
#6035=CARTESIAN_POINT('',(-0.0102500000000005,0.016,-0.006));
#6036=CARTESIAN_POINT('',(-0.0102500000000005,0.016,-0.006));
#6037=CARTESIAN_POINT('',(-0.0102500000000005,0.0055,-0.006));
#6038=CARTESIAN_POINT('Origin',(-0.0115000000000005,0.0185,0.006));
#6039=CARTESIAN_POINT('',(-0.0115000000000005,0.0182,-0.0057));
#6040=CARTESIAN_POINT('',(-0.0115000000000005,0.0054,-0.0057));
#6041=CARTESIAN_POINT('',(-0.0115000000000005,0.0185,-0.0057));
#6042=CARTESIAN_POINT('',(-0.0115000000000005,0.0054,0.0057));
#6043=CARTESIAN_POINT('',(-0.0115000000000005,0.0054,0.006));
#6044=CARTESIAN_POINT('',(-0.0115000000000005,0.0182,0.0057));
#6045=CARTESIAN_POINT('',(-0.0115000000000005,0.0185,0.0057));
#6046=CARTESIAN_POINT('',(-0.0115000000000005,0.0182,0.006));
#6047=CARTESIAN_POINT('Origin',(-0.0112000000000005,0.0185,-0.0057));
#6048=CARTESIAN_POINT('',(-0.0115,0.000299999999999995,-0.0057));
#6049=CARTESIAN_POINT('',(-0.0115000000000005,0.0185,-0.0057));
#6050=CARTESIAN_POINT('Origin',(-0.0112000000000005,0.0182,-0.0057));
#6051=CARTESIAN_POINT('',(-0.0112,0.000299999999999995,-0.006));
#6052=CARTESIAN_POINT('',(-0.0112000000000005,0.0185,-0.006));
#6053=CARTESIAN_POINT('Origin',(-0.0112,0.000299999999999995,-0.0057));
#6054=CARTESIAN_POINT('Origin',(-0.0112000000000005,0.0185,0.0057));
#6055=CARTESIAN_POINT('',(-0.0112,0.000300000000000009,0.006));
#6056=CARTESIAN_POINT('',(-0.0112000000000005,0.0185,0.006));
#6057=CARTESIAN_POINT('Origin',(-0.0112000000000005,0.0182,0.0057));
#6058=CARTESIAN_POINT('',(-0.0115,0.000300000000000009,0.0057));
#6059=CARTESIAN_POINT('',(-0.0115000000000005,0.0185,0.0057));
#6060=CARTESIAN_POINT('Origin',(-0.0112,0.000300000000000009,0.0057));
#6061=CARTESIAN_POINT('Origin',(-0.0115000000000005,0.0185,-0.006));
#6062=CARTESIAN_POINT('',(-0.0115,0.000299999999999995,-0.006));
#6063=CARTESIAN_POINT('Origin',(-0.0115000000000005,0.0185,0.006));
#6064=CARTESIAN_POINT('',(0.0115,0.000299999999999911,0.00599999999999992));
#6065=CARTESIAN_POINT('Origin',(-5.13478148889135E-16,0.023000000000001,
2.77555756156289E-17));
#6066=CARTESIAN_POINT('',(0.0109499999999997,0.0230000000000003,-0.0057));
#6067=CARTESIAN_POINT('',(0.00727792997906707,0.0230000000000012,-0.00570000000000023));
#6068=CARTESIAN_POINT('',(-6.10622663543836E-16,0.0230000000000012,-0.0057));
#6069=CARTESIAN_POINT('',(0.0109499999999995,0.023,-0.0020279299790666));
#6070=CARTESIAN_POINT('Origin',(0.00524999999999948,0.023000000000001,2.77555756156289E-17));
#6071=CARTESIAN_POINT('',(0.0109499999999995,0.023,7.12971348626468E-16));
#6072=CARTESIAN_POINT('Origin',(-5.13478148889135E-16,0.023000000000001,
2.77555756156289E-17));
#6073=CARTESIAN_POINT('',(-0.0109500000000005,0.023,0.0057));
#6074=CARTESIAN_POINT('',(0.00322207002093215,0.023000000000001,0.0057));
#6075=CARTESIAN_POINT('',(-5.55111512312578E-17,0.023000000000001,0.0057));
#6076=CARTESIAN_POINT('',(-0.000152066115702995,0.023000000000001,0.00272400104287408));
#6077=CARTESIAN_POINT('Origin',(0.00524999999999948,0.023000000000001,2.77555756156289E-17));
#6078=CARTESIAN_POINT('',(-0.000152066115702995,0.023000000000001,-0.00272400104287409));
#6079=CARTESIAN_POINT('Origin',(-0.000800000000000509,0.023000000000001,
3.46944695195361E-17));
#6080=CARTESIAN_POINT('',(0.00322207002093235,0.0230000000000012,-0.0057));
#6081=CARTESIAN_POINT('Origin',(0.00524999999999948,0.023000000000001,2.77555756156289E-17));
#6082=CARTESIAN_POINT('',(-0.0109500000000005,0.023,-0.0057));
#6083=CARTESIAN_POINT('',(-6.10622663543836E-16,0.0230000000000012,-0.0057));
#6084=CARTESIAN_POINT('',(-0.0109500000000005,0.023,4.59701721133854E-16));
#6085=CARTESIAN_POINT('Origin',(0.0160999999999995,0.0214999999999997,0.00599999999999993));
#6086=CARTESIAN_POINT('',(0.0160999999999995,0.0211999999999997,-0.00080000000000017));
#6087=CARTESIAN_POINT('',(0.0160999999999995,0.0187999999999997,-0.00080000000000017));
#6088=CARTESIAN_POINT('',(0.0160999999999995,0.0214999999999997,-0.000800000000000177));
#6089=CARTESIAN_POINT('',(0.0160999999999997,0.0187999999999997,-0.0057));
#6090=CARTESIAN_POINT('',(0.0160999999999997,0.0187999999999997,-0.006));
#6091=CARTESIAN_POINT('',(0.0160999999999997,0.0211999999999997,-0.0057));
#6092=CARTESIAN_POINT('',(0.0160999999999997,0.0214999999999997,-0.0057));
#6093=CARTESIAN_POINT('',(0.0160999999999995,0.0211999999999997,0.00599999999999993));
#6094=CARTESIAN_POINT('Origin',(-0.0161000000000007,0.0215,0.006));
#6095=CARTESIAN_POINT('',(-0.0161000000000007,0.0212,0.0057));
#6096=CARTESIAN_POINT('',(-0.0161000000000003,0.0212,0.000800000000000073));
#6097=CARTESIAN_POINT('',(-0.0161000000000007,0.0212,0.006));
#6098=CARTESIAN_POINT('',(-0.0161,0.0188,0.000800000000000052));
#6099=CARTESIAN_POINT('',(-0.0161000000000003,0.0215,0.000800000000000073));
#6100=CARTESIAN_POINT('',(-0.0161000000000005,0.0188,0.0057));
#6101=CARTESIAN_POINT('',(-0.0161000000000005,0.0188,0.006));
#6102=CARTESIAN_POINT('',(-0.0161000000000007,0.0215,0.0057));
#6103=CARTESIAN_POINT('Origin',(0.00524999999999948,0.029000000000001,0.));
#6104=CARTESIAN_POINT('',(9.09090909040344E-6,0.023300000000001,0.00236545384669126));
#6105=CARTESIAN_POINT('',(9.09090909040344E-6,0.028200000000001,0.00236545384669127));
#6106=CARTESIAN_POINT('',(9.09090909040344E-6,0.025750000000001,0.00236545384669126));
#6107=CARTESIAN_POINT('',(0.00332262853229087,0.023300000000001,0.00541735537190083));
#6108=CARTESIAN_POINT('Origin',(0.00524999999999948,0.023300000000001,-1.38777878078145E-17));
#6109=CARTESIAN_POINT('',(0.00453088190731406,0.0232181641293776,0.00570485487710008));
#6110=CARTESIAN_POINT('Ctrl Pts',(0.00332262853229087,0.023300000000001,
0.00541735537190083));
#6111=CARTESIAN_POINT('Ctrl Pts',(0.00371667228754222,0.0232999999593035,
0.00555754715160934));
#6112=CARTESIAN_POINT('Ctrl Pts',(0.00411802828847088,0.0232501307352596,
0.00565281314889896));
#6113=CARTESIAN_POINT('Ctrl Pts',(0.00453088190731406,0.0232181641293787,
0.00570485487710007));
#6114=CARTESIAN_POINT('',(0.00524999999901139,0.0231904228082269,0.00575001782935803));
#6115=CARTESIAN_POINT('Origin',(0.00525001537102842,0.027111393492214,-0.000633333952799662));
#6116=CARTESIAN_POINT('',(0.00524999999999946,0.028700000000001,0.00575));
#6117=CARTESIAN_POINT('',(0.00524999999999946,0.029000000000001,0.00575));
#6118=CARTESIAN_POINT('',(0.0052499999999995,0.028700000000001,-0.00575));
#6119=CARTESIAN_POINT('Origin',(0.00524999999999948,0.028700000000001,0.));
#6120=CARTESIAN_POINT('Origin',(0.00524999999999948,0.028700000000001,0.));
#6121=CARTESIAN_POINT('',(0.00596911809268483,0.0232181641293776,0.00570485487710003));
#6122=CARTESIAN_POINT('Origin',(0.00525001537102842,0.027111393492214,-0.000633333952799662));
#6123=CARTESIAN_POINT('',(0.00717737146770811,0.023300000000001,0.00541735537190074));
#6124=CARTESIAN_POINT('Ctrl Pts',(0.00596911809268483,0.0232181641293776,
0.0057048548771));
#6125=CARTESIAN_POINT('Ctrl Pts',(0.00638197171152801,0.0232501307352589,
0.0056528131488989));
#6126=CARTESIAN_POINT('Ctrl Pts',(0.00678332771245672,0.0232999999593035,
0.00555754715160927));
#6127=CARTESIAN_POINT('Ctrl Pts',(0.00717737146770811,0.023300000000001,
0.00541735537190075));
#6128=CARTESIAN_POINT('',(0.0106673553719003,0.0233,0.00192737146770933));
#6129=CARTESIAN_POINT('Origin',(0.00524999999999948,0.023300000000001,-1.38777878078145E-17));
#6130=CARTESIAN_POINT('',(0.0109548548770996,0.0232181641293767,0.000719118092686105));
#6131=CARTESIAN_POINT('Ctrl Pts',(0.0106673553719003,0.0233,0.00192737146770933));
#6132=CARTESIAN_POINT('Ctrl Pts',(0.0108075471516089,0.0232999999593025,
0.00153332771245799));
#6133=CARTESIAN_POINT('Ctrl Pts',(0.0109028131488984,0.0232501307352589,
0.00113197171152928));
#6134=CARTESIAN_POINT('Ctrl Pts',(0.0109548548770996,0.0232181641293778,
0.000719118092686103));
#6135=CARTESIAN_POINT('',(0.0109548548770996,0.0232181641293767,-0.000719118092684616));
#6136=CARTESIAN_POINT('Origin',(0.00461666604697365,0.0271113934923649,
-1.53710945008378E-8));
#6137=CARTESIAN_POINT('',(0.0106673553719003,0.0233,-0.00192737146770791));
#6138=CARTESIAN_POINT('Ctrl Pts',(0.0109548548770996,0.0232181641293767,
-0.000719118092684648));
#6139=CARTESIAN_POINT('Ctrl Pts',(0.0109028131488985,0.0232501307352578,
-0.00113197171152782));
#6140=CARTESIAN_POINT('Ctrl Pts',(0.0108075471516088,0.0232999999593025,
-0.00153332771245651));
#6141=CARTESIAN_POINT('Ctrl Pts',(0.0106673553719003,0.0233,-0.00192737146770791));
#6142=CARTESIAN_POINT('',(0.00717737146770811,0.0233000000000012,-0.00541735537190105));
#6143=CARTESIAN_POINT('Origin',(0.00524999999999948,0.023300000000001,-1.38777878078145E-17));
#6144=CARTESIAN_POINT('',(0.00596911809268513,0.0232181641293779,-0.0057048548771003));
#6145=CARTESIAN_POINT('Ctrl Pts',(0.00717737146770814,0.0233000000000012,
-0.00541735537190113));
#6146=CARTESIAN_POINT('Ctrl Pts',(0.00678332771245688,0.0232999999593037,
-0.00555754715160961));
#6147=CARTESIAN_POINT('Ctrl Pts',(0.00638197171152822,0.0232501307352603,
-0.00565281314889918));
#6148=CARTESIAN_POINT('Ctrl Pts',(0.00596911809268513,0.023218164129379,
-0.00570485487710029));
#6149=CARTESIAN_POINT('',(0.00453088190731427,0.0232181641293779,-0.00570485487710008));
#6150=CARTESIAN_POINT('Origin',(0.00524998462898506,0.0271113934921235,
0.000633333952668316));
#6151=CARTESIAN_POINT('',(0.00332262853229082,0.0233000000000012,-0.00541735537190083));
#6152=CARTESIAN_POINT('Ctrl Pts',(0.00453088190731426,0.0232181641293779,
-0.00570485487710009));
#6153=CARTESIAN_POINT('Ctrl Pts',(0.00411802828847101,0.0232501307352588,
-0.00565281314889898));
#6154=CARTESIAN_POINT('Ctrl Pts',(0.00371667228754229,0.0232999999593037,
-0.00555754715160927));
#6155=CARTESIAN_POINT('Ctrl Pts',(0.00332262853229105,0.0233000000000012,
-0.00541735537190082));
#6156=CARTESIAN_POINT('',(9.09090909040344E-6,0.023300000000001,-0.00236545384669125));
#6157=CARTESIAN_POINT('Origin',(0.00524999999999948,0.023300000000001,-1.38777878078145E-17));
#6158=CARTESIAN_POINT('',(9.09090909040344E-6,0.028200000000001,-0.00236545384669125));
#6159=CARTESIAN_POINT('',(9.09090909040344E-6,0.025750000000001,-0.00236545384669125));
#6160=CARTESIAN_POINT('',(-0.000107438016529432,0.028500000000001,-0.00208814700130298));
#6161=CARTESIAN_POINT('Ctrl Pts',(9.0909090903967E-6,0.028200000000001,
-0.00236545384669127));
#6162=CARTESIAN_POINT('Ctrl Pts',(9.0909090903967E-6,0.0282389022024138,
-0.00236545384669127));
#6163=CARTESIAN_POINT('Ctrl Pts',(5.95140632588584E-6,0.0282774198541607,
-0.00235853178708877));
#6164=CARTESIAN_POINT('Ctrl Pts',(-6.10424406248451E-6,0.02834950714518,
-0.00233154181423951));
#6165=CARTESIAN_POINT('Ctrl Pts',(-1.49128139566564E-5,0.0283823626132526,
-0.00231169688052266));
#6166=CARTESIAN_POINT('Ctrl Pts',(-3.67292573621791E-5,0.0284380608946397,
-0.00226136004139059));
#6167=CARTESIAN_POINT('Ctrl Pts',(-4.9539124021899E-5,0.0284603383263698,
-0.00223129607674199));
#6168=CARTESIAN_POINT('Ctrl Pts',(-7.70829588843586E-5,0.0284911491715849,
-0.00216471383085839));
#6169=CARTESIAN_POINT('Ctrl Pts',(-9.15531918765425E-5,0.028499384825933,
-0.00212881316757529));
#6170=CARTESIAN_POINT('Ctrl Pts',(-0.000106356247404225,0.0284999889525015,
-0.00209092084233553));
#6171=CARTESIAN_POINT('Ctrl Pts',(-0.000106897492969959,0.028500000000001,
-0.00208953379134439));
#6172=CARTESIAN_POINT('Ctrl Pts',(-0.000107438016529443,0.028500000000001,
-0.00208814700130298));
#6173=CARTESIAN_POINT('',(-0.000107438016529529,0.028500000000001,0.00208814700130297));
#6174=CARTESIAN_POINT('Origin',(0.00524999999999948,0.028500000000001,0.));
#6175=CARTESIAN_POINT('Ctrl Pts',(-0.000107438016529459,0.028500000000001,
0.00208814700130294));
#6176=CARTESIAN_POINT('Ctrl Pts',(-9.48038227871102E-5,0.028500000000001,
0.00212056182162987));
#6177=CARTESIAN_POINT('Ctrl Pts',(-8.19496692459229E-5,0.0284939642343919,
0.00215264668101689));
#6178=CARTESIAN_POINT('Ctrl Pts',(-5.55028308533075E-5,0.0284688454164899,
0.00221709255713091));
#6179=CARTESIAN_POINT('Ctrl Pts',(-4.22839839177427E-5,0.0284484795958455,
0.00224834950211796));
#6180=CARTESIAN_POINT('Ctrl Pts',(-1.92880941681607E-5,0.0283959242434501,
0.00230172689724665));
#6181=CARTESIAN_POINT('Ctrl Pts',(-9.73305171937259E-6,0.0283642381467744,
0.0023233581839574));
#6182=CARTESIAN_POINT('Ctrl Pts',(1.03384491438889E-6,0.0283088358861192,
0.00234754046525311));
#6183=CARTESIAN_POINT('Ctrl Pts',(4.03349029849648E-6,0.0282877642370346,
0.00235422164928233));
#6184=CARTESIAN_POINT('Ctrl Pts',(8.06825101926525E-6,0.0282443927322301,
0.00236319184918854));
#6185=CARTESIAN_POINT('Ctrl Pts',(9.09090909038551E-6,0.0282222323087857,
0.00236545384669124));
#6186=CARTESIAN_POINT('Ctrl Pts',(9.09090909038551E-6,0.028200000000001,
0.00236545384669124));
#6187=CARTESIAN_POINT('Origin',(-5.13478148889135E-16,0.021500000000001,
-1.38777878078145E-17));
#6188=CARTESIAN_POINT('',(0.0148746950765959,0.0214999999999997,0.000799999999999834));
#6189=CARTESIAN_POINT('',(0.0148746950765959,0.0214999999999997,-0.000800000000000129));
#6190=CARTESIAN_POINT('Origin',(0.01385,0.0214999999999997,6.36643515683488E-16));
#6191=CARTESIAN_POINT('',(0.0157999999999995,0.0214999999999997,-0.00080000000000017));
#6192=CARTESIAN_POINT('',(-6.10622663543836E-16,0.021500000000001,-0.000800000000000009));
#6193=CARTESIAN_POINT('',(0.0157999999999997,0.0214999999999997,-0.0057));
#6194=CARTESIAN_POINT('',(0.0157999999999995,0.0214999999999997,-1.96023752785379E-16));
#6195=CARTESIAN_POINT('',(0.0115499999999997,0.0215,-0.0056999999999992));
#6196=CARTESIAN_POINT('',(-1.06858966120171E-15,0.0215000000000009,-0.00570000000000008));
#6197=CARTESIAN_POINT('',(0.0115499999999995,0.0215,0.0057000000000007));
#6198=CARTESIAN_POINT('',(0.0115499999999995,0.0215,0.0060000000000007));
#6199=CARTESIAN_POINT('',(0.0157999999999995,0.0214999999999997,0.00569999999999993));
#6200=CARTESIAN_POINT('',(-5.13478148889135E-16,0.021500000000001,0.0057));
#6201=CARTESIAN_POINT('',(0.0157999999999995,0.0214999999999997,0.000799999999999841));
#6202=CARTESIAN_POINT('',(0.0157999999999995,0.0214999999999997,-1.96023752785379E-16));
#6203=CARTESIAN_POINT('',(-5.13478148889135E-16,0.021500000000001,0.000800000000000016));
#6204=CARTESIAN_POINT('Origin',(-5.13478148889135E-16,0.021500000000001,
-1.38777878078145E-17));
#6205=CARTESIAN_POINT('',(-0.0158000000000003,0.0215,-0.0057));
#6206=CARTESIAN_POINT('',(-0.0158000000000003,0.0215,-0.000799999999999959));
#6207=CARTESIAN_POINT('',(-0.0158000000000003,0.0215,4.33680868994202E-17));
#6208=CARTESIAN_POINT('',(-0.0148746950765962,0.0215,-0.000799999999999952));
#6209=CARTESIAN_POINT('',(-6.10622663543836E-16,0.021500000000001,-0.000800000000000016));
#6210=CARTESIAN_POINT('',(-0.0148746950765962,0.0215,0.000800000000000052));
#6211=CARTESIAN_POINT('Origin',(-0.0138500000000008,0.0215,4.33680868994202E-17));
#6212=CARTESIAN_POINT('',(-0.0158000000000003,0.0215,0.000800000000000073));
#6213=CARTESIAN_POINT('',(-5.13478148889135E-16,0.021500000000001,0.000800000000000016));
#6214=CARTESIAN_POINT('',(-0.0158000000000007,0.0215,0.0057));
#6215=CARTESIAN_POINT('',(-0.0158000000000003,0.0215,4.33680868994202E-17));
#6216=CARTESIAN_POINT('',(-0.0115500000000005,0.0215,0.00570000000000052));
#6217=CARTESIAN_POINT('',(-5.13478148889135E-16,0.021500000000001,0.0057));
#6218=CARTESIAN_POINT('',(-0.0115500000000005,0.0215,-0.00569999999999951));
#6219=CARTESIAN_POINT('',(-0.0115500000000005,0.0215,-0.00599999999999952));
#6220=CARTESIAN_POINT('',(-1.06858966120171E-15,0.0215000000000009,-0.00570000000000008));
#6221=CARTESIAN_POINT('Origin',(0.0114999999999995,0.0185,0.0059999999999999));
#6222=CARTESIAN_POINT('',(0.0114999999999995,0.0048000000000001,-0.0018499999999989));
#6223=CARTESIAN_POINT('Origin',(0.0114999999999995,0.0048,-0.00124999999999879));
#6224=CARTESIAN_POINT('Origin',(0.0114999999999995,0.0048,-0.00124999999999879));
#6225=CARTESIAN_POINT('',(0.0114999999999995,0.0048,-0.000599999999998897));
#6226=CARTESIAN_POINT('Origin',(0.0114999999999995,0.00479999999999993,
1.21257170970779E-15));
#6227=CARTESIAN_POINT('Origin',(0.0114999999999995,0.00479999999999993,
1.21257170970779E-15));
#6228=CARTESIAN_POINT('',(0.0114999999999995,0.0048,0.000650000000001118));
#6229=CARTESIAN_POINT('Origin',(0.0114999999999995,0.00479999999999993,
0.00125000000000121));
#6230=CARTESIAN_POINT('Origin',(0.0114999999999995,0.00479999999999993,
0.00125000000000121));
#6231=CARTESIAN_POINT('',(0.0115,0.000299999999999898,-0.006));
#6232=CARTESIAN_POINT('Origin',(-0.0115000000000005,0.0185,0.006));
#6233=CARTESIAN_POINT('',(-0.0115,0.000300000000000009,0.006));
#6234=CARTESIAN_POINT('Origin',(0.,0.,0.));
#6235=CARTESIAN_POINT('',(-0.0112,0.,0.0057));
#6236=CARTESIAN_POINT('',(-0.0112,0.,-0.0057));
#6237=CARTESIAN_POINT('',(-0.0112,0.,-0.006));
#6238=CARTESIAN_POINT('',(0.0112000000000002,-9.71445146547012E-17,-0.0057));
#6239=CARTESIAN_POINT('',(0.0115000000000002,-9.71445146547012E-17,-0.0057));
#6240=CARTESIAN_POINT('',(0.0112,-9.71445146547012E-17,0.00569999999999991));
#6241=CARTESIAN_POINT('',(0.0112,-9.71445146547012E-17,0.00599999999999992));
#6242=CARTESIAN_POINT('',(-0.0115,0.,0.0057));
#6243=CARTESIAN_POINT('Origin',(-5.13478148889135E-16,0.018500000000001,
2.77555756156289E-17));
#6244=CARTESIAN_POINT('',(0.0157999999999995,0.0184999999999997,-0.00080000000000017));
#6245=CARTESIAN_POINT('',(0.0148746950765955,0.0184999999999997,-0.000800000000000129));
#6246=CARTESIAN_POINT('',(0.0147160254037839,0.0184999999999997,-0.000800000000000129));
#6247=CARTESIAN_POINT('',(0.0148746950765954,0.0184999999999997,0.000799999999999834));
#6248=CARTESIAN_POINT('Origin',(0.0138499999999995,0.0184999999999997,6.36643515683488E-16));
#6249=CARTESIAN_POINT('',(0.0157999999999995,0.0184999999999997,0.000799999999999834));
#6250=CARTESIAN_POINT('',(0.0160999999999995,0.0184999999999997,0.000799999999999841));
#6251=CARTESIAN_POINT('',(0.0157999999999995,0.0184999999999997,0.0057));
#6252=CARTESIAN_POINT('',(0.0157999999999995,0.0184999999999997,0.00599999999999993));
#6253=CARTESIAN_POINT('',(0.0117999999999995,0.0185,0.0057000000000007));
#6254=CARTESIAN_POINT('',(0.0114999999999995,0.0185,0.0056999999999999));
#6255=CARTESIAN_POINT('',(0.0117999999999997,0.0185,-0.00569999999999912));
#6256=CARTESIAN_POINT('',(0.0117999999999995,0.0185,6.43582409587395E-16));
#6257=CARTESIAN_POINT('',(0.0157999999999997,0.0184999999999997,-0.0057));
#6258=CARTESIAN_POINT('',(0.0161,0.0184999999999997,-0.0057));
#6259=CARTESIAN_POINT('',(0.0157999999999995,0.0184999999999997,-0.000500000000000176));
#6260=CARTESIAN_POINT('Origin',(0.0160999999999995,0.0214999999999997,0.00599999999999993));
#6261=CARTESIAN_POINT('',(0.0160999999999995,0.0187999999999997,0.000799999999999834));
#6262=CARTESIAN_POINT('',(0.0160999999999995,0.0211999999999997,0.000799999999999862));
#6263=CARTESIAN_POINT('',(0.0160999999999995,0.0214999999999997,0.000799999999999855));
#6264=CARTESIAN_POINT('',(0.0160999999999995,0.0211999999999997,0.00569999999999993));
#6265=CARTESIAN_POINT('',(0.0160999999999995,0.0211999999999997,0.00599999999999993));
#6266=CARTESIAN_POINT('',(0.0160999999999995,0.0187999999999997,0.0057));
#6267=CARTESIAN_POINT('',(0.0160999999999995,0.0214999999999997,0.00569999999999993));
#6268=CARTESIAN_POINT('',(0.0160999999999995,0.0187999999999997,0.000499999999999832));
#6269=CARTESIAN_POINT('Origin',(-0.0161000000000007,0.0215,0.006));
#6270=CARTESIAN_POINT('',(-0.0161,0.0188,-0.000799999999999952));
#6271=CARTESIAN_POINT('',(-0.0161000000000003,0.0212,-0.000799999999999959));
#6272=CARTESIAN_POINT('',(-0.0161000000000003,0.0215,-0.000799999999999959));
#6273=CARTESIAN_POINT('',(-0.0161000000000003,0.0212,-0.0057));
#6274=CARTESIAN_POINT('',(-0.0161000000000007,0.0212,0.006));
#6275=CARTESIAN_POINT('',(-0.0161,0.0188,-0.0057));
#6276=CARTESIAN_POINT('',(-0.0161000000000003,0.0215,-0.0057));
#6277=CARTESIAN_POINT('',(-0.0161,0.0188,-0.000499999999999957));
#6278=CARTESIAN_POINT('Origin',(-5.13478148889135E-16,0.018500000000001,
2.77555756156289E-17));
#6279=CARTESIAN_POINT('',(-0.014874695076596,0.0185,-0.000799999999999952));
#6280=CARTESIAN_POINT('',(-0.0158,0.0185,-0.000799999999999952));
#6281=CARTESIAN_POINT('',(-0.0161,0.0185,-0.000799999999999952));
#6282=CARTESIAN_POINT('',(-0.0158,0.0185,-0.0057));
#6283=CARTESIAN_POINT('',(-0.0158,0.0185,-0.006));
#6284=CARTESIAN_POINT('',(-0.0118000000000005,0.0185,-0.0057));
#6285=CARTESIAN_POINT('',(-0.0115000000000005,0.0185,-0.0057));
#6286=CARTESIAN_POINT('',(-0.0118000000000005,0.0185,0.0057));
#6287=CARTESIAN_POINT('',(-0.0118000000000005,0.0185,9.19403442267708E-17));
#6288=CARTESIAN_POINT('',(-0.0158000000000004,0.0185,0.0057));
#6289=CARTESIAN_POINT('',(-0.0161000000000004,0.0185,0.0057));
#6290=CARTESIAN_POINT('',(-0.0158,0.0185,0.000800000000000066));
#6291=CARTESIAN_POINT('',(-0.0158,0.0185,0.000500000000000065));
#6292=CARTESIAN_POINT('',(-0.014874695076596,0.0185,0.000800000000000052));
#6293=CARTESIAN_POINT('',(-0.0147160254037844,0.0185,0.000800000000000052));
#6294=CARTESIAN_POINT('Origin',(-0.0138500000000005,0.0185,9.19403442267708E-17));
#6295=CARTESIAN_POINT('Origin',(0.0112499999999995,0.023,0.0059999999999999));
#6296=CARTESIAN_POINT('',(0.0112499999999995,0.0218,0.00569999999999992));
#6297=CARTESIAN_POINT('',(0.0112499999999997,0.0218000000000003,-0.00569999999999993));
#6298=CARTESIAN_POINT('',(0.0112499999999995,0.0218000000000003,-0.006));
#6299=CARTESIAN_POINT('',(0.0112499999999997,0.0227000000000003,-0.00569999999999993));
#6300=CARTESIAN_POINT('',(0.0112499999999997,0.0230000000000003,-0.0057));
#6301=CARTESIAN_POINT('',(0.0112499999999995,0.0227,-0.000756637297520355));
#6302=CARTESIAN_POINT('',(0.0112499999999995,0.0227,0.00599999999999992));
#6303=CARTESIAN_POINT('',(0.0112499999999995,0.0227,0.000756637297521802));
#6304=CARTESIAN_POINT('',(0.0112499999999995,0.022700000000001,-0.000756637297520355));
#6305=CARTESIAN_POINT('',(0.0112499999999995,0.0227,0.0057));
#6306=CARTESIAN_POINT('',(0.0112499999999995,0.0227,0.00599999999999992));
#6307=CARTESIAN_POINT('',(0.0112499999999995,0.023,0.0056999999999999));
#6308=CARTESIAN_POINT('Origin',(-0.0112500000000005,0.023,0.006));
#6309=CARTESIAN_POINT('',(-0.0112500000000005,0.0227,0.0057));
#6310=CARTESIAN_POINT('',(-0.0112500000000005,0.0227,-0.0057));
#6311=CARTESIAN_POINT('',(-0.0112500000000005,0.0227,0.006));
#6312=CARTESIAN_POINT('',(-0.0112500000000005,0.0218,-0.00569999999999954));
#6313=CARTESIAN_POINT('',(-0.0112500000000005,0.023,-0.0057));
#6314=CARTESIAN_POINT('',(-0.0112500000000005,0.0218,0.00570000000000048));
#6315=CARTESIAN_POINT('',(-0.0112500000000005,0.0218,0.00600000000000048));
#6316=CARTESIAN_POINT('',(-0.0112500000000005,0.023,0.0057));
#6317=CARTESIAN_POINT('Origin',(-5.13478148889135E-16,0.023000000000001,
2.77555756156289E-17));
#6318=CARTESIAN_POINT('',(0.0109499999999995,0.023,0.0056999999999999));
#6319=CARTESIAN_POINT('',(0.0109499999999995,0.023,0.00202792997906805));
#6320=CARTESIAN_POINT('',(0.0109499999999995,0.023,7.12971348626468E-16));
#6321=CARTESIAN_POINT('',(0.00727792997906682,0.023000000000001,0.00569999999999992));
#6322=CARTESIAN_POINT('Origin',(0.00524999999999948,0.023000000000001,2.77555756156289E-17));
#6323=CARTESIAN_POINT('',(-5.55111512312578E-17,0.023000000000001,0.0057));
#6324=CARTESIAN_POINT('Origin',(0.00524999999999948,0.029000000000001,0.));
#6325=CARTESIAN_POINT('',(0.0052499999999995,0.029000000000001,-0.00545));
#6326=CARTESIAN_POINT('Origin',(0.00524999999999948,0.029000000000001,0.));
#6327=CARTESIAN_POINT('Origin',(-0.000800000000000509,0.028500000000001,
0.));
#6328=CARTESIAN_POINT('Origin',(-0.000800000000000509,0.023300000000001,
-1.38777878078145E-17));
#6329=CARTESIAN_POINT('Origin',(-0.000800000000000509,0.028200000000001,
-1.38777878078145E-17));
#6330=CARTESIAN_POINT('Origin',(-0.000800000000000509,0.028500000000001,
0.));
#6331=CARTESIAN_POINT('Origin',(-0.000800000000000509,0.028500000000001,
0.));
#6332=CARTESIAN_POINT('Origin',(-0.01385,-8.32667268468867E-17,6.41847686111419E-17));
#6333=CARTESIAN_POINT('',(-0.0147160254037844,0.0188,0.000500000000000044));
#6334=CARTESIAN_POINT('',(-0.0147160254037847,0.0212,0.000500000000000058));
#6335=CARTESIAN_POINT('',(-0.0147160254037844,-8.32667268468867E-17,0.000500000000000065));
#6336=CARTESIAN_POINT('',(-0.0147160254037847,0.0212,-0.000499999999999957));
#6337=CARTESIAN_POINT('Origin',(-0.0138500000000008,0.0212,4.33680868994202E-17));
#6338=CARTESIAN_POINT('',(-0.0147160254037844,0.0188,-0.000499999999999957));
#6339=CARTESIAN_POINT('',(-0.0147160254037844,-8.32667268468867E-17,-0.000499999999999936));
#6340=CARTESIAN_POINT('Origin',(-0.0138500000000005,0.0188,4.33680868994202E-17));
#6341=CARTESIAN_POINT('Origin',(-0.0147160254037844,-8.32667268468867E-17,
0.000500000000000065));
#6342=CARTESIAN_POINT('',(-0.0158,0.0188,0.000500000000000058));
#6343=CARTESIAN_POINT('',(-0.0158000000000003,0.0212,0.000500000000000079));
#6344=CARTESIAN_POINT('',(-0.0158,0.,0.000500000000000079));
#6345=CARTESIAN_POINT('',(-0.0147160254037847,0.0212,0.000500000000000058));
#6346=CARTESIAN_POINT('',(-0.0161,0.0188,0.000500000000000058));
#6347=CARTESIAN_POINT('Origin',(-0.0147160254037844,-8.32667268468867E-17,
-0.000499999999999936));
#6348=CARTESIAN_POINT('',(-0.0158000000000003,0.0212,-0.000499999999999957));
#6349=CARTESIAN_POINT('',(-0.0147160254037847,0.0212,-0.000499999999999957));
#6350=CARTESIAN_POINT('',(-0.0158,0.0188,-0.00049999999999995));
#6351=CARTESIAN_POINT('',(-0.0158,0.,-0.000499999999999936));
#6352=CARTESIAN_POINT('',(-0.0147160254037844,0.0188,-0.000499999999999957));
#6353=CARTESIAN_POINT('Origin',(0.0147160254037844,5.55111512312578E-17,
-0.000500000000000162));
#6354=CARTESIAN_POINT('',(0.0147160254037839,0.0187999999999997,-0.000500000000000134));
#6355=CARTESIAN_POINT('',(0.0147160254037844,0.0211999999999997,-0.000500000000000134));
#6356=CARTESIAN_POINT('',(0.0147160254037844,5.55111512312578E-17,-0.000500000000000169));
#6357=CARTESIAN_POINT('',(0.0157999999999993,0.0187999999999997,-0.000500000000000176));
#6358=CARTESIAN_POINT('',(0.0160999999999995,0.0187999999999997,-0.000500000000000176));
#6359=CARTESIAN_POINT('',(0.0157999999999995,0.0211999999999997,-0.000500000000000176));
#6360=CARTESIAN_POINT('',(0.0158,5.55111512312578E-17,-0.000500000000000162));
#6361=CARTESIAN_POINT('',(0.0147160254037844,0.0211999999999997,-0.000500000000000127));
#6362=CARTESIAN_POINT('Origin',(0.0147160254037844,5.55111512312578E-17,
0.000499999999999839));
#6363=CARTESIAN_POINT('',(0.0157999999999995,0.0211999999999997,0.00049999999999986));
#6364=CARTESIAN_POINT('',(0.0157999999999993,0.0187999999999997,0.000499999999999832));
#6365=CARTESIAN_POINT('',(0.0158,5.55111512312578E-17,0.000499999999999853));
#6366=CARTESIAN_POINT('',(0.0147160254037839,0.0187999999999997,0.000499999999999832));
#6367=CARTESIAN_POINT('',(0.0147160254037839,0.0187999999999997,0.000499999999999832));
#6368=CARTESIAN_POINT('',(0.0147160254037844,0.0211999999999997,0.000499999999999839));
#6369=CARTESIAN_POINT('',(0.0147160254037844,5.55111512312578E-17,0.000499999999999839));
#6370=CARTESIAN_POINT('',(0.0147160254037844,0.0211999999999997,0.000499999999999839));
#6371=CARTESIAN_POINT('Origin',(0.01385,5.55111512312578E-17,6.01949046163952E-16));
#6372=CARTESIAN_POINT('Origin',(0.0138499999999995,0.0187999999999997,6.36643515683488E-16));
#6373=CARTESIAN_POINT('Origin',(0.01385,0.0211999999999997,6.36643515683488E-16));
#6374=CARTESIAN_POINT('Origin',(0.0134999999999995,0.0048,0.00125000000000111));
#6375=CARTESIAN_POINT('',(0.0134999999999995,0.0048,0.00065000000000111));
#6376=CARTESIAN_POINT('',(0.0134999999999995,0.0048,0.00065000000000111));
#6377=CARTESIAN_POINT('Origin',(0.0134999999999995,0.0048,0.00125000000000111));
#6378=CARTESIAN_POINT('Origin',(0.0134999999999995,0.0048,0.00125000000000111));
#6379=CARTESIAN_POINT('Origin',(0.0134999999999995,0.0048,1.09461051334137E-15));
#6380=CARTESIAN_POINT('',(0.0134999999999995,0.0048,-0.000599999999998905));
#6381=CARTESIAN_POINT('',(0.0134999999999995,0.0048,-0.000599999999998905));
#6382=CARTESIAN_POINT('Origin',(0.0134999999999995,0.0048,1.09461051334137E-15));
#6383=CARTESIAN_POINT('Origin',(0.0134999999999995,0.0048,1.09461051334137E-15));
#6384=CARTESIAN_POINT('Origin',(0.0134999999999995,0.0048000000000001,-0.00124999999999891));
#6385=CARTESIAN_POINT('',(0.0134999999999995,0.0048000000000001,-0.00184999999999891));
#6386=CARTESIAN_POINT('',(0.0134999999999995,0.0048000000000001,-0.00184999999999891));
#6387=CARTESIAN_POINT('Origin',(0.0134999999999995,0.0048000000000001,-0.00124999999999891));
#6388=CARTESIAN_POINT('Origin',(0.0134999999999995,0.0048000000000001,-0.00124999999999891));
#6389=CARTESIAN_POINT('Origin',(-5.13478148889135E-16,0.022700000000001,
0.0057));
#6390=CARTESIAN_POINT('',(0.0044933627024784,0.0229590820646893,0.00585124973969177));
#6391=CARTESIAN_POINT('Origin',(0.0044933627024784,0.022700000000001,0.0057));
#6392=CARTESIAN_POINT('Ctrl Pts',(0.00449336270247848,0.0229590820646912,
0.00585124973969224));
#6393=CARTESIAN_POINT('Ctrl Pts',(0.0040671448357848,0.0229747645407638,
0.00582438656433313));
#6394=CARTESIAN_POINT('Ctrl Pts',(0.00364290248400793,0.0230000000000011,
0.00577486129427673));
#6395=CARTESIAN_POINT('Ctrl Pts',(0.00322207002093224,0.023000000000001,
0.0056999999999999));
#6396=CARTESIAN_POINT('Origin',(-0.0109500000000005,0.0227,0.0057));
#6397=CARTESIAN_POINT('Origin',(-1.06858966120171E-15,0.0227000000000012,
-0.0057));
#6398=CARTESIAN_POINT('',(0.00449336270247851,0.0229590820646895,-0.00585124973969178));
#6399=CARTESIAN_POINT('Ctrl Pts',(0.00322207002093241,0.0230000000000012,
-0.00570000000000001));
#6400=CARTESIAN_POINT('Ctrl Pts',(0.00364288170038257,0.0230000000000013,
-0.00577485759713103));
#6401=CARTESIAN_POINT('Ctrl Pts',(0.00406714827485562,0.0229747644143973,
-0.00582438678078836));
#6402=CARTESIAN_POINT('Ctrl Pts',(0.00449336270247852,0.0229590820646896,
-0.00585124973969173));
#6403=CARTESIAN_POINT('Origin',(0.00449336270247851,0.0227000000000012,
-0.0057));
#6404=CARTESIAN_POINT('Origin',(-0.0109500000000005,0.0227,-0.0057));
#6405=CARTESIAN_POINT('Origin',(-0.0109500000000005,0.0227,4.31946145518225E-16));
#6406=CARTESIAN_POINT('Origin',(-0.0109500000000005,0.0227,0.0057));
#6407=CARTESIAN_POINT('Origin',(-0.0109500000000005,0.0227,-0.0057));
#6408=CARTESIAN_POINT('Origin',(-0.0109500000000005,0.0227,0.0057));
#6409=CARTESIAN_POINT('Origin',(-0.0109500000000005,0.0227,0.0057));
#6410=CARTESIAN_POINT('Ctrl Pts',(0.00449336270247907,0.0227000000000012,
0.00600000000000007));
#6411=CARTESIAN_POINT('Ctrl Pts',(0.00449336270247907,0.0228784237968031,
0.00599999999999997));
#6412=CARTESIAN_POINT('Ctrl Pts',(0.00449336270247874,0.0229636046284789,
0.00584322220444133));
#6413=CARTESIAN_POINT('Ctrl Pts',(0.00499779964670053,0.0227000000377809,
0.00599999999999899));
#6414=CARTESIAN_POINT('Ctrl Pts',(0.00496203565978532,0.0228491293641791,
0.0059999999999996));
#6415=CARTESIAN_POINT('Ctrl Pts',(0.00497145435789756,0.0229424220556726,
0.0058822093710763));
#6416=CARTESIAN_POINT('Ctrl Pts',(0.00550224056468716,0.0227000000377587,
0.00600000000000125));
#6417=CARTESIAN_POINT('Ctrl Pts',(0.00553799941335951,0.0228491315563744,
0.0059999999999991));
#6418=CARTESIAN_POINT('Ctrl Pts',(0.0055285823212051,0.0229424236807615,
0.00588220638003504));
#6419=CARTESIAN_POINT('Ctrl Pts',(0.00600663729752128,0.0227000000000012,
0.00600000000000007));
#6420=CARTESIAN_POINT('Ctrl Pts',(0.00600663729752127,0.0228784237968031,
0.00599999999999997));
#6421=CARTESIAN_POINT('Ctrl Pts',(0.0060066372975209,0.0229636046284789,
0.00584322220444133));
#6422=CARTESIAN_POINT('',(0.00600663729752057,0.0229590820646893,0.0058512497396917));
#6423=CARTESIAN_POINT('Origin',(0.00600663729752057,0.022700000000001,0.00569999999999992));
#6424=CARTESIAN_POINT('Ctrl Pts',(0.00600663729752057,0.0229590820646892,
0.00585124973969166));
#6425=CARTESIAN_POINT('Ctrl Pts',(0.0055028470184954,0.0229408267650255,
0.00588252001320102));
#6426=CARTESIAN_POINT('Ctrl Pts',(0.00499718198273263,0.0229408257139527,
0.00588252181362826));
#6427=CARTESIAN_POINT('Ctrl Pts',(0.0044933627024784,0.0229590820646893,
0.00585124973969177));
#6428=CARTESIAN_POINT('Ctrl Pts',(0.0112499999999995,0.022700000000001,
0.000756637297521802));
#6429=CARTESIAN_POINT('Ctrl Pts',(0.0112499999999995,0.0228784237968026,
0.000756637297521795));
#6430=CARTESIAN_POINT('Ctrl Pts',(0.0110932222044413,0.0229636046284786,
0.000756637297521791));
#6431=CARTESIAN_POINT('Ctrl Pts',(0.0112499999999995,0.0227000000377816,
0.000252200353274737));
#6432=CARTESIAN_POINT('Ctrl Pts',(0.0112499999999994,0.0228491293641768,
0.000287964340193846));
#6433=CARTESIAN_POINT('Ctrl Pts',(0.0111322093710779,0.0229424220556708,
0.000278545642081952));
#6434=CARTESIAN_POINT('Ctrl Pts',(0.0112499999999995,0.0227000000377559,
-0.000252240564687766));
#6435=CARTESIAN_POINT('Ctrl Pts',(0.011249999999999,0.0228491315563713,
-0.000287999413359264));
#6436=CARTESIAN_POINT('Ctrl Pts',(0.0111322063800356,0.0229424236807599,
-0.000278582321204257));
#6437=CARTESIAN_POINT('Ctrl Pts',(0.0112499999999995,0.022700000000001,
-0.000756637297520365));
#6438=CARTESIAN_POINT('Ctrl Pts',(0.0112499999999995,0.0228784237968025,
-0.000756637297520373));
#6439=CARTESIAN_POINT('Ctrl Pts',(0.0110932222044415,0.0229636046284785,
-0.000756637297520376));
#6440=CARTESIAN_POINT('',(0.0111012497396913,0.0229590820646883,-0.000756637297520376));
#6441=CARTESIAN_POINT('Origin',(0.0109499999999995,0.0227,-0.000756637297520355));
#6442=CARTESIAN_POINT('',(0.0111012497396913,0.0229590820646883,0.000756637297521802));
#6443=CARTESIAN_POINT('Ctrl Pts',(0.0111012497396911,0.0229590820646885,
-0.000756637297520336));
#6444=CARTESIAN_POINT('Ctrl Pts',(0.0111325200130645,0.0229408267651041,
-0.000252847018472209));
#6445=CARTESIAN_POINT('Ctrl Pts',(0.0111325218134342,0.0229408257140648,
0.000252818017234856));
#6446=CARTESIAN_POINT('Ctrl Pts',(0.0111012497396911,0.0229590820646885,
0.000756637297521756));
#6447=CARTESIAN_POINT('Origin',(0.0109499999999995,0.0227,0.000756637297521802));
#6448=CARTESIAN_POINT('Ctrl Pts',(0.00600663729752137,0.0227000000000012,
-0.00599999999999994));
#6449=CARTESIAN_POINT('Ctrl Pts',(0.00600663729752138,0.0228784237968029,
-0.00599999999999984));
#6450=CARTESIAN_POINT('Ctrl Pts',(0.00600663729752101,0.0229636046284788,
-0.00584322220444144));
#6451=CARTESIAN_POINT('Ctrl Pts',(0.0055022003533865,0.0227000000377809,
-0.00600000000000112));
#6452=CARTESIAN_POINT('Ctrl Pts',(0.00553796434028959,0.022849129364184,
-0.00600000000000126));
#6453=CARTESIAN_POINT('Ctrl Pts',(0.00552854564218177,0.0229424220556762,
-0.00588220937107058));
#6454=CARTESIAN_POINT('Ctrl Pts',(0.00499775943530719,0.0227000000377587,
-0.00599999999999886));
#6455=CARTESIAN_POINT('Ctrl Pts',(0.00496200058663571,0.0228491315563739,
-0.00599999999999803));
#6456=CARTESIAN_POINT('Ctrl Pts',(0.00497141767879183,0.0229424236807611,
-0.00588220638003481));
#6457=CARTESIAN_POINT('Ctrl Pts',(0.00449336270247915,0.0227000000000012,
-0.00599999999999994));
#6458=CARTESIAN_POINT('Ctrl Pts',(0.00449336270247914,0.0228784237968029,
-0.00599999999999984));
#6459=CARTESIAN_POINT('Ctrl Pts',(0.00449336270247881,0.0229636046284788,
-0.00584322220444145));
#6460=CARTESIAN_POINT('',(0.00600663729752071,0.0229590820646895,-0.005851249739692));
#6461=CARTESIAN_POINT('Ctrl Pts',(0.00449336270247852,0.0229590820646896,
-0.00585124973969182));
#6462=CARTESIAN_POINT('Ctrl Pts',(0.00499715298149578,0.0229408267649985,
-0.00588252001324803));
#6463=CARTESIAN_POINT('Ctrl Pts',(0.0055028180172639,0.0229408257139617,
-0.00588252181361335));
#6464=CARTESIAN_POINT('Ctrl Pts',(0.0060066372975207,0.0229590820646896,
-0.00585124973969196));
#6465=CARTESIAN_POINT('Origin',(0.00600663729752082,0.0227000000000012,
-0.00570000000000023));
#6466=CARTESIAN_POINT('Origin',(-0.0138500000000008,0.0212,4.33680868994202E-17));
#6467=CARTESIAN_POINT('Ctrl Pts',(-0.0147160254037852,0.0212,-0.000499999999999958));
#6468=CARTESIAN_POINT('Ctrl Pts',(-0.0147160254037852,0.0212340920239074,
-0.000499999999999958));
#6469=CARTESIAN_POINT('Ctrl Pts',(-0.0147193912925339,0.0212676030690071,
-0.00050580116223654));
#6470=CARTESIAN_POINT('Ctrl Pts',(-0.0147325065075186,0.0213331405261254,
-0.000528771684250516));
#6471=CARTESIAN_POINT('Ctrl Pts',(-0.0147424954931806,0.0213639539366114,
-0.000546401009385405));
#6472=CARTESIAN_POINT('Ctrl Pts',(-0.014768525126654,0.0214211821702893,
-0.000593495276147082));
#6473=CARTESIAN_POINT('Ctrl Pts',(-0.0147850183363764,0.0214458881068769,
-0.00062394889457561));
#6474=CARTESIAN_POINT('Ctrl Pts',(-0.0148139477560784,0.0214756356913432,
-0.000679067328782784));
#6475=CARTESIAN_POINT('Ctrl Pts',(-0.0148256970302786,0.0214845211396467,
-0.000701843565132346));
#6476=CARTESIAN_POINT('Ctrl Pts',(-0.0148495210633083,0.0214966177781713,
-0.000748899691466956));
#6477=CARTESIAN_POINT('Ctrl Pts',(-0.0148615801719629,0.0214997890989215,
-0.000773152623707644));
#6478=CARTESIAN_POINT('Ctrl Pts',(-0.0148738912208858,0.0214999966091413,
-0.000798353070438974));
#6479=CARTESIAN_POINT('Ctrl Pts',(-0.0148742932439557,0.0215,-0.000799176488142174));
#6480=CARTESIAN_POINT('Ctrl Pts',(-0.0148746950765966,0.0215,-0.000799999999999733));
#6481=CARTESIAN_POINT('Ctrl Pts',(-0.0147160254037852,0.0212,0.000500000000000054));
#6482=CARTESIAN_POINT('Ctrl Pts',(-0.0147160254037852,0.0212340920239074,
0.000500000000000054));
#6483=CARTESIAN_POINT('Ctrl Pts',(-0.0147193912925339,0.0212676030690071,
0.000505801162236644));
#6484=CARTESIAN_POINT('Ctrl Pts',(-0.0147325065075186,0.0213331405261254,
0.000528771684250614));
#6485=CARTESIAN_POINT('Ctrl Pts',(-0.0147424954931806,0.0213639539366114,
0.000546401009385496));
#6486=CARTESIAN_POINT('Ctrl Pts',(-0.014768525126654,0.0214211821702893,
0.000593495276147188));
#6487=CARTESIAN_POINT('Ctrl Pts',(-0.0147850183363764,0.0214458881068769,
0.000623948894575727));
#6488=CARTESIAN_POINT('Ctrl Pts',(-0.0148139477560784,0.0214756356913433,
0.00067906732878296));
#6489=CARTESIAN_POINT('Ctrl Pts',(-0.0148256970302787,0.0214845211396468,
0.0007018435651326));
#6490=CARTESIAN_POINT('Ctrl Pts',(-0.0148495210633085,0.0214966177781714,
0.000748899691467441));
#6491=CARTESIAN_POINT('Ctrl Pts',(-0.0148615801719631,0.0214997890989215,
0.000773152623708232));
#6492=CARTESIAN_POINT('Ctrl Pts',(-0.014873891220886,0.0214999966091413,
0.000798353070439429));
#6493=CARTESIAN_POINT('Ctrl Pts',(-0.0148742932439558,0.0215,0.000799176488142476));
#6494=CARTESIAN_POINT('Ctrl Pts',(-0.0148746950765966,0.0215,0.000799999999999838));
#6495=CARTESIAN_POINT('Origin',(-0.0109500000000005,0.0227,-0.0057));
#6496=CARTESIAN_POINT('Origin',(-0.0109500000000005,0.0227,-0.0057));
#6497=CARTESIAN_POINT('Origin',(-0.0109500000000005,0.0185,0.0057));
#6498=CARTESIAN_POINT('Origin',(-0.0109500000000005,0.0218,0.0057000000000005));
#6499=CARTESIAN_POINT('Origin',(-5.13478148889135E-16,0.022700000000001,
0.0057));
#6500=CARTESIAN_POINT('Ctrl Pts',(0.00727792997906682,0.023000000000001,
0.00569999999999992));
#6501=CARTESIAN_POINT('Ctrl Pts',(0.00685711829961699,0.0230000000000008,
0.00577485759713206));
#6502=CARTESIAN_POINT('Ctrl Pts',(0.00643285172514493,0.0229747644143924,
0.00582438678079667));
#6503=CARTESIAN_POINT('Ctrl Pts',(0.00600663729752067,0.0229590820646894,
0.00585124973969159));
#6504=CARTESIAN_POINT('Origin',(0.0109499999999995,0.0227,0.0057));
#6505=CARTESIAN_POINT('Origin',(0.0109499999999995,0.0227,7.26849136434282E-16));
#6506=CARTESIAN_POINT('Ctrl Pts',(0.0111012497396918,0.0229590820646902,
0.000756637297521787));
#6507=CARTESIAN_POINT('Ctrl Pts',(0.0110743865642868,0.0229747645407896,
0.00118285516420767));
#6508=CARTESIAN_POINT('Ctrl Pts',(0.0110248612941869,0.023,0.00160709751596048));
#6509=CARTESIAN_POINT('Ctrl Pts',(0.0109499999999994,0.023,0.00202792997906803));
#6510=CARTESIAN_POINT('Origin',(0.0109499999999995,0.0227,0.0057));
#6511=CARTESIAN_POINT('Origin',(0.0109499999999995,0.0227,7.26849136434282E-16));
#6512=CARTESIAN_POINT('Ctrl Pts',(0.0109499999999995,0.023,-0.0020279299790666));
#6513=CARTESIAN_POINT('Ctrl Pts',(0.0110248575971843,0.023,-0.00160711829963549));
#6514=CARTESIAN_POINT('Ctrl Pts',(0.0110743867808009,0.0229747644143887,
-0.0011828517251455));
#6515=CARTESIAN_POINT('Ctrl Pts',(0.0111012497396912,0.0229590820646885,
-0.000756637297520362));
#6516=CARTESIAN_POINT('Origin',(0.0109499999999997,0.0227000000000003,-0.00569999999999993));
#6517=CARTESIAN_POINT('Origin',(-1.06858966120171E-15,0.0227000000000012,
-0.0057));
#6518=CARTESIAN_POINT('Ctrl Pts',(0.00600663729752083,0.0229590820646914,
-0.0058512497396924));
#6519=CARTESIAN_POINT('Ctrl Pts',(0.0064328551642034,0.0229747645408021,
-0.00582438656426855));
#6520=CARTESIAN_POINT('Ctrl Pts',(0.00685709751595523,0.023000000000001,
-0.0057748612941756));
#6521=CARTESIAN_POINT('Ctrl Pts',(0.00727792997906704,0.0230000000000012,
-0.00570000000000011));
#6522=CARTESIAN_POINT('Origin',(0.0109499999999997,0.0227000000000003,-0.00569999999999993));
#6523=CARTESIAN_POINT('Origin',(-0.0109500000000005,0.023,-0.0057));
#6524=CARTESIAN_POINT('Origin',(-0.0109500000000005,0.0218,-0.0056999999999995));
#6525=CARTESIAN_POINT('Origin',(-0.0147160254037847,0.0212,0.000800000000000059));
#6526=CARTESIAN_POINT('Origin',(-0.0158000000000003,0.0212,0.000800000000000073));
#6527=CARTESIAN_POINT('Origin',(-0.0115500000000005,0.0218,0.00600000000000048));
#6528=CARTESIAN_POINT('Origin',(-0.0115500000000005,0.0218,-0.00569999999999954));
#6529=CARTESIAN_POINT('Origin',(-0.0115500000000005,0.0218,0.00570000000000048));
#6530=CARTESIAN_POINT('Origin',(-0.0147160254037847,0.0212,-0.000799999999999959));
#6531=CARTESIAN_POINT('Origin',(-0.0158000000000003,0.0212,-0.000799999999999959));
#6532=CARTESIAN_POINT('Origin',(-0.0158000000000003,0.0212,0.000800000000000073));
#6533=CARTESIAN_POINT('Origin',(-0.0158000000000003,0.0212,0.000800000000000073));
#6534=CARTESIAN_POINT('Origin',(-0.0158000000000003,0.0212,0.000800000000000073));
#6535=CARTESIAN_POINT('Origin',(-0.0115500000000005,0.0218,0.00570000000000048));
#6536=CARTESIAN_POINT('Origin',(-0.0115500000000005,0.0212,0.00570000000000049));
#6537=CARTESIAN_POINT('Origin',(0.0109499999999995,0.0227,0.0057));
#6538=CARTESIAN_POINT('Origin',(0.0109499999999995,0.0227,0.0057));
#6539=CARTESIAN_POINT('Origin',(0.0109499999999997,0.0227000000000003,-0.00569999999999993));
#6540=CARTESIAN_POINT('Origin',(0.0109499999999997,0.0227000000000003,-0.00569999999999993));
#6541=CARTESIAN_POINT('Origin',(-0.0115500000000005,0.0218,-0.00569999999999954));
#6542=CARTESIAN_POINT('Origin',(-0.0115500000000005,0.0212,-0.00569999999999951));
#6543=CARTESIAN_POINT('Origin',(-0.0158000000000003,0.0212,-0.000799999999999959));
#6544=CARTESIAN_POINT('Origin',(-0.0158000000000003,0.0212,-0.000799999999999959));
#6545=CARTESIAN_POINT('Origin',(-0.0158000000000003,0.0212,-0.000799999999999959));
#6546=CARTESIAN_POINT('Origin',(-0.0138500000000005,0.0188,4.33680868994202E-17));
#6547=CARTESIAN_POINT('Ctrl Pts',(-0.0147160254037849,0.0188,-0.000499999999999952));
#6548=CARTESIAN_POINT('Ctrl Pts',(-0.0147160254037849,0.0187659079760926,
-0.000499999999999952));
#6549=CARTESIAN_POINT('Ctrl Pts',(-0.0147193912925336,0.0187323969309929,
-0.000505801162236533));
#6550=CARTESIAN_POINT('Ctrl Pts',(-0.0147325065075183,0.0186668594738746,
-0.000528771684250505));
#6551=CARTESIAN_POINT('Ctrl Pts',(-0.0147424954931803,0.0186360460633886,
-0.000546401009385383));
#6552=CARTESIAN_POINT('Ctrl Pts',(-0.0147685251266538,0.0185788178297107,
-0.000593495276147078));
#6553=CARTESIAN_POINT('Ctrl Pts',(-0.0147850183363762,0.0185541118931231,
-0.000623948894575618));
#6554=CARTESIAN_POINT('Ctrl Pts',(-0.014813947756078,0.0185243643086568,
-0.000679067328782727));
#6555=CARTESIAN_POINT('Ctrl Pts',(-0.0148256970302783,0.0185154788603533,
-0.000701843565132228));
#6556=CARTESIAN_POINT('Ctrl Pts',(-0.0148495210632933,0.0185033822218361,
-0.000748899691437877));
#6557=CARTESIAN_POINT('Ctrl Pts',(-0.0148615801719421,0.0185002109010788,
-0.000773152623678164));
#6558=CARTESIAN_POINT('Ctrl Pts',(-0.0148738912208883,0.0185000033908587,
-0.000798353070442783));
#6559=CARTESIAN_POINT('Ctrl Pts',(-0.0148742932439531,0.0185,-0.000799176488137509));
#6560=CARTESIAN_POINT('Ctrl Pts',(-0.0148746950765964,0.0185,-0.00079999999999977));
#6561=CARTESIAN_POINT('Ctrl Pts',(-0.0147160254037849,0.0188,0.000500000000000046));
#6562=CARTESIAN_POINT('Ctrl Pts',(-0.0147160254037849,0.0187659079760926,
0.000500000000000046));
#6563=CARTESIAN_POINT('Ctrl Pts',(-0.0147193912925336,0.0187323969309929,
0.000505801162236623));
#6564=CARTESIAN_POINT('Ctrl Pts',(-0.0147325065075183,0.0186668594738746,
0.000528771684250599));
#6565=CARTESIAN_POINT('Ctrl Pts',(-0.0147424954931803,0.0186360460633886,
0.000546401009385477));
#6566=CARTESIAN_POINT('Ctrl Pts',(-0.0147685251266537,0.0185788178297107,
0.000593495276147172));
#6567=CARTESIAN_POINT('Ctrl Pts',(-0.0147850183363761,0.0185541118931231,
0.000623948894575713));
#6568=CARTESIAN_POINT('Ctrl Pts',(-0.014813947756078,0.0185243643086568,
0.000679067328782821));
#6569=CARTESIAN_POINT('Ctrl Pts',(-0.0148256970302783,0.0185154788603533,
0.000701843565132323));
#6570=CARTESIAN_POINT('Ctrl Pts',(-0.0148495210632933,0.0185033822218361,
0.000748899691437902));
#6571=CARTESIAN_POINT('Ctrl Pts',(-0.0148615801719421,0.0185002109010788,
0.000773152623678185));
#6572=CARTESIAN_POINT('Ctrl Pts',(-0.0148738912208883,0.0185000033908587,
0.000798353070442879));
#6573=CARTESIAN_POINT('Ctrl Pts',(-0.0148742932439531,0.0185,0.00079917648813761));
#6574=CARTESIAN_POINT('Ctrl Pts',(-0.0148746950765964,0.0185,0.00079999999999987));
#6575=CARTESIAN_POINT('Origin',(-0.0147160254037844,0.0188,0.000800000000000045));
#6576=CARTESIAN_POINT('Origin',(-0.0158,0.0188,0.000800000000000052));
#6577=CARTESIAN_POINT('Origin',(-0.0158,0.,0.00080000000000008));
#6578=CARTESIAN_POINT('Origin',(-0.0158,0.0188,0.000800000000000052));
#6579=CARTESIAN_POINT('Origin',(-0.0158000000000003,0.0212,4.33680868994202E-17));
#6580=CARTESIAN_POINT('Origin',(-0.0158000000000007,0.0212,0.0057));
#6581=CARTESIAN_POINT('Origin',(-5.13478148889135E-16,0.021200000000001,
0.0057));
#6582=CARTESIAN_POINT('Origin',(-0.0158000000000007,0.0212,0.0057));
#6583=CARTESIAN_POINT('Origin',(0.01385,0.0211999999999997,6.36643515683488E-16));
#6584=CARTESIAN_POINT('Ctrl Pts',(0.0147160254037842,0.0211999999999997,
-0.000499999999999842));
#6585=CARTESIAN_POINT('Ctrl Pts',(0.0147160254037842,0.0212340920239076,
-0.000499999999999842));
#6586=CARTESIAN_POINT('Ctrl Pts',(0.0147193912925328,0.0212676030690076,
-0.000505801162236989));
#6587=CARTESIAN_POINT('Ctrl Pts',(0.0147325065075173,0.0213331405261252,
-0.00052877168425071));
#6588=CARTESIAN_POINT('Ctrl Pts',(0.0147424954931794,0.0213639539366112,
-0.000546401009385599));
#6589=CARTESIAN_POINT('Ctrl Pts',(0.0147685251266528,0.0214211821702891,
-0.000593495276147319));
#6590=CARTESIAN_POINT('Ctrl Pts',(0.0147850183363752,0.0214458881068767,
-0.00062394889457587));
#6591=CARTESIAN_POINT('Ctrl Pts',(0.014813947756077,0.0214756356913429,
-0.000679067328783013));
#6592=CARTESIAN_POINT('Ctrl Pts',(0.0148256970302773,0.0214845211396465,
-0.000701843565132536));
#6593=CARTESIAN_POINT('Ctrl Pts',(0.014849521063307,0.0214966177781711,
-0.000748899691467217));
#6594=CARTESIAN_POINT('Ctrl Pts',(0.0148615801719615,0.0214997890989212,
-0.000773152623707883));
#6595=CARTESIAN_POINT('Ctrl Pts',(0.0148738912208844,0.021499996609141,
-0.000798353070439137));
#6596=CARTESIAN_POINT('Ctrl Pts',(0.0148742932439544,0.0214999999999997,
-0.000799176488142581));
#6597=CARTESIAN_POINT('Ctrl Pts',(0.0148746950765954,0.0214999999999997,
-0.000800000000000129));
#6598=CARTESIAN_POINT('Ctrl Pts',(0.0147160254037847,0.0211999999999997,
0.000500000000000139));
#6599=CARTESIAN_POINT('Ctrl Pts',(0.0147160254037847,0.0212340920239067,
0.000500000000000139));
#6600=CARTESIAN_POINT('Ctrl Pts',(0.0147193912925334,0.0212676030690059,
0.000505801162236127));
#6601=CARTESIAN_POINT('Ctrl Pts',(0.0147325065075182,0.0213331405261251,
0.000528771684250365));
#6602=CARTESIAN_POINT('Ctrl Pts',(0.0147424954931803,0.021363953936611,
0.000546401009385234));
#6603=CARTESIAN_POINT('Ctrl Pts',(0.0147685251266537,0.021421182170289,
0.000593495276146907));
#6604=CARTESIAN_POINT('Ctrl Pts',(0.0147850183363761,0.0214458881068766,
0.000623948894575439));
#6605=CARTESIAN_POINT('Ctrl Pts',(0.0148139477560781,0.0214756356913429,
0.00067906732878259));
#6606=CARTESIAN_POINT('Ctrl Pts',(0.0148256970302784,0.0214845211396464,
0.000701843565132154));
#6607=CARTESIAN_POINT('Ctrl Pts',(0.0148495210633082,0.0214966177781711,
0.000748899691466903));
#6608=CARTESIAN_POINT('Ctrl Pts',(0.0148615801719628,0.0214997890989212,
0.000773152623707615));
#6609=CARTESIAN_POINT('Ctrl Pts',(0.0148738912208856,0.021499996609141,
0.000798353070438845));
#6610=CARTESIAN_POINT('Ctrl Pts',(0.0148742932439555,0.0214999999999997,
0.000799176488142023));
#6611=CARTESIAN_POINT('Ctrl Pts',(0.0148746950765964,0.0214999999999997,
0.000799999999999567));
#6612=CARTESIAN_POINT('Origin',(0.0147160254037844,0.0211999999999997,0.000799999999999841));
#6613=CARTESIAN_POINT('Origin',(0.0157999999999995,0.0211999999999997,0.000799999999999855));
#6614=CARTESIAN_POINT('Origin',(0.0147160254037844,0.0211999999999997,-0.000800000000000129));
#6615=CARTESIAN_POINT('Origin',(0.0157999999999995,0.0211999999999997,-0.00080000000000017));
#6616=CARTESIAN_POINT('Origin',(0.0109499999999995,0.023,0.0056999999999999));
#6617=CARTESIAN_POINT('Origin',(0.0109499999999995,0.0218,0.00569999999999992));
#6618=CARTESIAN_POINT('Origin',(0.0115499999999995,0.0218,0.00600000000000069));
#6619=CARTESIAN_POINT('Origin',(0.0115499999999997,0.0218000000000003,-0.00569999999999915));
#6620=CARTESIAN_POINT('Origin',(0.0115499999999995,0.0218,0.0057000000000007));
#6621=CARTESIAN_POINT('Origin',(0.0109499999999997,0.0185,-0.0057));
#6622=CARTESIAN_POINT('Origin',(0.0109499999999997,0.0218000000000003,-0.00569999999999993));
#6623=CARTESIAN_POINT('Origin',(-6.10622663543836E-16,0.021200000000001,
-0.0057));
#6624=CARTESIAN_POINT('Origin',(-0.0158000000000003,0.0212,-0.0057));
#6625=CARTESIAN_POINT('Origin',(-0.0158000000000003,0.0212,4.33680868994202E-17));
#6626=CARTESIAN_POINT('Origin',(-0.0158000000000003,0.0212,-0.0057));
#6627=CARTESIAN_POINT('Origin',(-0.0158000000000003,0.0215,-0.000799999999999959));
#6628=CARTESIAN_POINT('Origin',(-0.0158,0.0188,-0.000799999999999952));
#6629=CARTESIAN_POINT('Origin',(-0.0147160254037844,0.0188,-0.000799999999999952));
#6630=CARTESIAN_POINT('Origin',(-0.0158,0.0188,-0.000799999999999952));
#6631=CARTESIAN_POINT('Origin',(-0.0158,0.0188,0.000800000000000052));
#6632=CARTESIAN_POINT('Origin',(-0.0158,0.0188,0.000800000000000052));
#6633=CARTESIAN_POINT('Origin',(-0.0158000000000007,0.0212,0.0057));
#6634=CARTESIAN_POINT('Origin',(-0.0158000000000007,0.0212,0.0057));
#6635=CARTESIAN_POINT('Origin',(0.0115499999999995,0.0218,0.0057000000000007));
#6636=CARTESIAN_POINT('Origin',(0.0115499999999995,0.0212,0.00570000000000068));
#6637=CARTESIAN_POINT('Origin',(0.0157999999999995,0.0211999999999997,0.000799999999999855));
#6638=CARTESIAN_POINT('Origin',(0.0157999999999995,0.0211999999999997,0.000799999999999862));
#6639=CARTESIAN_POINT('Origin',(0.0157999999999995,0.0211999999999997,0.000799999999999855));
#6640=CARTESIAN_POINT('Origin',(0.0138499999999995,0.0187999999999997,6.36643515683488E-16));
#6641=CARTESIAN_POINT('Ctrl Pts',(0.0147160254037837,0.0187999999999997,
-0.000499999999999842));
#6642=CARTESIAN_POINT('Ctrl Pts',(0.0147160254037837,0.0187659079760918,
-0.000499999999999842));
#6643=CARTESIAN_POINT('Ctrl Pts',(0.0147193912925323,0.0187323969309918,
-0.000505801162236991));
#6644=CARTESIAN_POINT('Ctrl Pts',(0.0147325065075168,0.0186668594738742,
-0.000528771684250712));
#6645=CARTESIAN_POINT('Ctrl Pts',(0.0147424954931789,0.0186360460633882,
-0.000546401009385603));
#6646=CARTESIAN_POINT('Ctrl Pts',(0.0147685251266523,0.0185788178297103,
-0.000593495276147316));
#6647=CARTESIAN_POINT('Ctrl Pts',(0.0147850183363747,0.0185541118931227,
-0.00062394889457586));
#6648=CARTESIAN_POINT('Ctrl Pts',(0.0148139477560766,0.0185243643086565,
-0.000679067328783014));
#6649=CARTESIAN_POINT('Ctrl Pts',(0.0148256970302768,0.018515478860353,
-0.000701843565132552));
#6650=CARTESIAN_POINT('Ctrl Pts',(0.0148495210632918,0.0185033822218358,
-0.000748899691438272));
#6651=CARTESIAN_POINT('Ctrl Pts',(0.0148615801719407,0.0185002109010785,
-0.000773152623678593));
#6652=CARTESIAN_POINT('Ctrl Pts',(0.0148738912208868,0.0185000033908584,
-0.000798353070443142));
#6653=CARTESIAN_POINT('Ctrl Pts',(0.0148742932439517,0.0184999999999997,
-0.000799176488137965));
#6654=CARTESIAN_POINT('Ctrl Pts',(0.0148746950765949,0.0184999999999997,
-0.000800000000000129));
#6655=CARTESIAN_POINT('Ctrl Pts',(0.0147160254037842,0.0187999999999997,
0.000500000000000135));
#6656=CARTESIAN_POINT('Ctrl Pts',(0.0147160254037842,0.0187659079760927,
0.000500000000000135));
#6657=CARTESIAN_POINT('Ctrl Pts',(0.0147193912925329,0.0187323969309935,
0.000505801162236119));
#6658=CARTESIAN_POINT('Ctrl Pts',(0.0147325065075177,0.0186668594738743,
0.000528771684250359));
#6659=CARTESIAN_POINT('Ctrl Pts',(0.0147424954931798,0.0186360460633884,
0.000546401009385232));
#6660=CARTESIAN_POINT('Ctrl Pts',(0.0147685251266532,0.0185788178297105,
0.000593495276146895));
#6661=CARTESIAN_POINT('Ctrl Pts',(0.0147850183363756,0.0185541118931228,
0.000623948894575421));
#6662=CARTESIAN_POINT('Ctrl Pts',(0.0148139477560776,0.0185243643086565,
0.000679067328782576));
#6663=CARTESIAN_POINT('Ctrl Pts',(0.0148256970302779,0.018515478860353,
0.000701843565132132));
#6664=CARTESIAN_POINT('Ctrl Pts',(0.0148495210632929,0.0185033822218358,
0.000748899691437811));
#6665=CARTESIAN_POINT('Ctrl Pts',(0.0148615801719418,0.0185002109010785,
0.000773152623678159));
#6666=CARTESIAN_POINT('Ctrl Pts',(0.014873891220888,0.0185000033908584,
0.000798353070442863));
#6667=CARTESIAN_POINT('Ctrl Pts',(0.0148742932439528,0.0184999999999997,
0.000799176488137383));
#6668=CARTESIAN_POINT('Ctrl Pts',(0.014874695076596,0.0184999999999997,
0.000799999999999564));
#6669=CARTESIAN_POINT('Origin',(0.0157999999999995,0.0211999999999997,-0.00080000000000017));
#6670=CARTESIAN_POINT('Origin',(0.0157999999999995,0.0211999999999997,-0.00080000000000017));
#6671=CARTESIAN_POINT('Origin',(0.0157999999999995,0.0211999999999997,-0.00080000000000017));
#6672=CARTESIAN_POINT('Origin',(0.0115499999999997,0.0218000000000003,-0.00569999999999915));
#6673=CARTESIAN_POINT('Origin',(0.0115499999999997,0.0212,-0.0056999999999992));
#6674=CARTESIAN_POINT('Origin',(-0.0158000000000003,0.0212,-0.0057));
#6675=CARTESIAN_POINT('Origin',(-0.0158000000000003,0.0212,-0.0057));
#6676=CARTESIAN_POINT('Origin',(-0.0158,0.0188,-0.000799999999999952));
#6677=CARTESIAN_POINT('Origin',(-0.0158,0.0188,-0.000799999999999952));
#6678=CARTESIAN_POINT('Origin',(-0.0158000000000004,0.0188,0.006));
#6679=CARTESIAN_POINT('Origin',(-0.0158000000000004,0.0188,0.0057));
#6680=CARTESIAN_POINT('Origin',(-0.0158000000000004,0.0185,0.0057));
#6681=CARTESIAN_POINT('Origin',(-0.0158000000000004,0.0188,0.0057));
#6682=CARTESIAN_POINT('Origin',(-5.13478148889135E-16,0.021200000000001,
0.0057));
#6683=CARTESIAN_POINT('Origin',(0.0157999999999995,0.0211999999999997,0.00569999999999993));
#6684=CARTESIAN_POINT('Origin',(0.0157999999999995,0.0211999999999997,-1.96023752785379E-16));
#6685=CARTESIAN_POINT('Origin',(0.0157999999999995,0.0211999999999997,0.00569999999999993));
#6686=CARTESIAN_POINT('Origin',(0.0157999999999995,0.0214999999999997,0.000799999999999848));
#6687=CARTESIAN_POINT('Origin',(0.0157999999999993,0.0187999999999997,0.000799999999999834));
#6688=CARTESIAN_POINT('Origin',(0.0147160254037839,0.0187999999999997,0.000799999999999834));
#6689=CARTESIAN_POINT('Origin',(0.0157999999999993,0.0187999999999997,0.000799999999999834));
#6690=CARTESIAN_POINT('Origin',(0.0147160254037839,0.0187999999999997,-0.000800000000000129));
#6691=CARTESIAN_POINT('Origin',(0.0157999999999993,0.0187999999999997,-0.00080000000000017));
#6692=CARTESIAN_POINT('Origin',(0.0157999999999995,0.0214999999999997,-0.00080000000000017));
#6693=CARTESIAN_POINT('Origin',(0.0157999999999993,0.0187999999999997,-0.00080000000000017));
#6694=CARTESIAN_POINT('Origin',(0.0157999999999995,0.0211999999999997,-1.96023752785379E-16));
#6695=CARTESIAN_POINT('Origin',(0.0157999999999997,0.0211999999999997,-0.0057));
#6696=CARTESIAN_POINT('Origin',(-6.10622663543836E-16,0.021200000000001,
-0.0057));
#6697=CARTESIAN_POINT('Origin',(0.0157999999999997,0.0211999999999997,-0.0057));
#6698=CARTESIAN_POINT('Origin',(-0.0158000000000003,0.0215,-0.0057));
#6699=CARTESIAN_POINT('Origin',(-0.0158,0.0188,-0.0057));
#6700=CARTESIAN_POINT('Origin',(-0.0158000000000004,0.0188,0.006));
#6701=CARTESIAN_POINT('Origin',(-0.0158,0.0188,-0.0057));
#6702=CARTESIAN_POINT('Origin',(-0.0158000000000004,0.0188,0.0057));
#6703=CARTESIAN_POINT('Origin',(-0.0158000000000004,0.0188,0.0057));
#6704=CARTESIAN_POINT('Origin',(0.0157999999999995,0.0211999999999997,0.00569999999999993));
#6705=CARTESIAN_POINT('Origin',(0.0157999999999995,0.0211999999999997,0.00569999999999993));
#6706=CARTESIAN_POINT('Origin',(0.0157999999999993,0.0187999999999997,0.000799999999999834));
#6707=CARTESIAN_POINT('Origin',(0.0157999999999993,0.0187999999999997,0.000799999999999834));
#6708=CARTESIAN_POINT('Origin',(0.0157999999999993,0.0187999999999997,-0.00080000000000017));
#6709=CARTESIAN_POINT('Origin',(0.0157999999999993,0.0187999999999997,-0.00080000000000017));
#6710=CARTESIAN_POINT('Origin',(0.0157999999999997,0.0211999999999997,-0.0057));
#6711=CARTESIAN_POINT('Origin',(0.0157999999999997,0.0211999999999997,-0.0057));
#6712=CARTESIAN_POINT('Origin',(-0.0158,0.0188,-0.0057));
#6713=CARTESIAN_POINT('Origin',(-0.0158,0.0188,-0.0057));
#6714=CARTESIAN_POINT('Origin',(-0.0115000000000005,0.0188,0.0057));
#6715=CARTESIAN_POINT('Origin',(-0.0118000000000005,0.0188,0.0057));
#6716=CARTESIAN_POINT('Origin',(0.0157999999999995,0.0214999999999997,0.00569999999999993));
#6717=CARTESIAN_POINT('Origin',(0.0157999999999993,0.0187999999999997,0.0057));
#6718=CARTESIAN_POINT('Origin',(0.0157999999999993,0.0187999999999997,0.00599999999999993));
#6719=CARTESIAN_POINT('Origin',(0.0157999999999993,0.0187999999999997,0.0057));
#6720=CARTESIAN_POINT('Origin',(0.0157999999999993,0.0187999999999997,0.00599999999999993));
#6721=CARTESIAN_POINT('Origin',(0.0157999999999995,0.0187999999999997,-0.0057));
#6722=CARTESIAN_POINT('Origin',(0.0157999999999997,0.0184999999999997,-0.0057));
#6723=CARTESIAN_POINT('Origin',(0.0157999999999995,0.0187999999999997,-0.0057));
#6724=CARTESIAN_POINT('Origin',(-0.0115000000000005,0.0188,-0.0057));
#6725=CARTESIAN_POINT('Origin',(-0.0118000000000005,0.0188,-0.0057));
#6726=CARTESIAN_POINT('Origin',(-0.0118000000000005,0.0182,6.41847686111419E-17));
#6727=CARTESIAN_POINT('Origin',(-0.0118000000000005,0.0182,0.0057));
#6728=CARTESIAN_POINT('Origin',(-0.0118000000000005,0.0182,-0.0057));
#6729=CARTESIAN_POINT('Origin',(-0.0118000000000005,0.0182,0.0057));
#6730=CARTESIAN_POINT('Origin',(0.0157999999999993,0.0187999999999997,0.0057));
#6731=CARTESIAN_POINT('Origin',(0.0157999999999993,0.0187999999999997,0.0057));
#6732=CARTESIAN_POINT('Origin',(0.0157999999999995,0.0187999999999997,-0.0057));
#6733=CARTESIAN_POINT('Origin',(0.0157999999999995,0.0187999999999997,-0.0057));
#6734=CARTESIAN_POINT('Origin',(-0.0118000000000005,0.0182,-0.0057));
#6735=CARTESIAN_POINT('Origin',(-0.0115000000000005,0.0188,0.0057));
#6736=CARTESIAN_POINT('Origin',(0.0117999999999995,0.0188,0.00570000000000068));
#6737=CARTESIAN_POINT('Origin',(0.0117999999999995,0.0182,6.08887940067859E-16));
#6738=CARTESIAN_POINT('Origin',(0.0117999999999997,0.0182,-0.00569999999999915));
#6739=CARTESIAN_POINT('Origin',(0.0117999999999995,0.0182,0.0057000000000007));
#6740=CARTESIAN_POINT('Origin',(-0.0115000000000005,0.0188,-0.0057));
#6741=CARTESIAN_POINT('Origin',(0.0117999999999997,0.0188,-0.0056999999999992));
#6742=CARTESIAN_POINT('Origin',(-0.0112,0.000300000000000009,0.006));
#6743=CARTESIAN_POINT('Origin',(-0.0112,0.000300000000000009,0.0057));
#6744=CARTESIAN_POINT('Origin',(-0.0112,0.000299999999999995,-0.0057));
#6745=CARTESIAN_POINT('Origin',(-0.0112,0.000300000000000009,0.0057));
#6746=CARTESIAN_POINT('Origin',(-0.0112,0.000300000000000009,0.0057));
#6747=CARTESIAN_POINT('Origin',(0.0117999999999995,0.0182,0.0057000000000007));
#6748=CARTESIAN_POINT('Origin',(0.0117999999999997,0.0182,-0.00569999999999915));
#6749=CARTESIAN_POINT('Origin',(-0.0112,0.000299999999999995,-0.0057));
#6750=CARTESIAN_POINT('Origin',(-0.0112,0.000299999999999995,-0.0057));
#6751=CARTESIAN_POINT('Origin',(-0.0115,0.000300000000000009,0.0057));
#6752=CARTESIAN_POINT('Origin',(0.0112,0.000299999999999911,0.0057));
#6753=CARTESIAN_POINT('Origin',(-0.0115,0.000299999999999995,-0.0057));
#6754=CARTESIAN_POINT('Origin',(0.0112000000000002,0.000299999999999898,
-0.0057));
#6755=CARTESIAN_POINT('Origin',(0.0112,0.000299999999999911,0.0057));
#6756=CARTESIAN_POINT('Origin',(0.0112,0.000299999999999911,0.0057));
#6757=CARTESIAN_POINT('Origin',(0.0112000000000002,0.000299999999999898,
-0.0057));
#6758=CARTESIAN_POINT('Origin',(0.0112000000000002,0.000299999999999898,
-0.0057));
#6759=CARTESIAN_POINT('Origin',(0.0112,0.000299999999999911,0.00599999999999992));
#6760=CARTESIAN_POINT('Origin',(0.00524999999999948,0.023300000000001,-1.38777878078145E-17));
#6761=CARTESIAN_POINT('Origin',(0.0109499999999995,0.0233,-0.0020279299790666));
#6762=CARTESIAN_POINT('Origin',(0.00727792997906707,0.0233000000000012,
-0.00570000000000023));
#6763=CARTESIAN_POINT('Ctrl Pts',(0.00717737146770835,0.0233000000000012,
-0.00541735537190106));
#6764=CARTESIAN_POINT('Ctrl Pts',(0.00717737146770852,0.0230000000000012,
-0.00541735537190101));
#6765=CARTESIAN_POINT('Ctrl Pts',(0.00727792997906722,0.0230000000000012,
-0.00570000000000013));
#6766=CARTESIAN_POINT('Ctrl Pts',(0.00678349245862843,0.0232999999593207,
-0.00555748853867976));
#6767=CARTESIAN_POINT('Ctrl Pts',(0.00684522420837547,0.0230622509865796,
-0.00553552581308159));
#6768=CARTESIAN_POINT('Ctrl Pts',(0.00686350076002644,0.023000000000001,
-0.0057737222301059));
#6769=CARTESIAN_POINT('Ctrl Pts',(0.006382001388294,0.0232501330528465,
-0.00565280940803292));
#6770=CARTESIAN_POINT('Ctrl Pts',(0.00641380861996575,0.02305617083059,
-0.00564785009331478));
#6771=CARTESIAN_POINT('Ctrl Pts',(0.00644106233008082,0.0229750665194212,
-0.00582386929234278));
#6772=CARTESIAN_POINT('Ctrl Pts',(0.00596911809268495,0.02321816412938,
-0.00570485487710031));
#6773=CARTESIAN_POINT('Ctrl Pts',(0.0059816279527403,0.0230454666345743,
-0.00570327796289363));
#6774=CARTESIAN_POINT('Ctrl Pts',(0.00600663729752083,0.0229590820646914,
-0.0058512497396924));
#6775=CARTESIAN_POINT('Origin',(0.00600663729752079,0.0232181641293779,
-0.00600249947938378));
#6776=CARTESIAN_POINT('Ctrl Pts',(0.0109548548770996,0.0232181641293767,
-0.000719118092684648));
#6777=CARTESIAN_POINT('Ctrl Pts',(0.0109532779628929,0.0230454666345713,
-0.000731627952739928));
#6778=CARTESIAN_POINT('Ctrl Pts',(0.0111012497396913,0.0229590820646884,
-0.00075663729752037));
#6779=CARTESIAN_POINT('Ctrl Pts',(0.0109028094080358,0.0232501330541798,
-0.00113200138826541));
#6780=CARTESIAN_POINT('Ctrl Pts',(0.0108978500934937,0.0230561708317935,
-0.00116380862005375));
#6781=CARTESIAN_POINT('Ctrl Pts',(0.0110738692921184,0.0229750665195484,
-0.00119106233007306));
#6782=CARTESIAN_POINT('Ctrl Pts',(0.0108074885386911,0.0232999999593195,
-0.00153349245859395));
#6783=CARTESIAN_POINT('Ctrl Pts',(0.010785525813341,0.0230622509867077,
-0.00159522420857595));
#6784=CARTESIAN_POINT('Ctrl Pts',(0.011023722230277,0.023,-0.00161350076010691));
#6785=CARTESIAN_POINT('Ctrl Pts',(0.0106673553719003,0.0233,-0.00192737146770792));
#6786=CARTESIAN_POINT('Ctrl Pts',(0.0106673553719003,0.023,-0.00192737146770792));
#6787=CARTESIAN_POINT('Ctrl Pts',(0.0109499999999995,0.023,-0.0020279299790666));
#6788=CARTESIAN_POINT('Origin',(0.0112524994793831,0.0232181641293767,-0.000756637297520376));
#6789=CARTESIAN_POINT('Ctrl Pts',(0.00596911809268502,0.0232181641293779,
-0.0057048548771003));
#6790=CARTESIAN_POINT('Ctrl Pts',(0.00598162795274035,0.0230454666345725,
-0.00570327796289362));
#6791=CARTESIAN_POINT('Ctrl Pts',(0.00600663729752084,0.0229590820646896,
-0.00585124973969195));
#6792=CARTESIAN_POINT('Ctrl Pts',(0.00549132762528907,0.0231811695767876,
-0.00576508213564044));
#6793=CARTESIAN_POINT('Ctrl Pts',(0.00551005587257324,0.0230342671809312,
-0.00576374701187285));
#6794=CARTESIAN_POINT('Ctrl Pts',(0.00549616925811347,0.0229405847901152,
-0.00588293450224157));
#6795=CARTESIAN_POINT('Ctrl Pts',(0.00500860623547064,0.0231811747022205,
-0.00576507379854402));
#6796=CARTESIAN_POINT('Ctrl Pts',(0.00498988122295922,0.0230342686788481,
-0.00576373894728878));
#6797=CARTESIAN_POINT('Ctrl Pts',(0.00500376007952094,0.0229405873507828,
-0.0058829301159659));
#6798=CARTESIAN_POINT('Ctrl Pts',(0.00453088190731427,0.0232181641293779,
-0.00570485487710009));
#6799=CARTESIAN_POINT('Ctrl Pts',(0.00451837204725898,0.0230454666345725,
-0.00570327796289342));
#6800=CARTESIAN_POINT('Ctrl Pts',(0.00449336270247852,0.0229590820646896,
-0.00585124973969182));
#6801=CARTESIAN_POINT('Origin',(0.00449336270247851,0.0232181641293779,
-0.00600249947938357));
#6802=CARTESIAN_POINT('Ctrl Pts',(0.0109548548770996,0.0232181641293767,
0.000719118092686077));
#6803=CARTESIAN_POINT('Ctrl Pts',(0.0109532779628929,0.0230454666345715,
0.000731627952741379));
#6804=CARTESIAN_POINT('Ctrl Pts',(0.0111012497396911,0.0229590820646885,
0.000756637297521851));
#6805=CARTESIAN_POINT('Ctrl Pts',(0.0110150821356399,0.023181169577763,
0.000241327625289057));
#6806=CARTESIAN_POINT('Ctrl Pts',(0.0110137470119479,0.0230342671817346,
0.000260055872515529));
#6807=CARTESIAN_POINT('Ctrl Pts',(0.0111329345020537,0.0229405847902233,
0.000246169258185814));
#6808=CARTESIAN_POINT('Ctrl Pts',(0.0110150737985506,0.0231811747031216,
-0.000241393764472361));
#6809=CARTESIAN_POINT('Ctrl Pts',(0.0110137389473226,0.023034268679577,
-0.000260118776897456));
#6810=CARTESIAN_POINT('Ctrl Pts',(0.01113293011578,0.0229405873508898,-0.00024623992044688));
#6811=CARTESIAN_POINT('Ctrl Pts',(0.0109548548770996,0.0232181641293767,
-0.000719118092684655));
#6812=CARTESIAN_POINT('Ctrl Pts',(0.0109532779628929,0.0230454666345715,
-0.000731627952739922));
#6813=CARTESIAN_POINT('Ctrl Pts',(0.0111012497396911,0.0229590820646885,
-0.000756637297520339));
#6814=CARTESIAN_POINT('Origin',(0.011252499479383,0.0232181641293766,0.000756637297521892));
#6815=CARTESIAN_POINT('Ctrl Pts',(0.00453088190731426,0.0232181641293779,
-0.00570485487710009));
#6816=CARTESIAN_POINT('Ctrl Pts',(0.00451837204725903,0.0230454666345725,
-0.00570327796289343));
#6817=CARTESIAN_POINT('Ctrl Pts',(0.0044933627024786,0.0229590820646896,
-0.0058512497396918));
#6818=CARTESIAN_POINT('Ctrl Pts',(0.00411799861173775,0.0232501330542107,
-0.00565280940803681));
#6819=CARTESIAN_POINT('Ctrl Pts',(0.0040861913799467,0.0230561708318142,
-0.0056478500934758));
#6820=CARTESIAN_POINT('Ctrl Pts',(0.00405893766993275,0.022975066519557,
-0.00582386929210587));
#6821=CARTESIAN_POINT('Ctrl Pts',(0.00371650754139458,0.0232999999593207,
-0.00555748853868789));
#6822=CARTESIAN_POINT('Ctrl Pts',(0.00365477579148289,0.0230622509866719,
-0.00553552581326405));
#6823=CARTESIAN_POINT('Ctrl Pts',(0.0036364992399165,0.0230000000000013,
-0.00577372223022558));
#6824=CARTESIAN_POINT('Ctrl Pts',(0.00332262853229105,0.0233000000000012,
-0.00541735537190082));
#6825=CARTESIAN_POINT('Ctrl Pts',(0.00332262853229111,0.0230000000000012,
-0.00541735537190085));
#6826=CARTESIAN_POINT('Ctrl Pts',(0.00322207002093241,0.0230000000000012,
-0.00570000000000001));
#6827=CARTESIAN_POINT('Origin',(0.00322207002093235,0.0233000000000012,
-0.0057));
#6828=CARTESIAN_POINT('Ctrl Pts',(0.0106673553719003,0.0233,0.00192737146770933));
#6829=CARTESIAN_POINT('Ctrl Pts',(0.0106673553719003,0.023,0.00192737146770933));
#6830=CARTESIAN_POINT('Ctrl Pts',(0.0109499999999995,0.023,0.00202792997906807));
#6831=CARTESIAN_POINT('Ctrl Pts',(0.0108074885386798,0.0232999999593195,
0.0015334924586274));
#6832=CARTESIAN_POINT('Ctrl Pts',(0.0107855258131004,0.0230622509865857,
0.00159522420838916));
#6833=CARTESIAN_POINT('Ctrl Pts',(0.0110237222301167,0.023,0.00161350076003322));
#6834=CARTESIAN_POINT('Ctrl Pts',(0.0109028094080285,0.0232501330528681,
0.00113200138832405));
#6835=CARTESIAN_POINT('Ctrl Pts',(0.0108978500933803,0.0230561708306218,
0.00116380861999758));
#6836=CARTESIAN_POINT('Ctrl Pts',(0.0110738692923592,0.0229750665194098,
0.00119106233012018));
#6837=CARTESIAN_POINT('Ctrl Pts',(0.0109548548770996,0.0232181641293788,
0.000719118092685998));
#6838=CARTESIAN_POINT('Ctrl Pts',(0.010953277962893,0.0230454666345731,
0.000731627952741274));
#6839=CARTESIAN_POINT('Ctrl Pts',(0.0111012497396918,0.0229590820646902,
0.000756637297521787));
#6840=CARTESIAN_POINT('Origin',(0.0109499999999995,0.0233,0.00202792997906807));
#6841=CARTESIAN_POINT('Origin',(0.00524999999999948,0.023300000000001,-1.38777878078145E-17));
#6842=CARTESIAN_POINT('Ctrl Pts',(9.09090909038965E-6,0.023300000000001,
-0.00236545384669127));
#6843=CARTESIAN_POINT('Ctrl Pts',(9.09090909038965E-6,0.0232793913924121,
-0.00236545384669127));
#6844=CARTESIAN_POINT('Ctrl Pts',(7.95095147973371E-6,0.0232589196389989,
-0.00236808877206817));
#6845=CARTESIAN_POINT('Ctrl Pts',(2.32111038899176E-6,0.0232085554258283,
-0.00238106774449276));
#6846=CARTESIAN_POINT('Ctrl Pts',(-3.45278195430699E-6,0.0231803996981881,
-0.00239436142445266));
#6847=CARTESIAN_POINT('Ctrl Pts',(-2.04626950571808E-5,0.0231230276030106,
-0.00243324324421375));
#6848=CARTESIAN_POINT('Ctrl Pts',(-3.25990705957406E-5,0.023095888090223,
-0.00246081918121816));
#6849=CARTESIAN_POINT('Ctrl Pts',(-6.09395661588097E-5,0.0230498835918053,
-0.00252451427755629));
#6850=CARTESIAN_POINT('Ctrl Pts',(-7.75438047311827E-5,0.0230317668315567,
-0.0025614743468533));
#6851=CARTESIAN_POINT('Ctrl Pts',(-0.00011281585596432,0.0230068550474307,
-0.00263907371470364));
#6852=CARTESIAN_POINT('Ctrl Pts',(-0.000131730851043457,0.0230002988885009,
-0.00268023247874479));
#6853=CARTESIAN_POINT('Ctrl Pts',(-0.000151189416323219,0.0230000033299779,
-0.00272211473900909));
#6854=CARTESIAN_POINT('Ctrl Pts',(-0.000151627722715067,0.023000000000001,
-0.00272305791224591));
#6855=CARTESIAN_POINT('Ctrl Pts',(-0.000152066115702992,0.023000000000001,
-0.00272400104287409));
#6856=CARTESIAN_POINT('Origin',(0.00524999999999948,0.023300000000001,-1.38777878078145E-17));
#6857=CARTESIAN_POINT('Origin',(0.00727792997906682,0.023300000000001,0.00569999999999992));
#6858=CARTESIAN_POINT('Origin',(-0.000800000000000509,0.023300000000001,
-1.38777878078145E-17));
#6859=CARTESIAN_POINT('Ctrl Pts',(9.0909090903907E-6,0.023300000000001,
0.00236545384669124));
#6860=CARTESIAN_POINT('Ctrl Pts',(9.0909090903907E-6,0.0232827513001626,
0.00236545384669124));
#6861=CARTESIAN_POINT('Ctrl Pts',(8.29218465546312E-6,0.0232655446536102,
0.00236729960868017));
#6862=CARTESIAN_POINT('Ctrl Pts',(3.88888545544204E-6,0.0232184493159779,
0.00237745618181746));
#6863=CARTESIAN_POINT('Ctrl Pts',(-1.28776792941778E-6,0.0231902566209333,
0.00238938653190654));
#6864=CARTESIAN_POINT('Ctrl Pts',(-1.69103397388814E-5,0.0231327415662451,
0.00242514599574107));
#6865=CARTESIAN_POINT('Ctrl Pts',(-2.81826219590611E-5,0.023105352437808,
0.0024508091886314));
#6866=CARTESIAN_POINT('Ctrl Pts',(-5.60620761908648E-5,0.023055912258168,
0.00251362085393176));
#6867=CARTESIAN_POINT('Ctrl Pts',(-7.33957796627043E-5,0.0230356309829053,
0.00255228868980017));
#6868=CARTESIAN_POINT('Ctrl Pts',(-0.00011049841152287,0.023007679717649,
0.002634027308158));
#6869=CARTESIAN_POINT('Ctrl Pts',(-0.000130569788926683,0.023000315741015,
0.00267773348385699));
#6870=CARTESIAN_POINT('Ctrl Pts',(-0.000151191655625632,0.0230000033129868,
0.0027221195576685));
#6871=CARTESIAN_POINT('Ctrl Pts',(-0.000151628842586187,0.023000000000001,
0.00272306032146497));
#6872=CARTESIAN_POINT('Ctrl Pts',(-0.000152066115702998,0.023000000000001,
0.00272400104287408));
#6873=CARTESIAN_POINT('Ctrl Pts',(0.00596911809268481,0.0232181641293776,
0.0057048548771));
#6874=CARTESIAN_POINT('Ctrl Pts',(0.00598162795274018,0.0230454666345722,
0.00570327796289332));
#6875=CARTESIAN_POINT('Ctrl Pts',(0.00600663729752069,0.0229590820646893,
0.00585124973969171));
#6876=CARTESIAN_POINT('Ctrl Pts',(0.00638200138826385,0.0232501330542629,
0.0056528094080364));
#6877=CARTESIAN_POINT('Ctrl Pts',(0.00641380862005997,0.0230561708318691,
0.00564785009352674));
#6878=CARTESIAN_POINT('Ctrl Pts',(0.00644106233007495,0.0229750665195523,
0.0058238692921139));
#6879=CARTESIAN_POINT('Ctrl Pts',(0.00678349245860406,0.0232999999593205,
0.00555748853868802));
#6880=CARTESIAN_POINT('Ctrl Pts',(0.00684522420851818,0.0230622509866697,
0.00553552581326407));
#6881=CARTESIAN_POINT('Ctrl Pts',(0.00686350076008373,0.0230000000000008,
0.00577372223022648));
#6882=CARTESIAN_POINT('Ctrl Pts',(0.00717737146770811,0.023300000000001,
0.00541735537190075));
#6883=CARTESIAN_POINT('Ctrl Pts',(0.00717737146770823,0.0230000000000009,
0.00541735537190071));
#6884=CARTESIAN_POINT('Ctrl Pts',(0.00727792997906697,0.023000000000001,
0.00569999999999995));
#6885=CARTESIAN_POINT('Origin',(0.00600663729752057,0.0232181641293776,
0.00600249947938348));
#6886=CARTESIAN_POINT('Origin',(0.00524999999999948,0.023300000000001,-1.38777878078145E-17));
#6887=CARTESIAN_POINT('Origin',(0.00322207002093215,0.023300000000001,0.0057));
#6888=CARTESIAN_POINT('Ctrl Pts',(0.00453088190731406,0.0232181641293776,
0.00570485487710006));
#6889=CARTESIAN_POINT('Ctrl Pts',(0.00451837204725877,0.0230454666345722,
0.00570327796289339));
#6890=CARTESIAN_POINT('Ctrl Pts',(0.0044933627024783,0.0229590820646893,
0.00585124973969178));
#6891=CARTESIAN_POINT('Ctrl Pts',(0.00500867237473222,0.023181169577065,
0.00576508213564299));
#6892=CARTESIAN_POINT('Ctrl Pts',(0.00498994412739265,0.0230342671812068,
0.00576374701205751));
#6893=CARTESIAN_POINT('Ctrl Pts',(0.00500383074184269,0.0229405847901075,
0.00588293450225417));
#6894=CARTESIAN_POINT('Ctrl Pts',(0.00549139376450295,0.0231811747025409,
0.00576507379854716));
#6895=CARTESIAN_POINT('Ctrl Pts',(0.00551011877699923,0.0230342686791182,
0.00576373894734823));
#6896=CARTESIAN_POINT('Ctrl Pts',(0.00549623992046495,0.02294058735081,
0.00588293011591858));
#6897=CARTESIAN_POINT('Ctrl Pts',(0.00596911809268481,0.0232181641293776,
0.0057048548771));
#6898=CARTESIAN_POINT('Ctrl Pts',(0.00598162795274011,0.0230454666345722,
0.00570327796289333));
#6899=CARTESIAN_POINT('Ctrl Pts',(0.00600663729752058,0.0229590820646892,
0.00585124973969174));
#6900=CARTESIAN_POINT('Origin',(0.0044933627024783,0.0232181641293776,0.00600249947938354));
#6901=CARTESIAN_POINT('Ctrl Pts',(0.00332262853229086,0.023300000000001,
0.00541735537190083));
#6902=CARTESIAN_POINT('Ctrl Pts',(0.00332262853229091,0.023000000000001,
0.00541735537190086));
#6903=CARTESIAN_POINT('Ctrl Pts',(0.00322207002093221,0.023000000000001,
0.00569999999999999));
#6904=CARTESIAN_POINT('Ctrl Pts',(0.00371650754138991,0.0232999999593205,
0.00555748853868632));
#6905=CARTESIAN_POINT('Ctrl Pts',(0.0036547757915099,0.0230622509866533,
0.00553552581322863));
#6906=CARTESIAN_POINT('Ctrl Pts',(0.00363649923992681,0.0230000000000011,
0.00577372223020362));
#6907=CARTESIAN_POINT('Ctrl Pts',(0.00411799861167039,0.0232501330528204,
0.00565280940802832));
#6908=CARTESIAN_POINT('Ctrl Pts',(0.00408619138000535,0.0230561708306127,
0.00564785009348198));
#6909=CARTESIAN_POINT('Ctrl Pts',(0.00405893766986275,0.0229750665193838,
0.0058238692924058));
#6910=CARTESIAN_POINT('Ctrl Pts',(0.00453088190731417,0.0232181641293798,
0.00570485487710008));
#6911=CARTESIAN_POINT('Ctrl Pts',(0.00451837204725896,0.0230454666345741,
0.00570327796289342));
#6912=CARTESIAN_POINT('Ctrl Pts',(0.0044933627024785,0.0229590820646912,
0.00585124973969224));
#6913=CARTESIAN_POINT('Origin',(0.00524999999999948,0.028700000000001,0.));
#6914=CARTESIAN_POINT('Origin',(0.0052499999999995,0.028700000000001,-0.00545));
#6915=CARTESIAN_POINT('Origin',(-0.000800000000000509,0.028200000000001,
-1.38777878078145E-17));
#6916=CARTESIAN_POINT('Origin',(0.0102499999999995,0.0055,0.0062000000000004));
#6917=CARTESIAN_POINT('',(0.0102499999999995,0.016,0.00619999999999992));
#6918=CARTESIAN_POINT('',(0.0102499999999995,0.016,0.00619999999999992));
#6919=CARTESIAN_POINT('',(0.0102499999999995,0.0055,0.0062000000000004));
#6920=CARTESIAN_POINT('',(0.0102499999999995,0.0055,0.0062000000000004));
#6921=CARTESIAN_POINT('',(0.0102499999999995,0.0055,0.0062000000000004));
#6922=CARTESIAN_POINT('Origin',(-0.0102500000000005,0.016,0.0062));
#6923=CARTESIAN_POINT('',(-0.0102500000000005,0.016,0.0062));
#6924=CARTESIAN_POINT('',(-0.0102500000000005,0.016,0.0062));
#6925=CARTESIAN_POINT('',(-0.0102500000000005,0.016,0.0062));
#6926=CARTESIAN_POINT('Origin',(-0.0102500000000005,0.0055,0.0062));
#6927=CARTESIAN_POINT('',(-0.0102500000000005,0.0055,0.0062));
#6928=CARTESIAN_POINT('',(-0.0102500000000005,0.0055,0.0062));
#6929=CARTESIAN_POINT('',(-0.0102500000000005,0.0055,0.0062));
#6930=CARTESIAN_POINT('Origin',(-0.0102500000000005,0.0055,0.0062));
#6931=CARTESIAN_POINT('',(-0.0102500000000005,0.0055,0.0062));
#6932=CARTESIAN_POINT('Origin',(0.,0.,0.0062));
#6933=CARTESIAN_POINT('Origin',(0.0102499999999995,0.00549999999999994,
-0.00619999999999951));
#6934=CARTESIAN_POINT('',(-0.0102500000000005,0.0055,-0.0062));
#6935=CARTESIAN_POINT('',(-0.0102500000000005,0.0055,-0.0062));
#6936=CARTESIAN_POINT('',(0.0102499999999995,0.00549999999999994,-0.00619999999999951));
#6937=CARTESIAN_POINT('',(0.0102499999999995,0.00549999999999994,-0.00619999999999951));
#6938=CARTESIAN_POINT('',(0.0102499999999995,0.00549999999999994,-0.00619999999999951));
#6939=CARTESIAN_POINT('Origin',(-0.0102500000000005,0.0055,-0.0062));
#6940=CARTESIAN_POINT('',(-0.0102500000000005,0.016,-0.0062));
#6941=CARTESIAN_POINT('',(-0.0102500000000005,0.016,-0.0062));
#6942=CARTESIAN_POINT('',(-0.0102500000000005,0.0055,-0.0062));
#6943=CARTESIAN_POINT('Origin',(-0.0102500000000005,0.016,-0.0062));
#6944=CARTESIAN_POINT('',(0.0102499999999995,0.016,-0.0062));
#6945=CARTESIAN_POINT('',(0.0102499999999995,0.016,-0.0062));
#6946=CARTESIAN_POINT('',(-0.0102500000000005,0.016,-0.0062));
#6947=CARTESIAN_POINT('Origin',(0.0102499999999995,0.016,-0.0062));
#6948=CARTESIAN_POINT('',(0.0102499999999995,0.016,-0.0062));
#6949=CARTESIAN_POINT('Origin',(-9.71445146547012E-17,-6.93889390390723E-17,
-0.0062));
#6950=CARTESIAN_POINT('',(0.,0.,0.));
#6951=CARTESIAN_POINT('Origin',(-0.00702081528017131,0.0134852813742386,
0.005));
#6952=CARTESIAN_POINT('',(-0.00528876447260244,0.0117532305666697,0.005));
#6953=CARTESIAN_POINT('',(-0.00528876447260244,0.0117532305666697,0.));
#6954=CARTESIAN_POINT('',(-0.00528876447260243,0.0117532305666697,0.005));
#6955=CARTESIAN_POINT('',(0.00138570107821904,0.00507876501584819,0.));
#6956=CARTESIAN_POINT('',(-0.00189429111656885,0.0083587572106361,0.));
#6957=CARTESIAN_POINT('',(0.00138570107821904,0.00507876501584819,0.005));
#6958=CARTESIAN_POINT('',(0.00138570107821905,0.00507876501584819,0.005));
#6959=CARTESIAN_POINT('',(-0.00189429111656885,0.0083587572106361,0.005));
#6960=CARTESIAN_POINT('Origin',(0.005,0.005,0.005));
#6961=CARTESIAN_POINT('',(0.00492123498415181,0.00861429892178096,0.005));
#6962=CARTESIAN_POINT('Origin',(0.01,0.,0.005));
#6963=CARTESIAN_POINT('',(-0.00175323056666969,0.0152887644726024,0.005));
#6964=CARTESIAN_POINT('',(0.00595585662809344,0.00757967727783932,0.005));
#6965=CARTESIAN_POINT('Origin',(-0.00525304832720494,0.0152530483272049,
0.005));
#6966=CARTESIAN_POINT('Origin',(0.0051439463032205,0.00839158760271226,
0.005));
#6967=CARTESIAN_POINT('',(-0.00175323056666969,0.0152887644726024,0.));
#6968=CARTESIAN_POINT('',(-0.00175323056666969,0.0152887644726024,0.005));
#6969=CARTESIAN_POINT('',(0.00492123498415181,0.00861429892178096,0.));
#6970=CARTESIAN_POINT('',(0.00492123498415181,0.00861429892178095,0.005));
#6971=CARTESIAN_POINT('',(0.00595585662809344,0.00757967727783932,0.));
#6972=CARTESIAN_POINT('Origin',(0.005,0.005,0.));
#6973=CARTESIAN_POINT('',(-0.00175304832720494,0.0152530483272049,0.));
#6974=CARTESIAN_POINT('Origin',(-0.00525304832720494,0.0152530483272049,
0.));
#6975=CARTESIAN_POINT('Origin',(-0.00525304832720494,0.0152530483272049,
0.));
#6976=CARTESIAN_POINT('Origin',(0.01,0.,0.));
#6977=CARTESIAN_POINT('Origin',(0.01,0.,0.005));
#6978=CARTESIAN_POINT('Origin',(-0.00525304832720494,0.0152530483272049,
-0.02));
#6979=CARTESIAN_POINT('',(-0.00175304832720494,0.0152530483272049,-0.02));
#6980=CARTESIAN_POINT('Origin',(-0.00525304832720494,0.0152530483272049,
-0.02));
#6981=CARTESIAN_POINT('Origin',(-0.00525304832720494,0.0152530483272049,
0.005));
#6982=CARTESIAN_POINT('',(-0.00175304832720494,0.0152530483272049,0.005));
#6983=CARTESIAN_POINT('',(0.010335599769192,0.0445914080621544,0.047308251292258));
#6984=CARTESIAN_POINT('',(0.010335599769192,0.00959140806215432,0.048708251292258));
#6985=CARTESIAN_POINT('',(0.0148355997691914,0.0207914080621542,0.0422082512922577));
#6986=CARTESIAN_POINT('',(0.000846169849063059,0.0207914080621564,0.0432082512922566));
#6987=CARTESIAN_POINT('',(0.0333355997691918,0.0295914080621543,0.0617082512922579));
#6988=CARTESIAN_POINT('',(-0.012664400230808,0.0295914080621543,0.035708251292258));
#6989=UNCERTAINTY_MEASURE_WITH_UNIT(LENGTH_MEASURE(1.E-5),#7001,
'DISTANCE_ACCURACY_VALUE',
'Maximum model space distance between geometric entities at asserted c
onnectivities');
#6990=UNCERTAINTY_MEASURE_WITH_UNIT(LENGTH_MEASURE(1.E-5),#7001,
'DISTANCE_ACCURACY_VALUE',
'Maximum model space distance between geometric entities at asserted c
onnectivities');
#6991=UNCERTAINTY_MEASURE_WITH_UNIT(LENGTH_MEASURE(1.E-5),#7001,
'DISTANCE_ACCURACY_VALUE',
'Maximum model space distance between geometric entities at asserted c
onnectivities');
#6992=UNCERTAINTY_MEASURE_WITH_UNIT(LENGTH_MEASURE(1.E-5),#7001,
'DISTANCE_ACCURACY_VALUE',
'Maximum model space distance between geometric entities at asserted c
onnectivities');
#6993=UNCERTAINTY_MEASURE_WITH_UNIT(LENGTH_MEASURE(1.E-5),#7001,
'DISTANCE_ACCURACY_VALUE',
'Maximum model space distance between geometric entities at asserted c
onnectivities');
#6994=UNCERTAINTY_MEASURE_WITH_UNIT(LENGTH_MEASURE(1.E-5),#7001,
'DISTANCE_ACCURACY_VALUE',
'Maximum model space distance between geometric entities at asserted c
onnectivities');
#6995=(
GEOMETRIC_REPRESENTATION_CONTEXT(3)
GLOBAL_UNCERTAINTY_ASSIGNED_CONTEXT((#6989))
GLOBAL_UNIT_ASSIGNED_CONTEXT((#7001,#7002,#7003))
REPRESENTATION_CONTEXT('','3D')
);
#6996=(
GEOMETRIC_REPRESENTATION_CONTEXT(3)
GLOBAL_UNCERTAINTY_ASSIGNED_CONTEXT((#6990))
GLOBAL_UNIT_ASSIGNED_CONTEXT((#7001,#7002,#7003))
REPRESENTATION_CONTEXT('','3D')
);
#6997=(
GEOMETRIC_REPRESENTATION_CONTEXT(3)
GLOBAL_UNCERTAINTY_ASSIGNED_CONTEXT((#6991))
GLOBAL_UNIT_ASSIGNED_CONTEXT((#7001,#7002,#7003))
REPRESENTATION_CONTEXT('','3D')
);
#6998=(
GEOMETRIC_REPRESENTATION_CONTEXT(3)
GLOBAL_UNCERTAINTY_ASSIGNED_CONTEXT((#6992))
GLOBAL_UNIT_ASSIGNED_CONTEXT((#7001,#7002,#7003))
REPRESENTATION_CONTEXT('','3D')
);
#6999=(
GEOMETRIC_REPRESENTATION_CONTEXT(3)
GLOBAL_UNCERTAINTY_ASSIGNED_CONTEXT((#6993))
GLOBAL_UNIT_ASSIGNED_CONTEXT((#7001,#7002,#7003))
REPRESENTATION_CONTEXT('','3D')
);
#7000=(
GEOMETRIC_REPRESENTATION_CONTEXT(3)
GLOBAL_UNCERTAINTY_ASSIGNED_CONTEXT((#6994))
GLOBAL_UNIT_ASSIGNED_CONTEXT((#7001,#7002,#7003))
REPRESENTATION_CONTEXT('','3D')
);
#7001=(
LENGTH_UNIT()
NAMED_UNIT(*)
SI_UNIT($,.METRE.)
);
#7002=(
NAMED_UNIT(*)
PLANE_ANGLE_UNIT()
SI_UNIT($,.RADIAN.)
);
#7003=(
NAMED_UNIT(*)
SI_UNIT($,.STERADIAN.)
SOLID_ANGLE_UNIT()
);
#7004=SHAPE_DEFINITION_REPRESENTATION(#7009,#7020);
#7005=SHAPE_DEFINITION_REPRESENTATION(#7010,#7021);
#7006=SHAPE_DEFINITION_REPRESENTATION(#7011,#7022);
#7007=SHAPE_DEFINITION_REPRESENTATION(#7012,#7023);
#7008=SHAPE_DEFINITION_REPRESENTATION(#7013,#7024);
#7009=PRODUCT_DEFINITION_SHAPE('',$,#7026);
#7010=PRODUCT_DEFINITION_SHAPE('',$,#7027);
#7011=PRODUCT_DEFINITION_SHAPE('',$,#7028);
#7012=PRODUCT_DEFINITION_SHAPE('',$,#7029);
#7013=PRODUCT_DEFINITION_SHAPE('',$,#7030);
#7014=PRODUCT_DEFINITION_SHAPE($,$,#29);
#7015=PRODUCT_DEFINITION_SHAPE($,$,#30);
#7016=PRODUCT_DEFINITION_SHAPE($,$,#31);
#7017=PRODUCT_DEFINITION_SHAPE($,$,#32);
#7018=PRODUCT_DEFINITION_SHAPE($,$,#33);
#7019=PRODUCT_DEFINITION_SHAPE($,$,#34);
#7020=SHAPE_REPRESENTATION('',(#3918,#4345,#4346,#4347,#4348,#4349,#4350),
#6995);
#7021=SHAPE_REPRESENTATION('',(#3919),#6996);
#7022=SHAPE_REPRESENTATION('',(#3949),#6997);
#7023=SHAPE_REPRESENTATION('',(#4024),#6998);
#7024=SHAPE_REPRESENTATION('',(#4331),#6999);
#7025=PRODUCT_DEFINITION_CONTEXT('part definition',#7042,'design');
#7026=PRODUCT_DEFINITION('new elevaz (1)','new elevaz (1) (1) v1',#7031,
#7025);
#7027=PRODUCT_DEFINITION('elev','elev',#7032,#7025);
#7028=PRODUCT_DEFINITION('again','again',#7033,#7025);
#7029=PRODUCT_DEFINITION('Servo-MG90S no head','Servo-MG90S no head',#7034,
#7025);
#7030=PRODUCT_DEFINITION('idk','idk v5',#7035,#7025);
#7031=PRODUCT_DEFINITION_FORMATION('',$,#7044);
#7032=PRODUCT_DEFINITION_FORMATION('',$,#7045);
#7033=PRODUCT_DEFINITION_FORMATION('',$,#7046);
#7034=PRODUCT_DEFINITION_FORMATION('',$,#7047);
#7035=PRODUCT_DEFINITION_FORMATION('',$,#7048);
#7036=PRODUCT_RELATED_PRODUCT_CATEGORY('new elevaz (1) (1) v1',
'new elevaz (1) (1) v1',(#7044));
#7037=PRODUCT_RELATED_PRODUCT_CATEGORY('elev','elev',(#7045));
#7038=PRODUCT_RELATED_PRODUCT_CATEGORY('again','again',(#7046));
#7039=PRODUCT_RELATED_PRODUCT_CATEGORY('Servo-MG90S no head',
'Servo-MG90S no head',(#7047));
#7040=PRODUCT_RELATED_PRODUCT_CATEGORY('idk v5','idk v5',(#7048));
#7041=APPLICATION_PROTOCOL_DEFINITION('international standard',
'automotive_design',2009,#7042);
#7042=APPLICATION_CONTEXT(
'Core Data for Automotive Mechanical Design Process');
#7043=PRODUCT_CONTEXT('part definition',#7042,'mechanical');
#7044=PRODUCT('new elevaz (1)','new elevaz (1) (1) v1','STEP AP242',(#7043));
#7045=PRODUCT('elev','elev','elev',(#7043));
#7046=PRODUCT('again','again','again',(#7043));
#7047=PRODUCT('Servo-MG90S no head','Servo-MG90S no head',
'Servo-MG90S no head',(#7043));
#7048=PRODUCT('idk','idk v5',$,(#7043));
#7049=PRESENTATION_STYLE_ASSIGNMENT((#7055));
#7050=PRESENTATION_STYLE_ASSIGNMENT((#7056));
#7051=PRESENTATION_STYLE_ASSIGNMENT((#7057));
#7052=PRESENTATION_STYLE_ASSIGNMENT((#7058));
#7053=PRESENTATION_STYLE_ASSIGNMENT((#7059));
#7054=PRESENTATION_STYLE_ASSIGNMENT((#7060));
#7055=SURFACE_STYLE_USAGE(.BOTH.,#7061);
#7056=SURFACE_STYLE_USAGE(.BOTH.,#7062);
#7057=SURFACE_STYLE_USAGE(.BOTH.,#7063);
#7058=SURFACE_STYLE_USAGE(.BOTH.,#7064);
#7059=SURFACE_STYLE_USAGE(.BOTH.,#7065);
#7060=SURFACE_STYLE_USAGE(.BOTH.,#7066);
#7061=SURFACE_SIDE_STYLE('',(#7067));
#7062=SURFACE_SIDE_STYLE('',(#7068));
#7063=SURFACE_SIDE_STYLE('',(#7069));
#7064=SURFACE_SIDE_STYLE('',(#7070));
#7065=SURFACE_SIDE_STYLE('',(#7071));
#7066=SURFACE_SIDE_STYLE('',(#7072));
#7067=SURFACE_STYLE_FILL_AREA(#7073);
#7068=SURFACE_STYLE_FILL_AREA(#7074);
#7069=SURFACE_STYLE_FILL_AREA(#7075);
#7070=SURFACE_STYLE_FILL_AREA(#7076);
#7071=SURFACE_STYLE_FILL_AREA(#7077);
#7072=SURFACE_STYLE_FILL_AREA(#7078);
#7073=FILL_AREA_STYLE('Steel - Satin',(#7079));
#7074=FILL_AREA_STYLE('Opaque(203,210,239)',(#7080));
#7075=FILL_AREA_STYLE('Opaque(128,128,128)',(#7081));
#7076=FILL_AREA_STYLE('Opaque(109,64,64)',(#7082));
#7077=FILL_AREA_STYLE('Opaque(177,26,26)',(#7083));
#7078=FILL_AREA_STYLE('Opaque(255,168,0)',(#7084));
#7079=FILL_AREA_STYLE_COLOUR('Steel - Satin',#7085);
#7080=FILL_AREA_STYLE_COLOUR('Opaque(203,210,239)',#7086);
#7081=FILL_AREA_STYLE_COLOUR('Opaque(128,128,128)',#7087);
#7082=FILL_AREA_STYLE_COLOUR('Opaque(109,64,64)',#7088);
#7083=FILL_AREA_STYLE_COLOUR('Opaque(177,26,26)',#7089);
#7084=FILL_AREA_STYLE_COLOUR('Opaque(255,168,0)',#7090);
#7085=COLOUR_RGB('Steel - Satin',0.627450980392157,0.627450980392157,0.627450980392157);
#7086=COLOUR_RGB('Opaque(203,210,239)',0.796078431372549,0.823529411764706,
0.937254901960784);
#7087=COLOUR_RGB('Opaque(128,128,128)',0.501960784313725,0.501960784313725,
0.501960784313725);
#7088=COLOUR_RGB('Opaque(109,64,64)',0.427450980392157,0.250980392156863,
0.250980392156863);
#7089=COLOUR_RGB('Opaque(177,26,26)',0.694117647058824,0.101960784313725,
0.101960784313725);
#7090=COLOUR_RGB('Opaque(255,168,0)',1.,0.658823529411765,0.);
ENDSEC;
END-ISO-10303-21;
